eth_amount,evt_block_time,flow_type,tx_hash,relayer,recipient,amount_eth_detailed,fee_eth
0.02227,2026-07-07 14:06:59.000 UTC,Withdrawal,0xc666fae594ac9c3dee98e74180374726ead0d81809fb7447ae991233629e1ecb,0xec15c20015e72748f03065ed80c41cb882e3fb66,0x07a4ef0fa6af03e6641b4e876c59363d8e77252a,0.02227,0.000269467
0.0863593196279889,2026-07-07 13:41:23.000 UTC,Withdrawal,0x21008b331fd265fc9ea404a50c622951d81a4b1d5a13db4aee14137147b92ccf,0xec15c20015e72748f03065ed80c41cb882e3fb66,0x3831ed6aa5578f1e175c32a8dc4f6b969591c0d4,0.08635931962798893,0.000259077958883966
0.0926461384741993,2026-07-07 13:27:35.000 UTC,Withdrawal,0xbfa2324b2de02ce191d4bd248a8d86eed6b6ab45d295b0fdfebc8f78a76f25dc,0xec15c20015e72748f03065ed80c41cb882e3fb66,0x2661c9803fc3f0ecd3a901c84aaaab2b7a0a46bb,0.09264613847419936,0.000268673801575178
0.0518753415948665,2026-07-07 13:09:35.000 UTC,Withdrawal,0xc725b6bb33c1e8d8f5350ebbd94997d301ca70024e501e5474c1489482ecb29f,0xec15c20015e72748f03065ed80c41cb882e3fb66,0xc14923b376612cd54d5039abdc7884c0a21aa8df,0.05187534159486656,0.000191938763901006
0.0760299662457359,2026-07-07 13:07:47.000 UTC,Withdrawal,0x7806d5155292ae950d791c0a612b44f61e8b08084fa99aebf6b1e27d9ada97a0,0xec15c20015e72748f03065ed80c41cb882e3fb66,0xec03a654267cf3d52692a94d8ced2a75d835525b,0.0760299662457359,0.00021288390548806
0.0782925678274407,2026-07-07 12:32:11.000 UTC,Withdrawal,0xcc42b65069d690d5bcb7259bcfebe0260dd6bad3a37b6cdaac401545669af63f,0xec15c20015e72748f03065ed80c41cb882e3fb66,0xc6cfbaa5c8086d4cba4f29c3e40fc82353a23399,0.0782925678274407,0.000203560676351345
0.088679269352789,2026-07-07 12:17:59.000 UTC,Withdrawal,0x0ae3525adfefea8e8061f03cd213b43ea9adffd0960e2df576f438ca1c98c376,0xec15c20015e72748f03065ed80c41cb882e3fb66,0x3913b2fb72d5a1a9983a8eed89c6d97693618343,0.08867926935278901,0.000248301954187809
0.077863104728146,2026-07-07 12:16:59.000 UTC,Withdrawal,0x87e1294ad9664b8abf29a0d7da72c46fec2c5e401f617d61bec8ba25398356db,0xec15c20015e72748f03065ed80c41cb882e3fb66,0x76f5c9e9b07e9adeef09e1557c7035a26dd263ac,0.07786310472814607,0.000233589314184438
0.0774846905990968,2026-07-07 12:08:23.000 UTC,Withdrawal,0x587833fe1b12483fd2d99a98b5676bdf8a4bd6f8e694509942db0a27afd67286,0x78a57679a434a2caa3046335195130af6c5a5179,0x719f9af75995eda3b8306fb7247f5033da078b91,0.07748469059909685,0.000333184169576116
0.0803570284733628,2026-07-07 12:08:23.000 UTC,Withdrawal,0x28f354d6da52379c0c2a74b399fecd26b3e0bf4b0df33e6cb8eb07de65676f67,0x78a57679a434a2caa3046335195130af6c5a5179,0x8ed03bf330cbfb1ead71ced78cfd8ef15ec4f38f,0.08035702847336286,0.000337499519588124
0.0524741804362351,2026-07-07 12:07:35.000 UTC,Withdrawal,0xc89838897bd806c8c5f270c027e48d3ea9e695e4f22ef30a2e883a8fddd92d9e,0x78a57679a434a2caa3046335195130af6c5a5179,0x4b437185f08c0d66f03d512d1e1e22c44a8f9620,0.05247418043623511,0.000246628648050305
0.0701584143000293,2026-07-07 12:07:11.000 UTC,Withdrawal,0xf7b4ae12cc25c01427476aaad7a009ae9793637f72aad55b7e67c7c93f97b6f7,0x6c5816afbe2c0cda91742651e3bb63f80d25a59c,0xcca592343541685d499f9f2fa697b1de2821b191,0.07015841430002939,0.000259586132910108
0.0824691423758697,2026-07-07 11:46:23.000 UTC,Withdrawal,0xba7e1a8d8068efdc4252ae8b08e0333a8142c3a35b7b25a068bb88f4d284465d,0xec15c20015e72748f03065ed80c41cb882e3fb66,0x428ed0ec6af18745c7a52698784c7d892734dff5,0.08246914237586979,0.000164938284751739
0.0722106923758697,2026-07-07 11:21:11.000 UTC,Withdrawal,0x520eedae43d0565ff29399fd03a863213a7fa659c924e24a9ab0ea507c0da14d,0xec15c20015e72748f03065ed80c41cb882e3fb66,0x724b3fc8a4f05efd2ea575e78e30ea677038f9d9,0.07221069237586979,0.000144421384751739
0.0796134923758697,2026-07-07 11:08:23.000 UTC,Withdrawal,0xa3a785e9be9c7419efef1c570bf4e1a1e1c687d0ea79c7b37e83b91a3be0ed90,0xec15c20015e72748f03065ed80c41cb882e3fb66,0xa51474444ac1f0d6277ed1519eca921b66a6f919,0.07961349237586979,0.000214956429414848
0.0529908388390647,2026-07-07 11:07:35.000 UTC,Withdrawal,0x651d3d781b3b55704dc483f925ecaa96c4593a02caa181053ff3cac9ecea364c,0xec15c20015e72748f03065ed80c41cb882e3fb66,0x09df98f6382ee68450cb944f3cb9ed70a6cf530b,0.0529908388390647,0.000196066103704539
0.0535875860559971,2026-07-07 10:06:23.000 UTC,Withdrawal,0xefee99ada6802b0e88659b1189a461996f2f898640fe0e82f1b833fa047be1eb,0xec15c20015e72748f03065ed80c41cb882e3fb66,0x30895b9ebde6788cf9dddafa15402e3f7cd931b6,0.05358758605599716,0.000219709102829588
0.001620029455081,2026-07-07 09:26:59.000 UTC,Withdrawal,0xbe358c337710f24f0eebdb608f979be58d2896636a162f4de1da23d5a4925c21,0x78a57679a434a2caa3046335195130af6c5a5179,0xf0a4ea4a8f1994a18b261c52c9f2d002aa6567c7,0.001620029455081001,8.0029455081001e-05
0.0540254208037915,2026-07-07 09:06:47.000 UTC,Withdrawal,0xfc77acff70c493e01cce155329924e4baa16d39055d23edbad94aa80911820b8,0xec15c20015e72748f03065ed80c41cb882e3fb66,0xbf67879466a4b52de7fe4442f4498ff3407c6855,0.054025420803791545,0.000135063552009478
0.0866382426897861,2026-07-07 08:07:23.000 UTC,Withdrawal,0x50d5ff6e8ad20c5cc3633c65f146bab0b7d220c455be1afd9e2fd1eba193d3b1,0x78a57679a434a2caa3046335195130af6c5a5179,0x04ea1cbebe7e497364c0936e1fe6853da77c54a6,0.08663824268978618,0.000164612661110593
0.0544466242182733,2026-07-07 08:06:11.000 UTC,Withdrawal,0xe6f54378a3dc49cff452d5873019afe194cbf7c5b0a0301c701db4517e95e98e,0x78a57679a434a2caa3046335195130af6c5a5179,0xb8e0ac9b110356eacdf356729822acf680477444,0.05444662421827336,0.000125227235702028
0.0887896458043968,2026-07-07 07:12:35.000 UTC,Withdrawal,0xb136af60462bf37cbdf082c041c78ba36eef4c073653632204b3b493cefa2657,0xec15c20015e72748f03065ed80c41cb882e3fb66,0xfbedaa6b67be4a8fdde0f22624641b12a9fb3474,0.08878964580439681,0.000186458256189233
0.0549367255867712,2026-07-07 07:06:47.000 UTC,Withdrawal,0xd12e7167c8aa47735627aabda3a5ce7dd80a3db5fffc571f86ff21e0221058f7,0x6c5816afbe2c0cda91742651e3bb63f80d25a59c,0x80d5062e26ee858636a85fbaa7489e2678b4fd4e,0.05493672558677121,0.000148329159084282
0.01,2026-07-07 06:22:23.000 UTC,Withdrawal,0x07e358142433b538d0f1eb221a82bf78121dcba66d1b3ca2a881219a5859db8c,0x78a57679a434a2caa3046335195130af6c5a5179,0x19a8b7cf6a82cb262bb373302b19819b74ff0294,0.01,8e-05
0.0553746095859399,2026-07-07 06:05:59.000 UTC,Withdrawal,0x2c784ebcfb4494058a3431d2b2368a16f1fe56b53d28db5c29d7bc9793fec832,0xec15c20015e72748f03065ed80c41cb882e3fb66,0x5fce36f4edabb1066ec55ad66577c732a097f2b7,0.05537460958593993,0.000110749219171879
0.0557961485536553,2026-07-07 05:05:23.000 UTC,Withdrawal,0x228d421878a643ba671092540cd04d78e1e8bfeac75ec596a9867b862d8c93d4,0x78a57679a434a2caa3046335195130af6c5a5179,0xd4fcb9f8a1d506e872eb596c9ded24753008d021,0.05579614855365531,0.000122751526818041
0.01,2026-07-07 04:30:11.000 UTC,Withdrawal,0x0af74a77488b80a51a9e95c4f3fbba460e74d2ef838fa9a8e5ab2e859427084b,0xec15c20015e72748f03065ed80c41cb882e3fb66,0x3274c8a47566dff0928b63a390aa66397b90eef9,0.01,4.9e-05
0.0562244993432448,2026-07-07 04:05:11.000 UTC,Withdrawal,0x9c87c2e6f12d2c3d06d4773230d41a43291d27edd7bd5b8aa156b4d40d936ac9,0xec15c20015e72748f03065ed80c41cb882e3fb66,0xcfed7d17202d89e9784bd57187150927fe46ed45,0.056224499343244805,0.000123693898555138
0.0566613556807002,2026-07-07 03:04:23.000 UTC,Withdrawal,0xe61c9f83049b1bddd3bbc57ec14017f5d8dcda9ecb0eba00d4db41520b26928c,0x78a57679a434a2caa3046335195130af6c5a5179,0x61e37c8756f4eb665971b49d6473d5b616c04664,0.05666135568070027,0.00012465498249754
0.0571250469164402,2026-07-07 02:04:47.000 UTC,Withdrawal,0x2b65a4f864dddb41a13bed320be5b9d49b8dfe14fed77b3da83a7fb44d44756c,0x78a57679a434a2caa3046335195130af6c5a5179,0x718240a4b5ef426f7a72249a73f1c5c854079c18,0.057125046916440256,0.000125675103216168
0.0575982148684519,2026-07-07 01:03:59.000 UTC,Withdrawal,0xc2daae6017d55c49a67b993c14e311b46a382539f60c1ab5f03c20f5618662b1,0x78a57679a434a2caa3046335195130af6c5a5179,0x58ec6381849572fd67996f64fb2646dab2135455,0.0575982148684519,0.000126716072710594
0.0580552827097838,2026-07-07 00:17:11.000 UTC,Withdrawal,0x63437681e34b584e5acf38ee92d8853cfbbaaa1aa16af2b6e84c16aa75e0d6a4,0xec15c20015e72748f03065ed80c41cb882e3fb66,0x46323ba7cf0f3a8b685ab7c166c88de104474daa,0.058055282709783856,0.000127721621961524
0.02,2026-07-07 00:08:47.000 UTC,Withdrawal,0x9939a7889206c2779473ed8025eed0a93282127180ddc9677b6a17d44956a050,0xec15c20015e72748f03065ed80c41cb882e3fb66,0x44d1427ed058d74b3663a17a27617c04e95bbfdc,0.02,8e-05
0.002,2026-07-06 14:17:11.000 UTC,Withdrawal,0xd4753ae2b45b924f6ca775f4239de1874c39725f9a905c88ff78416f0c56ef55,0xec15c20015e72748f03065ed80c41cb882e3fb66,0x02784a1a1d7dfa2ae152e52e202e650f8fad07e0,0.002,0.0001782
0.0855968728074571,2026-07-06 10:04:47.000 UTC,Withdrawal,0x0beee4259aacdac3e1be186edfe13f90d13756ad08f52dbac1cbe54cdad8bef4,0x6c5816afbe2c0cda91742651e3bb63f80d25a59c,0x9cd9e1ba1d07ce3451c10662034cc23fa59adaa9,0.08559687280745715,0.000196872807457151
0.02,2026-07-06 08:18:59.000 UTC,Withdrawal,0x2fc617cb72a7a9d80835b8a42041583d742653cd101757cd994b662110747873,0x6c5816afbe2c0cda91742651e3bb63f80d25a59c,0x3d25c81ba334f78fbc997fec142a8681ebca90bb,0.02,0.000126
1.0,2026-07-05 22:37:35.000 UTC,Withdrawal,0xcfefbfa23103c7d683adf010768bfa2b9359a6add646065f11da9b902d08ac11,0xec15c20015e72748f03065ed80c41cb882e3fb66,0x22e1a3dff56c56df65667eff0f307c5d5847e565,1.0,0.001
0.05,2026-07-05 15:39:59.000 UTC,Withdrawal,0xd53d85d086f2e2e9060e4d3ff7c3358740e9ae8e59a2d4c005b490680d32df00,0xec15c20015e72748f03065ed80c41cb882e3fb66,0x029f1c62662cbbfe79ce55b285fee4e2db081a06,0.05,0.000115
0.02,2026-07-05 12:30:59.000 UTC,Withdrawal,0xfd61ae7e2d274a1fb6be760daa2185fec16577a904044a90a70cb3bbb2cc8922,0xec15c20015e72748f03065ed80c41cb882e3fb66,0x44d1427ed058d74b3663a17a27617c04e95bbfdc,0.02,8.2e-05
0.11,2026-07-05 03:02:35.000 UTC,Withdrawal,0x2c7896c71260a3774a907eb3536b7cf677086233b56f77bd18df8deb1c238e18,0x6c5816afbe2c0cda91742651e3bb63f80d25a59c,0xa6129b6beb8c1beebbd4014095c02e8b722dfa4c,0.11,0.000187
0.01,2026-07-04 21:59:47.000 UTC,Withdrawal,0xb813e22a15b3d45e41a7cd522aa20f6dd909f5c1ed777e13ffd7c531a05b98e8,0xec15c20015e72748f03065ed80c41cb882e3fb66,0x69e3411d7152bf8e6fd9b1f33292e8c50a005b30,0.01,6.4e-05
0.002,2026-07-04 21:28:11.000 UTC,Withdrawal,0x70b4c7c0f62fe8410413c6b45b7b9e473ae51524369fba6634891c07cba67f8c,0x6c5816afbe2c0cda91742651e3bb63f80d25a59c,0xff5ad4d28ed2b25eb13c418f745e51cff6a2ca26,0.002,0.0001796
0.5358,2026-07-04 20:05:59.000 UTC,Withdrawal,0x00e5ffe20a9e7441f424db4ccc866a0bf19adae44ba606b046aa2b0a5ca6a378,0xec15c20015e72748f03065ed80c41cb882e3fb66,0x2cc123a7e2632c76ecf3e7d16562d814cc3c9594,0.5358,0.0005358
0.0057,2026-07-04 08:23:23.000 UTC,Withdrawal,0x19845a69becfce673060f0fce095001013096055c300e4c074b4a42e2cd94b5e,0xec15c20015e72748f03065ed80c41cb882e3fb66,0xedd601d056fec73b5e152d2df6083e30cb697f7a,0.0057,5.016e-05
0.001206212173141,2026-07-03 21:53:59.000 UTC,Withdrawal,0xb1ebf79bcd78820615165f2bd807d51bbf0bbdf73412e7d870ffcfaec9d384f4,0x78a57679a434a2caa3046335195130af6c5a5179,0xf7ef451565314d20c5bbaec88026ea1809eb72b1,0.001206212173141017,7.0080927259493e-05
0.001,2026-07-03 11:20:11.000 UTC,Withdrawal,0x39d59fb0bc0d7172ac296dcbb416c41cbdecddfa22cd71bd61488725dc428039,0x78a57679a434a2caa3046335195130af6c5a5179,0xfd2d41dd489e729c12213d2e3dc4a690ae51b1ef,0.001,9.26e-05
0.95,2026-07-03 07:05:11.000 UTC,Withdrawal,0x9a2fb2588fdb6f4d0f2b6ac7c370b582f97a1b475dbda516a7f282bdb28e6696,0xec15c20015e72748f03065ed80c41cb882e3fb66,0x6d47783e9420f2340ff89b42b9a888abc46c4908,0.95,0.00095
9.9,2026-07-03 03:38:11.000 UTC,Withdrawal,0x92154006cce221eadc9498fe2c71b7e298fad05170942addfec430dc6fc96549,0xec15c20015e72748f03065ed80c41cb882e3fb66,0x9bcbccf5ee84c6e143af253128a8f0315746e66b,9.9,0.0099
0.0060378661899368,2026-07-02 21:04:23.000 UTC,Withdrawal,0xf2372d117374390197f1f4719b59ab5ea8f13a8162f44b8fedc4ba8b1a36e667,0x6c5816afbe2c0cda91742651e3bb63f80d25a59c,0x8675dd7216845d8724711c44847703141277ab93,0.006037866189936804,0.000166041320223262
0.012056916502177,2026-07-02 17:58:23.000 UTC,Withdrawal,0x0dd8974a4245d1d5e67f3e1d25a024be7a7b1e4de3e9472007364d9d52d2dbd4,0x6c5816afbe2c0cda91742651e3bb63f80d25a59c,0x78a57679a434a2caa3046335195130af6c5a5179,0.012056916502177068,0.000264046471397677
0.6,2026-07-02 14:46:23.000 UTC,Withdrawal,0xcc49e38da1c07b06270f738a4f65ce87d53772666d3b9520c99e32caf1e74456,0x78a57679a434a2caa3046335195130af6c5a5179,0x6d3b184cfd7ccac112ece9110ebee52eca9674ce,0.6,0.00264
0.012,2026-07-02 09:11:35.000 UTC,Withdrawal,0xf5ac01fb83ee634dccfc6f01f6902310e1cdec85f8f8608310021a2c28753c0b,0x78a57679a434a2caa3046335195130af6c5a5179,0x149b08dc86a0ba43e955f665c1a80877d87b349d,0.012,9.72e-05
0.0029813920016449,2026-07-02 06:55:35.000 UTC,Withdrawal,0x85268267952ffcbc4984b740156a6222e63285fb8d3d798eade681377da7b31d,0x6c5816afbe2c0cda91742651e3bb63f80d25a59c,0xb53630a9d290bbcd1bfa816bdafc1d818ac05fba,0.002981392001644905,8.1392001644905e-05
0.005089058524173,2026-07-02 06:47:59.000 UTC,Withdrawal,0xffdadb30af3ea7c148b63b55e266a1ac86545cef2593523f1819ba36360eaedf,0x78a57679a434a2caa3046335195130af6c5a5179,0x27704b8037bad547acb6f178824f422d99659220,0.005089058524173027,8.9058524173027e-05
0.0100806451612903,2026-07-02 05:47:23.000 UTC,Withdrawal,0xa2212938d7557beb6664f8be6fe8d1e4b176cedc1e6ceb331c98df41aa901ca6,0x6c5816afbe2c0cda91742651e3bb63f80d25a59c,0xd45abe0d40e01f59e860af735224f1bc7d8272c6,0.010080645161290322,8.0645161290322e-05
0.0013401487617123,2026-07-02 02:53:11.000 UTC,Withdrawal,0x845f656a3f80ec60548c0281a77bceb35684c1c51c1b739894bc3b8c9e16b94a,0x78a57679a434a2caa3046335195130af6c5a5179,0x83d1ee8069685c96051fe06bdd1204c8e70915b7,0.001340148761712326,0.000105603722422931
0.5,2026-07-01 21:01:35.000 UTC,Withdrawal,0x2a3608209aaf2d384b7eec54c74e03ca392060f966d8dc15914aab74efb8d123,0xec15c20015e72748f03065ed80c41cb882e3fb66,0x1187ce7080a8d2cf790b77a76a3787cbd18e5fb1,0.5,0.0006
0.1337,2026-07-01 20:17:35.000 UTC,Withdrawal,0x6c2a5068f07bf546f329424bc08bad3d45d622ee70a02b929ecab82f9949a5ba,0x6c5816afbe2c0cda91742651e3bb63f80d25a59c,0x1ead4274d20a73d19b5afa39a4ddd283f008730c,0.1337,0.00030751
0.1,2026-07-01 17:43:11.000 UTC,Withdrawal,0xd67dde50a80219a9be27d880858b3158546b1a1e1c867018f38affa01d09f610,0xec15c20015e72748f03065ed80c41cb882e3fb66,0xf4f78d981a6a54b2e32dcbbf04d2355469d72ac2,0.1,0.00037
0.15,2026-07-01 16:09:23.000 UTC,Withdrawal,0x1527302dbe540ae988234b21e5bfa699ad6ec06e41d33ae18e484bd2cdcc8331,0xec15c20015e72748f03065ed80c41cb882e3fb66,0xf4f78d981a6a54b2e32dcbbf04d2355469d72ac2,0.15,0.000375
0.005,2026-07-01 11:20:59.000 UTC,Withdrawal,0x86937ce9c8e4283dfe89faa341b5ac673a89e785067d8b59bebd516268052175,0xec15c20015e72748f03065ed80c41cb882e3fb66,0xb863e9b5df23eee8f95fa5f994fd06d5be21ab8f,0.005,0.0001425
0.01,2026-07-01 10:13:35.000 UTC,Withdrawal,0x1d91c16a5eda838ccb8cc59f09e72ff4b7802c1b03dfa628a455816c7b8679da,0xec15c20015e72748f03065ed80c41cb882e3fb66,0xce03c5a19476c78495c8d3e7dc0a03a302a0c0b1,0.01,0.000212
1.0,2026-07-01 08:10:23.000 UTC,Withdrawal,0xab529620eec14818c286d320db5ac9a64fd35b177507aa84dc320fb5d3435ad9,0x78a57679a434a2caa3046335195130af6c5a5179,0xbf4e8ad958a93226554ab9309df8a356d0589751,1.0,0.0011
0.19,2026-07-01 07:50:59.000 UTC,Withdrawal,0x3aaff9c45079d49f1e28ae66439a30bc24c8c05be6eb7985d8a0c8cd0a502d09,0x78a57679a434a2caa3046335195130af6c5a5179,0xc90626f56c6623631bbb00ccb02feb4498ef02c2,0.19,0.000266
0.01,2026-07-01 06:47:11.000 UTC,Withdrawal,0xad6c3004e3b47a0ca81421a102c23792770517201f5dac65ba7f981d3b6f90a4,0xec15c20015e72748f03065ed80c41cb882e3fb66,0xcfb6473b673d37dcd229cbcd3a50311024bd19c2,0.01,5.5e-05
0.0100806451612903,2026-07-01 06:06:59.000 UTC,Withdrawal,0xce6a745578dcd6b6b79899336c7ead8d6c936ae05f1eb22b9f0f5264723366c6,0x6c5816afbe2c0cda91742651e3bb63f80d25a59c,0xe5ce1a512a3c5fd6793bd1c500a32bd4612d7c6d,0.010080645161290322,8.0645161290322e-05
0.0100704934541792,2026-07-01 05:27:59.000 UTC,Withdrawal,0xc1ffde4a2910f5a2b4e0904854394b5d8aadb9dbb6881817f8b145e8a77a47fb,0x78a57679a434a2caa3046335195130af6c5a5179,0xa7038592feafac32f5a01509eb85be8da1e22790,0.010070493454179255,7.0493454179254e-05
0.01,2026-07-01 04:37:35.000 UTC,Withdrawal,0x7c792e5273acedc61d45eee92e79d7c571f33801617ca8262afe115b4ec2837e,0x78a57679a434a2caa3046335195130af6c5a5179,0xc90626f56c6623631bbb00ccb02feb4498ef02c2,0.01,8e-05
1.0,2026-07-01 01:18:11.000 UTC,Withdrawal,0x15d3b72635ecce0d46543ac46d9663d2887be721bfb966654f1855df6eae4dab,0xec15c20015e72748f03065ed80c41cb882e3fb66,0x040ec530da29b94c373072352f67ae5c3b217f5b,1.0,0.001
0.1,2026-06-30 22:23:23.000 UTC,Withdrawal,0x08cc21be6b9774a1f865afff3e7a53c7214a040d4c590a6fe0e99c022c7d36fd,0xec15c20015e72748f03065ed80c41cb882e3fb66,0x48f9081946cc875408855265797fbd8f111cd24c,0.1,0.00015
0.0108070321696609,2026-06-30 20:29:23.000 UTC,Withdrawal,0xeb61a060a51121fc15d033170aa3b5894d05f758fa630b54b6219e9a0c181d1d,0xca11bde05977b3631167028862be2a173976ca11,0x2815d578f15ee1255d8fc979bee81aefb221509f,0.010807032169660972,8.9698367008186e-05
0.006629679193706,2026-06-30 18:53:35.000 UTC,Withdrawal,0x8f94fd35e600f6156418e01dd0c146fb0989434f19a975d4ce0d3820a92f2bb6,0x6c5816afbe2c0cda91742651e3bb63f80d25a59c,0x3d615576bc1936604e194dc65c9b3eba25a44f46,0.006629679193706007,0.000286402141168099
0.04,2026-06-30 16:59:59.000 UTC,Withdrawal,0x3423d65b2f6af9dc34b9f70e6e9add9c89947e16577654e46b2da5849084c403,0xec15c20015e72748f03065ed80c41cb882e3fb66,0x653f5ce8e60319cf31d2193405df1b65134e1b99,0.04,0.000684
0.005,2026-06-30 15:19:47.000 UTC,Withdrawal,0xc286ea51f82905a8aef039d9c2b010f2bcae7d24acc8e6b6b1076e62dfb30c3a,0xec15c20015e72748f03065ed80c41cb882e3fb66,0x69e3411d7152bf8e6fd9b1f33292e8c50a005b30,0.005,0.000323
0.4661776419913853,2026-06-30 13:26:47.000 UTC,Withdrawal,0x94b2c79d156edaaa587a5562db89ab2490b7cd59d7ff7583572a8bf7ccbdd38b,0x6c5816afbe2c0cda91742651e3bb63f80d25a59c,0x7a6e7b0f20138efb54fd94bef3507a0248bce6ef,0.46617764199138534,0.000792501991385355
0.0100704934541792,2026-06-30 06:54:11.000 UTC,Withdrawal,0x06d593131f741b8fedbcfa668ee9690df681c94582e71f6bb78abcc16155ce13,0x6c5816afbe2c0cda91742651e3bb63f80d25a59c,0xb633744eb253b3699ec472404867e4296068a073,0.010070493454179255,7.0493454179254e-05
0.0100806451612903,2026-06-30 06:52:35.000 UTC,Withdrawal,0x897b23f43bc287a10f2e8901d2c83691dad7c0e5f6ca7e218d8361fc270c2a1d,0x78a57679a434a2caa3046335195130af6c5a5179,0xbcb7d15796027876b2f9fdeede433467c6e7d38d,0.010080645161290322,8.0645161290322e-05
0.0100704934541792,2026-06-30 06:51:35.000 UTC,Withdrawal,0x5ef52def578bba63de419446c3c7c55ed2ac67dcf28ecc0c293dbc1b999fae20,0x78a57679a434a2caa3046335195130af6c5a5179,0x0cb7ea2cc212a325dbe4546a5a29e597c7b21b5f,0.010070493454179255,7.0493454179254e-05
0.0063828378663949,2026-06-30 05:27:23.000 UTC,Withdrawal,0xbf8882478e3dbe1403a1ff7baa50860c98a1e5f08cb216aead1520828bbdd3b2,0x6c5816afbe2c0cda91742651e3bb63f80d25a59c,0xeeec2d83da24512d37410f7ca5b18fd805fb79d2,0.006382837866394998,7.6594054396739e-05
0.02,2026-06-30 03:17:11.000 UTC,Withdrawal,0xb16ff8cc1facc99c83896d09a803620dcbfa474f554a600daf2ed8d3f62a763d,0x78a57679a434a2caa3046335195130af6c5a5179,0x447b288ea73bdbc60e3280c33c1d5d4fa1f344bb,0.02,9e-05
0.02,2026-06-30 02:10:59.000 UTC,Withdrawal,0x2259b4cc5afbc97005f4c4f1e00da138bd5899896c9f2258a39810bb53ca261c,0xec15c20015e72748f03065ed80c41cb882e3fb66,0x107e1dfc728ce98fb1b1f23569ac923d963a033d,0.02,5.8e-05
0.02,2026-06-30 02:06:11.000 UTC,Withdrawal,0xf413e41eb91bb9b0809dc2cf7118b417818e76c112d20dedf2736ef4f6afe1ea,0xec15c20015e72748f03065ed80c41cb882e3fb66,0x55530c62414daed116bfe75767f0eb71a0a29a2c,0.02,5.8e-05
1.978,2026-06-30 01:05:35.000 UTC,Withdrawal,0x7bb66835f91bc3cdc35d979c5476f6cca7160076208ee6f925ae48e48d5ecdd9,0x6c5816afbe2c0cda91742651e3bb63f80d25a59c,0x775fa8c0c36f9027a5a03b3ea24e9be085702cac,1.978,0.001978
0.01,2026-06-29 23:59:35.000 UTC,Withdrawal,0x17a9416b1629224816d57826569b5598ccfd5d69c1a5fd2c26bb2ef7f5d0cc1d,0x6c5816afbe2c0cda91742651e3bb63f80d25a59c,0x775fa8c0c36f9027a5a03b3ea24e9be085702cac,0.01,8e-05
1.0,2026-06-29 21:35:47.000 UTC,Withdrawal,0xcdb539de6367491b3809351aaef5bfb8830a65394b261435a938b8e4262dd163,0xec15c20015e72748f03065ed80c41cb882e3fb66,0xe4420941e352c7c694c8aaf6ed78f75f96ae7824,1.0,0.001
1.027,2026-06-29 18:38:47.000 UTC,Withdrawal,0xa95d17150402d86d2ad3e18b69f95a21a0555c03f9cb1a6e4f7bc4777f7b5337,0xec15c20015e72748f03065ed80c41cb882e3fb66,0x671b8ef2f9a4411e565883812bca5707f699dacd,1.027,0.001027
0.0124694369735475,2026-06-29 18:13:11.000 UTC,Withdrawal,0x1a36d30f145b0edd501d8764d0b138dced9d2e59c348c140983d65c1b575b944,0x6c5816afbe2c0cda91742651e3bb63f80d25a59c,0xeeec2d83da24512d37410f7ca5b18fd805fb79d2,0.01246943697354754,0.000154621018471989
0.01108,2026-06-29 17:56:47.000 UTC,Withdrawal,0x9e6fd23d24b4b34b6356ad0d39f91d220e95259472f8aec6f94633eca37a223a,0xec15c20015e72748f03065ed80c41cb882e3fb66,0xf6a3b90479caf8f3353ff91c1a813b21cb46f0d6,0.01108,0.00014958
1.02595,2026-06-29 17:55:59.000 UTC,Withdrawal,0x7d89fc0a9906f993059265bd2486cd9d40cfdbc23fdecfd54626d117e5261579,0xec15c20015e72748f03065ed80c41cb882e3fb66,0xf6a3b90479caf8f3353ff91c1a813b21cb46f0d6,1.02595,0.001128545
0.02,2026-06-29 15:06:35.000 UTC,Withdrawal,0xbcc2618496bf9999d8b01f344851c851105132d5f7021bb91f500efaa7a3d251,0xec15c20015e72748f03065ed80c41cb882e3fb66,0xa74b78e83e1308e96cd8b3cf86bcba2dd443a5d6,0.02,0.001368
0.2,2026-06-29 11:52:59.000 UTC,Withdrawal,0x14dfef116c957e4a631524a3243bc9a10b8c9dc51e8d0caab8d1f71ea4162caa,0x6c5816afbe2c0cda91742651e3bb63f80d25a59c,0x5f9f68651b2d772696ef797c798891c072f56047,0.2,0.00026
0.05,2026-06-29 08:36:47.000 UTC,Withdrawal,0x57bf3f6dc3d9bdcf8831a75f4871bb7e1486aa5be818698ba314ffe3cf37e9ff,0xec15c20015e72748f03065ed80c41cb882e3fb66,0x70f0a04e11ea93e547fa141fb1b8acc254318fbc,0.05,9e-05
0.0109989949748743,2026-06-28 18:27:47.000 UTC,Withdrawal,0xe9a6b919390814cdc5f1edb474355c75c9e92d691943fd918940d24761fb93a9,0x60419eb4cfcc41a10bf82c080cdb1a91d760e8b5,0x60419eb4cfcc41a10bf82c080cdb1a91d760e8b5,0.010998994974874372,5.4994974874371e-05
1.0,2026-06-28 18:16:59.000 UTC,Withdrawal,0x2af22ae7d2ae7e210f20fc0920d19a1c884c813e1d0bc5b9ba1de5ae09c50129,0xec15c20015e72748f03065ed80c41cb882e3fb66,0x75f5e372beff7a95396d8f934e6143492b440cc9,1.0,0.001
1.0,2026-06-28 12:51:23.000 UTC,Withdrawal,0xa6c510d7b15c3a58860d5c63bfd1a46794b4088eb1d8c39bbae7bcea2d904bd9,0xec15c20015e72748f03065ed80c41cb882e3fb66,0x7a9cf2d52d8e659b5033a2d72c5c47c08e80fb97,1.0,0.001
0.0064595073588887,2026-06-27 22:21:59.000 UTC,Withdrawal,0xce70b78b2016d261b569e5c8a1c65fe017db6a18dc921401c4d7931bd5d82a60,0x6c5816afbe2c0cda91742651e3bb63f80d25a59c,0xeeec2d83da24512d37410f7ca5b18fd805fb79d2,0.00645950735888879,7.6868137570776e-05
0.005,2026-06-27 18:58:23.000 UTC,Withdrawal,0xae5f497f7230e04f73e183859a9a3ce8bc7cddda908992908fc8de666b04220d,0xec15c20015e72748f03065ed80c41cb882e3fb66,0x65117d046e87177bb927fc3145b137810225cf4c,0.005,5.75e-05
1.5,2026-06-27 15:14:59.000 UTC,Withdrawal,0x8a89163f07802721a28a4a663eb88bfea20010144c4b47a07e82c3c5271ebdb3,0xec15c20015e72748f03065ed80c41cb882e3fb66,0x300f5c34a2b197b24131173ca7c677c1662f04f9,1.5,0.0015
1.0,2026-06-27 15:02:11.000 UTC,Withdrawal,0x505830ba5f5e10c315ccd83d690b3d365881c668f024371e3c633506012e4f77,0xec15c20015e72748f03065ed80c41cb882e3fb66,0x300f5c34a2b197b24131173ca7c677c1662f04f9,1.0,0.001
0.05,2026-06-27 08:08:47.000 UTC,Withdrawal,0x382f3c8bdddba3defaf4ad80aac9db9a6237631cb6e60ee7fb3b9137ada07589,0xec15c20015e72748f03065ed80c41cb882e3fb66,0x5489483b249a25d7aacd9f72c1d86608f67951e4,0.05,0.000115
1.0,2026-06-27 04:09:35.000 UTC,Withdrawal,0xb5cb0c6eaa2998de9f8ff17dff8c4b1d925926294f97595086fbef62070c2794,0xec15c20015e72748f03065ed80c41cb882e3fb66,0x173c4d2434c2581fcbad8531ac254c186c94f479,1.0,0.001
1.5,2026-06-26 21:22:59.000 UTC,Withdrawal,0x126760b1e49549c00d0b3279cdad92b72aa23c9492a8f3aad172b68b03801602,0xec15c20015e72748f03065ed80c41cb882e3fb66,0x300f5c34a2b197b24131173ca7c677c1662f04f9,1.5,0.0015
0.1,2026-06-26 18:57:23.000 UTC,Withdrawal,0x63960af4acc9fe5a12d13c32225e83a3fd60b120ef406f2edfe8bbdb4ea7ab3f,0xec15c20015e72748f03065ed80c41cb882e3fb66,0xdc7c1fa8bc126071a672f0da44c183a4120b9480,0.1,0.00018
0.005625,2026-06-26 18:32:23.000 UTC,Withdrawal,0xa326b9346e7ec17f4fd02daf4f860b828b6b399eaee40ae0ec94f77ea948a8c9,0xec15c20015e72748f03065ed80c41cb882e3fb66,0x883355b3040bd53d14880d79ebfdb43e3e02b2fb,0.005625,0.0001895625
0.001875,2026-06-26 18:25:35.000 UTC,Withdrawal,0xbe8405a52c21f06d7202f7e4c434d2f7e068dfa9bb1d8b28120b8a7e76a932a7,0x6c5816afbe2c0cda91742651e3bb63f80d25a59c,0x883355b3040bd53d14880d79ebfdb43e3e02b2fb,0.001875,0.000184875
0.0025,2026-06-26 18:22:35.000 UTC,Withdrawal,0x7213e5ef44db1ead755ff7c7465b31b95340bc509789a016466a4093f67f734d,0xec15c20015e72748f03065ed80c41cb882e3fb66,0x883355b3040bd53d14880d79ebfdb43e3e02b2fb,0.0025,0.0001385
2.0,2026-06-26 16:18:47.000 UTC,Withdrawal,0x21666c447e1358dbbbef18dbda68c7b3cedac0ec04f2fd00f6cdc1beaadf017e,0xec15c20015e72748f03065ed80c41cb882e3fb66,0x300f5c34a2b197b24131173ca7c677c1662f04f9,2.0,0.0028
0.00806,2026-06-26 14:10:23.000 UTC,Withdrawal,0x6b36aaedb5a39f6fc967eca339047f23a5d14843ad3a5383a47f0528ecc7eb60,0xec15c20015e72748f03065ed80c41cb882e3fb66,0x64b7a1a9bedbffe0583687ccc7465a3111c65d6c,0.008060000000000003,0.000599664
0.0241799999999999,2026-06-26 13:47:35.000 UTC,Withdrawal,0x9700778b93d367ca8c679fcd95074a9993f69dba0e1d23bbfc6d52842f499408,0x6c5816afbe2c0cda91742651e3bb63f80d25a59c,0x64b7a1a9bedbffe0583687ccc7465a3111c65d6c,0.024179999999999997,0.001823171999999999
0.009,2026-06-26 04:13:11.000 UTC,Withdrawal,0xa09c562f08699ac3cd33e55a95c757d66f663d1496e83de3dd893961cf2d62a2,0xec15c20015e72748f03065ed80c41cb882e3fb66,0x7760a562254bf400e32a214fc0e099d79bc7d754,0.009,0.0001206
0.0161940656615779,2026-06-26 01:57:23.000 UTC,Withdrawal,0x3d5a3b56b13e760df1267c219fcc24ec667d90d45ffa3bfc6a2b7b0fdf88418b,0x78a57679a434a2caa3046335195130af6c5a5179,0x923f25f8e46e66a22ac92e8e39e663a9ea64abdd,0.016194065661577963,0.000148985404086517
0.01077,2026-06-25 23:57:59.000 UTC,Withdrawal,0x450487173c773a7027af30641bb8cb289553c036d0694f39fc5dbc03a2454587,0xec15c20015e72748f03065ed80c41cb882e3fb66,0xfe6dae7bcae0c3f61df52efd80e13a89c68d4ee3,0.01077,0.000114162
0.27703,2026-06-25 23:13:47.000 UTC,Withdrawal,0x60af285c38c110ffbf6906479adf5788bda76a95432d1cccf85f8c0091f8f210,0xec15c20015e72748f03065ed80c41cb882e3fb66,0xfe6dae7bcae0c3f61df52efd80e13a89c68d4ee3,0.27703,0.000332436
0.3,2026-06-25 20:16:23.000 UTC,Withdrawal,0x29fa0636630f9e1f7bd751a957b59f0d8ea9eb9805ce0adf7de520b6f632b55b,0xec15c20015e72748f03065ed80c41cb882e3fb66,0x3b044907b6798382b7033accab3dcb2412414126,0.3,0.00039
0.1158225,2026-06-25 19:51:47.000 UTC,Withdrawal,0x5c0168da993f8f557ec252b5ae32248518e044a7b762520a7b8843745f6d75bb,0xec15c20015e72748f03065ed80c41cb882e3fb66,0xd52a943d794500293d84ad9634ef78b0df4f35c8,0.1158225,0.000231645
0.04,2026-06-25 06:02:47.000 UTC,Withdrawal,0xce0b727717b8968e91d94be879168f5fa8542af4d1a55930867bef791ebe734b,0x78a57679a434a2caa3046335195130af6c5a5179,0x4785862659bda4f6936eb0987b026ff39ced2364,0.04,0.000164
2.0,2026-06-25 05:09:47.000 UTC,Withdrawal,0x3de0ee9e579f660d3fcbb8cb555f930fc09bb5e1e779f89ee003fec223abad12,0xec15c20015e72748f03065ed80c41cb882e3fb66,0x82bff72d350d2ff1ab9e65a2ce1e6d9826f91d68,2.0,0.0022
0.012,2026-06-25 02:26:59.000 UTC,Withdrawal,0xe10efb5587cf6c64411318e05b322129369e7f1fac644576b7afb882a30262e0,0xec15c20015e72748f03065ed80c41cb882e3fb66,0x61b36dec7996c0220e42ad05e751a3cee86cc345,0.012,7.8e-05
0.36036,2026-06-24 23:58:35.000 UTC,Withdrawal,0xf1689f4ad9d81efc2ea035858b77e5c3030e0f806dc3fd14e2ac80a005df37f2,0xec15c20015e72748f03065ed80c41cb882e3fb66,0x040ec530da29b94c373072352f67ae5c3b217f5b,0.36036,0.000396396
0.8,2026-06-24 23:47:47.000 UTC,Withdrawal,0xc69a25d290a92634421616e0eecdc794180d75b7ced4f4d2a5dab476ae14c07e,0xec15c20015e72748f03065ed80c41cb882e3fb66,0x6ff7a70bfdd5774ffed2bef99a8f51c863f9de90,0.8,0.0008
1.0,2026-06-24 00:59:11.000 UTC,Withdrawal,0xb124666c336631b773274cfbd969cbdfd83d09e7c58dc76ee161cd7142cd350b,0x6c5816afbe2c0cda91742651e3bb63f80d25a59c,0x718f0ae66c2d7dde737550b4c271f6bc131f47f0,1.0,0.0011
0.0103699124162802,2026-06-23 19:07:47.000 UTC,Withdrawal,0x792d35bd0600dca272ea5f4d863199e21153a5255782faa7a236c67863b12266,0x70cf7110287d9d8464db26347ee0d4f8bc379bb9,0x70cf7110287d9d8464db26347ee0d4f8bc379bb9,0.010369912416280267,0.000305912416280267
0.013,2026-06-23 12:51:59.000 UTC,Withdrawal,0xe12082d25b891febf003bcdbe30abc6ec00898ef4e5cd2d8da747e11e75967f3,0x6c5816afbe2c0cda91742651e3bb63f80d25a59c,0x0a8d4637876a7f7ee8bb5c16329bc51b2890b8dd,0.013,0.0001391
0.0102124183006535,2026-06-23 09:18:59.000 UTC,Withdrawal,0x123289a4043de0dac1c2fb77d9e439583066d71dbf79e13499160af5e4aefddd,0x78a57679a434a2caa3046335195130af6c5a5179,0xa3091d73e4160786f1c36dd0eff6540aa83339f4,0.010212418300653593,0.000212418300653594
2.0,2026-06-22 19:02:59.000 UTC,Withdrawal,0xf498966cbf2ef8a685812e079cc69568a716020ba3a84f4c75ee536f587dac6d,0xec15c20015e72748f03065ed80c41cb882e3fb66,0x82bff72d350d2ff1ab9e65a2ce1e6d9826f91d68,2.0,0.002
1.6,2026-06-22 15:26:35.000 UTC,Withdrawal,0x8ffc5c35073c87069d4661a67e862969344a4f70c6cc6349e617896ef98cbb02,0xec15c20015e72748f03065ed80c41cb882e3fb66,0x345e90253253349d0b29ae6a8677a58b251ddafe,1.6,0.00176
1.0,2026-06-22 15:01:23.000 UTC,Withdrawal,0xe9c4ca1535aee58f6811112423ea15b97e08de6fe3165da933bf260c0f0555a4,0xec15c20015e72748f03065ed80c41cb882e3fb66,0x345e90253253349d0b29ae6a8677a58b251ddafe,1.0,0.0016
0.05,2026-06-22 13:13:59.000 UTC,Withdrawal,0x2c879ff3358bd7d649636b4d5a7b4fa50e7879c4200ff94dc8deea7292b57bb0,0xec15c20015e72748f03065ed80c41cb882e3fb66,0x792316a26d8fd17fb0d89276dc21f23e868c1fc3,0.05,0.000165
0.01,2026-06-22 12:43:35.000 UTC,Withdrawal,0x298876b7b30684aa3e1e9b63d282158e0a002c7cf0c9201a9391e31b4fc59a79,0xec15c20015e72748f03065ed80c41cb882e3fb66,0x7dee9b9603e57d414f9c99764f2e92567ecf5458,0.01,0.00014
3.0,2026-06-22 10:44:11.000 UTC,Withdrawal,0xcfb0b242ec283905b1b56d06df0ed8595f3a59ba7632a4a191a703ba7187364d,0xec15c20015e72748f03065ed80c41cb882e3fb66,0xd12eb4eb00a999aae03f08f7aa6198f9d627d0b5,3.0,0.003
0.3,2026-06-22 10:02:47.000 UTC,Withdrawal,0xf4f7b6b1840aa44dd8e47e01a418e903f8499b64996a62074a7c13733088582f,0x78a57679a434a2caa3046335195130af6c5a5179,0xb3a790efa641a524da940dd9fd72e053e2b9ec45,0.3,0.00039
0.010347089092927,2026-06-22 08:56:11.000 UTC,Withdrawal,0x8c5f8dd7c4821bc1bc19503a33c0e1c4934d2ee303e40b82cdb253226aeb07d0,0x6c5816afbe2c0cda91742651e3bb63f80d25a59c,0x780f9236137eb09c72bc7d783bbd6e27d638bb6e,0.01034708909292705,9.208909292705e-05
0.0701051577366049,2026-06-22 08:52:59.000 UTC,Withdrawal,0x457a7cec9ee39b9581c645342c6cbbd0aa081de3c352aae70979e0681addcbfe,0x78a57679a434a2caa3046335195130af6c5a5179,0x6419e94fac87a17c86317c74dd4aacdd481e1bd2,0.0701051577366049,0.000105157736604907
0.029375,2026-06-22 08:08:59.000 UTC,Withdrawal,0x45d2f7a6381fae06156d148550573cad8eebf92faf8462b49972c64eaec44ec5,0xec15c20015e72748f03065ed80c41cb882e3fb66,0x9b21a71588d0dc30a2d91c65b69c7b3aa5174162,0.029375,0.00010575
0.025,2026-06-22 08:07:23.000 UTC,Withdrawal,0x1f7fec2e73265b8a7ec238031740b1ac3b90f9a3d02571e4a0b89105b0fec957,0xec15c20015e72748f03065ed80c41cb882e3fb66,0x9b21a71588d0dc30a2d91c65b69c7b3aa5174162,0.025,0.0001025
1.0,2026-06-22 02:13:23.000 UTC,Withdrawal,0x826676e8188eaf03c3733ee558e53b5381f04f3c06280aa25586e812b8e26e3c,0x6c5816afbe2c0cda91742651e3bb63f80d25a59c,0xbcd00ac6954a9e5c2c2913de5f52139fa07020f6,1.0,0.001
1.0,2026-06-21 22:18:35.000 UTC,Withdrawal,0x1ec51962094a7a8698d9a798ab26ea815b601d72aa818c60f5f2f1b18a96d62c,0xec15c20015e72748f03065ed80c41cb882e3fb66,0xc2b513f4d0fb32c72c970f4c392423c1e84848d8,1.0,0.001
11.0,2026-06-21 20:16:23.000 UTC,Withdrawal,0x3641a4033bbfbe18ab0c4110ec9c308661bc313439c06c16de4a1e5bce4bf1ec,0xec15c20015e72748f03065ed80c41cb882e3fb66,0x8af3f416c13103bcf1533c3e20d235a4ed50735f,11.0,0.011
11.0,2026-06-21 20:07:47.000 UTC,Withdrawal,0x3341ceebd63af3290a17b5a6e2045c4fcac2b62889ebae80264cbc9d43606de6,0xec15c20015e72748f03065ed80c41cb882e3fb66,0x8af3f416c13103bcf1533c3e20d235a4ed50735f,11.0,0.011
0.003,2026-06-21 19:51:47.000 UTC,Withdrawal,0x1d65d47d64aeacc677d7cf6b2dcf6ec2994899c8c7c82732b37ca34d97668b15,0xec15c20015e72748f03065ed80c41cb882e3fb66,0x0e903fcf005fc4a40f0f059960455d60db86121c,0.003,7.86e-05
0.001,2026-06-21 10:12:59.000 UTC,Withdrawal,0xbc96e5f0543829bceaf9d182b3fa2088562abad0cf99b80441efef17f8d9ef5b,0xec15c20015e72748f03065ed80c41cb882e3fb66,0xb399504035002a340a549830780adcf52501944c,0.001,7.55e-05
0.5,2026-06-21 04:57:47.000 UTC,Withdrawal,0x49c29adabfe02fcbaa80d7693d1a793d2dc3e1f53a96251a1dfaa9287c301221,0xec15c20015e72748f03065ed80c41cb882e3fb66,0x6ae9c77d363c2b9d378f3c3ccea4baf22ab70049,0.5,0.00055
0.01629535,2026-06-21 03:19:23.000 UTC,Withdrawal,0xdf2cb08b1ef292bbb751f571fc3e6c34be0ef6de24e6c54aa7303af265234b81,0xec15c20015e72748f03065ed80c41cb882e3fb66,0x9fdd61ce196fd60a67d7f9c81f4d2b12289511fc,0.01629535,9.451303e-05
0.029055,2026-06-21 03:14:35.000 UTC,Withdrawal,0x081a9a32da5e6ce8caa27b51ae5ea4f6de413d3ebc6c13fd854db0f21b450f94,0xec15c20015e72748f03065ed80c41cb882e3fb66,0x6f72366c440d4ae5b1b440ece9fa2add91b6ea68,0.029055,0.0001075035
0.0012216989326649,2026-06-21 00:40:35.000 UTC,Withdrawal,0x4a3930b086d891bad9e47243f9f2fd161f2994b67ff30f872ae5e4ec2f9ae6e9,0x78a57679a434a2caa3046335195130af6c5a5179,0xff7e80f18339d64ef80f8e787aad8fc5815ad323,0.001221698932664986,7.0003348841703e-05
0.0113,2026-06-20 23:17:35.000 UTC,Withdrawal,0xbe69b00e1b65bb9abde29c969b60f2f5baf2a96e307bcacf1e8a72344e1eb546,0xec15c20015e72748f03065ed80c41cb882e3fb66,0xee58d7e02d4f8736a932f5f96f9225e42d447ca8,0.0113,5.763e-05
0.50766465,2026-06-20 22:50:23.000 UTC,Withdrawal,0x38a43df6633b24c1e1d8debcfb75f9bc6f1a8ce716c243d544c165ad0e1abc8d,0xec15c20015e72748f03065ed80c41cb882e3fb66,0xb273ebef59bf790e92aec7cbafab2ae90ffc4ab3,0.50766465,0.000558431115
0.0101,2026-06-20 22:15:47.000 UTC,Withdrawal,0x96fe1d0de82f0a68c3c2cc67c5c39f2bd8aa1ba6f2c86e861f97753c9a03fca4,0xec15c20015e72748f03065ed80c41cb882e3fb66,0x6fbac1c86f3d657949a627ea3d4d5ef068827f29,0.0101,6.666e-05
0.01234,2026-06-20 22:05:35.000 UTC,Withdrawal,0xaef04b8536d70505d8ec885d24eb03061625d356ecc7373892a3e649cf4e1098,0xec15c20015e72748f03065ed80c41cb882e3fb66,0x89ae35123c8c4aa4f1d3351377bc13aa64d49722,0.01234,8.5146e-05
0.025,2026-06-20 21:51:47.000 UTC,Withdrawal,0x4ff3e5c36b8a5c55100220e6f698a661f9330f54643b8da64a493936d43947e1,0xec15c20015e72748f03065ed80c41cb882e3fb66,0x87156290ae5e5bb012df4f3899dc3dab479c0aa7,0.025,8e-05
0.009,2026-06-20 19:54:47.000 UTC,Withdrawal,0xdad4d10861ba83294d52bd7dbef9aca84bc30fbcf680bff260ac52026ec95e26,0x78a57679a434a2caa3046335195130af6c5a5179,0x17cc43ce7a13abc04f0a59bd309758a1662d6196,0.009,9.54e-05
0.01,2026-06-20 16:04:11.000 UTC,Withdrawal,0x51cf71d9924b1a678d33aa9d9173f1a8d79a3f1f4bf978b73e988b0c5a142e23,0x6c5816afbe2c0cda91742651e3bb63f80d25a59c,0x5ea20455ec07bcd5f08a58ce37164a50405131d3,0.01,0.000222
1.0,2026-06-20 09:00:23.000 UTC,Withdrawal,0x63a644694024a5ed605ed320005232b070b62652e5a962f11189223a7b1f1ebc,0xec15c20015e72748f03065ed80c41cb882e3fb66,0x7a9cf2d52d8e659b5033a2d72c5c47c08e80fb97,1.0,0.001
0.1,2026-06-19 21:37:35.000 UTC,Withdrawal,0xf15a5018b74c20ea9aafcd8cd83bca0135724509349f26d953e1abb937a27bf2,0xec15c20015e72748f03065ed80c41cb882e3fb66,0x0bd19279fd21fbd6c2180a94fca268f90c15f723,0.1,0.00018
0.4,2026-06-19 18:19:35.000 UTC,Withdrawal,0x83cede0cc6ec4a6d91e929b45aa56b85fe4d7b180720ec1d219e0a088aa2ae3c,0x6c5816afbe2c0cda91742651e3bb63f80d25a59c,0xad070e7eda345fe70132b4ec585822246f26f1be,0.4,0.00052
0.5,2026-06-19 18:17:11.000 UTC,Withdrawal,0x0841df0ef18202a86ab70dbb70bb7afcd28c579a1f9e46a383360f640b5c2b0d,0x78a57679a434a2caa3046335195130af6c5a5179,0xad070e7eda345fe70132b4ec585822246f26f1be,0.5,0.0006
1.0,2026-06-19 18:14:35.000 UTC,Withdrawal,0x63e031d382e3aed5d8d9c22eda0250115c9357714174773496ed274580968008,0x78a57679a434a2caa3046335195130af6c5a5179,0xad070e7eda345fe70132b4ec585822246f26f1be,1.0,0.0011
1.8,2026-06-19 18:11:23.000 UTC,Withdrawal,0xea7ec3f42dbf57804a8719c0ace91f176396ee7880d53a5b2001e420a3ce5912,0x6c5816afbe2c0cda91742651e3bb63f80d25a59c,0xad070e7eda345fe70132b4ec585822246f26f1be,1.8,0.0018
9.0,2026-06-19 17:13:11.000 UTC,Withdrawal,0x899b5b1364a5ab04b38cd8bf03cc02ac9454a3f6c2ef067081a50b5f7f7c73a0,0xec15c20015e72748f03065ed80c41cb882e3fb66,0x8af3f416c13103bcf1533c3e20d235a4ed50735f,9.0,0.009
1.0,2026-06-19 09:52:47.000 UTC,Withdrawal,0xcb5677bd3728b5e27c137771175511bfbb0e7846fb4c8cd85888fb869a5cabae,0xec15c20015e72748f03065ed80c41cb882e3fb66,0xfc2d9450ee35fc00ccc290e785d9e24bbacf7d86,1.0,0.001
0.00385,2026-06-19 09:12:47.000 UTC,Withdrawal,0xfc078ac17993201b86a5493809536954d168258f9cf52da595304beaa6f18ee3,0x78a57679a434a2caa3046335195130af6c5a5179,0x2b8617cfc76af863fa35a23b45a8b84ce566eb3d,0.00385,8.5855e-05
0.0025,2026-06-19 09:12:11.000 UTC,Withdrawal,0xb8d50dd3300a48f3ef0c0afc8a9d1df5423fed4fceaf92a09c219b9d30b83b84,0x78a57679a434a2caa3046335195130af6c5a5179,0x33e8632810455c83b68d923130baf063457b8bca,0.0025,8.45e-05
0.1,2026-06-19 08:18:59.000 UTC,Withdrawal,0x517dea147ff788849ba5e63052be35536cfdeb2d417ee6bab65e7e4f9fed7971,0x78a57679a434a2caa3046335195130af6c5a5179,0x25037acd0e98b0c3bff8bcdeb448c6d300292fde,0.1,0.00018
0.098,2026-06-19 07:55:11.000 UTC,Withdrawal,0x15083a9e10049cb4b3ad24f1ef163478a46b52207c9315e6ee5e2c790671f351,0x78a57679a434a2caa3046335195130af6c5a5179,0x37f199316b742fa0999669987ba5e3214fde5016,0.098,0.0001666
0.0100725221595487,2026-06-19 06:39:11.000 UTC,Withdrawal,0xb52550db39ce62d8bde29d6bda6cab934003d1f7cfc3e1f67e944590ccf76b1b,0x6c5816afbe2c0cda91742651e3bb63f80d25a59c,0x264f99432bb1591cf1c31962b613a95462a32047,0.010072522159548751,7.2522159548751e-05
0.0100715077047033,2026-06-19 06:36:47.000 UTC,Withdrawal,0x8d13c2601d8eb45f0e3f961bac1c5da38b2206bb3069d552c12fff405b555db8,0x6c5816afbe2c0cda91742651e3bb63f80d25a59c,0x1e3f8461df8286d9461251170d24c81409262e64,0.010071507704703393,7.1507704703394e-05
0.0644599058964861,2026-06-19 06:35:23.000 UTC,Withdrawal,0xf46ed77bafc1d9aedac3f4f2000346a4143d909c60d57e3b159c0a63c1ccdebe,0x78a57679a434a2caa3046335195130af6c5a5179,0x4a1d405e49dd26abfc4fc47a57f5e933413eb31c,0.06445990589648613,7.0905896486134e-05
0.01,2026-06-19 05:53:59.000 UTC,Withdrawal,0x91ea43ceaf102a088694b59c2d54512641e5d07456c839fd68e27c060d419ee6,0x6c5816afbe2c0cda91742651e3bb63f80d25a59c,0xf1bc354abd79d74c7b06b5fc9b049f13d01756f7,0.01,8e-05
0.0075,2026-06-19 05:51:47.000 UTC,Withdrawal,0xae66300f76278375ec16ce4a25308212fa74e12b3b671810a7fc075ae99fcab8,0x6c5816afbe2c0cda91742651e3bb63f80d25a59c,0x3d46d71a08f6aa6291e305517586f490d46e1c72,0.0075,7.725e-05
0.0074794238683127,2026-06-19 01:48:59.000 UTC,Withdrawal,0x76d1abc85c17ec7589ecb847ce533a33f16aa9bad1a668af6d2c38c5c91a688e,0x6c5816afbe2c0cda91742651e3bb63f80d25a59c,0xc993193d1b31ef5f5b3a87e78c783292fa17e674,0.007479423868312757,0.000209423868312757
0.01,2026-06-19 01:30:23.000 UTC,Withdrawal,0xf2bace82831eca74bebae4d9ea8a705c934a2a73fcc3e01c33ca2ddead609945,0x78a57679a434a2caa3046335195130af6c5a5179,0xb8d2fcf13ec0a2dd3f5467e91c91a5b841776314,0.01,0.000122
0.001208392837526,2026-06-19 00:51:59.000 UTC,Withdrawal,0xb7efdfb28baa208a309b6e98fe0b5f44ff0afd65f208d9a4178c0075b3e424d5,0x78a57679a434a2caa3046335195130af6c5a5179,0xd864411d7106face21185f9d480d7bf9a332cdb4,0.001208392837526091,9.8846534109634e-05
0.0012434234234234,2026-06-19 00:44:23.000 UTC,Withdrawal,0x84b77dd1356b79371c45812f3f16993ff5371eb1f1f9dbd8751391247f4a5d4e,0x6c5816afbe2c0cda91742651e3bb63f80d25a59c,0xd864411d7106face21185f9d480d7bf9a332cdb4,0.001243423423423425,0.000123844972972973
0.025,2026-06-18 20:46:35.000 UTC,Withdrawal,0x2dab638cb848f456ece79fabe28a45099ac9503bad049398d505f191ab119936,0xec15c20015e72748f03065ed80c41cb882e3fb66,0xac1822da9e6bd28328b5c0b85aa5a5d648f1a29d,0.025,0.0001275
13.0,2026-06-18 19:07:23.000 UTC,Withdrawal,0x962d37ff68ad4f880201855bd88bf9a52d246c7a62ffcdf8095c3060c56e4ac0,0xec15c20015e72748f03065ed80c41cb882e3fb66,0xb7f9421927fcc6eaa076ae14802136f82739616e,13.0,0.013
0.1,2026-06-18 17:19:23.000 UTC,Withdrawal,0x10d240f29bf8cb3e08d2077ad307dfc3c21293cf1f948a9c004be6291aa17999,0xec15c20015e72748f03065ed80c41cb882e3fb66,0x40bb1a5f7e7e850f3bec966baa4c9eeddb3ff51f,0.1,0.00027
0.05,2026-06-18 17:16:59.000 UTC,Withdrawal,0x1a44a74baea889cd116a328ba7d99a18f96ff4616f8b1da93bf9292f3d9bceb3,0xec15c20015e72748f03065ed80c41cb882e3fb66,0x40bb1a5f7e7e850f3bec966baa4c9eeddb3ff51f,0.05,0.000235
0.1,2026-06-18 17:15:59.000 UTC,Withdrawal,0x5ac771ea2adac4d216ef85bafcecd5360d3571c6a6022981625212eecaa82eb8,0xec15c20015e72748f03065ed80c41cb882e3fb66,0x40bb1a5f7e7e850f3bec966baa4c9eeddb3ff51f,0.1,0.00029
0.1,2026-06-18 17:14:11.000 UTC,Withdrawal,0xa0a3cdd15cf3ec251b6efc9086ce97431f4e5f16ef02b3b9c6ad34f6c3094a14,0xec15c20015e72748f03065ed80c41cb882e3fb66,0x40bb1a5f7e7e850f3bec966baa4c9eeddb3ff51f,0.1,0.00029
0.257,2026-06-18 16:46:59.000 UTC,Withdrawal,0x4ba577993f74184ce54d2bf6a5ae3b15ea3ae856ac2f6141090ec1cd92090c05,0xec15c20015e72748f03065ed80c41cb882e3fb66,0xb7f4b148a08ff36d66ac6be6d7da0d4cf24772a0,0.257,0.0004883
0.1425,2026-06-18 16:29:23.000 UTC,Withdrawal,0xcc1a3b3dff46dc848a4eef574ae8bd644e9555187bcb64ae2aaab134e70017aa,0xec15c20015e72748f03065ed80c41cb882e3fb66,0xce736c03531e6d9357f6c36367a1d4f04b7e997f,0.1425,0.00057
0.2,2026-06-18 13:24:11.000 UTC,Withdrawal,0xbb88a7fb6c0a5b4839ea744326f6e44ad08b09354dbd0d5356d62ffb83acecf5,0x6c5816afbe2c0cda91742651e3bb63f80d25a59c,0xb0a7b947b9aee837be384611739ab41e0656ac80,0.2,0.00048
0.01,2026-06-18 11:52:47.000 UTC,Withdrawal,0x74f489a7dd3486a7dcc07c952597fc3b418a41a83fc360987f64f2a02baffce3,0xec15c20015e72748f03065ed80c41cb882e3fb66,0x40bb1a5f7e7e850f3bec966baa4c9eeddb3ff51f,0.01,0.000113
0.01,2026-06-18 07:54:35.000 UTC,Withdrawal,0x92b75c11c72754eff91e1249f460efa61d2ba264b3badd07d70cc894e6906c74,0x78a57679a434a2caa3046335195130af6c5a5179,0xbd20025ca425f78dca9bfbc18ab4af2d77d4d5e2,0.01,0.000116
1.0,2026-06-18 03:40:23.000 UTC,Withdrawal,0x118842e2e9536840638e3a383595c2c3dbc398bf9deb0accbae164d1f17bc477,0xec15c20015e72748f03065ed80c41cb882e3fb66,0x188aba4918e55ca73e8cbcffe249fe5c00490506,1.0,0.001
0.251,2026-06-17 19:54:59.000 UTC,Withdrawal,0x7269264e8a96a8280715370dab444d22535210da37de526759a9f46d0ed9e04c,0x78a57679a434a2caa3046335195130af6c5a5179,0x44b884b2fab1ca50a9086a793e5f3cff131a950f,0.251,0.0004769
1.0,2026-06-17 19:46:47.000 UTC,Withdrawal,0x55f541ec4a160f2bea19f00497388805d5782d6a2866893bbb0614af2c72e4fc,0x6c5816afbe2c0cda91742651e3bb63f80d25a59c,0xa942b0face677a4a04455e755ab43d692e182d52,1.0,0.0012
2.07,2026-06-17 14:11:47.000 UTC,Withdrawal,0x69889a856804a4cb2c401547005079f94954f6203d2c4184aad085344d8a8aff,0xec15c20015e72748f03065ed80c41cb882e3fb66,0x75f5e372beff7a95396d8f934e6143492b440cc9,2.07,0.002484
0.0535,2026-06-17 13:10:11.000 UTC,Withdrawal,0xd6171a78eb878f1e6ce7520a0f7da0bda80b1cfe3535c4b816e53c628a18ec4a,0xec15c20015e72748f03065ed80c41cb882e3fb66,0x1693528ce89c0c2978c84bb6f21e34d13a49ef43,0.0535,0.00021935
0.004,2026-06-17 13:02:35.000 UTC,Withdrawal,0xc0f28d68da9a3b1b85a05f9fab671fa6fc56058e2b1c66db8d72c8a5e7792468,0xec15c20015e72748f03065ed80c41cb882e3fb66,0x1693528ce89c0c2978c84bb6f21e34d13a49ef43,0.004,0.0002124
0.1,2026-06-17 05:13:35.000 UTC,Withdrawal,0x7fb98f00373032af07ccd6cd2b048a089bbd06d35ca454a4308132bc59445d2a,0xec15c20015e72748f03065ed80c41cb882e3fb66,0xda0dfc9a11db4d413e5b3f2e656123e9ec3ca856,0.1,0.00016
0.0037306979617047,2026-06-17 04:07:23.000 UTC,Withdrawal,0xf49b2822e8d9899b0ed3db1da3e5be607986218ca417b762baa36ef4b35fd6e2,0x6c5816afbe2c0cda91742651e3bb63f80d25a59c,0xf5bb48d00486518301cfc056de8cd097b6cbb34a,0.003730697961704755,0.000106697961704755
0.0057034670065275,2026-06-17 03:28:47.000 UTC,Withdrawal,0x4619fe0b74ea28a722fcc440a45441400f3b6bf9c406da89c5ba46d072fa9a7b,0x78a57679a434a2caa3046335195130af6c5a5179,0x18c50161c25250d143b9a8d6e4aa421a48988f17,0.005703467006527596,0.000108936219824677
0.01,2026-06-17 00:31:11.000 UTC,Withdrawal,0x5e6fb5351235f36a30ad9c8fd2d587daabfc3eabb4788e1082df841a7e8fc824,0x6c5816afbe2c0cda91742651e3bb63f80d25a59c,0xe46a14306a3747b0a8f9dce7e19e7585ae74ca4f,0.01,8.8e-05
0.001115760111576,2026-06-17 00:28:47.000 UTC,Withdrawal,0xe71e561fce94f3aefcaa71d457cf2c1c6a16bec9dbf942d2364d4d5a1e731923,0x6c5816afbe2c0cda91742651e3bb63f80d25a59c,0x07a03ab74687edfe54ca061d3e1727dd9ecda660,0.001115760111576011,9.0934449093444e-05
0.0585717376536639,2026-06-16 22:22:23.000 UTC,Withdrawal,0x4c520e00bcb85c13dfd4e14db33fd607eb58d9dcda994eeea83d87cb39007514,0x6c5816afbe2c0cda91742651e3bb63f80d25a59c,0x09d6096903d9e328180411d341ab3eb6a3f445ce,0.058571737653663934,0.000175715212960991
0.0590851854151205,2026-06-16 21:22:59.000 UTC,Withdrawal,0x1c87b2a4e3f07487f21b88c5d09a24cc9a5d47556205bfa4767f635728fbd0d1,0xec15c20015e72748f03065ed80c41cb882e3fb66,0x189eb925aa7ebdc9ad216000fc49dfa52e010226,0.059085185415120575,0.000100444815205704
0.0596414321349576,2026-06-16 20:22:35.000 UTC,Withdrawal,0x2e234d233969871dd8fd3e5c8ae98e0852a2b9e9eccf984d1a94718ce5870432,0x78a57679a434a2caa3046335195130af6c5a5179,0xbebcf6e58929a100d85b8df076eb5384511083a5,0.059641432134957685,0.000125247007483411
0.09,2026-06-16 20:18:11.000 UTC,Withdrawal,0x18cf3d5bdcaacd509c64d9568fa06ab43cceb1d44f27962e4608bc4dfa1e2861,0xec15c20015e72748f03065ed80c41cb882e3fb66,0x63fadf7c9c1ac99cba631e8b783038ec2745f340,0.09,0.000144
0.1,2026-06-16 20:17:23.000 UTC,Withdrawal,0xcef8f4838417fffc5eb73dd54f34cdeeb003a6c2873f5bf2be8aa7297a939722,0xec15c20015e72748f03065ed80c41cb882e3fb66,0x63fadf7c9c1ac99cba631e8b783038ec2745f340,0.1,0.00016
15.0,2026-06-16 19:22:47.000 UTC,Withdrawal,0x620b0d4b105e63df4bcb2b64709209d9dc848acba121997ba718089c28f009f6,0xec15c20015e72748f03065ed80c41cb882e3fb66,0xb7f9421927fcc6eaa076ae14802136f82739616e,15.0,0.015
0.0602203867097336,2026-06-16 19:22:11.000 UTC,Withdrawal,0x0f781c2a2f89e5d3326f99e7a4e65a4afd622e324481dcda70c43755558b8334,0xec15c20015e72748f03065ed80c41cb882e3fb66,0xebd9d564a62dce3cc476b5e01a103ea9a083f96f,0.060220386709733675,0.000138506889432387
0.0609381909552039,2026-06-16 18:26:11.000 UTC,Withdrawal,0x11fe9afce26ef9f8e0926b9c79939eac56999b3e6694994b5cc90461266f4094,0x78a57679a434a2caa3046335195130af6c5a5179,0x6b9cad3608b8a99dcd2333f01efe15b18f68a73c,0.06093819095520393,0.000237658944725295
0.061574090620076,2026-06-16 17:31:59.000 UTC,Withdrawal,0x4c6c5f924e01e4bbbcda7763815633f0922949bebbcc923a2d64eacd6eb4d9ad,0xec15c20015e72748f03065ed80c41cb882e3fb66,0xe268e2125211ff4683e01dbfc43405ec6d212daa,0.06157409062007602,0.000160092635612197
5.0,2026-06-16 17:07:59.000 UTC,Withdrawal,0x7dc7ba3989bf77caaf9342c146a04daafeb159aaac225d5761e96cb244b5c45e,0xec15c20015e72748f03065ed80c41cb882e3fb66,0xb7f9421927fcc6eaa076ae14802136f82739616e,5.0,0.005
2.0,2026-06-16 17:04:35.000 UTC,Withdrawal,0x53e812f673c32d841d2f530b6120c21d24d3651285c243693018dd466e7cd090,0xec15c20015e72748f03065ed80c41cb882e3fb66,0x8af3f416c13103bcf1533c3e20d235a4ed50735f,2.0,0.002
30.0,2026-06-16 17:02:35.000 UTC,Withdrawal,0x71026191407836fc6985da55770480d1be7b070716cd34dafc7bead452372ceb,0xec15c20015e72748f03065ed80c41cb882e3fb66,0xc184d7e308fc0d1e58cc7e85e66fa9da1d701fa3,30.0,0.03
3.0,2026-06-16 16:54:11.000 UTC,Withdrawal,0x7534761af5c2889374d3698e3175d6102ea9d06185e4e3572343ae8273f5bb85,0xec15c20015e72748f03065ed80c41cb882e3fb66,0xc184d7e308fc0d1e58cc7e85e66fa9da1d701fa3,3.0,0.003
0.0624976682291448,2026-06-16 16:16:59.000 UTC,Withdrawal,0xade594361fa3832567766ac12fddb51252710eef49438167a2c412a74ddc5919,0x6c5816afbe2c0cda91742651e3bb63f80d25a59c,0x9ab487134a90ee50a6b2ee5d20528c43a279db76,0.062497668229144814,0.000387485543020697
0.2,2026-06-16 14:46:47.000 UTC,Withdrawal,0x11ac9496aa13e26ee5ebc265c9723d2abf928a889eb30953fb0ca4cc19f31496,0xec15c20015e72748f03065ed80c41cb882e3fb66,0x1246f1c5cf02218c5931ab55a1d466fe51497993,0.2,0.0005
0.0025,2026-06-16 13:41:47.000 UTC,Withdrawal,0x504805b6a81ff85a0390b3334d4e64bea36503cc8b783fada3b17321657764b8,0xec15c20015e72748f03065ed80c41cb882e3fb66,0xadcff35233d4f643f0a52961aadd84bda52d78cb,0.0025,0.00015075
0.09,2026-06-16 13:39:35.000 UTC,Withdrawal,0x5c1ea041bd2ac6495116183c9bf56207a73dcbff4ce03ab3d35c6484d7e83eeb,0xec15c20015e72748f03065ed80c41cb882e3fb66,0x82f157692d883aaca4ebf5533489643ef7f0f774,0.09,0.000243
0.0632637288077922,2026-06-16 13:19:47.000 UTC,Withdrawal,0xa39d55293b2883b9f36619bf0dd65f52831830a375561aa741fef66556aa3a66,0xec15c20015e72748f03065ed80c41cb882e3fb66,0x3f29e10c114d35e1b3906c299c3c7bbcfd1ccca3,0.06326372880779227,0.000246728542350389
0.0639233145798752,2026-06-16 12:17:23.000 UTC,Withdrawal,0x32d3929628d5932921e41d9ab0c64b5cb603126dc9c4b2be32e514c703d608a7,0x78a57679a434a2caa3046335195130af6c5a5179,0xad56d5ebca2e61a334534d429a8fb922fc345848,0.06392331457987523,0.000172592949365663
0.0645122719551841,2026-06-16 11:18:47.000 UTC,Withdrawal,0xd559af343a5bb80f2c68ad084ab0966ca5c64151516e8ef8fce00e6746f14989,0xec15c20015e72748f03065ed80c41cb882e3fb66,0x5de835054d89122f0bdeb7afd23d71c12f8b27d3,0.06451227195518415,0.000135475771105886
0.004,2026-06-16 11:00:23.000 UTC,Withdrawal,0x115630b83194a2fda563a2346464d039b20fc6ac5b68d54f6cc1c90336396547,0xec15c20015e72748f03065ed80c41cb882e3fb66,0xc6571bb390c44eaa099ef8da5d25d22db083e61a,0.004,4.72e-05
0.001,2026-06-16 10:57:59.000 UTC,Withdrawal,0x4336244357612a7ed0be8584cd8702e100506051715e8a04da01bd4e1281cae3,0xec15c20015e72748f03065ed80c41cb882e3fb66,0xc6571bb390c44eaa099ef8da5d25d22db083e61a,0.001,5.14e-05
0.0651154081472812,2026-06-16 10:17:23.000 UTC,Withdrawal,0x2e69487b73349a71aca4b58a0622874880deb0a62e6ea6c2ec92da84ab4160ee,0x6c5816afbe2c0cda91742651e3bb63f80d25a59c,0x67c8d1907a769d2027a7c8e4a588c4ea0fc69b27,0.06511540814728127,0.000149765438738746
0.01,2026-06-16 09:32:47.000 UTC,Withdrawal,0xa44a7b415e046b541d7cfb47b7e0b48f02319c4ee48fd08402891101896fad49,0x78a57679a434a2caa3046335195130af6c5a5179,0x616a16c335105478d1b7803e3a1433c15956faa2,0.01,0.000197
0.0658348508476409,2026-06-16 09:17:35.000 UTC,Withdrawal,0x3213ec7f919ea75d4e13cd41b263ec9077235f164e41b38c9e7e0d81a7dd6a33,0xec15c20015e72748f03065ed80c41cb882e3fb66,0x09df98f6382ee68450cb944f3cb9ed70a6cf530b,0.06583485084764093,0.000190921067458158
0.0664842263972639,2026-06-16 08:16:47.000 UTC,Withdrawal,0x71c15e4d9b0eb0ee6dbf812fa9c16bbedc695df79f4a4aeaaadda0ece95b3dd2,0x6c5816afbe2c0cda91742651e3bb63f80d25a59c,0x6f62b29d3b4f31b7d9067337eab11b2a021aeb87,0.06648422639726397,0.000159562143353433
0.099,2026-06-16 08:00:35.000 UTC,Withdrawal,0x7d228607978641e0ff824049fe43dbabedceba1d68c26bc98f4c0baad373ffd7,0x6c5816afbe2c0cda91742651e3bb63f80d25a59c,0xd1977be2bc920dcdda78c65502dc546926d79b3e,0.099,0.0002079
0.083,2026-06-16 07:24:47.000 UTC,Withdrawal,0xa62bf729268529c0312c0df6c2d40dde11e9df171ca77e2a49b8ab0ec824b6bf,0x78a57679a434a2caa3046335195130af6c5a5179,0x1065acaee6c6e7cee5043693166613dd195d42f5,0.083,0.0001909
0.01,2026-06-16 07:23:23.000 UTC,Withdrawal,0x71f0cdef65866d63b90970a1ceb78dea9e5160a9ddd18ab3ca138c47b5390462,0x78a57679a434a2caa3046335195130af6c5a5179,0xef96fb6b1713d7adb7c9b82bfa7e92a290aa9352,0.01,0.000129
0.023,2026-06-16 07:22:35.000 UTC,Withdrawal,0xa9322961e588a8381ed6d57e5984f0f86d23b1fbc191a7afffda6f6c0e9720b6,0x78a57679a434a2caa3046335195130af6c5a5179,0x33926bdcd42a3b5d0799180d5a8119ed28395343,0.023,0.0001449
0.0671157230257488,2026-06-16 07:15:47.000 UTC,Withdrawal,0x0c4c99bfcd3a691301b643cbf15134f086e0587ba054c8f410ae4a7c1374b543,0xec15c20015e72748f03065ed80c41cb882e3fb66,0xe9853ea466b0c3761323fb1604257e754f3c6392,0.06711572302574886,0.000147654590656647
0.016,2026-06-16 07:14:11.000 UTC,Withdrawal,0x098debcd48598484144d9063ffabb73a636dd88e3e7d28784cd8c6b85b9b81e2,0x6c5816afbe2c0cda91742651e3bb63f80d25a59c,0xa9e2af541996f767ec2e354976537f8b6db830b9,0.016,0.0001424
0.082,2026-06-16 07:12:35.000 UTC,Withdrawal,0xe8ffbab5166f5f028e9d0976bf39144b4e9662568f384ef5190ac25402daed0d,0x78a57679a434a2caa3046335195130af6c5a5179,0xfbf98493355201318eb589dff5e1ff4b07dfe3b8,0.082,0.0001804
0.017,2026-06-16 07:06:59.000 UTC,Withdrawal,0x1ecb07dab1c3b5774f1f6458220316c3b1d20afb5e2d83489ba9027a621c1fab,0x6c5816afbe2c0cda91742651e3bb63f80d25a59c,0xa2f970118bbb53551681c52eaa28de93d0705258,0.017,0.0001139
0.042,2026-06-16 07:06:23.000 UTC,Withdrawal,0x5f24072a30a70946fa799f84eecb8cb75a56231faa5e897a88aebec7101c9269,0x78a57679a434a2caa3046335195130af6c5a5179,0xaad57f020abe0b8ebbd4fb4f3838494031df2360,0.042,0.0001386
0.067737523281918,2026-06-16 06:15:47.000 UTC,Withdrawal,0x22a0dee587fb1f299e2a33cd3c5eab8649d65f52461e34d6dde2c50e61111ef6,0x6c5816afbe2c0cda91742651e3bb63f80d25a59c,0x331217a3a59c19c6cb6d7811d34c998f7335bfa2,0.067737523281918,0.000149022551220219
0.01,2026-06-16 05:33:35.000 UTC,Withdrawal,0x489f83428ef5614ffb60db3c05274cbf19e69f1db939b589d42b0892c519e415,0x78a57679a434a2caa3046335195130af6c5a5179,0x8991545bb3bc6dd46c5720b8e202d495f618f460,0.01,0.000189
0.01,2026-06-16 05:20:11.000 UTC,Withdrawal,0x639e76aba25d0d828ed859f1a25baca034b2032ecfe6f219ce994eed28c53c35,0x78a57679a434a2caa3046335195130af6c5a5179,0xd1aa47053677a5b219e6dd672dd0293d65d701a4,0.01,0.000169
0.0684580531296946,2026-06-16 05:16:47.000 UTC,Withdrawal,0xf7d28d935e821a7866a94a61b16ee378cd2d67852a64b6bcc061a9c6a0a5d1a0,0xec15c20015e72748f03065ed80c41cb882e3fb66,0x39b17e2c2a124118aac8a94d78629610901af2eb,0.06845805312969466,0.000184836743450175
0.0691118067163318,2026-06-16 04:13:59.000 UTC,Withdrawal,0x7327018b1eed82f6236f559bcbeb63bc399beaad56a10d6445a3dfd1e6800767,0x78a57679a434a2caa3046335195130af6c5a5179,0x30895b9ebde6788cf9dddafa15402e3f7cd931b6,0.06911180671633183,0.000172779516790829
0.0697134925193795,2026-06-16 03:15:23.000 UTC,Withdrawal,0xdaad24dab66eeec326f0e183aee881d2f36215083204c3d0bb65a8da34e9a1e9,0xec15c20015e72748f03065ed80c41cb882e3fb66,0xc339865cd0688f814f72aef84451a88ba5bedad8,0.0697134925193795,0.000118512937282945
0.0703542969844613,2026-06-16 02:14:47.000 UTC,Withdrawal,0x13637c41a2b8536e279a3d26bb5ad269ab027d52a7a94ab311936407c021563a,0x6c5816afbe2c0cda91742651e3bb63f80d25a59c,0x1f0ec26e4bf9fc1d2bb7a4c97fcc935879514346,0.07035429698446136,0.000154779453365814
0.0709394218410544,2026-06-16 01:13:47.000 UTC,Withdrawal,0x25c1b347601f3f478e7118a3fc8438e8881657cf5df741d8fb5f9e88f15de888,0xec15c20015e72748f03065ed80c41cb882e3fb66,0x5fce36f4edabb1066ec55ad66577c732a097f2b7,0.07093942184105441,0.000113503074945687
0.0715414572148519,2026-06-16 00:11:47.000 UTC,Withdrawal,0xf0a01a4df2f08b6c71cb24193bce9f1d73842ebad803b240513dedfb2a5a2588,0x6c5816afbe2c0cda91742651e3bb63f80d25a59c,0x606a902cfb4638ecc64b843c75838440d177d42b,0.07154145721485193,0.000135928768708218
0.0721428072430593,2026-06-15 23:12:35.000 UTC,Withdrawal,0x0047f6bc9d738c0aa7269fa6920e5ee26c62aba01dfd21a139fd3a10abebc0f9,0xec15c20015e72748f03065ed80c41cb882e3fb66,0x10ebed3a273fa62c1e9fda1dfba154a04bcfd0d3,0.07214280724305931,0.0001226427723132
0.0727590139384729,2026-06-15 22:12:11.000 UTC,Withdrawal,0x8d3ddcffe9ade85407d7c825a0b06b8ea6e49f44752b46c619a2a968ae61e966,0x6c5816afbe2c0cda91742651e3bb63f80d25a59c,0xa76a1d10070eb87e7123c8b6368aefae6aa11c72,0.07275901393847299,0.000138242126483098
0.0734121878627423,2026-06-15 21:12:59.000 UTC,Withdrawal,0xbf327326c4b1ec3daeb62959d7f0b2b4d5f367f2960c3982eca9da54db35c538,0xec15c20015e72748f03065ed80c41cb882e3fb66,0xc14923b376612cd54d5039abdc7884c0a21aa8df,0.07341218786274237,0.000154165594511758
0.0742184891242337,2026-06-15 20:10:23.000 UTC,Withdrawal,0x665e6ef6d6ac0537886af916c0d4cfb1cec0f9aabb92ae5de59595f5c386d7db,0x6c5816afbe2c0cda91742651e3bb63f80d25a59c,0x23ab887fa420408b82ce1510070d1cbc08b8968f,0.0742184891242337,0.000282030258672088
0.074954910209609,2026-06-15 19:11:23.000 UTC,Withdrawal,0x9f06acdfa5148a3b0f3d2f69d953b736eee666fafec8a13d2989b93181c09b1e,0xec15c20015e72748f03065ed80c41cb882e3fb66,0x46323ba7cf0f3a8b685ab7c166c88de104474daa,0.07495491020960905,0.000179891784503061
0.554,2026-06-15 19:06:35.000 UTC,Withdrawal,0xd53afcac4aa6e1760dddcfe2dc4569970acc41f5340c419e51d1f44f2b259be9,0x6c5816afbe2c0cda91742651e3bb63f80d25a59c,0xd767aceb02f4dc689c592d29bbff01fd55030d8d,0.554,0.0007202
0.0760232055709939,2026-06-15 18:18:23.000 UTC,Withdrawal,0x0d143fc0acb83c5e9d0e7c55f8d775328afbd28beda6e0e903dbb9101707fbd8,0x78a57679a434a2caa3046335195130af6c5a5179,0xfc0b35d1ff570ec0cc2878f273093d7454bc2a45,0.07602320557099392,0.000509355477325659
2.43,2026-06-15 17:56:47.000 UTC,Withdrawal,0xd84fdbb981faee73e1a494c3067afafa278801b5f6ed2dbb627fa7adb7b4b399,0xec15c20015e72748f03065ed80c41cb882e3fb66,0xdcf1a0b0c03b4df58e052133662a3b74cb9d47e1,2.43,0.00243
0.021,2026-06-15 14:58:35.000 UTC,Withdrawal,0x3d094b8c99ffe4b084304e09a50ceb8206821de7a29b743f726ae381376201cf,0x6c5816afbe2c0cda91742651e3bb63f80d25a59c,0x9c5c1f6a73e9513d7798442cd6b61bb0fbb37048,0.021,0.0002856
0.02,2026-06-15 14:47:35.000 UTC,Withdrawal,0x565f8ed1dec0cf905eea432c8303c2dd9f0f3b42aa742bbc4f323e9d0d1fcf40,0x6c5816afbe2c0cda91742651e3bb63f80d25a59c,0x3d83da2779a1b9f0e54a82f17310dadffefc3ebf,0.02,0.000498
0.088125,2026-06-15 14:13:35.000 UTC,Withdrawal,0xf97c909b8136f6d5b4396ea65f869a4051c99b965bc9d903050b9041c1c9b720,0xec15c20015e72748f03065ed80c41cb882e3fb66,0xc23e5af26bd725125acdad3335ce99b37726a769,0.088125,0.0005375625
0.0769376370006357,2026-06-15 12:58:47.000 UTC,Withdrawal,0xa0732fd791e2a451f684d97fcb68720eb4a9c1405a75a5c86a7db94bfeff61a2,0xec15c20015e72748f03065ed80c41cb882e3fb66,0x33dca1bb1cbc4eb5f13ae728b81bcdfd75be95f9,0.07693763700063576,0.000284669256902352
0.077729773039751,2026-06-15 12:01:23.000 UTC,Withdrawal,0x381b320f49dde7f685c8d358f8e898c761ccea94347ae9103338da6644d1d317,0x78a57679a434a2caa3046335195130af6c5a5179,0xfe90e54eda858b701d1e308b155e65772afc233e,0.07772977303975102,0.000209870387207327
0.078420283937987,2026-06-15 10:59:47.000 UTC,Withdrawal,0xf5be8392858d7a63813ca0ebeb4fb4fe173fd694feba24ef7180635433d630fd,0xec15c20015e72748f03065ed80c41cb882e3fb66,0xabf2a2e9c07f7265be551932b2ab7655fb8d9980,0.07842028393798707,0.000141156511088376
0.01,2026-06-15 10:10:59.000 UTC,Withdrawal,0x6ca1481b8aecd2035308997b4b6c8677fb22e1d6b5696a8f8031718dc908d1ca,0x6c5816afbe2c0cda91742651e3bb63f80d25a59c,0xbcb2184f131d602d80c3eda13a5134325d20a328,0.01,8e-05
0.0790861064759232,2026-06-15 10:03:59.000 UTC,Withdrawal,0xb05f3e4f2cbc8ec252e28f35257beb462b4ad417296197ce2537e47411f3f047,0x78a57679a434a2caa3046335195130af6c5a5179,0xeb9828c1c412bdf4365ac6199931237ebbd12fa7,0.07908610647592329,0.000142354991656661
0.01,2026-06-15 09:25:59.000 UTC,Withdrawal,0x5aee6fa5d114aa0009cdb18f76930a980495ffa5f30f4a258d36d92b4afc8d15,0x78a57679a434a2caa3046335195130af6c5a5179,0x4fc4c80d68c31cde967e4d6633cf6c574babfda9,0.01,7e-05
0.001,2026-06-15 09:22:47.000 UTC,Withdrawal,0x30a99a225f021811e3083007b0a549d37bc2e43e8b90cf611bd11f8553faeada,0xec15c20015e72748f03065ed80c41cb882e3fb66,0x1a05f973f12e09a68d797e65ad881ad775e95fbd,0.001,5.03e-05
0.0797492523338695,2026-06-15 09:16:59.000 UTC,Withdrawal,0x481c9db319355a87043daf7652ee79b0a483f968943136a60d2358626e35748a,0xec15c20015e72748f03065ed80c41cb882e3fb66,0x76e7f2e6b895e92af1423f666f90826051ab7182,0.0797492523338695,0.000127598803734191
0.0804330722046271,2026-06-15 07:54:35.000 UTC,Withdrawal,0x2945c662b2d8aa07a9c9713952c83931e1d68e55a1d824685dd9cd84c5cbf894,0x6c5816afbe2c0cda91742651e3bb63f80d25a59c,0xcb874b1a6ff59845bf1ab92c3a5f37544293ac99,0.08043307220462718,0.000144779529968328
0.0810809351430046,2026-06-15 06:55:47.000 UTC,Withdrawal,0xfbbadf62c7f637946740591f1a7ce5f07a4fd46adb889b42f53aa9e7e7c4ac2b,0xec15c20015e72748f03065ed80c41cb882e3fb66,0xed0b620b60825737f83e0cb1bbcaba1a6e0ee115,0.08108093514300468,0.000113513309200206
0.2,2026-06-15 06:45:35.000 UTC,Withdrawal,0x2c2a7faba3f2a15794d5a5da1510ce54df4a79535e90d0c87bcc4158f2723147,0xec15c20015e72748f03065ed80c41cb882e3fb66,0x0a5f07eca94861d5804891cb9078171bbb0fd046,0.2,0.00022
0.0817606295181173,2026-06-15 05:54:47.000 UTC,Withdrawal,0x01857a33fa9bfb3b355ebf3231471fc2455ce0defed4f3969b6c90a3ab9d6b33,0x78a57679a434a2caa3046335195130af6c5a5179,0x581b3b3c40c6935e02f221acb0cd74c25b34ccf1,0.08176062951811731,0.000147169133132611
0.0824196899729033,2026-06-15 04:54:35.000 UTC,Withdrawal,0x16e3b2eec2ab6d64d1028509c43d97c51af87e19aa1c42a77886d2b42581f8c0,0xec15c20015e72748f03065ed80c41cb882e3fb66,0x80d5062e26ee858636a85fbaa7489e2678b4fd4e,0.08241968997290337,0.000123629534959355
0.0832459743168715,2026-06-15 03:53:35.000 UTC,Withdrawal,0x0de6538e32b0511f3e71ab87f97060b8b5572fd4f3e71747312c0de54b09da10,0x6c5816afbe2c0cda91742651e3bb63f80d25a59c,0xe586dc78a7f091416819ee4d99700b1f7e67dfcc,0.08324597431687152,0.00023308872808724
0.0839007461383065,2026-06-15 02:53:47.000 UTC,Withdrawal,0x8ab8d2b41b3443fa18593766d538771439ee71b94c65de54debdce3ebf2b167b,0xec15c20015e72748f03065ed80c41cb882e3fb66,0xe1b3162f44f363d3449b3e40c6f8121c13215a55,0.08390074613830659,0.000117461044593629
0.0845940966233479,2026-06-15 01:53:59.000 UTC,Withdrawal,0x1ea17dec1073f93443d47098d121e2bd5ad0b20a640e3be7b88e4f8f013fbb07,0x78a57679a434a2caa3046335195130af6c5a5179,0x69521a2e6f7d4be2e8aed3232d1307a6c86a2ed8,0.08459409662334794,0.000152269373922026
1.5,2026-06-14 23:09:59.000 UTC,Withdrawal,0xf7cde58dc117f5defb5fa0de4ccdb286741a78f8d5b4477b80566f05be309390,0xec15c20015e72748f03065ed80c41cb882e3fb66,0xc8a39f5f4333f5214d519dbb9c5b17cc1f8fc4ec,1.5,0.0015
0.0854528987982324,2026-06-14 21:56:11.000 UTC,Withdrawal,0x5712eee2f76691145a57fb1258ce892cc0542f23effa0dd7fa704ad914e79771,0xec15c20015e72748f03065ed80c41cb882e3fb66,0xcd1ab5f93d94073908741185f550ccaf86603d4a,0.08545289879823248,0.000230722826755227
0.0861705494206886,2026-06-14 20:50:23.000 UTC,Withdrawal,0xeb68e4070d9406e88d040819e779a3da67879a58703469395ef78faac23a7676,0x6c5816afbe2c0cda91742651e3bb63f80d25a59c,0x127c2096fcf4c9f542d0f8088045c8d790f50177,0.08617054942068861,0.000155106988957239
0.0868792763107241,2026-06-14 19:50:47.000 UTC,Withdrawal,0xd4f8cf7c082e1389029fac950e7c4c197cc927cd26263806fd89eed97a2f8dde,0xec15c20015e72748f03065ed80c41cb882e3fb66,0x9ef2ad76e94e1fe47a7b8a34b6f856bd8812e1a7,0.08687927631072415,0.000139006842097158
0.0876147835734462,2026-06-14 18:49:35.000 UTC,Withdrawal,0x2bded7e4fac0f22fc948b1d3e92cd69c629e8ff996dd81607e16efc7d11d698c,0x78a57679a434a2caa3046335195130af6c5a5179,0x68b3f3e0831961dfd8721cc57a50a842ab27f6b4,0.08761478357344625,0.000148945132074858
0.0883852881281267,2026-06-14 17:50:35.000 UTC,Withdrawal,0x23a5de74b6b06f66b9e1ffebf66efd38ac7d960f933522d0feb586335c75d2f5,0xec15c20015e72748f03065ed80c41cb882e3fb66,0x21172d63ea06f2a5fe8ea0d9b68c985aecc6a21f,0.08838528812812672,0.00016793204744344
0.0891997685480027,2026-06-14 16:48:23.000 UTC,Withdrawal,0x7ffddc5f1907b17f55a068adc616aefd19ff88fa2545a0902bf8eb95ce1f600a,0x78a57679a434a2caa3046335195130af6c5a5179,0x2758b1ac127818e7b11164c8979c3acf7a7d4f1a,0.08919976854800275,0.000205159467660406
0.004,2026-06-14 16:06:23.000 UTC,Withdrawal,0xc4d289cf89699f4e12873c57696bc0bf031dbf94fc5e74db5a95c963aa43e1a3,0xec15c20015e72748f03065ed80c41cb882e3fb66,0xd512f062d2eed1e3ffcc78874020971964176a85,0.004,0.0001092
0.0900034106745656,2026-06-14 15:49:47.000 UTC,Withdrawal,0xb9d533598fc5cd55429d0de86f3caae678cf4d8467311aa7f621a5ac9c91065f,0xec15c20015e72748f03065ed80c41cb882e3fb66,0x4f7439cf90f2f089281fe8ddf9071ed97162efaf,0.0900034106745656,0.000189007162416587
0.0908276119302686,2026-06-14 14:53:11.000 UTC,Withdrawal,0xcdc555b493770cbd61219ca31b9f8b7685b2e3f5ee51ed4e075a901da2088eb9,0x6c5816afbe2c0cda91742651e3bb63f80d25a59c,0x666bc17229e834544d5505e6929dbbb630bdfe0d,0.09082761193026867,0.000190737985053564
0.0916892973492335,2026-06-14 14:32:35.000 UTC,Withdrawal,0x92245c053c5d1433e5b3ebb5f07e26f72c0da77c37b8feec5c2921994f53998f,0xec15c20015e72748f03065ed80c41cb882e3fb66,0x968ff3834508954813243beb80b344c3100ea5a4,0.09168929734923356,0.00019254752443339
0.0924926412006093,2026-06-14 12:54:23.000 UTC,Withdrawal,0x6bf18f84f842ea4237e9d50b01ddf74b67e9ea25c4b52acd3bf52cd18aaccf39,0x6c5816afbe2c0cda91742651e3bb63f80d25a59c,0x2da389d6fd466305fa7bee8267e1dadcca6ef78c,0.09249264120060939,0.000184985282401218
0.0932679075528321,2026-06-14 10:46:35.000 UTC,Withdrawal,0xae5b3cb7ec9fe0c0b9eded2b8744b660e6e5a2ad8d076f0dbe9b93de3630e606,0xec15c20015e72748f03065ed80c41cb882e3fb66,0x3ede1273c9a92fb5c97a399efccdc81265551253,0.09326790755283217,0.000167882233595097
0.0940927746455485,2026-06-14 09:45:59.000 UTC,Withdrawal,0xe7df26a164a3355ae2de325bc7fe559aa7a4a439be54334c467b715ca569c3b4,0x78a57679a434a2caa3046335195130af6c5a5179,0x4b437185f08c0d66f03d512d1e1e22c44a8f9620,0.09409277464554852,0.000207004104220206
0.0949043410717313,2026-06-14 08:45:35.000 UTC,Withdrawal,0x9aa9f30f2cc341fd7886c7cb1175a9a3a64d05f77e51bcf695b2be48b28881f1,0xec15c20015e72748f03065ed80c41cb882e3fb66,0x6c3d04c469d30a341e42b52d486524fa1c0706ec,0.09490434107173133,0.000189808682143462
0.0957317564151782,2026-06-14 08:25:35.000 UTC,Withdrawal,0xf5638e163d4b53c1c3d24184246b19e4f54d08ef7321ebf159bd4411005faaa1,0x78a57679a434a2caa3046335195130af6c5a5179,0xab93f19c7ae953978788c8eeb73a7014ca76fa10,0.09573175641517821,0.000201036688471874
0.0965575879592062,2026-06-14 05:44:23.000 UTC,Withdrawal,0x5fa2a72b893892e7d01d2d2abbc50b20abf4c761f58ce273cdb2c17a993977a3,0xec15c20015e72748f03065ed80c41cb882e3fb66,0xfe09e50573ca8e1847358b80f1d7efb42b4f7fc7,0.09655758795920627,0.000183459417122491
0.0974214500473153,2026-06-14 04:43:47.000 UTC,Withdrawal,0x6656e7ef91790664e707cfd4d1382bad3cbd06b2cd82cf915e4441cba8a51878,0x78a57679a434a2caa3046335195130af6c5a5179,0x682a93b6c3beda9c456221815724f550bcb258f3,0.0974214500473153,0.000204585045099362
0.0982514346653364,2026-06-14 03:44:11.000 UTC,Withdrawal,0xa7be08ab701f7aed5c1aebd90acb4461e16a6960a692b0946a7e6a4a1ee32700,0xec15c20015e72748f03065ed80c41cb882e3fb66,0xa3fdd4b209cae39dc3cfae12aaa9f21eb87590d2,0.09825143466533648,0.000176852582397605
0.0991226465686118,2026-06-14 02:43:23.000 UTC,Withdrawal,0x290f3178644df85d791ecbe7a4065a3ba9560f976a25684fbc8ff8bf54047bad,0x6c5816afbe2c0cda91742651e3bb63f80d25a59c,0xbf67879466a4b52de7fe4442f4498ff3407c6855,0.09912264656861189,0.000208157557794084
0.0999586791357505,2026-06-14 01:41:35.000 UTC,Withdrawal,0x665756cb02cdceff5fb56a4b65b36a83148017d23404d96ad7e3f7f842ed6ef8,0xec15c20015e72748f03065ed80c41cb882e3fb66,0xcfed7d17202d89e9784bd57187150927fe46ed45,0.09995867913575059,0.000169929754530775
0.1008355959975591,2026-06-14 00:41:59.000 UTC,Withdrawal,0xfc82bb8e3b9fe251a890ba99ff18518f0c405a1889e1a587b6d84b2bfc0e1590,0x6c5816afbe2c0cda91742651e3bb63f80d25a59c,0xcb1ac8ca1510a03a49c6a0cd8aa354f41dc6b43a,0.10083559599755912,0.000211754751594874
0.1017263110124279,2026-06-13 23:41:11.000 UTC,Withdrawal,0xf8ea13cea78e7e41275e5218f36f2f9adb5f756e966c61994d4ccab74504672c,0xec15c20015e72748f03065ed80c41cb882e3fb66,0x1c615dfd2ded9446fc03009a691e81d874adf9eb,0.10172631101242799,0.000213625253126098
0.1026156027839347,2026-06-13 22:40:23.000 UTC,Withdrawal,0x9f2f9f43f191a9c157c154459f4c3fc7670977cf09d19f434b7227bf112a9f72,0x6c5816afbe2c0cda91742651e3bb63f80d25a59c,0x299c9279cffd3eda3fc0c127ed959a39b4ef492b,0.10261560278393476,0.000205231205567869
0.1034869448449203,2026-06-13 21:40:59.000 UTC,Withdrawal,0xaadd2e1a0f56fc18cb70966293b011f243617c6606bfe4acea4a7d71d90462f5,0xec15c20015e72748f03065ed80c41cb882e3fb66,0xb77c9e9c1214d38f7fa4f136fca289c449da4fb6,0.1034869448449203,0.000186276500720856
0.1043901266417244,2026-06-13 20:38:59.000 UTC,Withdrawal,0xfe00913a28e6a30a655333fa5c027c6a3d8e509008ba16a7cb203447358267c4,0x6c5816afbe2c0cda91742651e3bb63f80d25a59c,0x61e37c8756f4eb665971b49d6473d5b616c04664,0.10439012664172444,0.000219219265947621
0.105236218853749,2026-06-13 19:42:47.000 UTC,Withdrawal,0x2cb0774ef55305c977b9d07a689fabaf22520e3851d5a6ccbabce703cf950534,0xec15c20015e72748f03065ed80c41cb882e3fb66,0xb97b8050c2e87959790eaf89b372cee12d5844b5,0.10523621885374904,0.000168377950165998
0.001,2026-06-13 18:39:47.000 UTC,Withdrawal,0x15f0bf64bd8704b1466c59ea88d0acf1eb5505a9a5ad01b83e9e39eb23ec4649,0xec15c20015e72748f03065ed80c41cb882e3fb66,0xeed9f8ce02f30ac9e03dac7862d2e85115a3c22e,0.001,7.98e-05
0.1061113314327395,2026-06-13 18:39:11.000 UTC,Withdrawal,0x59efa6a88e3cd58df4bb1e7488b604d58bd5f38cca86cb39e12abde982414ae9,0x6c5816afbe2c0cda91742651e3bb63f80d25a59c,0x3faa17cf79717adb6f85a57a726c40853aea4b0e,0.10611133143273951,0.000201611529722205
0.1070584833332818,2026-06-13 17:38:59.000 UTC,Withdrawal,0x7e30ba121913d18b5133a744e32ea38bcc74c3a1816d71f685a1e06a7328af53,0xec15c20015e72748f03065ed80c41cb882e3fb66,0x81b583e9f34501b62454520541c88d4c640d8909,0.10705848333328183,0.000214116966666563
0.099,2026-06-13 16:40:59.000 UTC,Withdrawal,0x4b4fe1c0073c0d66299e9808e54b1d2b6374074c855bff204cf595ed11159019,0xec15c20015e72748f03065ed80c41cb882e3fb66,0x26cf80daa947d776a01b9d59464c578e9513e426,0.099,0.0001683
0.3,2026-06-13 08:51:47.000 UTC,Withdrawal,0xbcfa6e343371733c61636b6c724abee8abb1823dba9290cea9765c68e7b0dd74,0x78a57679a434a2caa3046335195130af6c5a5179,0xccbbaba8ad5ba12c09f02d9dd52f1f5281cf2683,0.3,0.00039
0.05,2026-06-13 06:05:11.000 UTC,Withdrawal,0xbce6982652fb78652253e5e2ad3aa23e2903db8e95050407c2769608e8395980,0x78a57679a434a2caa3046335195130af6c5a5179,0xa6129b6beb8c1beebbd4014095c02e8b722dfa4c,0.05,0.00014
0.08413,2026-06-12 23:35:11.000 UTC,Withdrawal,0x80b27c6170cb6e61ae7c1e52f63d451a19139b9e548466438d617f3d3be76800,0xec15c20015e72748f03065ed80c41cb882e3fb66,0xfe6dae7bcae0c3f61df52efd80e13a89c68d4ee3,0.08413,0.000159847
0.1079949434625657,2026-06-12 19:32:23.000 UTC,Withdrawal,0x6c54382abe7df2355b940e798af7c196e7eb0fc5a886ff97c511f447d4f52e53,0x6c5816afbe2c0cda91742651e3bb63f80d25a59c,0x449dc257ecb6929b4b3a02e0f2e8bc9f64b236a4,0.10799494346256577,0.000259187864310157
0.8,2026-06-12 18:27:35.000 UTC,Withdrawal,0xeef02b46670ef587a0b42efc6e0679fa3d283070b3e8ea1ee94d967c6cc31257,0xec15c20015e72748f03065ed80c41cb882e3fb66,0xb8d5da4e2afb4e6c7ab0f5576b4a7a3473379741,0.8,0.00088
0.1092953756652731,2026-06-12 15:25:11.000 UTC,Withdrawal,0xf26150ccba0fc3279a7f80fc8191a1a9d4ece7f9690b529874697f64558147f5,0xec15c20015e72748f03065ed80c41cb882e3fb66,0x9b9a4c3febc12acd24f8866007a82182da45dbc4,0.10929537566527316,0.000579265491025947
0.01,2026-06-12 13:21:11.000 UTC,Withdrawal,0x2db5c55b979e1f64082861053897bf4ec3b8ed6a03160dbb4ca4a27479e8257b,0xec15c20015e72748f03065ed80c41cb882e3fb66,0x878e74f5228093c023cbb37c6d6a3b213e850884,0.01,0.000153
0.01,2026-06-12 09:15:11.000 UTC,Withdrawal,0x34a951fa7ba588404207debca2c876c72fab8060a228c6262253807e2dc1c5cf,0x78a57679a434a2caa3046335195130af6c5a5179,0x1adea5b9db9577105c1ba4141a1cebe84af3a779,0.01,0.000121
1.0,2026-06-12 03:14:47.000 UTC,Withdrawal,0x54cd76b52624c586cd904421c27425d0c628927949a7baad7797954cfb8dd671,0xec15c20015e72748f03065ed80c41cb882e3fb66,0xdd23a8496e254d4dd472040310a61266c211660d,1.0,0.001
0.85575,2026-06-12 01:14:47.000 UTC,Withdrawal,0xe41311481f3f08fc581d27940c001a39c70ea16c85812e6b2cb6551ad1b6a3fc,0xec15c20015e72748f03065ed80c41cb882e3fb66,0x1fd0064700c768db74798623c1ecd26cf3dcc2c8,0.85575,0.000941325
0.75,2026-06-11 16:45:11.000 UTC,Withdrawal,0xe5bcdb9e9d4aeb5f77815261c34efe96442943629a6b482c0fc70f144a92e12e,0xec15c20015e72748f03065ed80c41cb882e3fb66,0x9dcebfa7a38a51002aa68d190b53ed4542f99cd3,0.75,0.0009
0.0060885766125595,2026-06-11 15:51:35.000 UTC,Withdrawal,0x839c2760b0f8e9c943c5dd18402a5673469bed7a0c4c83680f5cbdcc38c21b38,0x78a57679a434a2caa3046335195130af6c5a5179,0xf8bc413468c027b635ea21a9cf32f801be5459cc,0.006088576612559515,0.000226495049987213
0.69996,2026-06-11 11:55:11.000 UTC,Withdrawal,0x51cd9cd65dce74b4d4e5c126cabe9b26164be5af1a093db486f67186e2c085c7,0x6c5816afbe2c0cda91742651e3bb63f80d25a59c,0x2466334f71081b3d8407da16df34c40d06255783,0.69996,0.000769956
0.01,2026-06-11 10:09:59.000 UTC,Withdrawal,0xa6c347c01c703c424cd45de8e454c3d91a910309220e56687410a71ab805e150,0xec15c20015e72748f03065ed80c41cb882e3fb66,0xd0d532f77109f8f9bb7cdce1be91143a22baaf49,0.01,0.000117
0.01,2026-06-11 09:29:35.000 UTC,Withdrawal,0x536456df85695300addb7c498427699eac91f56ea7cfd92b0f851e5492c55d4d,0x6c5816afbe2c0cda91742651e3bb63f80d25a59c,0x3ce884c06ac0d8ad4b8405ad8557bf6f806c9715,0.01,0.000143
0.01,2026-06-11 09:08:35.000 UTC,Withdrawal,0x0eec23266b6b87d052ab86933649412c546b5814dbedf1cc70f14ea658ab6d90,0x78a57679a434a2caa3046335195130af6c5a5179,0x277c3ffe6a9d28faee9e140e4a50abfbe356e52e,0.01,0.000211
0.021,2026-06-11 07:55:47.000 UTC,Withdrawal,0x265c2912d2b7a0e9397e684254c72ab1d635663844a0921e5a4ede3638f93f84,0x6c5816afbe2c0cda91742651e3bb63f80d25a59c,0xb8353eeca11084936a4b62a54be8c887e62e7930,0.021,0.0001302
0.021,2026-06-11 07:23:59.000 UTC,Withdrawal,0x92d23fe5269d75dba44de1cd54fdab9e6ab8dec81e4224fbc56c1af89075684a,0x78a57679a434a2caa3046335195130af6c5a5179,0xc98ab4cfc6eb5c15cc7141218fd974cceb6aeeab,0.021,0.0001365
0.019,2026-06-11 07:11:23.000 UTC,Withdrawal,0x0e0860eae57b8048ed7e5093831dee394ea1ba113cee0a43efc910fc56da75f3,0x6c5816afbe2c0cda91742651e3bb63f80d25a59c,0x24c096d0477eca86b763cb95eea104996055e72c,0.019,0.0001387
0.02,2026-06-11 06:43:47.000 UTC,Withdrawal,0x3a91a26485589dafa5f578ec5703e21215afc07fe2123dca965f71bc7b9d9413,0x78a57679a434a2caa3046335195130af6c5a5179,0x1b6619c8551390576532de2a51ac7ce965d0dd6c,0.02,0.000128
0.02,2026-06-11 03:02:11.000 UTC,Withdrawal,0xd92d3b1e0a389df5cd2d3ff3670fc2052c9ea76d2d6c2cddaf5ebc7da9102dec,0x78a57679a434a2caa3046335195130af6c5a5179,0xdcfe74beafebb3b3b8f1351b65970954e12739cc,0.02,0.000138
6.2,2026-06-11 02:02:59.000 UTC,Withdrawal,0x054fcb08a304d1b4a7356c4f74fe46ee189f8cfa4490dc0c9709cf071f6ba368,0xec15c20015e72748f03065ed80c41cb882e3fb66,0x6fa1ed5ec9db0ce8707c58f5c5715e5afb0997ae,6.2,0.0062
0.1105427386893387,2026-06-11 00:37:47.000 UTC,Withdrawal,0x6040b106caa7ed4f9b673c6a268dcfb07684227c25e5efbe4d774d59f042abd4,0x78a57679a434a2caa3046335195130af6c5a5179,0x2086fd8908ddfdbaf7158b0a1547f63afd76f664,0.11054273868933873,0.000475333776364156
0.002,2026-06-10 23:54:59.000 UTC,Withdrawal,0xd1c078a6675dcf4673159507c1cc976cac40048f33daed7dec8144190c1be73f,0x6c5816afbe2c0cda91742651e3bb63f80d25a59c,0x5e48b06f5d447ef6e0fa06243eaba4f05882e28f,0.002,0.0001242
0.1114932749942189,2026-06-10 23:37:47.000 UTC,Withdrawal,0xcd28dbaececeddb4f6566e19b5ac852b74135153392f330e71fe0d60d8e31b60,0xec15c20015e72748f03065ed80c41cb882e3fb66,0x830b1f81ad8ac4e23eb6ddaf17bb841de8df4eb5,0.11149327499421893,0.000222986549988437
8.14401,2026-06-10 23:03:47.000 UTC,Withdrawal,0xe139b1dfd21488141bc2b48436dc11d4a986296deb07c9e5a5c7aa707654d71f,0x78a57679a434a2caa3046335195130af6c5a5179,0xe4def549bbf57674a445c7ddf624bbfe45286f22,8.14401,0.00814401
8.14401,2026-06-10 22:55:23.000 UTC,Withdrawal,0xd3e89810bb184b938c4cd1ae2a6a696e6bf3f0ae168ebd65f442fdeec884a5a2,0x78a57679a434a2caa3046335195130af6c5a5179,0x7bdfdf7e941c8b84001b8716aa12d809021d96ad,8.14401,0.00814401
0.1124425603615929,2026-06-10 22:36:47.000 UTC,Withdrawal,0x4c69717c2547b280835868b63c3682414fc31edf756a725ca9c2034c247dd883,0x6c5816afbe2c0cda91742651e3bb63f80d25a59c,0x8a011ef5f1b4c491cfb683f162c57d700514bce1,0.11244256036159296,0.000224885120723185
0.1134892895355315,2026-06-10 21:36:47.000 UTC,Withdrawal,0x561b87c08df7eb7f72697fa4a655b6c45cf8a78b2eb5af932d16cf718b82cf38,0xec15c20015e72748f03065ed80c41cb882e3fb66,0x718240a4b5ef426f7a72249a73f1c5c854079c18,0.11348928953553157,0.000272374294885275
0.1144599558693118,2026-06-10 20:36:23.000 UTC,Withdrawal,0x3c96bb2f53f7402664453ba26806b1dbb7e55992e7e97f9ca70d76e93928d506,0x6c5816afbe2c0cda91742651e3bb63f80d25a59c,0x07cf9850ea9e26e0d5f42ce0af16d59842874aac,0.11445995586931185,0.000240365907325554
0.1154597366148435,2026-06-10 19:34:59.000 UTC,Withdrawal,0x2d3f6ce659a651737ca6bd77360512f67a23038c210a46b1ec1f00840e32b85b,0xec15c20015e72748f03065ed80c41cb882e3fb66,0xd65c62ad335ea36445e4f3992170a5a2ee8d296d,0.11545973661484353,0.000242465446891171
0.14909,2026-06-10 18:46:11.000 UTC,Withdrawal,0x001b7954f33848ded5ad26b000b5f5279e5d33022eb2e08d018f7bdc0b40c7e5,0xca11bde05977b3631167028862be2a173976ca11,0xd42bb537935cc36118f76f47da2c762bab8b7a12,0.14909,0.000477088
0.0176575590262391,2026-06-10 18:46:11.000 UTC,Withdrawal,0x001b7954f33848ded5ad26b000b5f5279e5d33022eb2e08d018f7bdc0b40c7e5,0xca11bde05977b3631167028862be2a173976ca11,0xd42bb537935cc36118f76f47da2c762bab8b7a12,0.14909,0.000477088
0.1166132939765985,2026-06-10 18:37:11.000 UTC,Withdrawal,0xb7a2d989ae17bc1eb138e736e404d509b3f36796639d82b1f70d9f2cda789eab,0x78a57679a434a2caa3046335195130af6c5a5179,0x005162f0ac766d9a47a708f3300aa2b5d1088ab5,0.11661329397659856,0.000373162540725115
0.1176946442369682,2026-06-10 17:42:23.000 UTC,Withdrawal,0x0a28fd15f4b163283d90e74b647fe491f3de82662b6f31f12bc4933b9d5fb3e2,0xec15c20015e72748f03065ed80c41cb882e3fb66,0x88d55ce6e5efe9d60d744942600e84bc1030cd4d,0.1176946442369682,0.00029423661059242
0.0304376940402995,2026-06-10 17:12:47.000 UTC,Withdrawal,0x777ab1e3bad10b70709ae5141401ea05a8b2b15563a9a99fd52a83f47a0c03f6,0x78a57679a434a2caa3046335195130af6c5a5179,0x6c5816afbe2c0cda91742651e3bb63f80d25a59c,0.030437694040299505,0.000219151397090156
0.35,2026-06-10 15:59:11.000 UTC,Withdrawal,0x760bed44b4ab67d228d47cb93f657fd3aa4666cde2552aae347fcb507382b792,0xec15c20015e72748f03065ed80c41cb882e3fb66,0x890b5e715c55c8cb991fb0bc54b97e7968dce61d,0.35,0.000735
1.0,2026-06-10 14:38:23.000 UTC,Withdrawal,0x9588258324162c403f709ee366711ac626e07565eb0b658841eb45b1ed6ddbfc,0xec15c20015e72748f03065ed80c41cb882e3fb66,0xa12b5152fd39fb6123c4abb18ddff25996ca6efd,1.0,0.0011
0.25,2026-06-10 13:56:23.000 UTC,Withdrawal,0xce52083ea9bffec93cb6a7142504f793a9e76911ac828fd8cbab08535f1b9345,0xec15c20015e72748f03065ed80c41cb882e3fb66,0x58c395c620965d789d69c56d23d17204259d3cbc,0.25,0.00075
0.1189663402932232,2026-06-10 13:34:23.000 UTC,Withdrawal,0x878badf9a0324ef66cd3386e0c4cc13cc62660e5c5fb9e1f3fc6168dce82cbfe,0x78a57679a434a2caa3046335195130af6c5a5179,0xe264b633e26715ea6d2359e3515b962054ed4404,0.11896634029322323,0.00046396872714357
0.1200085226477768,2026-06-10 12:38:47.000 UTC,Withdrawal,0x4da72a77dfdf4e2217cff5bbd82c80a04fc3a7d32f7ed7bdf316d399567e386f,0xec15c20015e72748f03065ed80c41cb882e3fb66,0x62d60da4639e6dd7f17c9347f4354d0f7943fae6,0.12000852264777687,0.000252017897560331
0.1210254437597358,2026-06-10 11:31:35.000 UTC,Withdrawal,0x9b444ab3dfd1b6e607a17887f00737c37dcfa4ee22d86590fe01f5944521e32f,0x78a57679a434a2caa3046335195130af6c5a5179,0x1716c358ec92e219f70af1f09e5cbec2134766ee,0.1210254437597358,0.000254153431895445
0.1220042905969359,2026-06-10 10:32:23.000 UTC,Withdrawal,0xfc655e39cfadd9bbd31d6d3c333c154d6ae7297ded80e2e7c8878cd13af3d796,0xec15c20015e72748f03065ed80c41cb882e3fb66,0x0d0b6e9da61fbe3129db414b0e03302cfd33561f,0.12200429059693592,0.000207407294014791
0.1230308960224764,2026-06-10 09:31:23.000 UTC,Withdrawal,0xd634944af395b3e4783ad0e44c533410af51e7888da339d6ea272d4995184fc0,0x78a57679a434a2caa3046335195130af6c5a5179,0xfaa0697b41abf35e6dc95712d59589dd09fdde53,0.12303089602247648,0.0002583648816472
0.1240376575801504,2026-06-10 08:31:47.000 UTC,Withdrawal,0xc9105f549defe817d868df8835fefe4cd27d6490008acb6cb3b42bc6564c0be0,0xec15c20015e72748f03065ed80c41cb882e3fb66,0x39fbb420f23d401378b636ae0bded97c6664a5dc,0.12403765758015049,0.00022326778364427
0.015,2026-06-10 08:24:47.000 UTC,Withdrawal,0xa9ff624561680e3752e1f4492ea3bf885d584b76595bf3a187bf1aa724dd4a2f,0x6c5816afbe2c0cda91742651e3bb63f80d25a59c,0xd41588218b2db3501c57c5c227474af917b5a6a8,0.015,0.0001635
0.01,2026-06-10 08:19:23.000 UTC,Withdrawal,0x9bb6083ec782625382c3489b66bb6466ea9e96686b3522ed7ad9e7b470b8bb42,0xec15c20015e72748f03065ed80c41cb882e3fb66,0x495cc95ba61fd9b79fce8a6ffc12220beb4795e0,0.01,0.000114
0.075,2026-06-10 07:51:11.000 UTC,Withdrawal,0x33136b836933e5925c6e9184851e61846737384bdb443b04183598e43a100c8d,0xec15c20015e72748f03065ed80c41cb882e3fb66,0xe94c169de22adb1ae910eb27d1e04747381080be,0.075,0.0001575
0.1250248786057251,2026-06-10 07:31:11.000 UTC,Withdrawal,0x54d5df26b1dca394775903472076306aaaf282e5cb19e658b8d738b343368825,0x78a57679a434a2caa3046335195130af6c5a5179,0x8bbc6578982488e87c5e14c9c36008fd4bf4697c,0.12502487860572511,0.000225044781490305
0.1261158162049216,2026-06-10 06:32:23.000 UTC,Withdrawal,0x603c8790398de70e2cc6ef6ebc98dea7a85e50061ba310fdeb548c5eebd956b8,0xec15c20015e72748f03065ed80c41cb882e3fb66,0x4f8302031e7360d4981fbf3976a9da6b59892325,0.1261158162049216,0.000264843214030335
0.127198432304612,2026-06-10 05:42:47.000 UTC,Withdrawal,0x201707cac2a8551dc3201ff741cc813d498a10b19e000b92614ccdae15e1ee02,0x78a57679a434a2caa3046335195130af6c5a5179,0x44648c161e37cde30e0cc994e34bd1390d68a272,0.12719843230461209,0.000279836551070146
0.1281698472880244,2026-06-10 05:07:47.000 UTC,Withdrawal,0xbfeed03a30daae4c87a2d0e1504531387c0121fee3ad3929fa1717f0e3645d5f,0xec15c20015e72748f03065ed80c41cb882e3fb66,0x58ec6381849572fd67996f64fb2646dab2135455,0.12816984728802444,0.000192254770932036
0.129214822363933,2026-06-10 04:06:59.000 UTC,Withdrawal,0x1ddea2d8b4c43921082484f90f98317a352e2eeaf1e43d5dacc31fbdf062b21d,0x6c5816afbe2c0cda91742651e3bb63f80d25a59c,0x0d4d785330f7fe09034e3ee126e85c9a0b62e15a,0.129214822363933,0.000232586680255079
0.1302417927052517,2026-06-10 03:06:23.000 UTC,Withdrawal,0x1e6053787735a06d986779eb4cbf52768832efe8c77563b520286a258111ef5b,0xec15c20015e72748f03065ed80c41cb882e3fb66,0x5f9695d7c163b509c453b24fbf2117f9581cc84d,0.13024179270525174,0.000208386868328402
0.1,2026-06-10 02:24:47.000 UTC,Withdrawal,0x396e0d60697bea30022432227f3b19b1aff5083207597be5ff23f23550902688,0x78a57679a434a2caa3046335195130af6c5a5179,0xa6129b6beb8c1beebbd4014095c02e8b722dfa4c,0.1,0.0002
0.1312828067798456,2026-06-10 02:06:11.000 UTC,Withdrawal,0x343f348cdf74272baa661f94d05a3e9bf7f62bb1fd59b6a2faa108536ef8a2ba,0x78a57679a434a2caa3046335195130af6c5a5179,0xa540abda3f05ccf8ef78896c36cb81f0eb8f18f8,0.13128280677984563,0.000236309052203722
0.1322991863691341,2026-06-10 01:07:47.000 UTC,Withdrawal,0xa0d3d1ee2ee35260709244b3a592f378969f487ef5f33a86299333147c12b2c2,0xec15c20015e72748f03065ed80c41cb882e3fb66,0xf06e3bf21fc065e69221a0cb60d32f5525de7f20,0.13229918636913415,0.000211678698190614
0.1333487646556542,2026-06-10 00:04:23.000 UTC,Withdrawal,0x2f326569cdd72da227655ed1be4754b5f4578cdaf786ab559b51b84b44c81e67,0x6c5816afbe2c0cda91742651e3bb63f80d25a59c,0xd4fcb9f8a1d506e872eb596c9ded24753008d021,0.13334876465565423,0.000226692899914612
0.1344024207491956,2026-06-09 23:04:11.000 UTC,Withdrawal,0xf429879a967acc1c4b26b26cb0adb53658415f68f0c539b5816363c4e73b7f25,0xec15c20015e72748f03065ed80c41cb882e3fb66,0xba23364ddc5d136aeb01ec00d4bcffef8b4ca62d,0.13440242074919564,0.000228484115273632
0.013,2026-06-09 23:00:11.000 UTC,Withdrawal,0xf8aeb3fe8643df3f560db847920fa9ffb775bec690072f9f5daa09aae7c29673,0xec15c20015e72748f03065ed80c41cb882e3fb66,0xfe6dae7bcae0c3f61df52efd80e13a89c68d4ee3,0.013,9.88e-05
0.1355338857544346,2026-06-09 22:04:47.000 UTC,Withdrawal,0xcee7351184cbc482e5464e6419f10872eb8494b155ece6c06ef8fc23d4efb33c,0x6c5816afbe2c0cda91742651e3bb63f80d25a59c,0x088cba5132c7f86c8a75d09eabfec27fe4ec6925,0.13553388575443462,0.000271067771508869
0.1366044317110415,2026-06-09 21:03:11.000 UTC,Withdrawal,0x674fff5cee68fbbc42d1578459388f6d411ba072b0592e0e3e4bd92b388e768c,0xec15c20015e72748f03065ed80c41cb882e3fb66,0x4a2aa7bd95a0d352aa8327367cfcfac093e4163e,0.1366044317110415,0.000218567090737666
0.1377763113969696,2026-06-09 20:04:47.000 UTC,Withdrawal,0xd75f1553cdf6fc1e1004ede2615a09905dc3a63855c3108db1712eaa829088e3,0x78a57679a434a2caa3046335195130af6c5a5179,0x739c02a4f5227b4b5efa947daac4cf96e510c11d,0.1377763113969696,0.000303107885073333
0.1389908656132859,2026-06-09 19:07:23.000 UTC,Withdrawal,0xc1b7231a5b037d37f384510a39ddd5f1924f761ab9cb7e22bd36e016f6810e5b,0xec15c20015e72748f03065ed80c41cb882e3fb66,0xb4d2e9faa1ef4fa598b1810fb992259418d88bde,0.13899086561328597,0.000319678990910557
0.1403212901038238,2026-06-09 18:13:11.000 UTC,Withdrawal,0x85f6bf963a5f1ab2cc9151d893983e2ab218f47c2c86db184a17d78ad3324a4e,0x78a57679a434a2caa3046335195130af6c5a5179,0xb8e0ac9b110356eacdf356729822acf680477444,0.1403212901038238,0.000420963870311471
0.01,2026-06-09 17:13:47.000 UTC,Withdrawal,0x4fcbf80651471ce32f75128f9818a71079f17dd935ccc316fbaa48ed88fa8a55,0x6c5816afbe2c0cda91742651e3bb63f80d25a59c,0x53a962264742922a1da7ab7eae2f7f84a85c5246,0.01,0.000298
0.17,2026-06-09 15:50:35.000 UTC,Withdrawal,0x58e1137a5fd8fdeaa67bccad0f94325ce0668505ff4b5b9ecb4118aa8d0b731b,0xec15c20015e72748f03065ed80c41cb882e3fb66,0xfe6dae7bcae0c3f61df52efd80e13a89c68d4ee3,0.17,0.000357
0.1415612463537705,2026-06-09 13:21:23.000 UTC,Withdrawal,0x82c89d8b5bdf79f138664431917930a8bbddbfcb8f3d83aceedd52cfe61fa5bf,0xec15c20015e72748f03065ed80c41cb882e3fb66,0x954f154a57baaf5d5fd8be0b3901e2f6c40d1e11,0.14156124635377057,0.000353903115884426
0.1426609473055127,2026-06-09 12:03:11.000 UTC,Withdrawal,0xf5941846dd1eb3d6d81c22ce856d8fe9ffedf0d850bc2b68fbedc4a07a05da57,0x78a57679a434a2caa3046335195130af6c5a5179,0xffcfb41a00b138f277b8002325c8ec8891fac051,0.1426609473055127,0.000299587989341576
0.1437600767286144,2026-06-09 11:01:11.000 UTC,Withdrawal,0x8300ca9e59603cf7c61972d56b21abbbf50b29750a673b8ba58fa7c0b2095f0c,0xec15c20015e72748f03065ed80c41cb882e3fb66,0x8497ee078b14ea3bf8028ab1a9871a297b49a8c3,0.1437600767286144,0.000287520153457228
0.0122284612150907,2026-06-09 09:59:23.000 UTC,Withdrawal,0x79e63be82a1b46111506512aea726bd18d74f8a10ba76ac5a345c3f759045231,0xec15c20015e72748f03065ed80c41cb882e3fb66,0x954f154a57baaf5d5fd8be0b3901e2f6c40d1e11,0.012228461215090709,9.171345911318e-05
0.0125427502467452,2026-06-09 09:01:23.000 UTC,Withdrawal,0xb794932dbf1944859cc01e9e38335b01428e1ebafc5875a649029a9299b4b77d,0xec15c20015e72748f03065ed80c41cb882e3fb66,0xffcfb41a00b138f277b8002325c8ec8891fac051,0.012542750246745275,0.00010535910207266
0.0128284430582406,2026-06-09 07:58:11.000 UTC,Withdrawal,0x21aae516ca7df317fe0b4f94a6bc07d2cde09f738a383b303e03b82b341ae8ac,0xec15c20015e72748f03065ed80c41cb882e3fb66,0x8497ee078b14ea3bf8028ab1a9871a297b49a8c3,0.012828443058240649,8.4667724184388e-05
0.2,2026-06-09 07:24:59.000 UTC,Withdrawal,0x5fb49c3706549f67d0b938f2e4774c78d64d026514525fb99db1b10984b11e7c,0xec15c20015e72748f03065ed80c41cb882e3fb66,0x322e128453efd91a4c131761d9d535ff6e0ccd90,0.2,0.0003
2.5,2026-06-09 04:18:23.000 UTC,Withdrawal,0xf2a439388f478eccbd67cfe8f467f405cd90c03920908430849ff7d09b92c149,0xec15c20015e72748f03065ed80c41cb882e3fb66,0x47332ada10e8cdbd5ebd27eb558bde41a851eaf5,2.5,0.0025
5.0,2026-06-09 03:19:11.000 UTC,Withdrawal,0xd059f86415402a5498f055f7a3253042d7e58d02747ab93685e2c78ae95a05e4,0xec15c20015e72748f03065ed80c41cb882e3fb66,0x47332ada10e8cdbd5ebd27eb558bde41a851eaf5,5.0,0.005
0.01,2026-06-09 03:16:35.000 UTC,Withdrawal,0x880b03f5cbe80103dc4877c69906cd74d597083fb6536679ac4639a8a1b26643,0xec15c20015e72748f03065ed80c41cb882e3fb66,0x504348e10c543e6fb287a18c9815fdd29d47feca,0.01,9.1e-05
5.0,2026-06-08 21:43:47.000 UTC,Withdrawal,0xe1e8280752a1208fa9aa430832f474fa07a1c1a1ae55cfa3b3407476bfea3f2a,0xec15c20015e72748f03065ed80c41cb882e3fb66,0x47332ada10e8cdbd5ebd27eb558bde41a851eaf5,5.0,0.0055
0.01479,2026-06-08 19:04:11.000 UTC,Withdrawal,0xf9b9a03e53397f57de568c4be8cde91c0151328560bacd0d302b43fb8bd71122,0x6c5816afbe2c0cda91742651e3bb63f80d25a59c,0x5fad80bf72cdf58edae2db56cd19b1516cbbe25b,0.01479,0.000294321
1.0,2026-06-08 15:37:59.000 UTC,Withdrawal,0x3ecf5ac27a88ba4b6b7ac8552e6122b64637810078858d2116735d36a69cb427,0xec15c20015e72748f03065ed80c41cb882e3fb66,0x1185fe5c0ce9bb8e2f194e7157c590efd4f8ff7d,1.0,0.0012
1.0,2026-06-08 15:35:47.000 UTC,Withdrawal,0xbf3c45624ff9426929c64fbbcf957489cc0f50b9bfc2eaaa1a62320bf79b8c66,0xec15c20015e72748f03065ed80c41cb882e3fb66,0x1185fe5c0ce9bb8e2f194e7157c590efd4f8ff7d,1.0,0.0013
1.0,2026-06-08 15:31:47.000 UTC,Withdrawal,0x53ef48e967e2fd1c6cb6a7b74d052e0d082b8de754fda9a23f6d2e2553bc8155,0xec15c20015e72748f03065ed80c41cb882e3fb66,0x1185fe5c0ce9bb8e2f194e7157c590efd4f8ff7d,1.0,0.0014
0.01,2026-06-08 09:19:59.000 UTC,Withdrawal,0x8f08f7d133601d7c0091f586eb3b8231ecdc57bce84262772bfcc2306bb9ff65,0x78a57679a434a2caa3046335195130af6c5a5179,0x00b94788e9806bb6493f36b8eeb7d054dd311531,0.01,0.000157
0.01,2026-06-08 08:57:47.000 UTC,Withdrawal,0xa0eeb2a7019aa561785ef0d6b05c9f3c62660854b7dbef7c9c2fc7e6c3d59e83,0x6c5816afbe2c0cda91742651e3bb63f80d25a59c,0x6f81a33e8f6eea3c5e39e09b60bf74d124760fbc,0.01,0.000139
0.01,2026-06-08 07:59:59.000 UTC,Withdrawal,0x6892a97d4dbffb253d311bf2113ef47a8dfd58246b9987529c35e2805a5d4728,0x6c5816afbe2c0cda91742651e3bb63f80d25a59c,0x93844257a808e0d9c1f91a157ec77db78f826bc8,0.01,0.000115
0.01,2026-06-08 07:46:59.000 UTC,Withdrawal,0xd5f769d79db9f1a323ab81e01f9011153b6afd2a810c9fe767542256364827b7,0x6c5816afbe2c0cda91742651e3bb63f80d25a59c,0x2e83b325b92f48cd5f2451ae377028b06aebc479,0.01,0.000103
0.07,2026-06-08 04:58:23.000 UTC,Withdrawal,0x76c27f9c821c8416a0111bd9f95fbc61d2897b296ffc25bd7c6687a11d34701e,0x6c5816afbe2c0cda91742651e3bb63f80d25a59c,0xc82c96ab8c9a4be40fbcdd240c3768ca4d7fc2bf,0.07,9.8e-05
0.010945,2026-06-08 00:54:35.000 UTC,Withdrawal,0x03444ddf0e869bd6b9e94f2b42293f430294a49d2c50b308877c84b36cd341fe,0xec15c20015e72748f03065ed80c41cb882e3fb66,0x0571cc87a0ffde8943ee3422bd0dab580c387406,0.010945,8.9749e-05
1.555,2026-06-07 10:31:47.000 UTC,Withdrawal,0x803b4f8f4251f54a4613b378de9416a448104101bb96093ee4ed75cd33a0e7e2,0xec15c20015e72748f03065ed80c41cb882e3fb66,0x203db9a760b5212dab81734740b62681cb9ed0b2,1.555,0.001555
2.0,2026-06-07 07:53:23.000 UTC,Withdrawal,0xc31f62cdfd06a4f6ffefea6da5d137e2e189f280627dea08dbb9be29f412688d,0xec15c20015e72748f03065ed80c41cb882e3fb66,0x22e1a3dff56c56df65667eff0f307c5d5847e565,2.0,0.002
0.85575,2026-06-07 03:23:59.000 UTC,Withdrawal,0x307b15f54511d816ca48491ca844922248a99e1b5105c5dfc648a60f6c3532a1,0xec15c20015e72748f03065ed80c41cb882e3fb66,0x1fd0064700c768db74798623c1ecd26cf3dcc2c8,0.85575,0.00085575
0.01,2026-06-07 01:11:23.000 UTC,Withdrawal,0x5a8b6a15d61f38ad9e73b1383220026451ba0da05c91f5c28a47bca97720d7cc,0xec15c20015e72748f03065ed80c41cb882e3fb66,0x01164be00baad38baffc93a208850e5bbda44f3b,0.01,5.3e-05
0.0103,2026-06-06 19:40:11.000 UTC,Withdrawal,0x2da7e2d026e5c6498cfba7173b6bd7234ee5fb20b6c38023c6f5207cc5b98433,0xec15c20015e72748f03065ed80c41cb882e3fb66,0xa571323c011ec385ebed1723418b12d342480c96,0.0103,0.00010712
0.0105,2026-06-06 19:38:23.000 UTC,Withdrawal,0x0eccd4619d0e43d3c5a40c5fb45011d9ec15ed3fa6b407fe1b6dc8871b0f9559,0xec15c20015e72748f03065ed80c41cb882e3fb66,0xa571323c011ec385ebed1723418b12d342480c96,0.0105,0.00011445
1.25,2026-06-06 14:52:47.000 UTC,Withdrawal,0x8db69262daeb176c38b99f7f926b5d8a15c115e4534dc86312b910cb128839f5,0xec15c20015e72748f03065ed80c41cb882e3fb66,0x300f5c34a2b197b24131173ca7c677c1662f04f9,1.25,0.00125
0.265,2026-06-06 13:37:59.000 UTC,Withdrawal,0xa569ef4a10bd78b30e41ce999b652a2d6bd11bb1e62664363919aefabdcfd9ee,0x78a57679a434a2caa3046335195130af6c5a5179,0x4a8fba6ee5b52ef6337280af1b47f14c859b3ddc,0.265,0.0003975
0.2,2026-06-06 13:23:59.000 UTC,Withdrawal,0xb70631147a206d9cf6e28b38f86cca0cbfbaddb42639e716e8b4177f0bcb8327,0x6c5816afbe2c0cda91742651e3bb63f80d25a59c,0x517ef885eb8107dc43bcc7ad3aae17ed09425516,0.2,0.00032
0.00962,2026-06-06 11:12:35.000 UTC,Withdrawal,0xc6a76d3eb5c5b65ab94146875bafcb5a3782760c34293c59205bf6b5c92de42d,0xec15c20015e72748f03065ed80c41cb882e3fb66,0x345d1604bb7f0ab3e0052028eb813c09c208f445,0.00962,0.000101972
1.0,2026-06-06 08:47:23.000 UTC,Withdrawal,0x57fc14778d9c9f59bca6d057c3fb19153e49f7da8defa7c6a3d067fd7d33f7e0,0xec15c20015e72748f03065ed80c41cb882e3fb66,0x300f5c34a2b197b24131173ca7c677c1662f04f9,1.0,0.001
1.25,2026-06-06 07:33:11.000 UTC,Withdrawal,0x6233296f211002d35220bd84b5d760ea9f8a02ed8337ad7f356202c0307bba88,0xec15c20015e72748f03065ed80c41cb882e3fb66,0x300f5c34a2b197b24131173ca7c677c1662f04f9,1.25,0.00125
0.20127,2026-06-06 04:56:35.000 UTC,Withdrawal,0x01ce8e39f88291f835ed5ea674bf86571a70e6678e5668c63394b9bfe67554b3,0x6c5816afbe2c0cda91742651e3bb63f80d25a59c,0xf342c34adc0f6b795b0ebc567450f346969adf34,0.20127,0.000442794
5.0,2026-06-05 22:23:35.000 UTC,Withdrawal,0x7b51b9ec78ac9e3a965797b9f4637b608ec73cde4e692b3b3efcfb5b42c60aef,0xec15c20015e72748f03065ed80c41cb882e3fb66,0x8b931038e696a25bf8d5824b40add8dac79e1e29,5.0,0.005
0.15,2026-06-05 20:58:59.000 UTC,Withdrawal,0x06825216369b33abc7cd2f3490099df4bf684eac5c51076d5154bbdcc829df95,0xec15c20015e72748f03065ed80c41cb882e3fb66,0x44f3c7e9a3cb8eb5ffd1f74bea8aaead01effc92,0.15,0.000465
0.00995,2026-06-05 18:42:11.000 UTC,Withdrawal,0xc98cc6b4b2def67b2e00da52d3f02b6f7489bb0515e3534c0bfb6a0fe77ad826,0xec15c20015e72748f03065ed80c41cb882e3fb66,0xaea8f6f864f6a3414346008a9144a5bc39807bde,0.00995,0.000779085
2.45468,2026-06-05 17:00:35.000 UTC,Withdrawal,0xc8b966d87043f2fc358122e2c014625233b6a89ee3f054ce209abc34a3f39fdc,0x6c5816afbe2c0cda91742651e3bb63f80d25a59c,0x2bb9aa93cd0417f8674da5ade559bcb11e703c26,2.45468,0.001718276
1.0,2026-06-05 15:19:11.000 UTC,Withdrawal,0x5941420ef7b80f659f52b7d7dd805fc98b28b8fd88a9715fe846e1b27535c58b,0xec15c20015e72748f03065ed80c41cb882e3fb66,0x89d78a39640eb92df46a440605de40a7420b782f,1.0,0.0035
2.0,2026-06-05 13:39:23.000 UTC,Withdrawal,0x4c4fe4df0a2ea01f8109ddbc8c14ec2734f05147278e7c91e91ffb14fbf76eae,0xec15c20015e72748f03065ed80c41cb882e3fb66,0x300f5c34a2b197b24131173ca7c677c1662f04f9,2.0,0.0024
1.0,2026-06-05 13:33:11.000 UTC,Withdrawal,0x6d8658591b21425a4da8da674c4513daee8b5d8929fb94a84a0160c7e23cfa62,0xec15c20015e72748f03065ed80c41cb882e3fb66,0x300f5c34a2b197b24131173ca7c677c1662f04f9,1.0,0.0014
1.5,2026-06-05 13:29:59.000 UTC,Withdrawal,0xa7e1386a7c9c4e43ebdd40303de883bc169cace58d3c6a2c256bbbb0a26720a8,0xec15c20015e72748f03065ed80c41cb882e3fb66,0x300f5c34a2b197b24131173ca7c677c1662f04f9,1.5,0.00195
0.2,2026-06-05 12:26:47.000 UTC,Withdrawal,0x8c5eab6dafbee8da8ea66bcfe62b31a56335f4f2da26f98a30cfc5c1116fa14a,0x78a57679a434a2caa3046335195130af6c5a5179,0xd42bb537935cc36118f76f47da2c762bab8b7a12,0.2,0.00032
3.35289,2026-06-05 08:39:11.000 UTC,Withdrawal,0xbdd0c0f995d78fd2d8183ab74549311c67a67bd9605a39f0450806b06b5ed744,0x78a57679a434a2caa3046335195130af6c5a5179,0x7ea9880f6faa005ca98ec9f8a04611d6c5385046,3.35289,0.00335289
0.02,2026-06-05 08:37:23.000 UTC,Withdrawal,0x24b764c1f6dcf1f3d6317d7b0032bed32725e38958cc7b469c7b4e9fbd1219db,0x78a57679a434a2caa3046335195130af6c5a5179,0x093e815beaa8c046116a90d6b3ac47d29621eb94,0.02,0.00032
0.03,2026-06-05 08:19:47.000 UTC,Withdrawal,0x0a1e64d1a06fce070deeaac8889750dba52539e22f53ffecc5aaff3abeb16ab8,0x78a57679a434a2caa3046335195130af6c5a5179,0x50bd33dbbcf8dc54437d94ec2b620c8691103827,0.03,0.00048
0.0028851369285986,2026-06-05 04:57:47.000 UTC,Withdrawal,0x76c9ddc815fb5d59dcc26730e400ccee9caf9447440127ecaf14e3738d2f8913,0x78a57679a434a2caa3046335195130af6c5a5179,0x130f17460f3685e77b8519ad81e0631d7a03634f,0.002885136928598631,0.000143679819044211
0.1,2026-06-04 21:07:23.000 UTC,Withdrawal,0xbcff3c7cb5b68a94bee64919c9f0b6398a39be85484217f5b5f98ac7113e063a,0xec15c20015e72748f03065ed80c41cb882e3fb66,0xf58116bbb58b8907e5b8038dc34b7c14d6fed073,0.1,0.0003
0.43701,2026-06-04 20:25:35.000 UTC,Withdrawal,0x73ad74541dbcbaeabe0509c127e12556bda220cf42f08310e118a4d124344dcc,0xec15c20015e72748f03065ed80c41cb882e3fb66,0x1538f30294537b40593a0d71038a68420d3df587,0.43701,0.000568113
2.0,2026-06-04 20:23:35.000 UTC,Withdrawal,0x85192666b6526f584ed6dd998e4e854e5fe3d5ab8d4c643f2df10980a0325eb6,0xec15c20015e72748f03065ed80c41cb882e3fb66,0x1538f30294537b40593a0d71038a68420d3df587,2.0,0.002
0.01,2026-06-04 19:48:47.000 UTC,Withdrawal,0xab5883df54c203490e0d84bc64ad6f7ec5d5b9ebb7dfd037150786f1027069ab,0xec15c20015e72748f03065ed80c41cb882e3fb66,0x55937ef479cc5386b718060cd17be5df68bb5cda,0.01,0.000166
0.01005,2026-06-04 16:37:23.000 UTC,Withdrawal,0xfb2ec16ae31bbea0209767983aff8b1a5bac813a6d41a018cb8d10bf476f069a,0xec15c20015e72748f03065ed80c41cb882e3fb66,0xab681bb31984303eab2ca9b22be1f65f4f46394e,0.01005,0.00033768
0.1,2026-06-04 15:44:35.000 UTC,Withdrawal,0x81166c916368b50df303d2e24078106d85cd0579be7e33133dca96406de2bce8,0xec15c20015e72748f03065ed80c41cb882e3fb66,0x38123a191e9685448658d2207b0543e2fb9282cc,0.1,0.00046
1.0,2026-06-04 14:39:23.000 UTC,Withdrawal,0x47a5b076e7d2ab85a5c65a139ca02fee04bf02d43cafa8aebc9a1513cdd2d0e3,0xec15c20015e72748f03065ed80c41cb882e3fb66,0x7a9cf2d52d8e659b5033a2d72c5c47c08e80fb97,1.0,0.0014
9.0,2026-06-04 12:20:23.000 UTC,Withdrawal,0xc89754542b1648502909a37d3711be8ddd61dd956b02661da77f80e843005755,0xec15c20015e72748f03065ed80c41cb882e3fb66,0x9bcbccf5ee84c6e143af253128a8f0315746e66b,9.0,0.009
0.01,2026-06-04 10:16:23.000 UTC,Withdrawal,0xe3139bfff1d1e8da8e4cd7786a4273043923a310c0adf108fd7dd9b46d3dd6f3,0x78a57679a434a2caa3046335195130af6c5a5179,0x0f4e64e0d13aabcdfeaf777150c35b7db4b92a12,0.01,0.000376
4.0,2026-06-04 07:25:59.000 UTC,Withdrawal,0x72511d32a4335491ab801a42167bd6c5f835d1230debd6c6ed0625b1116e94d8,0xec15c20015e72748f03065ed80c41cb882e3fb66,0xdfd3ceb151093ba06bd10e70b76e611d72c43726,4.0,0.004
6.0,2026-06-04 07:13:47.000 UTC,Withdrawal,0xde25be79be54f99703650f56ff5a367a9633ed27f3880dec695f958a28aff67f,0xec15c20015e72748f03065ed80c41cb882e3fb66,0x048cc2b5c52778605977c5eef172c07828eab627,6.0,0.006
6.0,2026-06-04 07:10:23.000 UTC,Withdrawal,0x5209aead87a27596d460414e4c95c288ce2a8a1572672123461983d0908c0918,0xec15c20015e72748f03065ed80c41cb882e3fb66,0x990ab3c39268927e2ffdab27cd8cabda1eef7143,6.0,0.006
4.0,2026-06-04 06:40:59.000 UTC,Withdrawal,0x1b3bf8ddf8f2e015e88ae775d5c4c038cd3a9ac7984805c77ded733569809b68,0x6c5816afbe2c0cda91742651e3bb63f80d25a59c,0x2167d9f31ff9c29db7222cc1e2caec35304c6284,4.0,0.0044
5.0,2026-06-04 06:37:35.000 UTC,Withdrawal,0x959425ee189be1b7f205f62c78f9c25f24edd7a5f56cbcb5ee93609d895bcb0e,0x78a57679a434a2caa3046335195130af6c5a5179,0x7ad77b38748df694853608c3e6e0e3e1086811fa,5.0,0.0055
0.05,2026-06-04 05:56:23.000 UTC,Withdrawal,0xb88b6ace80f166b143fc2205eb3d2e13240ba8d972d2e3039542f58c30ed6c0f,0x78a57679a434a2caa3046335195130af6c5a5179,0x7f4f4075518feca8ad1f6924958bf5102ace2a58,0.05,0.000195
5.0,2026-06-04 02:26:59.000 UTC,Withdrawal,0xe49a554a30057d5247b587a69a1a6c297cef5fc1cbd9816b9213af3c02c3b458,0xec15c20015e72748f03065ed80c41cb882e3fb66,0x040ec530da29b94c373072352f67ae5c3b217f5b,5.0,0.006
0.5705,2026-06-03 23:15:59.000 UTC,Withdrawal,0xd2cf3df45a6da15855f64674bf9b8eb62f3570cf6febc19f7f17c422cbfc5554,0xec15c20015e72748f03065ed80c41cb882e3fb66,0x1fd0064700c768db74798623c1ecd26cf3dcc2c8,0.5705,0.00074165
0.04,2026-06-03 20:51:59.000 UTC,Withdrawal,0x583a27b9f7b79bdaae1bc6aab5df181c7ea591f51cb6d9ad18973ab81884a513,0xec15c20015e72748f03065ed80c41cb882e3fb66,0xa6129b6beb8c1beebbd4014095c02e8b722dfa4c,0.04,0.000568
0.05,2026-06-03 12:29:59.000 UTC,Withdrawal,0x769e80b6197c1de8022793b5d30336440aeb28f3fb9c324f13e1129d248020be,0xec15c20015e72748f03065ed80c41cb882e3fb66,0xde45733875233cf4413150fe50d54257c09eb08d,0.05,0.00023
0.02,2026-06-03 12:09:11.000 UTC,Withdrawal,0x06931f8e3ba2312ce1030bdc505733d7986f852a00eacbe5f926e249210991a5,0xec15c20015e72748f03065ed80c41cb882e3fb66,0x730471e38780614d3dc068ebc1404776a1112d45,0.02,0.000224
0.04,2026-06-03 05:00:35.000 UTC,Withdrawal,0xd1d0542f6bc7894d4e9fbfd34730b12cd86163b6470916d4facc35c112c8a10d,0xca11bde05977b3631167028862be2a173976ca11,0x0fc811fdd8036ba7fb727c0ebc436fb81679d59d,0.04,0.000164
0.04,2026-06-03 05:00:35.000 UTC,Withdrawal,0xd1d0542f6bc7894d4e9fbfd34730b12cd86163b6470916d4facc35c112c8a10d,0xca11bde05977b3631167028862be2a173976ca11,0x0fc811fdd8036ba7fb727c0ebc436fb81679d59d,0.04,0.000164
0.005,2026-06-03 05:00:35.000 UTC,Withdrawal,0xd1d0542f6bc7894d4e9fbfd34730b12cd86163b6470916d4facc35c112c8a10d,0xca11bde05977b3631167028862be2a173976ca11,0x0fc811fdd8036ba7fb727c0ebc436fb81679d59d,0.04,0.000164
0.05,2026-06-03 04:44:47.000 UTC,Withdrawal,0x50be14a6ffad5b309e0a0cc9f0a225f92330c13fae216221804f9ad8b2554557,0x6c5816afbe2c0cda91742651e3bb63f80d25a59c,0x17282025cae8468d8a96226677176ab17ae7238c,0.05,0.00011
0.03,2026-06-02 14:40:59.000 UTC,Withdrawal,0x349d6f144689eeac13aee2fe4ae3b4fa698df7c689be379fe7ec2f6c7bea68a8,0xec15c20015e72748f03065ed80c41cb882e3fb66,0x9125999734078b9325b919b04e9f832d288d52c1,0.03,0.001812
0.037,2026-06-02 13:35:59.000 UTC,Withdrawal,0x948732c8e1e9f4edae8d977f137b35d4d9ce3c09e752d5492fda134e06261f45,0x78a57679a434a2caa3046335195130af6c5a5179,0xb37926aef7245a1342ccf5c85161cd9d9dd682f7,0.037,0.000407
0.022,2026-06-02 13:04:47.000 UTC,Withdrawal,0x06ab9a95631d85be59eed66ed7d821ef96fac317df89224cb6f00a79b17895e4,0x6c5816afbe2c0cda91742651e3bb63f80d25a59c,0xda4244bcc9dd69a4271b562c60c338d4996feae3,0.022,0.0004532
0.014,2026-06-02 10:37:11.000 UTC,Withdrawal,0x902d4b0029050a95b7ae26b9da4e3677943e62f0629ff8621714dd10c5b54a9c,0xec15c20015e72748f03065ed80c41cb882e3fb66,0xa2d4500905ea383f40c474f80c4417493de639cf,0.014,0.0002352
0.01,2026-06-02 04:08:35.000 UTC,Withdrawal,0xbbf4c22c1c3398b6291684d626e6a11a921aa16d8ab8cfc82551476790aeec77,0x78a57679a434a2caa3046335195130af6c5a5179,0x231e5788a92aef4c1eb5ef948cf9d34c86c108ac,0.01,0.000123
0.01,2026-06-01 23:50:11.000 UTC,Withdrawal,0x060e28735da8001a6547d6d2e40efd3abe1eaccc3fad4248985c75ba6cb48fe9,0xec15c20015e72748f03065ed80c41cb882e3fb66,0x6e0611d91e77590268c933f71b396056d1e47582,0.01,0.000453
0.5,2026-06-01 21:44:35.000 UTC,Withdrawal,0x0d2abc56af549b1c4f1cff2fa01cb577514e5d6c557825b9466e812989aba3da,0xec15c20015e72748f03065ed80c41cb882e3fb66,0xf936f3d0df09c8b196bfb5979d69ddfd975ecfce,0.5,0.0006
0.506,2026-06-01 20:52:11.000 UTC,Withdrawal,0x3ec99c24a73842c2e2789714caba49c1bf89b4da48cfba7883ee29d6460228a8,0xec15c20015e72748f03065ed80c41cb882e3fb66,0x815e81c7e1d71845f28b5633b997f7317d7756e6,0.506,0.0006578
0.01,2026-06-01 20:01:11.000 UTC,Withdrawal,0xf521ce16e1049c9a590423b6a01a14e7192b3786a782a0fb3ee7b44f618d96fc,0xec15c20015e72748f03065ed80c41cb882e3fb66,0x3bdd0277633de20be6187ab7e7bd40f2150cc516,0.01,0.000165
0.05029,2026-06-01 14:09:35.000 UTC,Withdrawal,0xc0d4a0aebe7cb5d0e27734132c73aa4382dbd23801a2e186f46b01b4b07450f2,0xec15c20015e72748f03065ed80c41cb882e3fb66,0x2f1f29dcdc9a1a3b77d5a5360a0f817dd88c01cc,0.05029,0.001322627
0.0647352035922153,2026-06-01 12:10:11.000 UTC,Withdrawal,0xd1ad41a7ab29644f40dc837f76e69725cd4247ad4dc58b0aca3c3510f3472667,0xec15c20015e72748f03065ed80c41cb882e3fb66,0x9125999734078b9325b919b04e9f832d288d52c1,0.0647352035922153,0.000356043619757184
0.0195,2026-06-01 11:42:35.000 UTC,Withdrawal,0x4ed2962746975d6a7a2201d47fe9574d6938e1a3820d26b5d4b86525d1da1b51,0x6c5816afbe2c0cda91742651e3bb63f80d25a59c,0x93fbf38a8be53283d863230f6de965f213a83ff4,0.0195,0.00021645
1.0,2026-06-01 11:26:35.000 UTC,Withdrawal,0x22551c25aeaa91640ccaa37f605642d9913296005f0a109f85784fc78daf1982,0xec15c20015e72748f03065ed80c41cb882e3fb66,0x188aba4918e55ca73e8cbcffe249fe5c00490506,1.0,0.0011
0.01,2026-06-01 07:24:11.000 UTC,Withdrawal,0x4485735499cb4f70f7ad358c9275265b559e811ee481cf7ad8da9c460dc879db,0xec15c20015e72748f03065ed80c41cb882e3fb66,0xf2b399064d07aa9542fdb9db3ad0931ef90473cc,0.01,9.8e-05
0.01,2026-06-01 02:43:11.000 UTC,Withdrawal,0xbe767b43bb70978a2b770bb465a8a121bc99d5a10ecc32848456e29a347757e8,0x78a57679a434a2caa3046335195130af6c5a5179,0xae7ad5c687ea2088f672ba30452abc8efbd67eae,0.01,0.000104
0.25,2026-05-31 19:35:23.000 UTC,Withdrawal,0x4d3cc7ec549be4d17263621c81ff31217668a921c34a00008d7b5731fcb932af,0xec15c20015e72748f03065ed80c41cb882e3fb66,0xf2b399064d07aa9542fdb9db3ad0931ef90473cc,0.25,0.000325
0.01,2026-05-31 18:02:11.000 UTC,Withdrawal,0x1a27608d3c758839a4424b0600a5b1d66480bd75c8dbbcd6d00ebe4c0c375cb1,0x78a57679a434a2caa3046335195130af6c5a5179,0xae7ad5c687ea2088f672ba30452abc8efbd67eae,0.01,0.000138
0.45,2026-05-31 00:38:23.000 UTC,Withdrawal,0x854bf469cdcdc482b6322ce71e14a4c4869fb0c7004f1290d284b53cc1292076,0xec15c20015e72748f03065ed80c41cb882e3fb66,0xda0dfc9a11db4d413e5b3f2e656123e9ec3ca856,0.45,0.000495
1.2,2026-05-30 05:29:23.000 UTC,Withdrawal,0x80bfe46890e20c93daba6d7464af46f4afab7861b4a95b006e40ffd05f69bf79,0xec15c20015e72748f03065ed80c41cb882e3fb66,0x2599897b125c1f33a60129e0a6f1cb128a186cf1,1.2,0.0012
0.01,2026-05-30 01:52:35.000 UTC,Withdrawal,0xbb1a51cbc5674ea167d2f02899a6e2ae025869175a8a46800047e3f863633aed,0xec15c20015e72748f03065ed80c41cb882e3fb66,0xbfbc5f5283ed4fa95a88c44586207ac44fb2affa,0.01,0.000142
0.05,2026-05-30 01:49:47.000 UTC,Withdrawal,0x6bcb726e1192b47e8afa66dbeb4eda3105bda5decf68bc286e49942051e8375e,0xec15c20015e72748f03065ed80c41cb882e3fb66,0x696300a48bd9af9be069600360f5a18712780aa6,0.05,0.000205
0.4642,2026-05-29 21:15:59.000 UTC,Withdrawal,0xb95443932ea3b6cb2464ae85a5655f16e5e729417519fb425430a550e797e136,0xec15c20015e72748f03065ed80c41cb882e3fb66,0x718761b9c6f0fc8a98f20b6500bd00b2c3baedc1,0.4642,0.00055704
0.01,2026-05-29 20:47:35.000 UTC,Withdrawal,0x6bf2a7899aad5ba83b616925a2af653fa300508ad7430db09f483c73b42bc7c3,0xec15c20015e72748f03065ed80c41cb882e3fb66,0x2b8757e756448d6930e0f7cf77e449a9c49bb31d,0.01,0.000183
0.01053,2026-05-29 19:38:47.000 UTC,Withdrawal,0xb97b25af4a96b8c5bc9ed9551bf1fc7ed7c492e2e4bb78c710c57ad27cdcda56,0xec15c20015e72748f03065ed80c41cb882e3fb66,0x3ee3289674cac32b00bc52b25b69d92a6cf8d5b6,0.01053,0.000572832
0.00521,2026-05-29 18:05:35.000 UTC,Withdrawal,0x9abba75f035abe32c110b38bcf17b8ecd3114a0cea2d644c4ce002afc158e6bc,0xec15c20015e72748f03065ed80c41cb882e3fb66,0x9b69d3de442323182c875e0c60386729d9b605bc,0.00521,0.000180266
0.053141840405245,2026-05-29 16:42:35.000 UTC,Withdrawal,0x1c2e1d9851ddd5be8e4fcdd22db9e7c475968974ce2ddaf66925ca7b83f09c7a,0x78a57679a434a2caa3046335195130af6c5a5179,0xc75514434702f4164b0ca704e2dbca527482225c,0.053141840405245055,0.000611131164660318
0.4,2026-05-29 11:39:47.000 UTC,Withdrawal,0x2d86a974ac1a5c420ab5de1b14794271cbdbde72e52de5cc5de3f2debe3b599c,0xec15c20015e72748f03065ed80c41cb882e3fb66,0xdd1fd6f0efb4e0eaf13a24a09363f4efe59030d1,0.4,0.00048
0.00834,2026-05-29 11:06:23.000 UTC,Withdrawal,0x284ad6cebf375dd63164ae82031d05097b1238f2f863a9e7ed00c6324c9fce41,0xec15c20015e72748f03065ed80c41cb882e3fb66,0x9b69d3de442323182c875e0c60386729d9b605bc,0.00834,0.000100914
0.14,2026-05-29 08:21:59.000 UTC,Withdrawal,0xacbab4cc7a1d64936d167a6cc85e61f377dc91ebf34a691514a76e7783a0d010,0xec15c20015e72748f03065ed80c41cb882e3fb66,0x424fbee313925716b7ae20ac5c4088e1086ea941,0.14,0.00021
0.01,2026-05-29 06:19:47.000 UTC,Withdrawal,0x11ee98615e4001ac7d17639eb34365ea68c19e2d2b8847326ea2003becb038ca,0xec15c20015e72748f03065ed80c41cb882e3fb66,0x4f7dc5107eedcabc81b495f0ec4be40366f9c12c,0.01,8.9e-05
0.0461,2026-05-29 06:18:59.000 UTC,Withdrawal,0x6684d9647979365c067fbb49db0ab3b1aaf196d3585be7313338ced0c19840e4,0xec15c20015e72748f03065ed80c41cb882e3fb66,0xe1fbc269e251c8bde29daf231a9a16e11562c730,0.0461,0.00011986
0.2,2026-05-29 01:40:35.000 UTC,Withdrawal,0x0615b87875d840db05f8a227a5f083c754c243585d0ead074dddd2411f599186,0xec15c20015e72748f03065ed80c41cb882e3fb66,0x6d743afe544db7093c384c0e7134e327d3fd428a,0.2,0.00028
0.023210888,2026-05-28 22:08:23.000 UTC,Withdrawal,0xd02eed8ac708916c3804123428db8633674ba2495973b1184904447de045b16c,0xec15c20015e72748f03065ed80c41cb882e3fb66,0xb133f4b3d750319cc47cd3382a4b948c80c0ec8d,0.023210888,0.0001230177064
0.004,2026-05-28 21:56:47.000 UTC,Withdrawal,0x2452edf8e284298b8bca16a34f4622c60dc99a43ab4988c21f8bb30f74bbb302,0xec15c20015e72748f03065ed80c41cb882e3fb66,0x8e17bc5c05240d8ec22b73c420fe3c624c4f2056,0.004,9.12e-05
0.18,2026-05-28 20:17:35.000 UTC,Withdrawal,0x6cd6907c3cd003fc1ec7fb028ff24db750d2adabec706d778a8c4565c96a94a5,0xec15c20015e72748f03065ed80c41cb882e3fb66,0x7a634e4e7779012d0749b53da1aa48a2a582f682,0.18,0.000288
0.077789112,2026-05-28 19:28:47.000 UTC,Withdrawal,0x90552063f820028cc17f2f7576964dee1972ffc5604879b82d13d8ec5807d375,0xec15c20015e72748f03065ed80c41cb882e3fb66,0xee58d7e02d4f8736a932f5f96f9225e42d447ca8,0.077789112,0.0001789149576
0.005,2026-05-28 19:17:35.000 UTC,Withdrawal,0x8fe8655ed5f564a41a227b92cd6807b54cc4a1e347f6106a03e7fb6e1c73202d,0xec15c20015e72748f03065ed80c41cb882e3fb66,0x7e9fc227bf3f88bac35660b96fc15e09c242a31f,0.005,0.000132
0.1,2026-05-28 13:51:11.000 UTC,Withdrawal,0x55989275067dcd78c96c467a9c173ac9187fa8b70462f936a9c688448856f1fe,0xec15c20015e72748f03065ed80c41cb882e3fb66,0x6d743afe544db7093c384c0e7134e327d3fd428a,0.1,0.0011
8.0,2026-05-28 12:25:35.000 UTC,Withdrawal,0xf60b281c303662d86d435b80fe359548bc27eaa26cfd137e4b94e08407cfd848,0xec15c20015e72748f03065ed80c41cb882e3fb66,0xd12eb4eb00a999aae03f08f7aa6198f9d627d0b5,8.0,0.008
0.02,2026-05-28 11:38:23.000 UTC,Withdrawal,0x9eec117aff00cd95d46b01cf824d0c9641fb8121e645b1d8d25a25057e96235e,0x6c5816afbe2c0cda91742651e3bb63f80d25a59c,0xf0f062d389e926a8caa8f3fe95189038b741333b,0.02,0.000188
0.0025,2026-05-28 10:24:35.000 UTC,Withdrawal,0xad7dd099a4eba952f15a09d56857b0f11a09379e940ff27005ee6efeb85c35f8,0xec15c20015e72748f03065ed80c41cb882e3fb66,0x894c933c4113fa86a84262f12610d4e8266e9194,0.0025,0.0001135
0.185,2026-05-28 10:23:47.000 UTC,Withdrawal,0x373ee74f6dd603221097c621c3bee7a058c7d06a7efe214e8e3809e53a8f95a8,0xec15c20015e72748f03065ed80c41cb882e3fb66,0x894c933c4113fa86a84262f12610d4e8266e9194,0.185,0.0002775
0.0075,2026-05-28 09:50:23.000 UTC,Withdrawal,0x827c3e0f6cbe06c8847fc550178f109323cab58f73fb5420884dce85a5c593a9,0xec15c20015e72748f03065ed80c41cb882e3fb66,0x894c933c4113fa86a84262f12610d4e8266e9194,0.0075,0.0001305
0.5,2026-05-28 03:42:47.000 UTC,Withdrawal,0x59fd6a353faf87522960402a97477830d134055991932453351ca206cd4da164,0xec15c20015e72748f03065ed80c41cb882e3fb66,0x5e32587e8924c8fc89cfa4610f0e02dc4fc08c8f,0.5,0.00065
0.99,2026-05-28 02:23:35.000 UTC,Withdrawal,0x155b733df5bd90f607a3aac4c185ddc998291b6ea583887a1a280eac150418c8,0x6c5816afbe2c0cda91742651e3bb63f80d25a59c,0x05ddefa49cffd3bcc725177f29b92b589404026f,0.99,0.000198
0.50015,2026-05-28 00:23:23.000 UTC,Withdrawal,0xa9bae37d261ad33e1e7614bfb32116ad1080ad63e8f1d9e230ec2f3122f8f104,0x78a57679a434a2caa3046335195130af6c5a5179,0x62320135fb054202fe16b9035e0ab2e038d0426f,0.50015,0.000150045
0.01,2026-05-27 23:17:47.000 UTC,Withdrawal,0x1d0ef7b0bba34ec486054957beb0cbada7fb4c08fcc4b1aa68acacb12dafdd98,0xec15c20015e72748f03065ed80c41cb882e3fb66,0x438615976c27b2b44f57ced3ac73b5ac113b8730,0.01,0.000107
0.005,2026-05-27 23:16:11.000 UTC,Withdrawal,0x9bc4ba8c2f35427ffa75357618bffd24b552e2b452463b2701bc157e433928ca,0xec15c20015e72748f03065ed80c41cb882e3fb66,0x438615976c27b2b44f57ced3ac73b5ac113b8730,0.005,8.9e-05
0.1,2026-05-27 22:11:47.000 UTC,Withdrawal,0x7b7b6cc1eb590c938e1ef66f68542b624a7118a4ee609f18a3290fcab346d1e8,0xec15c20015e72748f03065ed80c41cb882e3fb66,0x8f5439f2f6e74940097853cef7c9b3504cc1df60,0.1,0.00024
0.101,2026-05-27 19:08:35.000 UTC,Withdrawal,0x0ccb8d61900a0bb56c26cb87505631084111f7b2a5ff5ef067c6164ac5dffdf0,0xec15c20015e72748f03065ed80c41cb882e3fb66,0xfac87aae88cbf4b0b08276d71de69d8313bec716,0.101,0.0002323
0.33,2026-05-27 17:22:47.000 UTC,Withdrawal,0x3687892b3d63cd6de19015d60026d603258fed215c421d8a776121cba9890924,0xec15c20015e72748f03065ed80c41cb882e3fb66,0x8d4e17d9f3055327b45caf44cdb5318441bdc91d,0.33,0.000594
0.5,2026-05-27 17:16:59.000 UTC,Withdrawal,0xbb3c3d3cbfcdadd8154c2868e3ef11e9f1124195db7d473453cab01e0a35358a,0xec15c20015e72748f03065ed80c41cb882e3fb66,0xd12eb4eb00a999aae03f08f7aa6198f9d627d0b5,0.5,0.00075
0.007,2026-05-27 16:52:11.000 UTC,Withdrawal,0x46696c92174acac6d088fcc60f6c714e2337b98d6209b46e751730e9a01583de,0xec15c20015e72748f03065ed80c41cb882e3fb66,0x72a3f1eb47fb911df0af5925a633cd1c2868d072,0.007,0.0002569
0.15,2026-05-27 11:01:35.000 UTC,Withdrawal,0x8447eb4e1ff34ad1b6cdb5d9a45fbc18f4f74783c6159b0cbd25137bf2392143,0xec15c20015e72748f03065ed80c41cb882e3fb66,0xb6b73e6b487c8ae11377693af14405ca2805db7f,0.15,0.00024
0.01445,2026-05-27 09:12:35.000 UTC,Withdrawal,0x64f56a12348d54849857f50c366b2ca39c1c2329f68617207d592d5afb095fc6,0xec15c20015e72748f03065ed80c41cb882e3fb66,0x12f3d311922069ce52808cd023f131aace1baae2,0.01445,0.000111265
0.03,2026-05-27 07:15:59.000 UTC,Withdrawal,0x6ca8636e884ff8d651a2093c63c0791958644b3b12b877d425edef358be12310,0xec15c20015e72748f03065ed80c41cb882e3fb66,0x12f3d311922069ce52808cd023f131aace1baae2,0.03,7.5e-05
0.0146,2026-05-27 06:13:23.000 UTC,Withdrawal,0x3836874182ca9afa77cd6620970ae87115e7b58134427fbda64642dc0c5df01a,0xec15c20015e72748f03065ed80c41cb882e3fb66,0x12f3d311922069ce52808cd023f131aace1baae2,0.0146,5.256e-05
0.5,2026-05-27 00:58:35.000 UTC,Withdrawal,0xffa7143cf05ae582c142822a4d219752c7dbe08145c268ff3ba19c9f8d112f0a,0xec15c20015e72748f03065ed80c41cb882e3fb66,0xc2b513f4d0fb32c72c970f4c392423c1e84848d8,0.5,0.0005
0.05,2026-05-27 00:01:35.000 UTC,Withdrawal,0x2e78f2dd2a12b7697d4d767a656d0a9f8362beaf0a2a112626e8dedb708960b3,0xec15c20015e72748f03065ed80c41cb882e3fb66,0x82eb45562f991329ed2867f43fc60f0ba52c3dab,0.05,8e-05
2.655491,2026-05-26 22:58:11.000 UTC,Withdrawal,0xf644ccbcdf1866bff8e15ef9ca6fd7a0c3276a4ec544ed63e50bdfdaa257fee8,0xec15c20015e72748f03065ed80c41cb882e3fb66,0x8b931038e696a25bf8d5824b40add8dac79e1e29,2.655491,0.002655491
0.0104,2026-05-26 22:03:59.000 UTC,Withdrawal,0xd430630a9c3bfd3be7726270c7c6ccb349a9d4b3ad713a663f45b3fdeffa4f9d,0xec15c20015e72748f03065ed80c41cb882e3fb66,0xfafeef02b3d705b2d7f20594da9a4e70d159f34a,0.0104,4.368e-05
0.08,2026-05-26 21:28:11.000 UTC,Withdrawal,0x5cd703ad55b7656e943c001d6bc67166170c8a4973420631243eedbf45270cb3,0xec15c20015e72748f03065ed80c41cb882e3fb66,0xfac87aae88cbf4b0b08276d71de69d8313bec716,0.08,0.000104
2.25,2026-05-26 20:05:47.000 UTC,Withdrawal,0x48ff6463a651b554b56cd870968886ea0cf92c5edc81827bbf3897e5d183284e,0xec15c20015e72748f03065ed80c41cb882e3fb66,0xc76731a40d6ab676ee1e4de694235da99f6d20fe,2.25,0.00225
0.25,2026-05-26 19:53:23.000 UTC,Withdrawal,0xa8b26fe65b18529e255688bb8a030fb6898a13a370737a9b3c19682a16dc9290,0xec15c20015e72748f03065ed80c41cb882e3fb66,0xa75325541c83657ecf0241818ca7b1df616d5855,0.25,0.000325
1.25,2026-05-26 19:51:11.000 UTC,Withdrawal,0x8feee0bb3647b466fa5846abbdd9caef10f158d0d9bc6eb534a71da306a39123,0xec15c20015e72748f03065ed80c41cb882e3fb66,0xc76731a40d6ab676ee1e4de694235da99f6d20fe,1.25,0.00125
0.05,2026-05-26 16:11:47.000 UTC,Withdrawal,0xe8d8572899947b6366d16eb4421db2bd8ec1b5ee0fb8a950e5bd6da4b4b86a98,0xec15c20015e72748f03065ed80c41cb882e3fb66,0x34e0025b3b171daa21e120ec865eaf2b81783186,0.05,0.00028
1.5,2026-05-26 16:00:35.000 UTC,Withdrawal,0x9a2a2f29e53a9696f02240d51ad1065dc2603dc40f340399123d508b2687d008,0xec15c20015e72748f03065ed80c41cb882e3fb66,0xc76731a40d6ab676ee1e4de694235da99f6d20fe,1.5,0.0018
2.0,2026-05-26 15:57:11.000 UTC,Withdrawal,0x34485fc15152227ae17f67c2bafdedaca8b27da72a793cde99f51a8f285197da,0xec15c20015e72748f03065ed80c41cb882e3fb66,0xc76731a40d6ab676ee1e4de694235da99f6d20fe,2.0,0.0022
1.1,2026-05-26 14:46:35.000 UTC,Withdrawal,0xdac4fed987a9107998d6ac51f05c49e4ca5e4755c1fba5763215ff3c06428c1f,0xec15c20015e72748f03065ed80c41cb882e3fb66,0x432ee672c03ab0fd866c9a7c16adbbcb84244221,1.1,0.00143
2.5,2026-05-26 14:05:35.000 UTC,Withdrawal,0xea976a8204600d4d5ba6304a1330506dfca10b6884264db769d6eaf5fac1188c,0xec15c20015e72748f03065ed80c41cb882e3fb66,0xea0c37c358abb148702c5991487fabd126b5f457,2.5,0.0025
0.01,2026-05-26 12:57:23.000 UTC,Withdrawal,0x50a2350126b48cf95089015b2826242db531c1bc8f78854eba798a9c974cf5e4,0xec15c20015e72748f03065ed80c41cb882e3fb66,0xe8a2cc5c2349615d947b9d9fe5d7f144730caf77,0.01,0.000109
2.8775,2026-05-26 12:15:35.000 UTC,Withdrawal,0x64ad92db2f88c05aa5277880c7190c49c826d8337c8f2eda6e3c089973dcb83b,0xec15c20015e72748f03065ed80c41cb882e3fb66,0x755ad0aaefeda23c874822d5404b17a520ef4b02,2.8775,0.0028775
0.25,2026-05-26 12:11:23.000 UTC,Withdrawal,0x4fb951b36099b80046d5023a3b705b606f1a5d07efadeeb0ee0f58fdc9247bcb,0xec15c20015e72748f03065ed80c41cb882e3fb66,0xace5b8dc5a2b7a80c082a2464f9ac5d82d719bb5,0.25,0.000375
1.0425,2026-05-26 11:59:59.000 UTC,Withdrawal,0x59cd446f62cdbb192e8ab613fe03385170122e54c105e5648397c7e80975bcac,0xec15c20015e72748f03065ed80c41cb882e3fb66,0xf609a32d1d8dd1317ec17dc4185978023c845486,1.0425,0.0010425
0.45,2026-05-26 05:05:23.000 UTC,Withdrawal,0xc132ed63fdbc2772401c43c9b2ba08c4c4c5fe02c02cc115fa4b92292fd785d1,0xec15c20015e72748f03065ed80c41cb882e3fb66,0xab8c43e0c7358b92b32816c2250aa3cdbb35555a,0.45,0.00045
0.887,2026-05-25 23:53:35.000 UTC,Withdrawal,0x82d6013546b91baf96fa02983720f4bd58d967859d909429d2afd4d9d09657bd,0xec15c20015e72748f03065ed80c41cb882e3fb66,0x1fd0064700c768db74798623c1ecd26cf3dcc2c8,0.887,0.000887
0.3645630461101276,2026-05-25 20:12:35.000 UTC,Withdrawal,0xe3187e8819979bb6fd7609f8df4941a84d815201335badbbe549a46c7d55baac,0xca11bde05977b3631167028862be2a173976ca11,0x07bcbe3eda1bc49a4dd901f4703581d043e1c873,0.36456304611012763,0.000218737827666076
0.1071639937555245,2026-05-25 20:12:35.000 UTC,Withdrawal,0xe3187e8819979bb6fd7609f8df4941a84d815201335badbbe549a46c7d55baac,0xca11bde05977b3631167028862be2a173976ca11,0x07bcbe3eda1bc49a4dd901f4703581d043e1c873,0.36456304611012763,0.000218737827666076
0.004693910121009,2026-05-25 18:17:47.000 UTC,Withdrawal,0x5af5b4621dbaf04e6ab66fce51605ba5f8eb6ad1ccc1a56f2d7926288865e498,0x78a57679a434a2caa3046335195130af6c5a5179,0x09c7902065d5eeb27c8e53e5870e0c3dc8fbe64e,0.004693910121009002,0.000104204804686399
0.5,2026-05-25 18:09:35.000 UTC,Withdrawal,0xd7cd5667e579507ad41805c6e282213b3e3b2f5ffa3f326663d332555f6b9074,0x6c5816afbe2c0cda91742651e3bb63f80d25a59c,0x1fb79ef14bb0436c54ed32277404341774415f9e,0.5,0.00015
0.0028136518387214,2026-05-25 17:35:35.000 UTC,Withdrawal,0xcfd11fbb154bf3778c41ffb5acbd168ad6983ca6b03086d9e28dd0699b7d53c2,0x78a57679a434a2caa3046335195130af6c5a5179,0x5a8a149c9346d31c0fd2e82e97bd125a1c19f960,0.002813651838721476,0.000246194535888129
0.0504417700407003,2026-05-25 16:20:23.000 UTC,Withdrawal,0x4033c806e34d194f8d30367b1b2ed473df4ad54f58a711bfdda7c3d321cc4266,0xca11bde05977b3631167028862be2a173976ca11,0xbef8812d156ef101c103d06feaa842badde44a9d,0.05044177004070034,0.000580080355468053
0.0015452582494,2026-05-25 16:20:23.000 UTC,Withdrawal,0x4033c806e34d194f8d30367b1b2ed473df4ad54f58a711bfdda7c3d321cc4266,0xca11bde05977b3631167028862be2a173976ca11,0xbef8812d156ef101c103d06feaa842badde44a9d,0.05044177004070034,0.000580080355468053
0.05535,2026-05-25 12:12:11.000 UTC,Withdrawal,0x8d6352052c667c263745e9cda6495dbfa2c17b344a891b4c9721e3b4f0f4cd5d,0x6dd43e4feef488b225d72a7e1f828a8429d4b4a6,0x6dd43e4feef488b225d72a7e1f828a8429d4b4a6,0.05535,7.749e-05
0.350475,2026-05-25 12:03:35.000 UTC,Withdrawal,0x857dca74ea3d38821b735625eb3f0055af306b4e5358927edffded2547b54bde,0xec15c20015e72748f03065ed80c41cb882e3fb66,0xa93fe146f4a6639db903b930d63d8fea140119a5,0.350475,0.00042057
0.075,2026-05-25 11:49:11.000 UTC,Withdrawal,0xf28fae0f70509014f82cfb93c142e566bec02c4fb0dae6a6ef562ae02bca65b5,0xec15c20015e72748f03065ed80c41cb882e3fb66,0xa93fe146f4a6639db903b930d63d8fea140119a5,0.075,0.000135
0.11109,2026-05-25 11:47:11.000 UTC,Withdrawal,0x573fe1408900d46405eee0fa5b0ef5d9b4815719b93fbbfc87206eb672b55f0a,0xec15c20015e72748f03065ed80c41cb882e3fb66,0xa93fe146f4a6639db903b930d63d8fea140119a5,0.11109,0.000166635
0.55,2026-05-25 10:04:11.000 UTC,Withdrawal,0x74d17e6c1bbdb8375a10cd80882b4c0af4164f267ded3a80310e874bf350483e,0xec15c20015e72748f03065ed80c41cb882e3fb66,0x47babdf1cf16d28d94c593292973b505537db77d,0.55,0.000605
0.015,2026-05-25 07:37:35.000 UTC,Withdrawal,0x18f5a59dc0636702a6511260f9c27a763138ecae599134aa95ff57217c427a09,0xec15c20015e72748f03065ed80c41cb882e3fb66,0x61e1d48f6569e03fe203d15e92ec20bdca73a7f5,0.015,6.6e-05
2.5,2026-05-25 07:09:47.000 UTC,Withdrawal,0x4483b7ec4c05f4b2f0d32b1096bed01adc7f7ec3c6480b5cc60031d4271b9c29,0xec15c20015e72748f03065ed80c41cb882e3fb66,0xb7a8a04e80af0720fdc5ec489f11993d080e4def,2.5,0.0025
0.01,2026-05-25 06:23:47.000 UTC,Withdrawal,0xc0367a34bfbbb44acd07dde5bca628e3f2de89fa611826a7ae66a7ef5d2adff0,0xec15c20015e72748f03065ed80c41cb882e3fb66,0xca33f72d2b43b82e86e335bcd934da1258126ed1,0.01,5.1e-05
0.01,2026-05-25 02:02:47.000 UTC,Withdrawal,0x1efc2b1038ecef27e927f9b2eeae1f808fcb4da99e155e5a95a82b55c7fafc35,0x78a57679a434a2caa3046335195130af6c5a5179,0x05ddefa49cffd3bcc725177f29b92b589404026f,0.01,7e-05
1.0,2026-05-24 23:40:47.000 UTC,Withdrawal,0xfab5e2da1e613e5b1b3d122ed932bf44f2e2b022a4441ca6c597fec770e0950f,0xec15c20015e72748f03065ed80c41cb882e3fb66,0x1fd0064700c768db74798623c1ecd26cf3dcc2c8,1.0,0.001
1.0,2026-05-24 19:37:59.000 UTC,Withdrawal,0xe05b230193542466bf8172132e161423626534b11c13926e0d6c9e6366304230,0xec15c20015e72748f03065ed80c41cb882e3fb66,0x8204b48bc9aeea122dc2e5e282edb92152b7e11b,1.0,0.001
0.02804,2026-05-24 18:00:23.000 UTC,Withdrawal,0xcb3df9dadf200a265232299770105f22ac573313e1c44d3618bdc99d92a19fdb,0x6c5816afbe2c0cda91742651e3bb63f80d25a59c,0x09474aea4706a6ba72652573a3420bffbcb53937,0.02804,0.000103748
0.1,2026-05-24 14:33:35.000 UTC,Withdrawal,0x0a7cbbff10908ff80fd798b6c672b7b5776f785ac51ad1ace879e2a196cb98fa,0xec15c20015e72748f03065ed80c41cb882e3fb66,0x1ddad461bab5c18125c461e6176d3147fdec2dea,0.1,0.00023
3.001279,2026-05-24 13:03:47.000 UTC,Withdrawal,0xd3354abe96d75e411daad1b004a76e9d69b524dfcfaba3d8a098664e8f1740c0,0xec15c20015e72748f03065ed80c41cb882e3fb66,0x8b931038e696a25bf8d5824b40add8dac79e1e29,3.001279,0.003001279
0.01,2026-05-24 09:22:35.000 UTC,Withdrawal,0xdd88acc5ad09168618d9dce1302454c74d35beab60288f45b66331113cc14aba,0xec15c20015e72748f03065ed80c41cb882e3fb66,0x0716000b9e14ff35110c3986e53c16cf2d486bc2,0.01,6.2e-05
0.552,2026-05-24 09:18:11.000 UTC,Withdrawal,0x6301d4ac9bb3e6aa070f4fb53e2d7806ad59ac0d6882cd03a861029c0b764f51,0xec15c20015e72748f03065ed80c41cb882e3fb66,0x2fd0164a8e97e96d2ba93b3b1a776acfcd4ee3e1,0.552,0.0006072
0.9,2026-05-23 23:19:11.000 UTC,Withdrawal,0xef0eee2e40944944d18b40ea11c3701b63e5ea969ea422317fc6abe8066f1384,0xec15c20015e72748f03065ed80c41cb882e3fb66,0x2fd0164a8e97e96d2ba93b3b1a776acfcd4ee3e1,0.9,0.0009
0.05,2026-05-23 21:24:11.000 UTC,Withdrawal,0x0c54e01fa551a095c07da5461e980c3ce7271ef88f73610b0e3774ff428c9e71,0xec15c20015e72748f03065ed80c41cb882e3fb66,0xf877558dc1b3044ec09d3f6448ae54a9ccd282e1,0.05,0.0001
4.01,2026-05-23 16:34:47.000 UTC,Withdrawal,0x73ea822fec17602dfd803e5d6c58a4384cc35b54e99a17e6dd60ce7f5c1482a4,0xec15c20015e72748f03065ed80c41cb882e3fb66,0xce6dcaaa28dc9ea80815d9299b8449b77c33849d,4.01,0.00401
0.005,2026-05-23 10:13:47.000 UTC,Withdrawal,0x2fae1e1ca85571ab1b6fc7fa114a5c56cf9836ca5393ef3574c157999720326d,0xec15c20015e72748f03065ed80c41cb882e3fb66,0x1b7d4164d734cd6a2b4d11c0dc45f90d973de8e3,0.005,6.1e-05
0.01,2026-05-23 10:00:35.000 UTC,Withdrawal,0xcdfbdafb5aba5e9c9d1e23b7f394ea02126f705a4229fa42579ab14bda6750f2,0xec15c20015e72748f03065ed80c41cb882e3fb66,0xf73d6d23c476683344c7aae9ab127af51ef2e807,0.01,8.9e-05
1.25564,2026-05-23 08:46:23.000 UTC,Withdrawal,0x418f9945ccaa26aa207e182e7c9f7521b3354c4ffa35bbc67ed9d612c2efa3c0,0xec15c20015e72748f03065ed80c41cb882e3fb66,0xb7a8a04e80af0720fdc5ec489f11993d080e4def,1.25564,0.00125564
10.0,2026-05-22 22:49:59.000 UTC,Withdrawal,0xb9b78f9aba0b168e293ba383bea7f9036e642e50652d06eb3dd3a49ef1a94665,0xec15c20015e72748f03065ed80c41cb882e3fb66,0x82bff72d350d2ff1ab9e65a2ce1e6d9826f91d68,10.0,0.01
0.05,2026-05-22 18:51:47.000 UTC,Withdrawal,0x33e129f8227875e1de3c51aa6ea13c9ee18a3c12b757f8af02882a36ac823699,0xec15c20015e72748f03065ed80c41cb882e3fb66,0x45c489132878fe54bb760f6c0433e0ad8da5aaa9,0.05,0.000155
0.1,2026-05-22 18:48:23.000 UTC,Withdrawal,0x535d435b5ef56704cfa74e18b8d741c5d5182163c7058c26cd253ef897028746,0xec15c20015e72748f03065ed80c41cb882e3fb66,0x45c489132878fe54bb760f6c0433e0ad8da5aaa9,0.1,0.0002
1.0,2026-05-22 18:05:59.000 UTC,Withdrawal,0x18284c3fee48bcf12d506832efcd90e15a8b0535287f2f82f5a9ae923d02f61d,0xec15c20015e72748f03065ed80c41cb882e3fb66,0xf3f3d3f7c7c525346846088ef3541e90fef28c47,1.0,0.001
0.061268734093694,2026-05-22 17:52:11.000 UTC,Withdrawal,0xa43921f8fba73a0f938b5638fef7c6f6364840978617e76c99c858956acaa4a8,0x6c5816afbe2c0cda91742651e3bb63f80d25a59c,0xd42bb537935cc36118f76f47da2c762bab8b7a12,0.06126873409369403,7.3522480912432e-05
0.2,2026-05-22 14:37:11.000 UTC,Withdrawal,0x238a783f61af6ad28e1c828bff027e9566e2b1c2314c6674cecf146782001d6f,0x78a57679a434a2caa3046335195130af6c5a5179,0x439e233c711d5bfe0e5c3592d9331d5b4b2a436d,0.2,0.00054
0.05,2026-05-22 11:18:11.000 UTC,Withdrawal,0x74b85f5ee928e12e7b75e05c007fb52cc0822989607b58a11c6a9c692f53fbf0,0xec15c20015e72748f03065ed80c41cb882e3fb66,0xc9be96067267ac2ec2e7871343189b8e5dea12b9,0.05,0.00013
0.25,2026-05-22 10:00:23.000 UTC,Withdrawal,0x0888c6efa652de54b4e00ba4fd844be65f18982cacc90c9d447e9a706d48faee,0xec15c20015e72748f03065ed80c41cb882e3fb66,0x65c3eb2d349873d200652d65fc4737ca541b141a,0.25,0.0003
8.0,2026-05-22 09:55:11.000 UTC,Withdrawal,0xa0e7f92a355fdc714f451a86c5efb24224ac9239e9d1f8679472fd269300f310,0xec15c20015e72748f03065ed80c41cb882e3fb66,0x8d3a661e136744f72bb46678c0467046e467c53c,8.0,0.008
0.01,2026-05-22 07:17:23.000 UTC,Withdrawal,0x0b94d7541c3e56fdca2f3364280d528093ea455cae740bf4982a1e99bdccd6be,0xec15c20015e72748f03065ed80c41cb882e3fb66,0x1b444476659be63a7912fe1b1b0cb6075d1426aa,0.01,7.7e-05
0.0046889799592996,2026-05-22 05:21:23.000 UTC,Withdrawal,0xf17c9819348aa9d036e26396c46da1c682031b3258e50cc176bb33b4e11af247,0x6c5816afbe2c0cda91742651e3bb63f80d25a59c,0x3eb9c87ac58c81effa29bd3aed3382f12f5a9e1b,0.004688979959299653,0.000102688661108662
0.01,2026-05-22 00:39:59.000 UTC,Withdrawal,0xea77fc1960178bd6d0a4e34449dad7a478ba31f5dd4a92a1778ef16fa858eda8,0xec15c20015e72748f03065ed80c41cb882e3fb66,0x0eab3dfa3a4df7874d300355ffdda4ee80aa8ea2,0.01,7.9e-05
0.002,2026-05-21 22:54:35.000 UTC,Withdrawal,0x6741e43d27b35c55a069672235a183a3f649f2b395c70bd7c711d1b046413990,0xec15c20015e72748f03065ed80c41cb882e3fb66,0x22cbda8d1521c5301b992923d706beed4a890fcc,0.002,6.72e-05
0.994,2026-05-21 22:11:47.000 UTC,Withdrawal,0x9aef665d010fea1334d80db85a6b4a89c243b6a71d0594d0f8bc3d775974bf7a,0xec15c20015e72748f03065ed80c41cb882e3fb66,0x42237c62c7fecf035da15c98432c684c5f623d86,0.994,0.000994
0.001875,2026-05-21 21:52:47.000 UTC,Withdrawal,0x9d304a5ebdd7e55a2a5b08ece0db66cfbf5944ae0a49700b23649897172a9908,0xec15c20015e72748f03065ed80c41cb882e3fb66,0x92cbcf66d9ebbc8f968c80ca1fd9e341ca9f6a61,0.001875,6.675e-05
0.0025,2026-05-21 21:29:59.000 UTC,Withdrawal,0xc63bfc800734c095cbb64ed7687bf82b5b41174638f501fee697a112fae5082f,0xec15c20015e72748f03065ed80c41cb882e3fb66,0xaf0753280b83cc691169614e39544dcc57216a41,0.0025,5.425e-05
0.0225,2026-05-21 21:22:47.000 UTC,Withdrawal,0x8c148a7953abf5e3fc51acf1e864c3bd860a32b48d2ea8250c183aed04f5c211,0xec15c20015e72748f03065ed80c41cb882e3fb66,0x6e0611d91e77590268c933f71b396056d1e47582,0.0225,8.325e-05
0.001,2026-05-21 20:49:47.000 UTC,Withdrawal,0xfdd09d10c03c619956504f2c7e3b5c42ebc04766e0329be5405905c2800f9dd5,0xec15c20015e72748f03065ed80c41cb882e3fb66,0x71b27a1d2781568a3ca59a348643a7a7ade37bb3,0.001,9.39e-05
0.13,2026-05-21 19:55:59.000 UTC,Withdrawal,0x4df04c3df999addcf7c31e0cb96ae76855fadcbac7a97a328eb6026e9598da53,0xec15c20015e72748f03065ed80c41cb882e3fb66,0xfe45d3ab1cf9382d601b17793ea11eef47e61fd7,0.13,0.000221
0.5,2026-05-21 19:32:47.000 UTC,Withdrawal,0x9e7c5a793733d56488c85db54707015e1e67cfb6050b9c03c8c5e2174a337890,0xec15c20015e72748f03065ed80c41cb882e3fb66,0x82bff72d350d2ff1ab9e65a2ce1e6d9826f91d68,0.5,0.00055
1.7387,2026-05-21 18:28:23.000 UTC,Withdrawal,0x46453defca8c1b449974016cbfe55bc94c2c91380acd1dcb047d92862da21584,0xec15c20015e72748f03065ed80c41cb882e3fb66,0xa4055e8dfbfa1d2d4f1a5fcf14a00f6b26e861aa,1.7387,0.0017387
0.01,2026-05-21 17:03:23.000 UTC,Withdrawal,0x862a7339df3bd02250ab2da77c8c0a130fa71183007fa0bfff197191764bd996,0xec15c20015e72748f03065ed80c41cb882e3fb66,0x133ecdc59b2014389020baf5cdc4b6fad3e81bb9,0.01,0.000122
1.026,2026-05-21 16:30:47.000 UTC,Withdrawal,0x8ada84fc749a19641e5c0e5418fad10538d34a4c9cd15666381b907a91409b76,0xec15c20015e72748f03065ed80c41cb882e3fb66,0xb6b73e6b487c8ae11377693af14405ca2805db7f,1.026,0.0011286
0.01,2026-05-21 07:59:11.000 UTC,Withdrawal,0x739b0bd37d052ff7c76e18d3a561cc3ba2506ef4c8c5d1beee5330618972c555,0xec15c20015e72748f03065ed80c41cb882e3fb66,0xf7d4041e751e0b4f6ea72eb82f2b200d278704a4,0.01,8e-05
0.7,2026-05-21 07:27:11.000 UTC,Withdrawal,0x4902b5c1042c7405453ee2bf1ae13b8d35f299cab5f4a7fbf1f0f8b14cef08d8,0xec15c20015e72748f03065ed80c41cb882e3fb66,0x1246f1c5cf02218c5931ab55a1d466fe51497993,0.7,0.00077
10.0,2026-05-21 02:38:11.000 UTC,Withdrawal,0x2f332c61c7385e2aa653cfda02c9e0b1979867a70fd6d50445ce73fb4f5249ab,0x6c5816afbe2c0cda91742651e3bb63f80d25a59c,0x6ff7a70bfdd5774ffed2bef99a8f51c863f9de90,10.0,0.011
1.0,2026-05-21 01:01:23.000 UTC,Withdrawal,0x25eef3fcdcebbb449f020a82cdc43cd44f3a7d537979911983b6c158a8fbcf4a,0xec15c20015e72748f03065ed80c41cb882e3fb66,0x5b2ad2f3743d8648a918af9a6ffd3166e66df7d2,1.0,0.001
0.00273,2026-05-20 22:55:11.000 UTC,Withdrawal,0xb04b96699bddc358c005d10828d5c5c0f20789a8aac31a121c8db40599999f57,0x78a57679a434a2caa3046335195130af6c5a5179,0x62a7a236b7e6c7934a63077c73c70310d91d80f9,0.00273,9.9645e-05
0.1,2026-05-20 18:57:23.000 UTC,Withdrawal,0x1fcffa38d2bb354df7d635e7b6beadc8f271e59492267e2fdafb83d1ddb9b25c,0xec15c20015e72748f03065ed80c41cb882e3fb66,0x62d1a67e16312f869ed3bca14388458ca8f5a30a,0.1,0.00017
0.25,2026-05-20 18:52:35.000 UTC,Withdrawal,0xece217e84cbe427d1a9b284c59eebdf121e40ed680974c325bf48ed859e649f2,0xec15c20015e72748f03065ed80c41cb882e3fb66,0x432ee672c03ab0fd866c9a7c16adbbcb84244221,0.25,0.0003
1.6587,2026-05-20 18:38:59.000 UTC,Withdrawal,0xfe61a5892b35b837fa14ac8d0e053277ca20ee31bcb02378efee04f632c5c7fa,0xec15c20015e72748f03065ed80c41cb882e3fb66,0x1a02af50f11fa5fa5e2ece35469e7467b6d4d7b4,1.6587,0.0016587
0.01,2026-05-20 16:59:47.000 UTC,Withdrawal,0x3f128d73dbbdb8bfd79496e573fb586ca11f4ac1d7b03b95c03771cd90664eeb,0xec15c20015e72748f03065ed80c41cb882e3fb66,0x83c382b5a7097a668109fae0fec75a4efb95d009,0.01,0.00024
0.005,2026-05-20 16:52:23.000 UTC,Withdrawal,0x6cb155023add49e97fecccd10a3f9e1b863118ea16e8aceb89c4adeb2dc69845,0xec15c20015e72748f03065ed80c41cb882e3fb66,0x1a6bcef4fb253ea47a1f705d55532a5d5dd8f839,0.005,0.000317
1.3649,2026-05-20 16:05:59.000 UTC,Withdrawal,0x416b3757f78d688adb37181080d3a4814b822ca07df9188beb5d2e2eedc0d669,0xec15c20015e72748f03065ed80c41cb882e3fb66,0x0886b28498dc620b7af8d1d6af267a0104a06243,1.3649,0.00150139
0.3479275000000001,2026-05-20 14:12:35.000 UTC,Withdrawal,0x05ecfa16a70ee631df8e682266adfa9953b36b246d0a1cfeaac3f2ef34af50b0,0xec15c20015e72748f03065ed80c41cb882e3fb66,0x497700a2c3877cb20ebdb2db9daf2d8ce195801d,0.34792750000000017,0.0007654405
1.0437824999999998,2026-05-20 14:08:11.000 UTC,Withdrawal,0xe04637e886afa021627cf5f96558632f3e44db431810c6b4c46ad3d43732b768,0xec15c20015e72748f03065ed80c41cb882e3fb66,0xca8d73c401cee274d90027a41a1838bae5de6ba0,1.0437824999999998,0.001461295499999999
0.01,2026-05-20 13:54:59.000 UTC,Withdrawal,0x154e4c98037f42129519135b18ad9498f118d8b33bbc0b694cc5041411b3d9d4,0xec15c20015e72748f03065ed80c41cb882e3fb66,0xd0678a6ab09ba4be3dfc152a12b2ca6b40584df6,0.01,0.000236
0.01,2026-05-20 13:52:23.000 UTC,Withdrawal,0xb5c2f88c54dd78b3a423b205f98b40cd8150d5dbc8c94a15d0c17e6c66ab1c5d,0xec15c20015e72748f03065ed80c41cb882e3fb66,0x13360d0fa8af9a4bf20a0761e43f1b940a7f0be5,0.01,0.000236
0.0053,2026-05-20 13:49:59.000 UTC,Withdrawal,0xf91bf40412081a2165ab991a0612e7cd8261475220781ed3fafe2ddfa9ae7663,0xec15c20015e72748f03065ed80c41cb882e3fb66,0x495c48d6a97c6b6cdbee899eced36a7d5d29a10b,0.0053,0.00022578
0.01,2026-05-20 13:46:59.000 UTC,Withdrawal,0xd55f1d82a6a6c0b2f1ed2bb87258b4825b5a09f7517f1f83ddd57f9655ba1f78,0xec15c20015e72748f03065ed80c41cb882e3fb66,0x79d2b4cef378bb1267ad11a6310adfc3616404a7,0.01,0.000266
0.005,2026-05-20 10:55:35.000 UTC,Withdrawal,0x5b198f8cd38803c1549222d01086334f14b1b36697bd5e2820797184f15082b9,0xec15c20015e72748f03065ed80c41cb882e3fb66,0x03a485d16b352cb8cda1427e903ad2149cf9aa3a,0.005,0.0001275
0.5,2026-05-20 10:39:35.000 UTC,Withdrawal,0xb5c459a19b1d6f542d2334308bdeefe960fb8662c4abf212294cb36b5f7cc393,0x6c5816afbe2c0cda91742651e3bb63f80d25a59c,0x697b07a770d1c20456f7d3bc13397a4e20298e2f,0.5,0.0007
0.007,2026-05-20 10:01:11.000 UTC,Withdrawal,0x0f57729be70ae333503774c112e4db2e841062762ea344e86fc1d380eb0f6912,0xec15c20015e72748f03065ed80c41cb882e3fb66,0xfe45d3ab1cf9382d601b17793ea11eef47e61fd7,0.007,9.03e-05
0.0055,2026-05-20 09:22:47.000 UTC,Withdrawal,0xf479cfa36a3fc665c69fd39b815586b19c1cad14bade9ada67976964996a14ed,0xec15c20015e72748f03065ed80c41cb882e3fb66,0x4a02b7d054502f9a7f3ffaa6478b82333d538ece,0.0055,0.000121
0.333,2026-05-20 06:50:47.000 UTC,Withdrawal,0xa8b57fdc646b41b8460d124d67de32db2498394782993dd12e7a7dca1b783924,0xec15c20015e72748f03065ed80c41cb882e3fb66,0x8d4e17d9f3055327b45caf44cdb5318441bdc91d,0.333,0.0004995
10.0,2026-05-20 05:12:11.000 UTC,Withdrawal,0xdf7cee49e77e5f0d2233bb23ce5be1bbe101e31f38ea3d56b8800ba92586f09d,0xec15c20015e72748f03065ed80c41cb882e3fb66,0x6ff7a70bfdd5774ffed2bef99a8f51c863f9de90,10.0,0.01
0.01,2026-05-20 01:22:35.000 UTC,Withdrawal,0x36135ff4bc8d2409823b4079674c62f160454f28a05b0ee8fe90b322ff9366e0,0xec15c20015e72748f03065ed80c41cb882e3fb66,0x4da952a653735e7188431f64976779d84065b9f9,0.01,7.2e-05
0.053,2026-05-19 23:05:11.000 UTC,Withdrawal,0xf2d1bdaa77f0dbe4a822a1415440fdfd11b6bae9ce51137da1e47742c84e32e4,0xec15c20015e72748f03065ed80c41cb882e3fb66,0x0a87d152eb6498c410fa4f8a5b1f11f9c67028ce,0.053,0.0001908
1.57,2026-05-19 22:15:59.000 UTC,Withdrawal,0xf6db7727111759bfa9968d7df5c899c15cca14f6cf3b629050b74470c8dc21a7,0xec15c20015e72748f03065ed80c41cb882e3fb66,0x92a451882dab251d2ed6298b153065f8ad32433d,1.57,0.00157
1.392,2026-05-19 20:00:23.000 UTC,Withdrawal,0x3edc0aca4cbf29472cd79b9f75b39c8b9547f7703576ecc5b279b43f3cb90fe4,0xec15c20015e72748f03065ed80c41cb882e3fb66,0x63fbd4df8b08e22e3c40a60d39ec07729ec0d798,1.392,0.001392
0.02,2026-05-19 18:26:23.000 UTC,Withdrawal,0x44889364cec30f04d53a61c907e0f4e4960bb29c11e55febb79327e888153b6a,0xec15c20015e72748f03065ed80c41cb882e3fb66,0x0cf6bdb75689edbdb496c66af6c90b67d9caa42a,0.02,0.000254
0.101,2026-05-19 18:04:59.000 UTC,Withdrawal,0x215888529917a89f79530f04514459c39a0a4a5b0f6c94a62a8df72d644b0cd7,0xec15c20015e72748f03065ed80c41cb882e3fb66,0xc85faa1054be105ec900958e25fed06b4df57dad,0.101,0.0003737
1.484,2026-05-19 18:02:59.000 UTC,Withdrawal,0x82003c6ebecfb9a31e759cfc2ea4d5fcd5ca609ccd0258bb6ba1c4dc5c023b0f,0xec15c20015e72748f03065ed80c41cb882e3fb66,0x02d49697139f40bdf3950cdae931b150e0fc05f0,1.484,0.0017808
1.698,2026-05-19 16:24:35.000 UTC,Withdrawal,0x21a6c2eabf4b36802013d69bf4efdc18bcd6523b5f2c0b995bc2f2385da7872f,0xec15c20015e72748f03065ed80c41cb882e3fb66,0xa4055e8dfbfa1d2d4f1a5fcf14a00f6b26e861aa,1.698,0.0018678
0.9653,2026-05-19 16:23:35.000 UTC,Withdrawal,0x10e9f0d996384a06451cfbe0c0c0d6d478bf06c9388b646e9bf501c25b383662,0xec15c20015e72748f03065ed80c41cb882e3fb66,0xa4055e8dfbfa1d2d4f1a5fcf14a00f6b26e861aa,0.9653,0.00115836
0.743,2026-05-19 14:39:23.000 UTC,Withdrawal,0xadc8788db3334f8f38b5cf2c9231ee13bbcac54ae74b81c412e33e3bdaf10421,0xec15c20015e72748f03065ed80c41cb882e3fb66,0xcc89181369ddc5c4fb60c19d5b021fe297c53d91,0.743,0.0008916
0.657,2026-05-19 12:53:35.000 UTC,Withdrawal,0x03f3447196b157998a9554cffdee83771a3952c8bd9e1852f7323453730fee14,0xec15c20015e72748f03065ed80c41cb882e3fb66,0xcc89181369ddc5c4fb60c19d5b021fe297c53d91,0.657,0.0007227
0.001,2026-05-19 09:27:47.000 UTC,Withdrawal,0xd23e761325282730d67a702147fb8fa0be8415ce3269c6e5e52694783280bd67,0xec15c20015e72748f03065ed80c41cb882e3fb66,0xb7b3006593e16e9e9733f73b15a4b82cbc1e757f,0.001,8.05e-05
1.0,2026-05-19 09:07:47.000 UTC,Withdrawal,0xaa7b1697ba26f32755dcaf67e32cf9e1aafae4c3d16b8fd7cb576a893ac61904,0xec15c20015e72748f03065ed80c41cb882e3fb66,0xb6b73e6b487c8ae11377693af14405ca2805db7f,1.0,0.001
0.1,2026-05-19 07:46:59.000 UTC,Withdrawal,0x6731b8180419bf7cae7c6972a56ef8670332c0604f5c84a4cde3f7e50a2ee575,0xec15c20015e72748f03065ed80c41cb882e3fb66,0x3bdb12533fd38893d8e67aa11d2596575598a84f,0.1,0.00016
0.2,2026-05-19 05:28:35.000 UTC,Withdrawal,0x21eb93b1e2f652d7f8177907e49d9aafb3d5784bea76832d7f38bfc5eabaaa56,0xec15c20015e72748f03065ed80c41cb882e3fb66,0x08139c629bcda60ae6b554b3fac2adaddde376b8,0.2,0.00026
0.01,2026-05-19 05:25:23.000 UTC,Withdrawal,0x049a894b0a062b38b4a745b0b6737890511aad5bc3b5cac6e81ca7da6b525a45,0xec15c20015e72748f03065ed80c41cb882e3fb66,0x9316b0442bc8407933173b3d9eaa53c110b7f971,0.01,8.9e-05
0.1007,2026-05-19 03:25:23.000 UTC,Withdrawal,0x580e049d60a9233501014f67e282c816fad0dd5582bb0ea870209358da7d3933,0xec15c20015e72748f03065ed80c41cb882e3fb66,0x8ca9f4b2b405f72bfaa225fb58693d591f862ada,0.1007,0.0002014
1.0,2026-05-18 21:53:11.000 UTC,Withdrawal,0x292ec68f5c84e8bf90629c0e2b680aceaebe6425059bfc06cc9b18fa57893d43,0xec15c20015e72748f03065ed80c41cb882e3fb66,0x30d4db05a47d3019466307b60378d0220fe071dc,1.0,0.001
0.01,2026-05-18 19:29:59.000 UTC,Withdrawal,0xe8cc5dccf7f57232eca6a1d6afc13437bec21fa92e74c13a8a19a6b2cfbf3e52,0xec15c20015e72748f03065ed80c41cb882e3fb66,0x14970b7b2a944f05c228248440e1f225b882fb09,0.01,9.8e-05
0.02,2026-05-18 19:20:11.000 UTC,Withdrawal,0xa7087ac1b1fd0daf6dd4a2e12ec3e1552992d15341c77eceff4fbef10caec195,0x6c5816afbe2c0cda91742651e3bb63f80d25a59c,0x5dbe2dace0a3405edcc3b009e0e960f334e91469,0.02,0.00013
0.00701,2026-05-18 12:46:59.000 UTC,Withdrawal,0xac552073e0b08f4475712935cbf3ff5b0b25a918086dd301c1b88f9d818a939b,0x78a57679a434a2caa3046335195130af6c5a5179,0x82617c5ead9f3f1a89c4b4069bc3e8d442a7fb57,0.00701,0.000514534
0.01,2026-05-18 12:36:11.000 UTC,Withdrawal,0xc8d1af0990bf9dfc97ed0f9b56d642b30ad4a2914d997d63af6c3366e6e59af0,0x78a57679a434a2caa3046335195130af6c5a5179,0x5dbe2dace0a3405edcc3b009e0e960f334e91469,0.01,0.000203
0.98,2026-05-18 09:33:11.000 UTC,Withdrawal,0xe1e65d54f93404077906bb6c5a339f05c112e1857e5bd813a762c00369ff5411,0xec15c20015e72748f03065ed80c41cb882e3fb66,0xd5a68d9ffe8be8b720ed9c864a2ef57fd8666d8b,0.98,0.001078
0.05,2026-05-18 08:47:47.000 UTC,Withdrawal,0x239de9d264607478b55d96253934ad33ed2043d8b442adc95c20821701c5d1f1,0xec15c20015e72748f03065ed80c41cb882e3fb66,0x48b970625fdc6f691d31b410b1c1fe2c50a76494,0.05,0.00018
0.5,2026-05-18 07:30:35.000 UTC,Withdrawal,0x679424eaf09363c105657e89ffe761553bfa866cb037b1b88510c60e1f27cc8b,0xec15c20015e72748f03065ed80c41cb882e3fb66,0x432ee672c03ab0fd866c9a7c16adbbcb84244221,0.5,0.00065
0.01,2026-05-18 06:48:23.000 UTC,Withdrawal,0xf5dbe32b1424d4fe8cc1f9be57f16ee7a97fe9f33cb616d3afb77d7314649292,0xec15c20015e72748f03065ed80c41cb882e3fb66,0xa3c04e03aa5fb368d66c60d985b97e074cc4e686,0.01,9.7e-05
2.0,2026-05-18 06:15:23.000 UTC,Withdrawal,0x7130b75635fa3011b9cca62e08756f3247f597daf1b6e805625fa6f1df952ea6,0xec15c20015e72748f03065ed80c41cb882e3fb66,0x7c483532fbc771b19155df71a1f61f98cc3faeee,2.0,0.002
1.0,2026-05-18 05:48:59.000 UTC,Withdrawal,0x32f7c6ef8c224a574b07117037192214a4ec4aa8c86b5e77fb1fc2f4e14a4ded,0xec15c20015e72748f03065ed80c41cb882e3fb66,0xdd23a8496e254d4dd472040310a61266c211660d,1.0,0.0011
1.0,2026-05-18 05:32:23.000 UTC,Withdrawal,0xb5c60a52dec10e997b8fb97083b8fe87e0186600b64df7a104911350bdf173c3,0xec15c20015e72748f03065ed80c41cb882e3fb66,0x6b96cd3bd3c2f051a8e4a5bda32c79aaf7f724b9,1.0,0.0011
0.19,2026-05-18 05:31:35.000 UTC,Withdrawal,0x2e6f57ce70926289b2bb5af6458dcc142a62cd9ce0c2b9c5541942d20be86425,0xec15c20015e72748f03065ed80c41cb882e3fb66,0x6b96cd3bd3c2f051a8e4a5bda32c79aaf7f724b9,0.19,0.000304
0.935,2026-05-18 00:01:59.000 UTC,Withdrawal,0xd77eeb5cdb58e7df890ac276fb40f8766843ac390f6c59aa9a4ce50876493672,0xec15c20015e72748f03065ed80c41cb882e3fb66,0x42237c62c7fecf035da15c98432c684c5f623d86,0.935,0.0010285
3.44,2026-05-17 21:33:35.000 UTC,Withdrawal,0xc19284a770b24d60b450cb310860f551c245f07b4da35636d281cc36474ab055,0xec15c20015e72748f03065ed80c41cb882e3fb66,0x63fbd4df8b08e22e3c40a60d39ec07729ec0d798,3.44,0.00344
0.01,2026-05-17 18:53:11.000 UTC,Withdrawal,0x07fb019f2e77ee4fc2197d6edc70ed931a80dc754b702823cc4d5f28e7dd2239,0xec15c20015e72748f03065ed80c41cb882e3fb66,0xdf9b91c486545c613f8da2781523a8b703c509f8,0.01,0.000181
0.75,2026-05-17 18:07:47.000 UTC,Withdrawal,0x4b11fcf923f7ab3b7ced52545ca49398662b54b3fb3d1afdda92f620d93abc00,0x78a57679a434a2caa3046335195130af6c5a5179,0x19a0110537e4960c765d6f3fea9445b022a287f0,0.75,0.0009
0.095,2026-05-17 14:30:59.000 UTC,Withdrawal,0xec06482c781eaa6718152d9469131ac42cba444c2f578b82b695c0b5907ccafb,0x78a57679a434a2caa3046335195130af6c5a5179,0x05ac6448f2be765eae5964c98e7fefde791d1da3,0.095,0.0009405
0.01,2026-05-17 14:20:23.000 UTC,Withdrawal,0xa336a895ef8fb81e3e5703dee4615a44695d6ff9d95a8f8edcb925a0f5641320,0x78a57679a434a2caa3046335195130af6c5a5179,0x5f75870465f29e330814114fac5fe21d7ac8058e,0.01,0.000653
0.3392,2026-05-17 12:43:35.000 UTC,Withdrawal,0x3cfc04b87cb59fc0e7a060e1aef3d7d4498529c81712b27efb0b72e0fb03a892,0xec15c20015e72748f03065ed80c41cb882e3fb66,0xd876910a9237bbb19fed359d905dcb683187341f,0.3392,0.00044096
1.0,2026-05-17 08:50:47.000 UTC,Withdrawal,0x222ada5655b675dbfa3ac351d9aa7a3300df8bbc151bf0926226adabe03af275,0xec15c20015e72748f03065ed80c41cb882e3fb66,0x9356ae39f40d66b4f4e205195f1fe8b9ee7bc53d,1.0,0.001
0.8,2026-05-17 07:09:11.000 UTC,Withdrawal,0x21cf14013c60a0956782415b68687913aff714a153a6c83d32826bf032192a41,0xec15c20015e72748f03065ed80c41cb882e3fb66,0x6b96cd3bd3c2f051a8e4a5bda32c79aaf7f724b9,0.8,0.0008
0.01507,2026-05-17 06:14:47.000 UTC,Withdrawal,0x7246cbd1e0f77f961ce085c43ac7db9fe743bc376157c357671ba282ea4a3306,0xec15c20015e72748f03065ed80c41cb882e3fb66,0x23b40374deb83782e5c5a7be9e21a7f7e8ce0369,0.01507,8.2885e-05
0.05,2026-05-16 23:31:59.000 UTC,Withdrawal,0x104892bcf474d56287b79140ad3d5c99db5864c506a98b6a1e328dd87c5dc5d2,0xec15c20015e72748f03065ed80c41cb882e3fb66,0xf51ed7ec699edf513eac67fd250f0cce1d723b07,0.05,0.000115
1.0,2026-05-16 19:20:11.000 UTC,Withdrawal,0xa1da3c5eedd8e6bfb33ac14a0888b0fab943df0fdd049a9b4ed4e344b171503d,0xec15c20015e72748f03065ed80c41cb882e3fb66,0x8d4e17d9f3055327b45caf44cdb5318441bdc91d,1.0,0.001
0.8,2026-05-16 17:18:23.000 UTC,Withdrawal,0x05859164d57d7728670413ebde9ddd40784ca920ad816394d5e5da2135752239,0xec15c20015e72748f03065ed80c41cb882e3fb66,0xe4420941e352c7c694c8aaf6ed78f75f96ae7824,0.8,0.00088
1.0,2026-05-16 17:16:23.000 UTC,Withdrawal,0x4386462e35012970b21f12d96b14dfaf441a554be79dfa6ecc8c2ea0f0eb2942,0x6c5816afbe2c0cda91742651e3bb63f80d25a59c,0xe4420941e352c7c694c8aaf6ed78f75f96ae7824,1.0,0.0012
0.01,2026-05-16 17:13:59.000 UTC,Withdrawal,0xedb4c93a80f6fbc1d54b25edd8a175b0cb2aadcf5590f79963202ffc53cbb9d4,0xec15c20015e72748f03065ed80c41cb882e3fb66,0x6b96cd3bd3c2f051a8e4a5bda32c79aaf7f724b9,0.01,0.000153
0.01,2026-05-16 09:08:35.000 UTC,Withdrawal,0xa1ae45bd8be79b19503c25fb086bdadec13d276f43049c532b25f256f19cd3cf,0x6c5816afbe2c0cda91742651e3bb63f80d25a59c,0xfc583efda5d1d6717d18daf67fd38ec66192cdb9,0.01,0.00011
0.00351324619892,2026-05-15 22:38:35.000 UTC,Withdrawal,0xc971da1e0e2b5dfe47e6a83ff9d84efbeba6452d3af48b812bb5d6fe407a1a4a,0xca11bde05977b3631167028862be2a173976ca11,0xf676b8b8660080e7205d54a5ae654e43ea2bd027,0.04182326966580717,0.000213298675295616
0.0418232696658071,2026-05-15 22:38:35.000 UTC,Withdrawal,0xc971da1e0e2b5dfe47e6a83ff9d84efbeba6452d3af48b812bb5d6fe407a1a4a,0xca11bde05977b3631167028862be2a173976ca11,0xf676b8b8660080e7205d54a5ae654e43ea2bd027,0.04182326966580717,0.000213298675295616
0.0199,2026-05-15 22:35:23.000 UTC,Withdrawal,0xa92d1811b9e5f91558ab99bd3fb908aa790e600065123cccf7a7d57306d7a7fb,0x6c5816afbe2c0cda91742651e3bb63f80d25a59c,0x0256e47e369a29bac2de9f0c1e0060cbc06ea6d0,0.0199,0.0001393
0.0235,2026-05-15 22:30:11.000 UTC,Withdrawal,0x9a0b4ce73f323255a401ea16fd2140bddb4ecfbd16445344a06f793c740bac37,0x6c5816afbe2c0cda91742651e3bb63f80d25a59c,0x49c337971c4e84d48229a23a12479c4f43da4477,0.0235,0.0001222
0.0235,2026-05-15 22:27:47.000 UTC,Withdrawal,0x102d6db7d10a7b39dc8dded9b1b91443f878d0fe6f0633a73b092838fa2c53c9,0x6c5816afbe2c0cda91742651e3bb63f80d25a59c,0x63a77e428d463ae55bf6f698a756aca7eac47de6,0.0235,0.00010575
0.005,2026-05-15 21:18:35.000 UTC,Withdrawal,0xce36a471f9bcfdf03ace68473e2265cb84dbc003b59940a458b28cf4293203f2,0x78a57679a434a2caa3046335195130af6c5a5179,0xcac76714923f6ebb53ba3d5d750106e519e70f30,0.005,0.000222
0.55,2026-05-15 20:19:35.000 UTC,Withdrawal,0x1e26598b331eb9432d98d9fc54e01e6f6cf40fe8642ec281882348fb77cdaf6d,0x78a57679a434a2caa3046335195130af6c5a5179,0x9dcebfa7a38a51002aa68d190b53ed4542f99cd3,0.55,0.00099
1.0,2026-05-15 15:23:59.000 UTC,Withdrawal,0x3d256996fa32304df0c64b2a74f5580cc6f5960d48188acc7908ce07dabb3ccc,0xec15c20015e72748f03065ed80c41cb882e3fb66,0xb6b73e6b487c8ae11377693af14405ca2805db7f,1.0,0.0013
0.2874579015558508,2026-05-15 15:18:47.000 UTC,Withdrawal,0xae86738ccf9d6a810e2e1f0be0040e32f7c9232127ddfb63a6c731b5a8bc0cec,0x6c5816afbe2c0cda91742651e3bb63f80d25a59c,0xd42bb537935cc36118f76f47da2c762bab8b7a12,0.2874579015558508,0.000402441062178191
0.05,2026-05-15 15:07:59.000 UTC,Withdrawal,0x9391886cc75884195f9fc82fa1c4196a79835e7e6add7dd3dd84893ca53e0577,0x6c5816afbe2c0cda91742651e3bb63f80d25a59c,0x6e0611d91e77590268c933f71b396056d1e47582,0.05,0.00067
0.01,2026-05-15 15:04:47.000 UTC,Withdrawal,0xf59aec800ffb17f72ceb306ca3d3fa481c929f3f0e2b66aacc6a70e5f1dd52e6,0x78a57679a434a2caa3046335195130af6c5a5179,0xb4de92baa072b28f7d8f7c32b8c5aae5fbaaff48,0.01,0.000795
0.005,2026-05-15 12:56:35.000 UTC,Withdrawal,0xd26032aab75a50a3c517e2399dea340b60660573c51783e4ff48729aaf67eb7b,0x78a57679a434a2caa3046335195130af6c5a5179,0xd0142efcce9d5fcaf2e5e98bea4c7c123b95d4a7,0.005,0.00018
0.281,2026-05-15 12:55:47.000 UTC,Withdrawal,0xa1cbd26fb55c91135ebe91631e4619eb6961589d3fe0ce9d348a674f92cc2aaf,0x78a57679a434a2caa3046335195130af6c5a5179,0xd0142efcce9d5fcaf2e5e98bea4c7c123b95d4a7,0.281,0.0005058
0.005,2026-05-15 11:57:47.000 UTC,Withdrawal,0x7ad69f047399b68dd7f88d42598c8dc875ee413d5cfb7f83a14891d21d7676ae,0x6c5816afbe2c0cda91742651e3bb63f80d25a59c,0xd0142efcce9d5fcaf2e5e98bea4c7c123b95d4a7,0.005,0.000114
0.01,2026-05-15 06:28:35.000 UTC,Withdrawal,0xadd61b3941b586f8535b85f70f824124331d7eaf57c3e34666312ca1edce622c,0xec15c20015e72748f03065ed80c41cb882e3fb66,0x63b71614ea30028fbd6848cc88e0d798acf9a702,0.01,8.4e-05
0.050302,2026-05-14 23:56:47.000 UTC,Withdrawal,0x01d7327a03470da27594ab8280c5387050fa1f1317ff45b41a72eeac8016e1eb,0xec15c20015e72748f03065ed80c41cb882e3fb66,0x9efe4be61abd29ba199f141cc9921d1fa03e28f6,0.050302,0.0001358154
0.5,2026-05-14 22:25:59.000 UTC,Withdrawal,0x4001bbc1fef9ce47ec1cefb6a48bd5abfe354554e8ba39d209c5a642bb048ec3,0xec15c20015e72748f03065ed80c41cb882e3fb66,0x432ee672c03ab0fd866c9a7c16adbbcb84244221,0.5,0.0006
3.0,2026-05-14 21:40:35.000 UTC,Withdrawal,0xbd251b72e7b90dcf99fa4d41fe5de2b02d462642d89032f33fa8a8b3d419b291,0xec15c20015e72748f03065ed80c41cb882e3fb66,0x028b2b9adca1bd1263086b0b221713a684968817,3.0,0.003
0.1,2026-05-14 16:49:23.000 UTC,Withdrawal,0x92be03952d90c5c6daaf4b251c6e049617e32aef36f5d0a9599506dd288708b5,0xec15c20015e72748f03065ed80c41cb882e3fb66,0xc7c05117973a5be854e2f68fe7f8d4e8e110bc83,0.1,0.00074
0.025,2026-05-14 13:14:47.000 UTC,Withdrawal,0x42100ae995fb6a19f0e29eb43fe41b7517f3b38fd2669ac9aae5221df4365c1b,0xec15c20015e72748f03065ed80c41cb882e3fb66,0xd3eba0c01a25e920e02fe3d0ff1186325f80320c,0.025,0.000275
0.26,2026-05-14 12:47:59.000 UTC,Withdrawal,0xd7dec68a788d7800d2ae329ea8db18bed66d3bc994b29ee91bcb5da6677021c6,0xec15c20015e72748f03065ed80c41cb882e3fb66,0xd3eba0c01a25e920e02fe3d0ff1186325f80320c,0.26,0.000598
0.005,2026-05-14 08:14:23.000 UTC,Withdrawal,0xf7a3df9b24b388d02d953adea2bdabd05d682be0f4cfa06e876d49e331cbfaf2,0xec15c20015e72748f03065ed80c41cb882e3fb66,0xe60e622c862987309fbcd0b38c12e890cb729986,0.005,0.0001455
0.01,2026-05-13 23:36:23.000 UTC,Withdrawal,0xc31f783c6b46bd1711e5089792c623528c4833fa63356f73e09cf41fa4d9c569,0xec15c20015e72748f03065ed80c41cb882e3fb66,0xdd8e9cbebaed4d7f9ec07f55d1ea9e2181797efb,0.01,7.8e-05
1.0,2026-05-13 20:01:47.000 UTC,Withdrawal,0x5bde9ccc6b135584d289d4ed8d3866f9b58b61df8c013f4757fcd3e9d2211603,0xec15c20015e72748f03065ed80c41cb882e3fb66,0x5b2ad2f3743d8648a918af9a6ffd3166e66df7d2,1.0,0.001
0.004,2026-05-13 17:25:11.000 UTC,Withdrawal,0x3893578cf8a7a55174bf80b4cf43969dd3b45c24845c95cb62ff52c6b6c07a16,0xec15c20015e72748f03065ed80c41cb882e3fb66,0x76e6ce6667bed00a8be428c36ba255234289687b,0.004,0.0002944
0.98,2026-05-13 10:48:47.000 UTC,Withdrawal,0x5cc1a7a8d61d3624298792f05f076933e45f1a2b778729cc0ffa141c5937f9a4,0xec15c20015e72748f03065ed80c41cb882e3fb66,0x4c40d3c4d8f729a760f99a3f6ee30a0aaf1a96b6,0.98,0.00098
0.3230920338428135,2026-05-13 09:50:11.000 UTC,Withdrawal,0x605a9c33c355315d10878770c01e3cb79487c252051354a4d1faa1f3680d5270,0x78a57679a434a2caa3046335195130af6c5a5179,0xd42bb537935cc36118f76f47da2c762bab8b7a12,0.32309203384281354,0.000129236813537125
0.37,2026-05-13 02:49:47.000 UTC,Withdrawal,0x481bc17bec961100b0972a95340b594ff28412b5fe01aae7c6161e0c1726e990,0xec15c20015e72748f03065ed80c41cb882e3fb66,0x2a8938aca765c20801f749f85763e2f5e329b860,0.37,0.000407
0.05,2026-05-12 23:37:59.000 UTC,Withdrawal,0x9434d428ad2b09dd6e524c45a0a5ad87fe4802addcf4f36101bb6a736622842d,0xec15c20015e72748f03065ed80c41cb882e3fb66,0xb1a7c5dcf7cf4de6b94e079ef002c53c8014e167,0.05,0.000125
1.0,2026-05-12 20:48:23.000 UTC,Withdrawal,0x17b2a0448de3909e4859b625edd6fa95924ad70b22f559274c05bf5bb88089db,0xec15c20015e72748f03065ed80c41cb882e3fb66,0x6369e2b6fee964de801e080215ea33ab35f1cf6b,1.0,0.001
0.25,2026-05-12 18:31:23.000 UTC,Withdrawal,0xa563bcc03adb6eb61a3fd45d4a076643bb267de607ecd91e16dd0308a70aa2bd,0xec15c20015e72748f03065ed80c41cb882e3fb66,0x432ee672c03ab0fd866c9a7c16adbbcb84244221,0.25,0.000425
0.01,2026-05-12 09:55:35.000 UTC,Withdrawal,0x5262af8f0f60f930e99a8d83021f492b8d83388c6aea66f6fc1f5d3f291c2895,0xec15c20015e72748f03065ed80c41cb882e3fb66,0x80105fa08f629fb7d1eede24f193014594c543c4,0.01,0.000532
0.01,2026-05-12 04:34:23.000 UTC,Withdrawal,0x8d06915be776367eda730b265ae97356406a7a2dc8e5b1b871f1469d5b878d5f,0xec15c20015e72748f03065ed80c41cb882e3fb66,0x49769bcf5e0abf63283b57da102475f0590339a2,0.01,9.1e-05
0.02,2026-05-12 00:54:35.000 UTC,Withdrawal,0x4146e085951160ee880938006ad86577a6744e9a532c759b6851b9167ef53f7c,0xec15c20015e72748f03065ed80c41cb882e3fb66,0x7a5fd080d3b31de83f93b832e330012c7ef7953d,0.02,0.000106
5.0,2026-05-11 21:15:47.000 UTC,Withdrawal,0x939b8d76296805f9ca0249858215920f6bfd0c996b75a12e86a31a1efff6575b,0xec15c20015e72748f03065ed80c41cb882e3fb66,0x24930732d56821cfca2b3e7c0b8d54b34266b841,5.0,0.005
0.03,2026-05-11 19:10:11.000 UTC,Withdrawal,0x5b29d576d99700a4906cb2a89c1cc3c6835e20fbe90a1cf01d4d6ac4d8807601,0xec15c20015e72748f03065ed80c41cb882e3fb66,0x6e0611d91e77590268c933f71b396056d1e47582,0.03,0.000333
0.1,2026-05-11 19:07:23.000 UTC,Withdrawal,0xe6ddcfa6e02fb8ab0ebd3349188d319056903d780e5de191fc419c6b2b9a3346,0xec15c20015e72748f03065ed80c41cb882e3fb66,0x6e0611d91e77590268c933f71b396056d1e47582,0.1,0.00041
1.0,2026-05-11 16:59:59.000 UTC,Withdrawal,0xa35189245c334dccf6bf642ce0298b5808729bf4a92329ac1f214aa8171c131a,0xec15c20015e72748f03065ed80c41cb882e3fb66,0x5b2ad2f3743d8648a918af9a6ffd3166e66df7d2,1.0,0.0022
0.15,2026-05-11 15:51:11.000 UTC,Withdrawal,0xae166edee3436510bb12b2b355ef5e983ee0bcb14e8919b2656357cfe53f1f99,0xec15c20015e72748f03065ed80c41cb882e3fb66,0x19a0110537e4960c765d6f3fea9445b022a287f0,0.15,0.00138
0.02,2026-05-11 12:33:11.000 UTC,Withdrawal,0xe1ca05b3145b1413670d8e0c36df9988583bceb014a98b3b86251d94a64a97a1,0xec15c20015e72748f03065ed80c41cb882e3fb66,0x9126f6d5d92794c491e05c44b7f23060e46b069c,0.02,0.000202
0.5,2026-05-11 06:25:23.000 UTC,Withdrawal,0x40fe31b1cb6fb72087949928768dad7e66d68e2618f3cb7cd9e826f1dd9f6d50,0xec15c20015e72748f03065ed80c41cb882e3fb66,0x64e1aac69a81731183a85bbbabccd6dc74ababf7,0.5,0.00055
0.5,2026-05-11 00:09:47.000 UTC,Withdrawal,0x912b31a1ed86a49c48c545f113bcd37b4a15e66cc12734f6e4cbd33087a6af8b,0xec15c20015e72748f03065ed80c41cb882e3fb66,0x8989da707eb34bdf45a038194f30fe8cae9ed3d2,0.5,0.0006
0.1,2026-05-11 00:01:11.000 UTC,Withdrawal,0xb43f31f0b653b51ba2ea7c501188742d617ed9b39fec67e0ccae1c383b02d88d,0xec15c20015e72748f03065ed80c41cb882e3fb66,0x6dc43be93a8b5fd37dc16f24872babc6da5e5e3e,0.1,0.00019
0.1,2026-05-10 17:52:11.000 UTC,Withdrawal,0x3b176a78b8db1f1bf7e09d9168dddfe731868c86832073a4b4a1af2b64b0483e,0xec15c20015e72748f03065ed80c41cb882e3fb66,0x25b99a5525a5eb7032a26609b80de383d0ec1d62,0.1,0.00038
5.0,2026-05-10 12:55:11.000 UTC,Withdrawal,0xb6e145d32a118d5436e6a7faf0f84027e89dc15bb9ba88438e38a08c2d81dfc8,0xec15c20015e72748f03065ed80c41cb882e3fb66,0x96ba6c16afe68b067c1f63b6ab1b21556096b431,5.0,0.0055
0.5,2026-05-10 12:49:11.000 UTC,Withdrawal,0x1f32869b38ee1aca70a55f49fe4a7e890df24612680c7e1ffd1c95979d4ed5a0,0xec15c20015e72748f03065ed80c41cb882e3fb66,0x6dc43be93a8b5fd37dc16f24872babc6da5e5e3e,0.5,0.00135
0.2,2026-05-10 05:42:47.000 UTC,Withdrawal,0x0ffc433220b5fb4faaa1c607d97f79f3c1da907b4103a311a88944bf6b291b05,0xec15c20015e72748f03065ed80c41cb882e3fb66,0x386f6401940f2d6cd9bc55543a49b9e8f237e1cb,0.2,0.00056
0.086,2026-05-09 19:05:59.000 UTC,Withdrawal,0x92a215ac4acd5c470db54a34687c0f0ca0e86bb084e24f36038eb6856e161fba,0x6c5816afbe2c0cda91742651e3bb63f80d25a59c,0x78a57679a434a2caa3046335195130af6c5a5179,0.086,0.0002666
0.3,2026-05-09 17:18:59.000 UTC,Withdrawal,0x84d8469c7b21548a2dc034e8fa4cc1c3e92d1f3bf85bf1dfdd82017ea0712a07,0xec15c20015e72748f03065ed80c41cb882e3fb66,0x08139c629bcda60ae6b554b3fac2adaddde376b8,0.3,0.00045
0.01,2026-05-09 16:57:11.000 UTC,Withdrawal,0xb68ba8fc3584a4fbc0a01816c684340130d8344cd1c5974d5a289c2da316f5a5,0x6c5816afbe2c0cda91742651e3bb63f80d25a59c,0x7003354081b0d636ac80a42755b8bfa0a4ce4e6e,0.01,0.000288
0.01,2026-05-09 10:58:35.000 UTC,Withdrawal,0x2ebf9cf6f35ffc59873311d1b46eb7904ca0bc3318004989a9547b18f41be3cb,0xec15c20015e72748f03065ed80c41cb882e3fb66,0x2aff8755d2d24ec74132ce2e99d0b2df0ee14dda,0.01,9.2e-05
0.01,2026-05-09 09:28:11.000 UTC,Withdrawal,0x8a68c0559c5a5b8aa7b632b1c3b2f2e576f49c0f6c35d0019f5ea1eaaa868fe1,0xec15c20015e72748f03065ed80c41cb882e3fb66,0xee3a4e0e6d898ad362d4e1a553d6276c350e7aa7,0.01,0.0001
4.0,2026-05-09 01:50:35.000 UTC,Withdrawal,0x8082ccda65325d384a59ade0319d3267e8d72baf7bdfacf43f30a5c22896709c,0xec15c20015e72748f03065ed80c41cb882e3fb66,0x54e8dd82fc5dc4f57016de6f34e77b89603a2f33,4.0,0.004
0.01,2026-05-09 00:03:11.000 UTC,Withdrawal,0x68625500061e635e70e082afd3eb00690c1ad207153df294a4cad3f991200f2f,0x6c5816afbe2c0cda91742651e3bb63f80d25a59c,0x0f25b128a57d223d59469d411851cf7ca645b8b8,0.01,0.000104
0.01,2026-05-08 23:41:59.000 UTC,Withdrawal,0xce907e56d73519b844f5e674880d676c926034f385284dc3a70cec5931baf895,0x6c5816afbe2c0cda91742651e3bb63f80d25a59c,0x4bb8e9d1438dfd55da94ce6383bfc98cd4007eb4,0.01,0.00012
0.06,2026-05-08 20:42:23.000 UTC,Withdrawal,0xebe35062969ffbebdee66659aba3a6467ba3eeb0a10676fb5a4950160496ebdd,0xec15c20015e72748f03065ed80c41cb882e3fb66,0x57e5a58e85b6b6ec83eef84ed4fea16263a71a3e,0.06,0.000192
0.1,2026-05-08 20:07:11.000 UTC,Withdrawal,0x04d946fdeff3b6dc83ecc63634184cd4fadfcf4e19180e7227d240acaf00ebdf,0xec15c20015e72748f03065ed80c41cb882e3fb66,0x0931f59d24a59f764bf429d5b99fd91f90e77b71,0.1,0.00034
0.1,2026-05-08 20:04:35.000 UTC,Withdrawal,0x736f015a8cb979b13703553358141820eb68bbb6c7cf7cd134a4dd0bcdc66ca9,0xec15c20015e72748f03065ed80c41cb882e3fb66,0x0931f59d24a59f764bf429d5b99fd91f90e77b71,0.1,0.00036
0.5,2026-05-08 16:12:47.000 UTC,Withdrawal,0x7cb8d507b9ed2d710bde6fa4fc3a1958c03aed3f7e83d45bcd2162ab3adbb12f,0xec15c20015e72748f03065ed80c41cb882e3fb66,0x22e1a3dff56c56df65667eff0f307c5d5847e565,0.5,0.00105
0.75,2026-05-08 16:10:11.000 UTC,Withdrawal,0x8972f350bc79ecee8ce17e5ce4c6daf47a91b612fba4d2a35fb07b8f7117298e,0xec15c20015e72748f03065ed80c41cb882e3fb66,0x22e1a3dff56c56df65667eff0f307c5d5847e565,0.75,0.001275
0.75,2026-05-08 14:51:23.000 UTC,Withdrawal,0xcefb86fda633b3aa5ef16ed131910ee55367df37715f3b65b0a7be8aa8b829f9,0xec15c20015e72748f03065ed80c41cb882e3fb66,0xb8d5da4e2afb4e6c7ab0f5576b4a7a3473379741,0.75,0.0015
0.05,2026-05-08 14:46:23.000 UTC,Withdrawal,0x88b575cf0fea106e2e84801b90a04418f8106320711fb9caf94f93892964cc0d,0xec15c20015e72748f03065ed80c41cb882e3fb66,0x47e2745e639ef8dcdc63cad6b25b02b7342c46c8,0.05,0.00116
0.05,2026-05-08 14:39:59.000 UTC,Withdrawal,0xd678609a3e3a4ef8a9bb62b91b9299a28f06006fe8ab97c37cd349d677aaf81a,0xec15c20015e72748f03065ed80c41cb882e3fb66,0x47e2745e639ef8dcdc63cad6b25b02b7342c46c8,0.05,0.00126
0.05,2026-05-08 14:15:47.000 UTC,Withdrawal,0xa9856c1f1359a2094ebb419ce50ae8bf77b78d881a897bfb7a0e9b9e3856e22a,0xec15c20015e72748f03065ed80c41cb882e3fb66,0x47e2745e639ef8dcdc63cad6b25b02b7342c46c8,0.05,0.0007
0.05,2026-05-08 13:55:59.000 UTC,Withdrawal,0x8014d0c22de5f49e4e8cbd21ab4db2e3a13db8a512e498a820f044684cc9d444,0xec15c20015e72748f03065ed80c41cb882e3fb66,0x47e2745e639ef8dcdc63cad6b25b02b7342c46c8,0.05,0.00102
0.5,2026-05-08 13:43:23.000 UTC,Withdrawal,0x871ab16556615b43eddf50952cb7927f0b6f0091b7238474309552810c5f4c84,0xec15c20015e72748f03065ed80c41cb882e3fb66,0xb8d5da4e2afb4e6c7ab0f5576b4a7a3473379741,0.5,0.00245
0.01,2026-05-08 13:23:59.000 UTC,Withdrawal,0xf7700017f85b055b87b928ac2c31b77d42c1bfc120af1e3b11c02368cae354e3,0xec15c20015e72748f03065ed80c41cb882e3fb66,0x91a5466bcd68eee9de706d7e850c543c136c81e4,0.01,0.000981
0.02,2026-05-08 11:35:59.000 UTC,Withdrawal,0x98d4fd05507692de02438258578152d660d0a5922161beaba12326a90b1257ce,0xec15c20015e72748f03065ed80c41cb882e3fb66,0x50b75d586929ab2f75dc15f07e1b921b7c4ba8fa,0.02,0.001192
5.0,2026-05-08 10:26:47.000 UTC,Withdrawal,0xd1b79157f2de86c40220322fafc040413fef874da5322168ed8a6fe15ffa34c2,0xec15c20015e72748f03065ed80c41cb882e3fb66,0x24930732d56821cfca2b3e7c0b8d54b34266b841,5.0,0.0105
0.01,2026-05-08 09:03:11.000 UTC,Withdrawal,0x6f1c7484c127b1bd3d68bb104abed70ec0d57398f2cc4f2ab64ca53b3df372f4,0xec15c20015e72748f03065ed80c41cb882e3fb66,0xede2b0d555772d62540c4f47b100c066ffaf0d0a,0.01,0.000297
0.013,2026-05-08 08:18:47.000 UTC,Withdrawal,0x2544a15ec043ec06deb8869b60c4df439292a1c2981d8b901e3aceba04e4f617,0xec15c20015e72748f03065ed80c41cb882e3fb66,0xa8f428a0c45f381b268044663265fd5dc6c48d6c,0.013,0.0002158
0.183076875,2026-05-08 07:09:11.000 UTC,Withdrawal,0xdd7f3500df485ffa30b12c4b28136943070de63718ee3bc371757e2b733a3d7e,0xec15c20015e72748f03065ed80c41cb882e3fb66,0xc3b65f5252ceb62c30becd4e075738e95dbab0bb,0.183076875,0.0003112306875
0.061025625,2026-05-08 07:07:11.000 UTC,Withdrawal,0x172fa06b2a0b1dd5981363f997e8010dba3a48da90488cc3cff395e4ddb8ceb8,0xec15c20015e72748f03065ed80c41cb882e3fb66,0xc3b65f5252ceb62c30becd4e075738e95dbab0bb,0.061025625,0.000195282
0.0813675,2026-05-08 07:03:47.000 UTC,Withdrawal,0xcc5ac2311fce03aa70f63cb2dc74bc9ed257384ffecb4ba0b1efae58c124ce38,0xec15c20015e72748f03065ed80c41cb882e3fb66,0xfd41650a74aa60f91f9f8910c54737f22f140979,0.0813675,0.000227829
1.0,2026-05-08 05:33:47.000 UTC,Withdrawal,0xd11861b2d5bec2c0f394179b179fae5d99a69c446274f292e0417f7b9067458e,0xec15c20015e72748f03065ed80c41cb882e3fb66,0x6369e2b6fee964de801e080215ea33ab35f1cf6b,1.0,0.0013
0.09,2026-05-08 05:21:47.000 UTC,Withdrawal,0xcf06ea37542b426d835145f9f208449a4c33a2a25db311c10a67bad7215a9198,0x78a57679a434a2caa3046335195130af6c5a5179,0x6e9237e93f5055b90f2f0e9f5754faebd4c5f46c,0.09,0.000405
0.2,2026-05-08 04:51:23.000 UTC,Withdrawal,0x19d13a1b4cd098dee1aa1351bf2652891941b604c51f01e9fbc2d3aa926811a9,0xec15c20015e72748f03065ed80c41cb882e3fb66,0x0a5f07eca94861d5804891cb9078171bbb0fd046,0.2,0.00044
0.5,2026-05-08 00:50:47.000 UTC,Withdrawal,0x19fa4cc82cd5d7a539f7b60eba4f527774f89b889cae5ed47b26142b1f5988eb,0xec15c20015e72748f03065ed80c41cb882e3fb66,0xd13a54154290fb72f8365c129ffa8b5a936787b2,0.5,0.00055
0.1,2026-05-07 18:42:35.000 UTC,Withdrawal,0x0908b6beb502135eca3b83d7d1449b2c5fc2f1dc74da4c54b998cc4afdfb2a35,0xec15c20015e72748f03065ed80c41cb882e3fb66,0x6a0bf5027fdffa7a8c78e8f665c24e4b7f7c8801,0.1,0.00031
0.05,2026-05-07 16:58:47.000 UTC,Withdrawal,0xbc761c7f0d9a533868a8c86bf3e03c3b0ef1730c5e2772b3167af979ee6509d7,0xec15c20015e72748f03065ed80c41cb882e3fb66,0x47e2745e639ef8dcdc63cad6b25b02b7342c46c8,0.05,0.000615
0.05,2026-05-07 16:19:11.000 UTC,Withdrawal,0x4d7325d9cd7ac3b17f361f6e118d6db7180232f74bb18fd2563a8d3df6b781f3,0xec15c20015e72748f03065ed80c41cb882e3fb66,0x47e2745e639ef8dcdc63cad6b25b02b7342c46c8,0.05,0.00092
0.05,2026-05-07 15:57:59.000 UTC,Withdrawal,0xe709a0fb6fe5537a92672ebb64c5aa07ac142d1986ef18684f6f40d0f219f113,0xec15c20015e72748f03065ed80c41cb882e3fb66,0x47e2745e639ef8dcdc63cad6b25b02b7342c46c8,0.05,0.00066
0.05,2026-05-07 15:34:59.000 UTC,Withdrawal,0x82ee33bc5a07b0cdbb696c74a621d273cee2eab03bb837f5a6a2f5ab4a1437bc,0xec15c20015e72748f03065ed80c41cb882e3fb66,0x47e2745e639ef8dcdc63cad6b25b02b7342c46c8,0.05,0.00124
0.115,2026-05-07 15:06:59.000 UTC,Withdrawal,0x63dd9443c524cd69302d3e5b57649e0cbd9cc7025709de1b79df87ab813dfc0a,0xec15c20015e72748f03065ed80c41cb882e3fb66,0x027bb121e202b571d298cb1c9820191af3824216,0.115,0.0015065
0.02,2026-05-07 13:48:23.000 UTC,Withdrawal,0xbe6bb0724e54e4d9ab5a63047f58be87bb36ef80e3377f57d97c0eda53eae5eb,0x78a57679a434a2caa3046335195130af6c5a5179,0xd70acaeddec85e74fdf99e9b28cf1671c706a0a2,0.02,0.001372
0.25,2026-05-07 13:33:11.000 UTC,Withdrawal,0xfd2dfaf17c18afce9f681180c80f38efb78dd7a192f80e0312b81f48c4700385,0xec15c20015e72748f03065ed80c41cb882e3fb66,0xb8d5da4e2afb4e6c7ab0f5576b4a7a3473379741,0.25,0.00145
0.1,2026-05-07 12:59:11.000 UTC,Withdrawal,0x2e97906dcf72752296f44a8c0f0ee21d1d30304d056f9f7fc58db8913976b1f5,0xec15c20015e72748f03065ed80c41cb882e3fb66,0x252e5e683052174974abe4c12378c20b2059efcc,0.1,0.00223
0.01,2026-05-07 11:04:59.000 UTC,Withdrawal,0xc36a3b06b6a8f2ca3c23edf4e22d8c164c61f6efc3bb35d34c9f605f367a2f78,0xec15c20015e72748f03065ed80c41cb882e3fb66,0xd57034f97b724fae625407ddbabaaaa81d512aab,0.01,0.00027
1.13,2026-05-07 10:17:11.000 UTC,Withdrawal,0xd8481496fade02c4f5cc2cac6ce49c880e7a37bdaaf9cbac3c36692fb8b8357a,0xec15c20015e72748f03065ed80c41cb882e3fb66,0x2e2fb8b7dc0f58182a8f1316fab1a80318a7e49d,1.13,0.001243
0.0225,2026-05-07 08:50:59.000 UTC,Withdrawal,0x8f41e78a8cf6de5ca7ffec547ac4a64525f1dff1982bb0876443c846ea1799fc,0xec15c20015e72748f03065ed80c41cb882e3fb66,0x6e0611d91e77590268c933f71b396056d1e47582,0.0225,0.00017775
0.1,2026-05-06 22:50:23.000 UTC,Withdrawal,0x5ba2d97d1af5238c7f12faa887155fc065dfdf33f4fb8d41d1ae525a423b71d1,0xec15c20015e72748f03065ed80c41cb882e3fb66,0x9dab2566b9b67076c6dcc71df0dbbf6ca5d93d9a,0.1,0.00019
0.05,2026-05-06 22:04:11.000 UTC,Withdrawal,0x4364f6f87bf5ae1fc3a125391c6fbacd9ecd43d4717d5ecbcf7bfbcba8c4888c,0xec15c20015e72748f03065ed80c41cb882e3fb66,0x6e0611d91e77590268c933f71b396056d1e47582,0.05,0.00017
0.04,2026-05-06 21:58:59.000 UTC,Withdrawal,0xf90cb209c5cddb9bc73a579e5ded46923137f120cd73ad1d73ce36ccc1ffac45,0xec15c20015e72748f03065ed80c41cb882e3fb66,0x6e0611d91e77590268c933f71b396056d1e47582,0.04,0.000148
0.0421,2026-05-06 21:57:35.000 UTC,Withdrawal,0xd6a221419ef8afcf0ea4f6884ac71408b7d910a69ef78224b1efe13c80478855,0xec15c20015e72748f03065ed80c41cb882e3fb66,0x6e0611d91e77590268c933f71b396056d1e47582,0.0421,0.00015156
0.0439,2026-05-06 21:53:35.000 UTC,Withdrawal,0xc603ece5f2af9aa367b9f33d75bdbfc56e19a74d8342c2540d7a5198d5c925a7,0xec15c20015e72748f03065ed80c41cb882e3fb66,0x6e0611d91e77590268c933f71b396056d1e47582,0.0439,0.00026779
0.0285,2026-05-06 21:49:23.000 UTC,Withdrawal,0xa2ee9fec7e1748b055be680b1084ec0b3c61b958e884a0fa4b606f55dc23d072,0xec15c20015e72748f03065ed80c41cb882e3fb66,0x6e0611d91e77590268c933f71b396056d1e47582,0.0285,0.00042465
0.025,2026-05-06 21:16:47.000 UTC,Withdrawal,0x0350f266501a94b807642eeb9dcab2abe15f2836ce4dabd0ee53c33e5fd57ea9,0xec15c20015e72748f03065ed80c41cb882e3fb66,0x4f01032d511ec7dac5dd303632e92279e1625c76,0.025,0.0001425
0.00255,2026-05-06 21:08:35.000 UTC,Withdrawal,0xd31d1b2c8662dc25133285387b2e962440b7e15f97d2f74d8306a40ce38166fd,0xec15c20015e72748f03065ed80c41cb882e3fb66,0x61583791ed69f5adf2a0ebe1dd9882bc572ae9b8,0.00255,0.00012648
0.01,2026-05-06 20:23:11.000 UTC,Withdrawal,0xfe6063f497eed666f4f0475b1706c7007c60208754f4613f4d7c9e64481b8f99,0xec15c20015e72748f03065ed80c41cb882e3fb66,0xa6129b6beb8c1beebbd4014095c02e8b722dfa4c,0.01,0.000243
0.02,2026-05-06 20:20:11.000 UTC,Withdrawal,0xf606c0a50531c716f53dca6b5816b80ab0cb32df1440a608898133e98357c5d7,0xec15c20015e72748f03065ed80c41cb882e3fb66,0xa6129b6beb8c1beebbd4014095c02e8b722dfa4c,0.02,0.0003
0.03,2026-05-06 20:16:59.000 UTC,Withdrawal,0x9e33aa8d42b8bfee39f2864b9adbd073e102eeabc5e26c59e0feaaaecb16c350,0xec15c20015e72748f03065ed80c41cb882e3fb66,0xa6129b6beb8c1beebbd4014095c02e8b722dfa4c,0.03,0.000408
0.00514825,2026-05-06 19:02:23.000 UTC,Withdrawal,0x82f740e5961768799ec98599f1be7b6d899d6cf9bd5e541d7f5ccc27790b13d5,0xca11bde05977b3631167028862be2a173976ca11,0x3a3565a98de133190f7aacb06d6c684c61562b18,0.012160281249999997,0.000290630721874999
0.01,2026-05-06 19:02:23.000 UTC,Withdrawal,0x82f740e5961768799ec98599f1be7b6d899d6cf9bd5e541d7f5ccc27790b13d5,0xca11bde05977b3631167028862be2a173976ca11,0x3a3565a98de133190f7aacb06d6c684c61562b18,0.012160281249999997,0.000290630721874999
0.01,2026-05-06 19:02:23.000 UTC,Withdrawal,0x82f740e5961768799ec98599f1be7b6d899d6cf9bd5e541d7f5ccc27790b13d5,0xca11bde05977b3631167028862be2a173976ca11,0x3a3565a98de133190f7aacb06d6c684c61562b18,0.012160281249999997,0.000290630721874999
0.01,2026-05-06 19:02:23.000 UTC,Withdrawal,0x82f740e5961768799ec98599f1be7b6d899d6cf9bd5e541d7f5ccc27790b13d5,0xca11bde05977b3631167028862be2a173976ca11,0x3a3565a98de133190f7aacb06d6c684c61562b18,0.012160281249999997,0.000290630721874999
0.01,2026-05-06 19:02:23.000 UTC,Withdrawal,0x82f740e5961768799ec98599f1be7b6d899d6cf9bd5e541d7f5ccc27790b13d5,0xca11bde05977b3631167028862be2a173976ca11,0x3a3565a98de133190f7aacb06d6c684c61562b18,0.012160281249999997,0.000290630721874999
0.01,2026-05-06 19:02:23.000 UTC,Withdrawal,0x82f740e5961768799ec98599f1be7b6d899d6cf9bd5e541d7f5ccc27790b13d5,0xca11bde05977b3631167028862be2a173976ca11,0x3a3565a98de133190f7aacb06d6c684c61562b18,0.012160281249999997,0.000290630721874999
0.01,2026-05-06 19:02:23.000 UTC,Withdrawal,0x82f740e5961768799ec98599f1be7b6d899d6cf9bd5e541d7f5ccc27790b13d5,0xca11bde05977b3631167028862be2a173976ca11,0x3a3565a98de133190f7aacb06d6c684c61562b18,0.012160281249999997,0.000290630721874999
0.0121602812499999,2026-05-06 19:02:23.000 UTC,Withdrawal,0x82f740e5961768799ec98599f1be7b6d899d6cf9bd5e541d7f5ccc27790b13d5,0xca11bde05977b3631167028862be2a173976ca11,0x3a3565a98de133190f7aacb06d6c684c61562b18,0.012160281249999997,0.000290630721874999
0.3,2026-05-06 17:07:11.000 UTC,Withdrawal,0xbe24c2e9577cc16fbd84c7f0c8303918cceda0d2e21db607fdcdfbca1e33dd2f,0xec15c20015e72748f03065ed80c41cb882e3fb66,0xb8d5da4e2afb4e6c7ab0f5576b4a7a3473379741,0.3,0.00165
0.1,2026-05-06 16:21:47.000 UTC,Withdrawal,0xefa0db55e442abba0b0242295b6b05d2a7d1d6b84fc588feff5d20339249c426,0xec15c20015e72748f03065ed80c41cb882e3fb66,0xb8d5da4e2afb4e6c7ab0f5576b4a7a3473379741,0.1,0.00329
0.1,2026-05-06 15:56:11.000 UTC,Withdrawal,0x9f715c3481e540e340f02bfff19c308929f0ca7c770b1cbb34eaa8b6dd786ef9,0xec15c20015e72748f03065ed80c41cb882e3fb66,0xb2f3d5d7ee6cdb216e553f223fa4536bed3856e4,0.1,0.00161
0.0129,2026-05-06 14:30:47.000 UTC,Withdrawal,0xb2b173e72ed58e1c35be370ae4355e4ff4f2a10ee5d36088e6d13d6c381954c4,0xec15c20015e72748f03065ed80c41cb882e3fb66,0x2d74b032ab0afee216a42fbab9f2d48d626cff93,0.0129,0.00037152
0.01,2026-05-06 13:08:35.000 UTC,Withdrawal,0x7d8fc5478f80af19c6517ee1af26107491eed7592ab201f56b7cd6638034a737,0xec15c20015e72748f03065ed80c41cb882e3fb66,0xdeb5a8cc51c25f34991499da289a20c284a68377,0.01,0.00046
0.2,2026-05-06 09:31:47.000 UTC,Withdrawal,0xda91a6d269268e972431b593f054b00b821349f17f7b797dca93089a5b337398,0xec15c20015e72748f03065ed80c41cb882e3fb66,0x888d393822d5d219cdb0af265ba2177b36ba7cd9,0.2,0.0003
0.00375,2026-05-06 08:17:23.000 UTC,Withdrawal,0x5c0efb91243494128a3d4dd96a656d42a0e9db1527f49d0a13f12b5af4938aa4,0xec15c20015e72748f03065ed80c41cb882e3fb66,0x6e0611d91e77590268c933f71b396056d1e47582,0.00375,7.95e-05
0.0065,2026-05-06 08:15:35.000 UTC,Withdrawal,0x5c7b9342182d55cfbcb643165ebcc271e6813f94bbd62a7241d09eb7fd6124bd,0xec15c20015e72748f03065ed80c41cb882e3fb66,0x6e0611d91e77590268c933f71b396056d1e47582,0.0065,8.255e-05
0.1932224589904507,2026-05-06 03:05:47.000 UTC,Withdrawal,0x1e00e62c327b404a21a93a71e0d4d874c82475d2027e86f4b40491597d731206,0xec15c20015e72748f03065ed80c41cb882e3fb66,0x6f825327181ee8b26271a5ae4be0d901bfaedbee,0.19322245899045076,0.000367122672081856
0.0590507716911751,2026-05-06 03:01:11.000 UTC,Withdrawal,0xc98743ad1429ac68c84ff8fa17db6cac153c0b565ba2a8b42ab8a9e8b57f3f73,0xec15c20015e72748f03065ed80c41cb882e3fb66,0xfa61201383ac2400c4d82cc4b8ba3347b963805a,0.059050771691175175,0.000171247237904408
0.1294224023242792,2026-05-06 02:42:59.000 UTC,Withdrawal,0x61bcc2d5d9605593defe1a3efed6154924e5b7009a1976b5c59acdd61d77b84c,0xec15c20015e72748f03065ed80c41cb882e3fb66,0x016e7ea059fcc2693c38cb0bd3e3b3cfece77d0a,0.12942240232427923,0.000284729285113414
0.1464951927817605,2026-05-06 02:38:59.000 UTC,Withdrawal,0xafac9fa40241f8bf61413db069c8e0315c30af49c64fdd66c89282bb80d9dc33,0xec15c20015e72748f03065ed80c41cb882e3fb66,0x6a5a6df81abe10835a59bf8d4ebb7e68a0b4f851,0.14649519278176057,0.000336938943398049
0.0851451984930859,2026-05-06 02:29:59.000 UTC,Withdrawal,0x89c5cde07547503f7d86b9ad7e8da74efa75b878e9112f028f74b55a32e72327,0xec15c20015e72748f03065ed80c41cb882e3fb66,0xdffd01f2781646bbe5b1d2a1510d839ae32782c7,0.08514519849308598,0.00023840655578064
0.0147136111763481,2026-05-06 02:25:35.000 UTC,Withdrawal,0xac742fd835faa94706d48e5aec53034227dfef4dd235fd3d92d431e3d1319a21,0xec15c20015e72748f03065ed80c41cb882e3fb66,0x5ccd6f7443cc79cf04453e5caa3d31c1f7a782e6,0.014713611176348129,0.000129479778351863
0.153530437597202,2026-05-06 02:11:23.000 UTC,Withdrawal,0x453aa2bef440dc08e8910d3fabb37f45c1ad7c9a1cc08b4016aa11a99086ef7f,0xec15c20015e72748f03065ed80c41cb882e3fb66,0x85e09c7878eb5f5c45913a3e9f19d1ef27209d08,0.15353043759720203,0.000322413918954124
0.0395206082545457,2026-05-06 01:54:59.000 UTC,Withdrawal,0x3bb1d0aee9c2e85bf45abcc5eba6f6de6bbb7f1ab30eb5a6558aec804ab37fd1,0xec15c20015e72748f03065ed80c41cb882e3fb66,0xce33272585c9b54e9a2fee3226bf8948436a8237,0.039520608254545744,0.000173890676320001
0.1186522984235621,2026-05-06 01:37:23.000 UTC,Withdrawal,0xecb81afd0283342889b467a3deed15022b3f8d6fe882e6f964a35ae59dded08e,0xec15c20015e72748f03065ed80c41cb882e3fb66,0xcc00ccc84f0bd89dd74a3bcd34615a74f222fd3d,0.11865229842356213,0.000284765516216549
0.1441046087693918,2026-05-06 01:27:11.000 UTC,Withdrawal,0xd3b359425610621e2f0683efc2ea5dc24d70d2fa6f78cae83bdf107c18b3eb76,0xec15c20015e72748f03065ed80c41cb882e3fb66,0x17db6d75b663853a13df3aa778f185f384b18dc5,0.14410460876939185,0.000331440600169601
0.1459183950833003,2026-05-06 01:16:47.000 UTC,Withdrawal,0xb15622422f9f6d82d94d4a043b90be35ecbe552cd3ee5942cb9b8484d208702e,0xec15c20015e72748f03065ed80c41cb882e3fb66,0x3a651b7e0662da9b0f5094a4d85c3f8930f348a0,0.1459183950833003,0.00033561230869159
0.1359798286513714,2026-05-06 00:53:59.000 UTC,Withdrawal,0xace82272dc13aa236d36a4a32a9782c7e159de8fa777f0d9327764194a859d6f,0xec15c20015e72748f03065ed80c41cb882e3fb66,0x896d0481954df4d5fe798232b03a5eaf43746908,0.13597982865137145,0.000271959657302742
0.1768675301159121,2026-05-06 00:42:23.000 UTC,Withdrawal,0x000e5db98e1a4e97437dbe767300bd07227807bda1d2db17c7b243c4d3ed113a,0xec15c20015e72748f03065ed80c41cb882e3fb66,0x11ec2ea16fb528cd21074a24a4db1f9593391d15,0.1768675301159121,0.000318361554208641
0.1136920370763112,2026-05-06 00:39:11.000 UTC,Withdrawal,0x50e83293e57518695e1429c82e101fb161a10488c87c8dd69c82522fbcc2c4c2,0xec15c20015e72748f03065ed80c41cb882e3fb66,0x2e9d44fec5923b9004ce99abeda18f8bcda6a547,0.11369203707631123,0.000227384074152622
0.0527896165481849,2026-05-06 00:16:23.000 UTC,Withdrawal,0xf9f482769f0bf4f1fea687e80b281b9e3d5c5082fb3781de3a653a6bce046ad7,0xec15c20015e72748f03065ed80c41cb882e3fb66,0xa91a663727f3fb094dcd510896fec500fa8d9554,0.05278961654818495,0.000142531964680099
0.0559492448988472,2026-05-05 23:47:11.000 UTC,Withdrawal,0x870d364d0bb2f84b2f32fd139dc7414d15f0fb92c47737c831a78e04d9011e1a,0xec15c20015e72748f03065ed80c41cb882e3fb66,0x0240253309e1e5422146b3d2213a88679da6e854,0.05594924489884726,0.000151062961226887
0.05,2026-05-05 22:27:23.000 UTC,Withdrawal,0x4de532578dc8a57efd37a07d45f18b518ba70fee1a256a9fdc8b146d5ea14755,0xec15c20015e72748f03065ed80c41cb882e3fb66,0x47e2745e639ef8dcdc63cad6b25b02b7342c46c8,0.05,0.00013
0.05,2026-05-05 21:55:47.000 UTC,Withdrawal,0xbd5f65e4fd90cabfc51f6f5ee31e8cfb69bdfbc9b188dfcf4f2dfae211afecaf,0xec15c20015e72748f03065ed80c41cb882e3fb66,0x47e2745e639ef8dcdc63cad6b25b02b7342c46c8,0.05,0.000125
0.05,2026-05-05 21:26:47.000 UTC,Withdrawal,0x773f971750ab2b8bee481bade6187edb8a47829f022bccf71e6c0dc3a64d69f2,0xec15c20015e72748f03065ed80c41cb882e3fb66,0x47e2745e639ef8dcdc63cad6b25b02b7342c46c8,0.05,0.000155
0.056,2026-05-05 21:18:59.000 UTC,Withdrawal,0x0ceeb3f5181c6dc970cb64f9bdae5342f3d3c14a262e91b8dbb09e7c0eeb9c70,0xec15c20015e72748f03065ed80c41cb882e3fb66,0x6e0611d91e77590268c933f71b396056d1e47582,0.056,0.0001288
0.05,2026-05-05 21:17:59.000 UTC,Withdrawal,0x817ebdd06a4ecf0838d7a184ecb4b4c4067671e0bd82b35e6a09df5868eaf0b0,0xec15c20015e72748f03065ed80c41cb882e3fb66,0x47e2745e639ef8dcdc63cad6b25b02b7342c46c8,0.05,0.00013
0.1,2026-05-05 21:15:47.000 UTC,Withdrawal,0xbc5c3604a9040cd46807a2d270db71dbc99a983a7481bade9739ab6a7876d671,0xec15c20015e72748f03065ed80c41cb882e3fb66,0x6e0611d91e77590268c933f71b396056d1e47582,0.1,0.00019
0.22,2026-05-05 21:11:59.000 UTC,Withdrawal,0x36509bb1e7e03cee0a760ddcad7af64b21bdf0e9b79df5853f3f09ee5473db2b,0xec15c20015e72748f03065ed80c41cb882e3fb66,0x6e0611d91e77590268c933f71b396056d1e47582,0.22,0.000308
0.02,2026-05-05 21:09:11.000 UTC,Withdrawal,0x1473b996bfebd71aee870566be8dd9ddcc6197848eee18f967ab4d264ab37d5c,0xec15c20015e72748f03065ed80c41cb882e3fb66,0x6e0611d91e77590268c933f71b396056d1e47582,0.02,0.000112
0.018,2026-05-05 21:08:47.000 UTC,Withdrawal,0x5461003dd1d489351f98d43f9f148c92e2b2862b5d4e261b7858da6320a52987,0xec15c20015e72748f03065ed80c41cb882e3fb66,0x5427825ae73ca65225e6e3764178093b8c810658,0.018,0.000117
0.25,2026-05-05 14:41:47.000 UTC,Withdrawal,0x348751952d7304e951ba9853917b216cfdc05d9801ad98cc6d1494510ab38759,0xec15c20015e72748f03065ed80c41cb882e3fb66,0x6e0611d91e77590268c933f71b396056d1e47582,0.25,0.0005
0.1,2026-05-05 14:36:59.000 UTC,Withdrawal,0xac03cdd077f4d6713a2feaa4438924e786e76656a1f519a5e46f296dc3342dd0,0xec15c20015e72748f03065ed80c41cb882e3fb66,0x6e0611d91e77590268c933f71b396056d1e47582,0.1,0.00035
0.5,2026-05-05 14:26:47.000 UTC,Withdrawal,0xc74347e1426ccb0d81608cb043213911cb819adda6cd056d047aebb84f6fd4bc,0xec15c20015e72748f03065ed80c41cb882e3fb66,0x6e0611d91e77590268c933f71b396056d1e47582,0.5,0.0009
0.01,2026-05-05 14:24:47.000 UTC,Withdrawal,0x2fb862c03c037c6c477b68cccf7203fe6a2c98de341f0146a0387ff646c3d938,0xec15c20015e72748f03065ed80c41cb882e3fb66,0x6e0611d91e77590268c933f71b396056d1e47582,0.01,0.000489
0.005,2026-05-05 14:23:23.000 UTC,Withdrawal,0x57c583c02e653e10c6d81a287b57f8b52368e5f75c5e8ce7d05cda005fe97a2b,0xec15c20015e72748f03065ed80c41cb882e3fb66,0x6e0611d91e77590268c933f71b396056d1e47582,0.005,0.0004595
0.2,2026-05-05 14:21:11.000 UTC,Withdrawal,0x3c24516754dbcf3ab4660a57f0a5d9e746e94d6b3124ae211f9eb2478797a54d,0xec15c20015e72748f03065ed80c41cb882e3fb66,0x6e0611d91e77590268c933f71b396056d1e47582,0.2,0.00062
1.0,2026-05-05 14:12:35.000 UTC,Withdrawal,0x84456f245c8d713c72f9081bdf1f1ddf26325cc338c477c6a7a7effbf23315b6,0xec15c20015e72748f03065ed80c41cb882e3fb66,0x6e0611d91e77590268c933f71b396056d1e47582,1.0,0.0017
0.03,2026-05-05 14:11:23.000 UTC,Withdrawal,0xe7a04c9abcaf6542e779c6e3d0a958adc07f2401e3a4cbc23e8a58d30c28e469,0xec15c20015e72748f03065ed80c41cb882e3fb66,0x6e0611d91e77590268c933f71b396056d1e47582,0.03,0.001092
0.5,2026-05-05 14:09:35.000 UTC,Withdrawal,0x177664bc6a7ac1a00c55dbf087f6803b0cdfd839e89bbe31fa6e9298536a7f81,0xec15c20015e72748f03065ed80c41cb882e3fb66,0x6e0611d91e77590268c933f71b396056d1e47582,0.5,0.0013
0.1,2026-05-05 14:05:11.000 UTC,Withdrawal,0xf78f4f43c4216f8c886308c68f382443ef2b8b05e43c22759ff38c04416467c0,0xec15c20015e72748f03065ed80c41cb882e3fb66,0x6e0611d91e77590268c933f71b396056d1e47582,0.1,0.00046
0.016,2026-05-05 12:27:23.000 UTC,Withdrawal,0x3be010133d0c35ec29da4f3b2c0609908c808f5cbddb872786bfd0d7640143d7,0xec15c20015e72748f03065ed80c41cb882e3fb66,0x011b2bc2b9bd2b4e483059f5d7eba76753dfdcf7,0.016,0.000112
0.0707817043796693,2026-05-05 11:22:47.000 UTC,Withdrawal,0x028011d5f30f3350279367a15649c9a5da0081e845f1f562b340ab13d24dda03,0xec15c20015e72748f03065ed80c41cb882e3fb66,0x1a14d23f62ded2fe6029f9e5c2df9ef61cb43cf9,0.07078170437966934,0.000198188772263074
0.0956865188227501,2026-05-05 11:14:35.000 UTC,Withdrawal,0x41f0b61c9c9b586fdc52ca9955582ac6034fae943482c5fc2ddc3a2118909472,0xec15c20015e72748f03065ed80c41cb882e3fb66,0x31029097b34526f4d207043fb000102e622ba7bb,0.09568651882275019,0.0002296476451746
0.1043931747461194,2026-05-05 10:52:23.000 UTC,Withdrawal,0x0f2e41de086313905a4d4413ac665fc19f468d7d50629de14487632a43bdc09b,0xec15c20015e72748f03065ed80c41cb882e3fb66,0x6489d343593c822ef35a0adbbab8becfab61a74e,0.10439317474611942,0.000240104301916074
0.1519976129887217,2026-05-05 10:36:11.000 UTC,Withdrawal,0xecea1e1f9897e30d640703168991d16646acfbc1a82885e1c5235af6ebcb7cc6,0xec15c20015e72748f03065ed80c41cb882e3fb66,0x38d9d466dda582dd4f641c7efdfbf3e1e1c6f24a,0.15199761298872175,0.000364794271172932
0.1315950100609036,2026-05-05 10:20:47.000 UTC,Withdrawal,0xa26a481016becaf1878d945eb7f52a14a82e29136e5b784723272b9c2c864816,0xec15c20015e72748f03065ed80c41cb882e3fb66,0x206459dbfac16aa83de485c9c9545a33bda3794c,0.13159501006090368,0.000263190020121807
0.1233841606996312,2026-05-05 09:54:47.000 UTC,Withdrawal,0x3787a2d09dfcdb643a7d92fdf457fb0af1040681f343078acf7542c75d3ca622,0xec15c20015e72748f03065ed80c41cb882e3fb66,0x6cf356077abf290fc0d1d886382a4cc2f39a8f4e,0.12338416069963129,0.000456521394588635
0.1290091847035111,2026-05-05 09:47:11.000 UTC,Withdrawal,0x374a22bf693f1778945f091af222b41abb43eca794d205f506ad18c2308aa402,0xec15c20015e72748f03065ed80c41cb882e3fb66,0xba6e46039833820d6897a76f755857c8d35ed1ed,0.12900918470351114,0.000541838575754746
0.1013749571617224,2026-05-05 08:52:23.000 UTC,Withdrawal,0x483561565c23e223b3e5566ca27c9337bb3f95ea4439163117bdc0097d2f7594,0xec15c20015e72748f03065ed80c41cb882e3fb66,0xc5b657b589902fb7c8e934e69db2776209698009,0.10137495716172247,0.000212887410039617
0.0977427234091535,2026-05-05 08:31:11.000 UTC,Withdrawal,0x3e05883b3f6d6da69b758009e9e27878e9bb2ba7aa5f56f93c9228c8235c1b6e,0xec15c20015e72748f03065ed80c41cb882e3fb66,0xa6df63e478299bcb90807f7eaf87e27fb66f243c,0.09774272340915352,0.000215033991500137
0.1722119025818757,2026-05-05 08:05:23.000 UTC,Withdrawal,0x2903205e0096bb54c8b5d93244fea6c3688a93eebe0d879170da526c2a774f74,0xec15c20015e72748f03065ed80c41cb882e3fb66,0x76159294d6bc4e3e1c98595b5010db9b0d398d07,0.17221190258187574,0.000361644995421939
0.0923087282473445,2026-05-05 07:57:11.000 UTC,Withdrawal,0xff9464f1f57126bc57bc20ce4bf5c749e73f477f93068661bbecc1014d74ac93,0xec15c20015e72748f03065ed80c41cb882e3fb66,0x717c6d5e7d34d21aa29caf00d014cb6ba51927ce,0.09230872824734454,0.000221540947793626
0.0918590123170823,2026-05-05 07:27:11.000 UTC,Withdrawal,0x025130a83192d1b8d935ddfd1d510ebe6605135cb998b79c682ad32efd78077e,0xec15c20015e72748f03065ed80c41cb882e3fb66,0x1183f8c6d730e53500711ae9c051a7ae9f673084,0.0918590123170823,0.000367436049268329
0.1475991834614198,2026-05-05 07:07:59.000 UTC,Withdrawal,0x64d14b71e0c2875178d35d0d949b35f5da19196081e9321356ec3d103c77605c,0xec15c20015e72748f03065ed80c41cb882e3fb66,0x1c0c03daefb18a74a2267c44f6d472475a36c814,0.14759918346141981,0.000309958285268981
0.1251408572539298,2026-05-05 06:45:59.000 UTC,Withdrawal,0x575a0f13fd5c9eddbd795064c10970b472d8363792548d3b59598b585fc05bab,0xec15c20015e72748f03065ed80c41cb882e3fb66,0x008c6dfbc2a41431660b789e377f0b11ebdc471f,0.1251408572539298,0.000250281714507859
0.1164381475249026,2026-05-05 06:15:23.000 UTC,Withdrawal,0x2c22b61a7b6e25ae9459f6d0f8c85f6d7d0dc581d747ada0d1917ccf35e020f3,0xec15c20015e72748f03065ed80c41cb882e3fb66,0x0113e5d4342d9e6463c58a7a10a6fb3a78a4a97a,0.11643814752490267,0.000407533516337159
0.1623351978184197,2026-05-05 05:46:59.000 UTC,Withdrawal,0x2fe7826a8aaa6c9e6c2d448a02e789ac052b6f5e09198009e50caec8974e3756,0xec15c20015e72748f03065ed80c41cb882e3fb66,0x8b6e8536efb8d92056473ca6c43aed4e92740474,0.1623351978184197,0.000422071514327891
0.1114224128942134,2026-05-05 05:40:59.000 UTC,Withdrawal,0x9aa47b0036ddcf6831e31f07472d60dbd0103cc692b7db90e65b277006b78837,0xec15c20015e72748f03065ed80c41cb882e3fb66,0xaad0952afc23e0b1cee1499fa078d4ed8d8157cf,0.11142241289421341,0.000356551721261482
0.1036399757717892,2026-05-05 05:24:47.000 UTC,Withdrawal,0xd5a29fa3d9d450d1436c70e18f74ca31fd33f8cc87d5443e4b02511997360c6a,0xec15c20015e72748f03065ed80c41cb882e3fb66,0xb1aeb97da75f6133fd0fc1422689d68e6c213e53,0.10363997577178924,0.00027982793458383
0.1388666560368249,2026-05-05 04:59:11.000 UTC,Withdrawal,0xbf8b198ec25a2882da89c0dc8efbe2aac9fe7535ac3058e723bb1abfb0f868eb,0xec15c20015e72748f03065ed80c41cb882e3fb66,0xee18ae575c52c7db322bccfbb1cbef8649553886,0.1388666560368249,0.000277733312073649
0.1004,2026-05-05 03:21:47.000 UTC,Withdrawal,0xcf5dc1a55b114a930720538e28084650dba8872e55a882ce3009fe2cb18dcaab,0xec15c20015e72748f03065ed80c41cb882e3fb66,0x8ca9f4b2b405f72bfaa225fb58693d591f862ada,0.1004,0.00023092
0.25,2026-05-05 03:15:35.000 UTC,Withdrawal,0xba248508f2ffbdd29f4b4583b757d00816ec4ef9171ed5a1b4741d7bd5ee7f61,0xec15c20015e72748f03065ed80c41cb882e3fb66,0x8ca9f4b2b405f72bfaa225fb58693d591f862ada,0.25,0.000325
0.2489,2026-05-05 03:08:23.000 UTC,Withdrawal,0x3221c2f34cdbc29f7af3d8c72b2466e180142037e9c6e2d7d04f955ce5fe35ae,0xec15c20015e72748f03065ed80c41cb882e3fb66,0x8ca9f4b2b405f72bfaa225fb58693d591f862ada,0.2489,0.00032357
0.3,2026-05-05 02:37:35.000 UTC,Withdrawal,0x21d428c7fdb4b7e89ef9a48bba070e46813968f7a126a978e3a3d8975df2409f,0xec15c20015e72748f03065ed80c41cb882e3fb66,0x8ca9f4b2b405f72bfaa225fb58693d591f862ada,0.3,0.00039
0.0013,2026-05-05 02:35:35.000 UTC,Withdrawal,0x3a8957b14fee95c795b6dc170d02039bcabb3dfdc02dbff25902b0aa48e7b161,0xec15c20015e72748f03065ed80c41cb882e3fb66,0xedd601d056fec73b5e152d2df6083e30cb697f7a,0.0013,0.00011804
2.0,2026-05-04 14:01:35.000 UTC,Withdrawal,0xde0352632e1b73f5d66a5d2641d2e380a965b55c6652f89a9f9d2fde6356e09a,0xec15c20015e72748f03065ed80c41cb882e3fb66,0x6672985da5fe88b132876e33e03e4d0bcdc54237,2.0,0.002
0.0104157417506,2026-05-04 14:00:11.000 UTC,Withdrawal,0xd765030902baa1a915e9a73fab6ff51a12f7dfe2652e770419e8e19bc4fb9be6,0xab6bd829c751d303e9a5b288e9e3d22ba9de024b,0xab6bd829c751d303e9a5b288e9e3d22ba9de024b,0.0104157417506,0.0002656014146403
0.005625,2026-05-04 13:18:23.000 UTC,Withdrawal,0x46d653feb470fbf507a22eae159d253cd5e67ef337fa76ddcf20922826d51d80,0xec15c20015e72748f03065ed80c41cb882e3fb66,0x1b444476659be63a7912fe1b1b0cb6075d1426aa,0.005625,0.000289125
0.0025,2026-05-04 13:16:11.000 UTC,Withdrawal,0x17b747c3627c5782d53e3937b51e5e2bd2504e143aebd38517b8294a52c6a1ac,0xec15c20015e72748f03065ed80c41cb882e3fb66,0x1b444476659be63a7912fe1b1b0cb6075d1426aa,0.0025,0.0002335
0.12,2026-05-04 03:35:23.000 UTC,Withdrawal,0xc4458d338014deb100f55e867b50d099483b2f112dd535aa82ca560a2bc480df,0xec15c20015e72748f03065ed80c41cb882e3fb66,0x5ccd6f7443cc79cf04453e5caa3d31c1f7a782e6,0.12,0.000312
0.1,2026-05-04 01:54:47.000 UTC,Withdrawal,0xcbe10fb86337585d572f6ea629ef4a2b705bef3c69b0cf7cb1688d09cd8df492,0xec15c20015e72748f03065ed80c41cb882e3fb66,0x6dc43be93a8b5fd37dc16f24872babc6da5e5e3e,0.1,0.00026
0.1,2026-05-04 01:19:23.000 UTC,Withdrawal,0x4980330a2a3765fbab99937eac5b51d7e407542cb01ff6793e9a535241809632,0xec15c20015e72748f03065ed80c41cb882e3fb66,0x6dc43be93a8b5fd37dc16f24872babc6da5e5e3e,0.1,0.00024
0.1,2026-05-03 23:48:11.000 UTC,Withdrawal,0xeb33b5af074935f3bfa637e76eb348c4f6a674e373d5b541b56a06c28ac00cec,0xec15c20015e72748f03065ed80c41cb882e3fb66,0x6dc43be93a8b5fd37dc16f24872babc6da5e5e3e,0.1,0.00023
0.1,2026-05-03 22:51:35.000 UTC,Withdrawal,0x7b956ef4d44db2d1aceb26bdef228684a9488a4709639ccf43ba7b5448be0e36,0xec15c20015e72748f03065ed80c41cb882e3fb66,0x6dc43be93a8b5fd37dc16f24872babc6da5e5e3e,0.1,0.00022
0.05,2026-05-03 20:35:59.000 UTC,Withdrawal,0xb19880a8cf0a75a0b0e82f14008f6444529a050c90247ee691f76b92edca567c,0xec15c20015e72748f03065ed80c41cb882e3fb66,0x4c7c79ae2f4bbfe4c63762ea05beb16a9deb5981,0.05,0.000205
0.0054,2026-05-03 15:05:59.000 UTC,Withdrawal,0xbd7782e135f39379e0ee4db664624a9c09f296bb37509cf3d00d672fc2208a05,0x78a57679a434a2caa3046335195130af6c5a5179,0xba1a3837e7f4b031195fdcd92487e39b04d3b202,0.0054,0.00025596
1.0,2026-05-03 04:27:23.000 UTC,Withdrawal,0x7f9b0c6d92458890c8afe2809a50d58a205ac1a98170b3ca5017a8684d29b1d9,0xec15c20015e72748f03065ed80c41cb882e3fb66,0xe495a7f50fac624eed8d5e14cec644d09d61ed02,1.0,0.0011
0.01,2026-05-03 03:10:47.000 UTC,Withdrawal,0x160461a0bf5e412503f3dffcc32f35722bd0acc918641a156198f95c15196638,0xec15c20015e72748f03065ed80c41cb882e3fb66,0x5f6f0c5cf9f02a406257c72fc84c34cbc4b2eac0,0.01,0.000114
0.05,2026-05-02 17:41:35.000 UTC,Withdrawal,0xdf974a2eaf600c2596d2a236de9975f3e7504200f0e672ba8516890407b638c5,0xec15c20015e72748f03065ed80c41cb882e3fb66,0x5553bcf8104d38e8cd9c7f468e85f1adbbd64202,0.05,0.00022
0.075,2026-05-02 17:19:23.000 UTC,Withdrawal,0x6b0abbaf72b92ad9a64a04a55426f5ce3c73da5e2ff23fd33a91cfd0d1c94841,0xec15c20015e72748f03065ed80c41cb882e3fb66,0x86ff810626aa10748a9bea636d62a933fc83c1aa,0.075,0.000255
0.0024,2026-05-02 14:14:11.000 UTC,Withdrawal,0x2fada316c618926cc45a7941a36d2ad60e246d39a62a3a456dd60a82ca981efb,0xec15c20015e72748f03065ed80c41cb882e3fb66,0x2a93e2794dab08acdf27c71780105aaeccfa0782,0.0024,0.0001536
0.036,2026-05-02 09:33:47.000 UTC,Withdrawal,0xdc491e748c9444b3c82ffaa3167179fe0d7d3c64e15b9eb7a0a1c23db323afdb,0x6c5816afbe2c0cda91742651e3bb63f80d25a59c,0xb68f074c4e2587438ffe86fd59528cf8463353c6,0.036,0.0002412
0.0075,2026-05-02 07:37:47.000 UTC,Withdrawal,0xf3e9b3d495717975e423305fb7413bc6bc8ac21ea977909d83d78b67c36fd50b,0xec15c20015e72748f03065ed80c41cb882e3fb66,0x2a93e2794dab08acdf27c71780105aaeccfa0782,0.0075,0.0001905
1.0,2026-05-02 07:25:11.000 UTC,Withdrawal,0xb65a3d4c38ac39ef7fa8184c6df69bf2cf10b39ce14782fedaa39d0ae4c8b1bf,0xec15c20015e72748f03065ed80c41cb882e3fb66,0xc324e7b66e4eed076dfdb3ce75ae4e69621afe34,1.0,0.0011
0.0229162334058274,2026-05-02 03:35:23.000 UTC,Withdrawal,0x22d1006529decd4d65e8fb7092a471fbc7baeeab5b1b46b27daa0b2a534c2988,0x78a57679a434a2caa3046335195130af6c5a5179,0xe12b5e7c037b3e10a46a76aeae72a0cc9d927208,0.02291623340582744,0.000190204737268367
0.01,2026-05-01 18:17:35.000 UTC,Withdrawal,0xcfe505e526287b24455480a65d71e29539b03ec6798460f0ef8b551f680cee54,0xec15c20015e72748f03065ed80c41cb882e3fb66,0x4f01032d511ec7dac5dd303632e92279e1625c76,0.01,0.000515
0.1,2026-05-01 11:55:23.000 UTC,Withdrawal,0xe9443431d374fb384c4e1372139289513132946d938e217a9c1f3f98168edda7,0xec15c20015e72748f03065ed80c41cb882e3fb66,0x6dc43be93a8b5fd37dc16f24872babc6da5e5e3e,0.1,0.0002
0.4,2026-05-01 07:40:11.000 UTC,Withdrawal,0x23a0b67989401255dd99e41a13557337223fd608d300fb5e7ba31d07436a4213,0xec15c20015e72748f03065ed80c41cb882e3fb66,0x1246f1c5cf02218c5931ab55a1d466fe51497993,0.4,0.00052
0.05,2026-05-01 06:39:35.000 UTC,Withdrawal,0x32fe3d1580ba3823b850fa488b3e6638c5212b3d0ff6777587abea056e35eb13,0x6c5816afbe2c0cda91742651e3bb63f80d25a59c,0x93ca62d1e64463cb093276530ab81d5760d65396,0.05,0.00024
0.01,2026-05-01 06:23:59.000 UTC,Withdrawal,0x93dd5c6b7fcae7a109aeae32ff5ac97db576a8b8390714387e47a31372ffd772,0x78a57679a434a2caa3046335195130af6c5a5179,0x4b183789e3333d34634fdd26e551153a7c802cbe,0.01,0.000344
0.2,2026-05-01 05:26:35.000 UTC,Withdrawal,0x369f4e38dd47a2b62a935dee99e2d74347d89ea6c74c08ac8eaa7949592283a1,0xec15c20015e72748f03065ed80c41cb882e3fb66,0x8ca9f4b2b405f72bfaa225fb58693d591f862ada,0.2,0.00034
0.1,2026-05-01 03:02:35.000 UTC,Withdrawal,0x626ef27f9a04e4a0c2474d11f5ad78ef28567dd0e10aa5d5df46806e1c515a74,0xec15c20015e72748f03065ed80c41cb882e3fb66,0x6dc43be93a8b5fd37dc16f24872babc6da5e5e3e,0.1,0.00023
0.1,2026-05-01 01:11:11.000 UTC,Withdrawal,0xf0a67164865738be91b71f2fa47826bc1fd5b9d4dd91c594269ef56a5ab3461c,0xec15c20015e72748f03065ed80c41cb882e3fb66,0x6dc43be93a8b5fd37dc16f24872babc6da5e5e3e,0.1,0.00022
0.1,2026-05-01 00:08:47.000 UTC,Withdrawal,0x62827a0eba1758ee23b048cd89a828771ae7a44602e4730a679507c8b72bd1a8,0xec15c20015e72748f03065ed80c41cb882e3fb66,0x6dc43be93a8b5fd37dc16f24872babc6da5e5e3e,0.1,0.0002
0.1,2026-04-30 22:15:35.000 UTC,Withdrawal,0xbc7af309524992b3754da5774abc1b9be6b3b0ed8cc10c355d11aa9be2e7e9ee,0xec15c20015e72748f03065ed80c41cb882e3fb66,0x6dc43be93a8b5fd37dc16f24872babc6da5e5e3e,0.1,0.00019
0.3,2026-04-30 21:01:59.000 UTC,Withdrawal,0x8c34850033e044f6a4658bc838a8a7a82ece2aa159a477c7c09a2787104be412,0xec15c20015e72748f03065ed80c41cb882e3fb66,0x44d10ad975c3b6b921badf9882e4c281a45c4ed3,0.3,0.00048
0.2,2026-04-30 20:05:11.000 UTC,Withdrawal,0x3a065cec7ba75d8652291423871cc99c1c1ce5d2b86cb8ed5b90607f16276971,0xec15c20015e72748f03065ed80c41cb882e3fb66,0x8989da707eb34bdf45a038194f30fe8cae9ed3d2,0.2,0.0008
1.0,2026-04-30 19:08:11.000 UTC,Withdrawal,0x10351b635712c914e039fbe5a0d7687edf823c2f9e16de9c6273fc952ae1935f,0xec15c20015e72748f03065ed80c41cb882e3fb66,0x6369e2b6fee964de801e080215ea33ab35f1cf6b,1.0,0.0028
0.01634,2026-04-30 16:58:11.000 UTC,Withdrawal,0x194035af9e097fc7675a756a5f3c4bb5ff8939c38e9baaebfd7991556841bfb3,0xec15c20015e72748f03065ed80c41cb882e3fb66,0x65c93bb0d2d26e046ff75a81344585aeec9f0de5,0.01634,0.000418304
0.2,2026-04-30 14:45:35.000 UTC,Withdrawal,0x9f4415a152c7e3e1fc89d65f12ac1a1512942bce6ddbbd4fccbadbafae487828,0xec15c20015e72748f03065ed80c41cb882e3fb66,0xb24ec7d7d45c9af9b945c8e60c2b648dd9e8b6fb,0.2,0.00198
0.026,2026-04-30 11:52:35.000 UTC,Withdrawal,0xa7b02f5db6331512fb385e672a0ca6765d48128537afbab0544d16bfd6b1605a,0xec15c20015e72748f03065ed80c41cb882e3fb66,0xeb4661f32d7c18ccd179241082189291ce51ea83,0.026,0.0001794
0.01,2026-04-30 10:50:47.000 UTC,Withdrawal,0xc9e279f2078f36bc8f088fb4bfbbd6e56d8488be3a7369960c5a9c65bce97f4c,0x6c5816afbe2c0cda91742651e3bb63f80d25a59c,0x6e3a0e32449853e22d488d35347f1138a83b6b5b,0.01,0.000274
2.0,2026-04-30 06:35:47.000 UTC,Withdrawal,0x53e86d7619efe6e75f001e3a7971f0fdbe9b5e62ad348715d88231aae24ea277,0xec15c20015e72748f03065ed80c41cb882e3fb66,0xc324e7b66e4eed076dfdb3ce75ae4e69621afe34,2.0,0.0022
0.2,2026-04-30 01:29:11.000 UTC,Withdrawal,0x835616936fd5e21678682d514a8aa696120823226b60c3fc9514e42e1dd4e658,0xec15c20015e72748f03065ed80c41cb882e3fb66,0xc63303932ba00df72e8b9cd8a05fccd0ae72711f,0.2,0.00048
0.02,2026-04-29 20:48:59.000 UTC,Withdrawal,0xecb6957402721537d2c2cca69ba0907f9a5b2f6e6bd33b78fb4e96492d7e442d,0xec15c20015e72748f03065ed80c41cb882e3fb66,0xd5958561b9d77a4b7a12ef568b4b70efa4f9ee4e,0.02,0.000692
0.012224,2026-04-29 20:33:11.000 UTC,Withdrawal,0xdd176fbd204bcff59defac968dfe392522890ef8c33957ef3ec73676b4288d02,0x6c5816afbe2c0cda91742651e3bb63f80d25a59c,0xead3a37df520ced1c5a82fec004045dc75501f94,0.012224,0.001002367999999999
0.5,2026-04-29 15:21:59.000 UTC,Withdrawal,0x2f6f00772a6ccd0572c750564330500d0ef27512391d14e4ac56bf14dad668d6,0xec15c20015e72748f03065ed80c41cb882e3fb66,0xbe9d366a8aabf9853250f490c5ec861d709dd00e,0.5,0.0014
0.1,2026-04-29 07:55:35.000 UTC,Withdrawal,0xa518f3f5e0d62b202ae8c06c748e77bd7dd04e5e5964ac9e52a80aad2a8732c2,0xec15c20015e72748f03065ed80c41cb882e3fb66,0x4dd41acb9e92834a03f5e4efe00390f8364ed435,0.1,0.00058
0.1,2026-04-29 05:22:11.000 UTC,Withdrawal,0x3f6d919679dd7c7296bc5d2a0a5644c98233808edc2a67b8ca7566e44848f9e8,0xec15c20015e72748f03065ed80c41cb882e3fb66,0xbe9d366a8aabf9853250f490c5ec861d709dd00e,0.1,0.00042
0.05,2026-04-28 23:41:47.000 UTC,Withdrawal,0x2f6f1ae24eb9733c48b1e461c3dcefd8560fc2e8061012bd3d759b2eda6bcab3,0xec15c20015e72748f03065ed80c41cb882e3fb66,0x2d61863b639be75d0ce93a04e57489b9995c3b29,0.05,0.00068
0.01,2026-04-28 20:17:23.000 UTC,Withdrawal,0xc33fbff79f0279b388633ce39c5fa9e6a96a9ae3a676841a9c1c802b34dadef9,0xec15c20015e72748f03065ed80c41cb882e3fb66,0x091b6017f13dc5fc4f17f62764470cc0a1ba0419,0.01,0.000762
0.01,2026-04-28 10:14:23.000 UTC,Withdrawal,0xe3c7e4707a60e0ff8c9e24da62ea33db5c7b54ba4c0c96b5591be6b3e334f18c,0xec15c20015e72748f03065ed80c41cb882e3fb66,0xb38f0327882abf488735c1e7f8a46a4a26e2d977,0.01,0.000452
1.0,2026-04-27 10:04:23.000 UTC,Withdrawal,0x54b9d0cd816547e153ac84766e6aba811bc62901160a4903fea7a5cd96331561,0xec15c20015e72748f03065ed80c41cb882e3fb66,0xa93d0a59752e7174f2287906b2313755313a3877,1.0,0.0021
0.04,2026-04-26 22:41:11.000 UTC,Withdrawal,0xb1b008fd47e94c56cc505818385baad9a86dc63319441b478f5924cb3883a757,0xec15c20015e72748f03065ed80c41cb882e3fb66,0x7e62339b6dc8dfc3317c56f4d37f10a98ce6757b,0.04,0.000212
0.0776,2026-04-26 21:23:11.000 UTC,Withdrawal,0x09b3d3ed4a30ccc127782c3d58235bbffc63a82bb14d435a043a806c5d5a0c4a,0xec15c20015e72748f03065ed80c41cb882e3fb66,0x7ac7abf5a9bd384f4aabc6b0db8d4639cb9e6f6d,0.0776,0.00028712
0.00376403125,2026-04-26 21:02:11.000 UTC,Withdrawal,0x5e5cc6139d8318598ac7b8454d9015e9a1d8a4333425c85c968233ea2df08f00,0xca11bde05977b3631167028862be2a173976ca11,0x34a42f4c3702ffb0a642c94dbe5bffa946ca42dd,0.0342945,0.0005212764
0.01925,2026-04-26 21:02:11.000 UTC,Withdrawal,0x5e5cc6139d8318598ac7b8454d9015e9a1d8a4333425c85c968233ea2df08f00,0xca11bde05977b3631167028862be2a173976ca11,0x34a42f4c3702ffb0a642c94dbe5bffa946ca42dd,0.0342945,0.0005212764
0.0342945,2026-04-26 21:02:11.000 UTC,Withdrawal,0x5e5cc6139d8318598ac7b8454d9015e9a1d8a4333425c85c968233ea2df08f00,0xca11bde05977b3631167028862be2a173976ca11,0x34a42f4c3702ffb0a642c94dbe5bffa946ca42dd,0.0342945,0.0005212764
0.45,2026-04-26 13:11:11.000 UTC,Withdrawal,0x79b8b208dfe4c74e51db2ca8322bc028d1464fd80059192b76eb95417b148374,0xec15c20015e72748f03065ed80c41cb882e3fb66,0x04ed5b859f768d6d3487b34550cd948bcd37f327,0.45,0.000945
0.45,2026-04-26 12:27:59.000 UTC,Withdrawal,0x04c05baac45ffbd9403af45c39d049ec08d4505667e1ba7a92cf5f4d3c0890d4,0xec15c20015e72748f03065ed80c41cb882e3fb66,0x0b77070c735a4ec5a0e94bda29782053650ae83a,0.45,0.00054
0.01,2026-04-26 11:22:47.000 UTC,Withdrawal,0x22e9ba7694705ff07734f74ee9b48b04366bcc05cf3cf154e5b267c9fdfc5957,0xec15c20015e72748f03065ed80c41cb882e3fb66,0x4519c71b704714e3d082a84afc9615fcfe7992b5,0.01,0.000102
0.01,2026-04-26 10:48:35.000 UTC,Withdrawal,0xe6a3adac0a36782c5363ce7ee14709e439ace7a27fc83f6817548d911dd99eef,0x78a57679a434a2caa3046335195130af6c5a5179,0xffc61ad4e5e8a196843a308d17970abac9380aa4,0.01,0.000125
0.005,2026-04-26 08:31:11.000 UTC,Withdrawal,0x1330113c9e394ce5f3cc3112004d598dfef72859185c4383d4fe3d039c277b85,0x78a57679a434a2caa3046335195130af6c5a5179,0x249e6dbd95d3c48a39d4fcb2d3c676fb23aaa55c,0.005,0.000113
0.004,2026-04-25 03:08:59.000 UTC,Withdrawal,0x7150caeb481843366b7bebf5f8ea6033c5e3fb66ddab1244360450ce958cce0f,0xec15c20015e72748f03065ed80c41cb882e3fb66,0xad98f61b9254d206de3a0d7394e10cc54d10606a,0.004,0.0001032
0.004,2026-04-25 02:15:23.000 UTC,Withdrawal,0xfed91fc92db405602727f6f3d600a3357927170015453a81f93ec5948c735002,0xec15c20015e72748f03065ed80c41cb882e3fb66,0xc2e0280d197a4bcd5a1822a6f0229c86139086fc,0.004,0.0001184
0.05,2026-04-25 01:37:59.000 UTC,Withdrawal,0xadf016caa4a368d12732d56af1c18052487b70f51ca89fd8d60b5a3081b0eed6,0xec15c20015e72748f03065ed80c41cb882e3fb66,0xc93e6308fdf60d493b30d1829eaf3dc620ec0a2f,0.05,0.00018
0.1,2026-04-24 21:06:35.000 UTC,Withdrawal,0x39170e88fada501ebd05d0d71e99b9e9c9d57637a7e75f01b076937b9399b6e6,0xec15c20015e72748f03065ed80c41cb882e3fb66,0x836fef4784806d95e5cd1918931b6328625e6ac6,0.1,0.00034
0.1,2026-04-24 09:28:23.000 UTC,Withdrawal,0x83dacdbe39bde69c6e595a7dfae8b1baf7ad63a6895a482cdf9f8f8ea5e8d72d,0xec15c20015e72748f03065ed80c41cb882e3fb66,0x52b556f76fc4ff6815e94af518e168b2c23ac37e,0.1,0.00028
0.01,2026-04-24 03:14:47.000 UTC,Withdrawal,0xbd077d0f3dc89a3da7a03effe136e3bbb5ce49b63e341d8ff7c18af7f03baa16,0xec15c20015e72748f03065ed80c41cb882e3fb66,0x56adf687b696eb2325d5f74344b4cd42b6822a5c,0.01,0.000564
0.02,2026-04-23 17:32:11.000 UTC,Withdrawal,0x9efa0fad6a2046284705673b61597abdb9777a71da785e5c81ffb86ff73c9d93,0xec15c20015e72748f03065ed80c41cb882e3fb66,0x184e7acad06031a2d362c144650e09e35b0b7cff,0.02,0.001966
0.034,2026-04-23 17:12:47.000 UTC,Withdrawal,0x8752fa3ac8769ea8765fbf998cb26300f258b5b479b22dfb7d6c9de179218c46,0xec15c20015e72748f03065ed80c41cb882e3fb66,0x3c6f6ddce19f751c8fbd7221cacf2f0461a1bbfd,0.034,0.0022814
0.01263,2026-04-23 14:08:23.000 UTC,Withdrawal,0x33218f20a2bb83644b98267ce3e835acf92bd893520a3edc6ba7ae8571f075f7,0xec15c20015e72748f03065ed80c41cb882e3fb66,0xaf1addfb0ca3aa1e38127e46f3ea48742ad4b4b0,0.01263,0.00108618
0.045,2026-04-23 10:16:23.000 UTC,Withdrawal,0x06a25a2b117af2d17e595ee0fa335fe4b3f146e736f3de3d80e96957d5af7cb4,0xec15c20015e72748f03065ed80c41cb882e3fb66,0xe43e93b596eabe0e7d2ac8e56c94b92ec8a2a43b,0.045,0.000441
0.1,2026-04-23 04:52:47.000 UTC,Withdrawal,0x47b78880dfe303be8c129957b9ccf5d59b8dcdc636ed206d1ff3fe8931cfc103,0xec15c20015e72748f03065ed80c41cb882e3fb66,0x8ca9f4b2b405f72bfaa225fb58693d591f862ada,0.1,0.00029
0.1,2026-04-23 04:50:23.000 UTC,Withdrawal,0x1df65aa32dc528c7881185b8669e8242b90d129c24c462cf5b28612248dfeabf,0xec15c20015e72748f03065ed80c41cb882e3fb66,0x8ca9f4b2b405f72bfaa225fb58693d591f862ada,0.1,0.00031
0.0147,2026-04-22 20:39:35.000 UTC,Withdrawal,0x1932efe7eb3febf68612985c7d1ebd8b7c33435e79ecfd8f727c1ffcba065996,0xec15c20015e72748f03065ed80c41cb882e3fb66,0x3b239007317456cced8628bdd4454e806cdc1e4b,0.0147,0.00072324
0.0267741875,2026-04-22 12:28:23.000 UTC,Withdrawal,0xae8a6d4fbab5b89d024773636bd5a2e8b0ee86b739b45170e4f84f6ee63c30ba,0x78a57679a434a2caa3046335195130af6c5a5179,0x2e47db4aa270801c058467e545ff14c26bf875db,0.0267741875,0.00267741875
0.01,2026-04-22 09:41:59.000 UTC,Withdrawal,0xdbfe248c8ce6d77dd15ea7b285325b63d574c27650618263f7e32df9d7a327f5,0xec15c20015e72748f03065ed80c41cb882e3fb66,0x518057191a975ece9727792d3cfb236dae291b73,0.01,0.000718
0.41582,2026-04-21 20:51:11.000 UTC,Withdrawal,0xa2937e5d893fe728617b1fbfefca3d559e053a5b6c1f09ec3b7e57a5faafb187,0xec15c20015e72748f03065ed80c41cb882e3fb66,0x9b1bff5d958759083da24954017753e5dc803420,0.41582,0.000706894
0.07031,2026-04-21 20:36:23.000 UTC,Withdrawal,0x862c786c24c2fe2d5895a8f9e37f7a2177d1ebd38d8b5201bfcaadfcbf8ec132,0xec15c20015e72748f03065ed80c41cb882e3fb66,0x940a7490062b11c489b294706ad5b6523873e3d1,0.07031,0.000337488
0.69778,2026-04-21 18:03:47.000 UTC,Withdrawal,0xeaad32a7a52b88f05dfa9b2bf909d663cbf0d9e723fb98c14d27f355673ec920,0xec15c20015e72748f03065ed80c41cb882e3fb66,0x9b1bff5d958759083da24954017753e5dc803420,0.69778,0.00104667
1.0,2026-04-21 17:54:59.000 UTC,Withdrawal,0x1bc7490c9646abc36d8fb801149100b8b03ad575a2a2304441afe65e395a277f,0xec15c20015e72748f03065ed80c41cb882e3fb66,0xc2b513f4d0fb32c72c970f4c392423c1e84848d8,1.0,0.0015
0.98,2026-04-21 15:41:23.000 UTC,Withdrawal,0x0a16833e5b56e7442731aadd9f2c69173f6c18ce03af419af5ad5ac69c46d770,0xec15c20015e72748f03065ed80c41cb882e3fb66,0xa68fa10604668ecedd7531c287eca988d3381244,0.98,0.00147
2.442,2026-04-21 13:50:11.000 UTC,Withdrawal,0xdf3fd73e21335696718c3d35d41c21ac7cd863756e0ee8bcb0deb58f50dbcd6a,0xec15c20015e72748f03065ed80c41cb882e3fb66,0x12bc91c83fb3539f7d7eb07710b8ee75ba77d962,2.442,0.0026862
0.025,2026-04-21 13:09:11.000 UTC,Withdrawal,0xabeb76a7b56f80280fbbac6f5b5d97488bb059106233ba2671dee507d9a04588,0xec15c20015e72748f03065ed80c41cb882e3fb66,0xe046807d3a4f12430d6e3eafcfb8ea9965a7055e,0.025,0.000415
0.025,2026-04-21 13:06:47.000 UTC,Withdrawal,0x657de71f52235979ca715421f50b12fb8561c9317d147e763144518c4852217f,0xec15c20015e72748f03065ed80c41cb882e3fb66,0x7ff56143474334ac98c72e263bac1106bb0e83aa,0.025,0.0004675
0.05,2026-04-21 13:02:11.000 UTC,Withdrawal,0x36840d2a082714de9854b92a714e9827a0c35ee4dd1b956fea5e33ceac62e443,0xec15c20015e72748f03065ed80c41cb882e3fb66,0x29d6e058d654eb5fbf2a48bd8c1eb13a32f14f45,0.05,0.000515
0.05,2026-04-21 13:00:11.000 UTC,Withdrawal,0x43637e88593f05843fbee1a894f379e35f64836cff42385605fec493a01fc377,0xec15c20015e72748f03065ed80c41cb882e3fb66,0xcea04c4df58ad1f2242f6c7a40b14a40ae7ecb04,0.05,0.000435
0.05,2026-04-21 12:58:11.000 UTC,Withdrawal,0x46593ac06ff081d3a08478400ad6e4d74556f04c3c7d4e989dd19adf15118a61,0xec15c20015e72748f03065ed80c41cb882e3fb66,0x2f4f7c271864f39c668e5098705152baa14eddfc,0.05,0.00051
0.1,2026-04-21 12:55:47.000 UTC,Withdrawal,0x1f6dccfedf6d9334f3b0b8e436a8ee7fbf1bf2b2477185360cb87678e1ad2daf,0xec15c20015e72748f03065ed80c41cb882e3fb66,0xe5542c24dc2bd83ae699572c81368f439f965128,0.1,0.00056
0.1,2026-04-21 12:53:59.000 UTC,Withdrawal,0xb419a799786772987a4cf70e0843f57c33f3385933c673e99a81941bbbd01b53,0xec15c20015e72748f03065ed80c41cb882e3fb66,0xabaab951f60299271f9ead3772c071eb5798030f,0.1,0.00053
0.1,2026-04-21 12:52:11.000 UTC,Withdrawal,0x0bd40560b93eda631372d867a0107b95b96db40d9281f64d13f0a7334f6c791b,0xec15c20015e72748f03065ed80c41cb882e3fb66,0x30480ce329f6ada0a0d87257b5ddd42b16f452f8,0.1,0.00052
0.1,2026-04-21 12:49:35.000 UTC,Withdrawal,0x81fc029096b99246e27c63249fe0de46d0eb3034d4dfcc8dde54aa08bfc9ad88,0xec15c20015e72748f03065ed80c41cb882e3fb66,0x4f1c40a87d911e08ec2ea297554e77bee074d53b,0.1,0.00056
0.1,2026-04-21 12:46:23.000 UTC,Withdrawal,0x9036508c746db20fe7840ef9f8c801868aa8ba70b9f8d2a8d3c48e277963bca7,0xec15c20015e72748f03065ed80c41cb882e3fb66,0x26ef3f6e2ffc062ff8f0c0867132f28ca7754680,0.1,0.00052
0.2,2026-04-21 10:54:35.000 UTC,Withdrawal,0xef8b4ab3265a8f891a20851ff439f2eaace66917249651c1844b94e0f660e5a4,0xec15c20015e72748f03065ed80c41cb882e3fb66,0xc63303932ba00df72e8b9cd8a05fccd0ae72711f,0.2,0.00036
0.246,2026-04-21 10:43:47.000 UTC,Withdrawal,0xf83b10277e8ad8b36973fe203a05fbef69abe60092c7368a3f8db6627d0512cf,0xec15c20015e72748f03065ed80c41cb882e3fb66,0x4e268a62355e557dedb69abc33ab7be0dc811e88,0.246,0.0004182
1.0,2026-04-21 04:09:35.000 UTC,Withdrawal,0xc743cd83708e8ffa7430368dd07101724dd16d3f4c296f4855cce26f6c10f499,0xec15c20015e72748f03065ed80c41cb882e3fb66,0x6369e2b6fee964de801e080215ea33ab35f1cf6b,1.0,0.0019
1.396,2026-04-21 03:57:23.000 UTC,Withdrawal,0x80f8cad45b9da3d5c02bf597b2433ff9a7f8fb13d2732d21d8e7a542b5619f05,0xec15c20015e72748f03065ed80c41cb882e3fb66,0x8db529f38f60d70213c8b9b0078ffcb64aaef7b2,1.396,0.0018148
0.49632,2026-04-21 03:47:35.000 UTC,Withdrawal,0x046799f489c3e4d9af7e89cdfa509a07e4d3bff216eed3ac89b305dba5152763,0xec15c20015e72748f03065ed80c41cb882e3fb66,0x8db529f38f60d70213c8b9b0078ffcb64aaef7b2,0.49632,0.000645216
0.6349,2026-04-21 03:44:59.000 UTC,Withdrawal,0x0a5d9a67c783ac6b8da85771fb0977f3a15c42d8a91ecc369d28c5f5a2ecfac7,0xec15c20015e72748f03065ed80c41cb882e3fb66,0x8db529f38f60d70213c8b9b0078ffcb64aaef7b2,0.6349,0.00076188
0.020276,2026-04-21 03:16:47.000 UTC,Withdrawal,0x53296322762fd1a32584ec8c442c0222505f0cec104121a80795d3dd4e512a7b,0x6c5816afbe2c0cda91742651e3bb63f80d25a59c,0xb227401f63751dafc7dce65f71360d7afa874889,0.020276,0.0002757536
0.05,2026-04-21 01:29:23.000 UTC,Withdrawal,0xf11896e8e2cdb384a9e3bd4296a1cfc02a9e351be6a4343c103d900719e56c5a,0xec15c20015e72748f03065ed80c41cb882e3fb66,0xe8ba75b64124b5b987f57d4414797eb713c28373,0.05,0.002115
0.405,2026-04-21 00:31:59.000 UTC,Withdrawal,0xb14b3b854c9bdb328288087d8cb1be01c716d75fce17f94d2bc500db7baded9e,0xec15c20015e72748f03065ed80c41cb882e3fb66,0xcb001ddb3864d1a889d1b9a5e794d188a6655548,0.405,0.000567
0.006,2026-04-20 21:50:11.000 UTC,Withdrawal,0xd2ff0f7a0eb705e3055922cca74e834b81fa0eef42d24dcba437a07f059ed7a0,0x6c5816afbe2c0cda91742651e3bb63f80d25a59c,0x2c2143d94b898664fe30a413f20c106b1c431f54,0.006,0.0005838
0.9,2026-04-20 20:40:35.000 UTC,Withdrawal,0xca5b2c41a9118f523b32a015c37c18b91dc4eabf65764139b48cec47a6ede467,0xec15c20015e72748f03065ed80c41cb882e3fb66,0x750e05f81f37c694a5eea3eb8d79dc0324ccbee2,0.9,0.00144
0.0348375,2026-04-20 20:35:35.000 UTC,Withdrawal,0xf7d894494def18530bc3bd6bc86805998d694804438de96abb8c9d011a699399,0xec15c20015e72748f03065ed80c41cb882e3fb66,0xd4b086acd37afbde05a6b2f97df701abbc2d5f10,0.0348375,0.00075249
0.1045125,2026-04-20 20:27:59.000 UTC,Withdrawal,0x240980719506cca9a8f8456b890fe93d2a9c84d8afb9210fef85916a165f98aa,0xec15c20015e72748f03065ed80c41cb882e3fb66,0xd4b086acd37afbde05a6b2f97df701abbc2d5f10,0.1045125,0.00142137
0.5,2026-04-20 20:18:35.000 UTC,Withdrawal,0xbfebe739fced5791afc1b2c80ad2a37afb2660a1f937497bf47822f7fec55d34,0xec15c20015e72748f03065ed80c41cb882e3fb66,0x750e05f81f37c694a5eea3eb8d79dc0324ccbee2,0.5,0.0018
0.0489964,2026-04-20 19:40:47.000 UTC,Withdrawal,0xe0b048fd652ff7e938d4915def8413fb122e8b0b759c4f85064f642f615f01be,0xec15c20015e72748f03065ed80c41cb882e3fb66,0xe4272e7e1c837f33a52c55ead56148348a442c2e,0.0489964,0.0006859496
0.0876256,2026-04-20 19:12:35.000 UTC,Withdrawal,0x202bebed6ff5c1550e718d9353955ffaa707262c7b5ef2a1e865b7602529941c,0xec15c20015e72748f03065ed80c41cb882e3fb66,0xe4272e7e1c837f33a52c55ead56148348a442c2e,0.0876256,0.0010076944
0.0438,2026-04-20 09:38:59.000 UTC,Withdrawal,0x4cde80a2d46dc3dee9737feb48564b118c5ae3a3c8c33844c104018217dc471a,0x78a57679a434a2caa3046335195130af6c5a5179,0x735e2025ea2392605890c301b981515cee0b0927,0.0438,0.00279006
0.4,2026-04-20 06:25:11.000 UTC,Withdrawal,0xd06feb1780717003e976623ab605be5470fe515b9e56418d4e0d49c2c1129c17,0xec15c20015e72748f03065ed80c41cb882e3fb66,0xace75271ab4f437df6669bf76ee949c70163c8db,0.4,0.00068
0.1,2026-04-19 23:47:11.000 UTC,Withdrawal,0x4e87806f2228c91c6b5b96e0038b6ef6dcc8bcb6c639f6c0dd98273c7d9a7fe9,0xec15c20015e72748f03065ed80c41cb882e3fb66,0x6dc43be93a8b5fd37dc16f24872babc6da5e5e3e,0.1,0.00032
0.1,2026-04-19 23:24:47.000 UTC,Withdrawal,0xa54845cc16106c0f1236edd25bb7d7a15f4c0253fc1a9b9ebf7a5d7f4750e947,0xec15c20015e72748f03065ed80c41cb882e3fb66,0x6dc43be93a8b5fd37dc16f24872babc6da5e5e3e,0.1,0.00048
1.0,2026-04-19 12:27:23.000 UTC,Withdrawal,0x4c65c2d800788e8c3d88729350677e3f5e77a468475a27c87fbfb5907f56a69b,0xec15c20015e72748f03065ed80c41cb882e3fb66,0x2e2fb8b7dc0f58182a8f1316fab1a80318a7e49d,1.0,0.0015
1.0,2026-04-19 11:44:59.000 UTC,Withdrawal,0x1ff43da0440d07f831618d9a8c96722fd044e45a5cfe182cdb4b06ed3654a149,0xec15c20015e72748f03065ed80c41cb882e3fb66,0xace75271ab4f437df6669bf76ee949c70163c8db,1.0,0.0014
0.5,2026-04-19 08:03:23.000 UTC,Withdrawal,0xccf5608603bc2b4ebebc48ceb2e00771334fb944adc222b47a8219ff97d4d505,0xec15c20015e72748f03065ed80c41cb882e3fb66,0x8ca9f4b2b405f72bfaa225fb58693d591f862ada,0.5,0.0017
1.8643,2026-04-19 07:35:59.000 UTC,Withdrawal,0x2d4232f18af3cdcb36a502d7d96038611d37d90fd5177e4d81919ed929aca395,0xec15c20015e72748f03065ed80c41cb882e3fb66,0x12bc91c83fb3539f7d7eb07710b8ee75ba77d962,1.8643,0.00298288
1.3094,2026-04-19 04:57:11.000 UTC,Withdrawal,0x1f87c20994bcb99bebb82c622711ebceca9bb17d5fe0539495d316915e6979b3,0xec15c20015e72748f03065ed80c41cb882e3fb66,0x28cf37962ff401452672f265ec10b820ad435f05,1.3094,0.00209504
0.1,2026-04-18 22:37:47.000 UTC,Withdrawal,0x86e45bfc90a10720e357e634c8c3f375f1dd2624370fa23509b68c717923fe6e,0xec15c20015e72748f03065ed80c41cb882e3fb66,0x6dc43be93a8b5fd37dc16f24872babc6da5e5e3e,0.1,0.00071
0.003,2026-04-18 14:52:35.000 UTC,Withdrawal,0xd59aeef9731ecbd7b52f72719e925a0c535170a175565b962f2bebffe0deb577,0x6c5816afbe2c0cda91742651e3bb63f80d25a59c,0x7fc9c8ec2cbf16d8fd1b8a65fb0b38f5e9615638,0.003,0.0003
0.003,2026-04-18 11:47:23.000 UTC,Withdrawal,0xbe2bba120a7abdae84426a13ee39950d3ed09dc2e6fc42afd96ab1c181afb438,0xec15c20015e72748f03065ed80c41cb882e3fb66,0x1706747520562b602a5e99b31ca8e7a8fd707c29,0.003,0.0001434
0.975,2026-04-18 07:07:23.000 UTC,Withdrawal,0xf547dfd9344d9800cd43df35f143cccffc9e70a99cf11fa066b60ba893172df5,0xec15c20015e72748f03065ed80c41cb882e3fb66,0x9d9ab9881614a9af208285ed3b25151d63c5b080,0.975,0.000975
0.0125,2026-04-18 05:28:47.000 UTC,Withdrawal,0xc32bbac972d98e5d61dadd68fc838263615515387adaa068ca4231b72016c0c3,0x6c5816afbe2c0cda91742651e3bb63f80d25a59c,0x7ff5ce9c1d15693203b737e9ee3e06ec1f6a6a4c,0.0125,0.0001525
0.8,2026-04-17 19:39:23.000 UTC,Withdrawal,0xbd990c0a17b2b96050f5bd43487fd121e1fd9a7899e3abc3ee7c29572c4d6ff5,0xec15c20015e72748f03065ed80c41cb882e3fb66,0x47baef2b6b241caa59acbe330774b09bf4b77111,0.8,0.00088
1.5,2026-04-17 19:33:11.000 UTC,Withdrawal,0x3ac934286ddf40b406aaa365515c9a5c5ebaec9c08363eeee5e9a3b9318d1b76,0xec15c20015e72748f03065ed80c41cb882e3fb66,0x47baef2b6b241caa59acbe330774b09bf4b77111,1.5,0.0015
0.015,2026-04-17 19:26:23.000 UTC,Withdrawal,0xae56f31d27ada11a8656efcce454f313516c14877f7309636792b5313d256b14,0xec15c20015e72748f03065ed80c41cb882e3fb66,0xec5f8421553cb15356ee32e9fd7007ce08663977,0.015,8.25e-05
0.1,2026-04-17 18:32:47.000 UTC,Withdrawal,0x7218cfb4393cfad7363d67d754ae585c9c6ccdae2416bf70b5ccf7003dbcbed1,0xec15c20015e72748f03065ed80c41cb882e3fb66,0x7ac7abf5a9bd384f4aabc6b0db8d4639cb9e6f6d,0.1,0.00028
1.0,2026-04-17 16:55:23.000 UTC,Withdrawal,0x11dc727abc512611ac4d1ff40df226930394cbc1b981f4cff468b06b9fb8586d,0xec15c20015e72748f03065ed80c41cb882e3fb66,0x19a0110537e4960c765d6f3fea9445b022a287f0,1.0,0.0016
0.1,2026-04-17 04:28:11.000 UTC,Withdrawal,0x74e1629520ada95d4f0ae3e53527279f7abfecf2729646d059c0e3322f9cf7a1,0xec15c20015e72748f03065ed80c41cb882e3fb66,0x6dc43be93a8b5fd37dc16f24872babc6da5e5e3e,0.1,0.00014
0.289,2026-04-16 22:15:59.000 UTC,Withdrawal,0x92b883d0adfda8d860dec62159dd95adb3c9ca305cf30a0a32a2649a5921f9a6,0xec15c20015e72748f03065ed80c41cb882e3fb66,0xcb00244391c299a54b750157d3490733d1d0275a,0.289,0.0003468
0.535,2026-04-16 22:14:23.000 UTC,Withdrawal,0xb5f963c4dc9e2d4f9fbe25b54deea4e47c6c7558d5a691cc6e2b610950761e4f,0xec15c20015e72748f03065ed80c41cb882e3fb66,0xcb00244391c299a54b750157d3490733d1d0275a,0.535,0.0005885
0.0138000125933004,2026-04-16 22:07:11.000 UTC,Withdrawal,0x1d129e036b1f0a8e6bb113a92c55eeb0ff8046f8fc0e6122e6b2eb663951d077,0x6c5816afbe2c0cda91742651e3bb63f80d25a59c,0x4aba7f5b3d5583e94b344f92e2e98943e7bc2246,0.013800012593300484,0.000109020099487073
0.01888,2026-04-16 16:59:11.000 UTC,Withdrawal,0x64409f356297032bdea066314246819f89ffed6a88d6300217eec58b7e083307,0xec15c20015e72748f03065ed80c41cb882e3fb66,0x052a3c21baa95f664397367856ff90d7296c8dc9,0.01888,0.000239776
0.01,2026-04-16 13:08:11.000 UTC,Withdrawal,0x117f9c6e5fb9b4b0da9e0bfdb99d671c5a7016f1044b87cf2e300cf837b25343,0xec15c20015e72748f03065ed80c41cb882e3fb66,0x1fbe926dbda309753e0cb0649617dd0b0a97743f,0.01,8.4e-05
0.01,2026-04-16 13:06:35.000 UTC,Withdrawal,0x3976b76962f167f35a9b9e601288a14094f078f464179d0336c37dfcf683991d,0xec15c20015e72748f03065ed80c41cb882e3fb66,0x00fcc6a26bc16e82a2037fbe5f9a18ff94f9f52e,0.01,8.6e-05
0.1,2026-04-16 12:39:47.000 UTC,Withdrawal,0x2f320e8cc35b448468a52ed408422d1d229b9a69a4a4c3b7043491c10154f69a,0xec15c20015e72748f03065ed80c41cb882e3fb66,0x6dc43be93a8b5fd37dc16f24872babc6da5e5e3e,0.1,0.00015
1.0,2026-04-16 12:30:23.000 UTC,Withdrawal,0xc391ed8e57f039d708583e6b6c21276295e9c6b2d8d96e98901dd6528b01f41a,0xec15c20015e72748f03065ed80c41cb882e3fb66,0x7f9848eb587381aef480b0f4e76415a238407cc5,1.0,0.001
0.1,2026-04-16 12:03:47.000 UTC,Withdrawal,0xdf1f5c09c17b01265cb9475f18008b51a2144809c50ba2ac13d8102a8b992efe,0xec15c20015e72748f03065ed80c41cb882e3fb66,0x6dc43be93a8b5fd37dc16f24872babc6da5e5e3e,0.1,0.00016
0.15289,2026-04-16 11:13:47.000 UTC,Withdrawal,0xa08d5f81bbb4e9f7013ec5fbc6fac3c3623bc72b4631f4bec891876bcc202be7,0xec15c20015e72748f03065ed80c41cb882e3fb66,0xcb00244391c299a54b750157d3490733d1d0275a,0.15289,0.000198757
0.005,2026-04-16 11:06:23.000 UTC,Withdrawal,0xee6fcc040218aff2b1a030bfc054630ea4885cc053836456f66d6593699137c9,0xec15c20015e72748f03065ed80c41cb882e3fb66,0x9035de6132bf1d81d9a32a1dccaa98baa0c19a7d,0.005,6.65e-05
1.0,2026-04-16 10:23:35.000 UTC,Withdrawal,0xef259f420dfacfd6deae619e82f49b6314f94e462672c38dbad310e5af82a975,0xec15c20015e72748f03065ed80c41cb882e3fb66,0x22e1a3dff56c56df65667eff0f307c5d5847e565,1.0,0.001
0.25,2026-04-16 10:05:59.000 UTC,Withdrawal,0xbd59ce082e4c1210d6980ea7a25008e86b56787ab76a78191c049d2b7aa2b5f6,0xec15c20015e72748f03065ed80c41cb882e3fb66,0x7ec6f350bfa61f2702411aaa1ff7d472814b8ee1,0.25,0.0003
0.07896,2026-04-16 09:05:59.000 UTC,Withdrawal,0xb263d47328a3732938253cf30d997c5fa25f19231f43e8951a168f4c22087759,0xec15c20015e72748f03065ed80c41cb882e3fb66,0x2151e5d895ed378f28ff29bf74bb0e9b5a556f50,0.07896,0.000134232
0.98,2026-04-16 07:04:59.000 UTC,Withdrawal,0x9a8dec8d8bcbf6011ef88d9ca99e51556c0362687eacace495f343710177fdb4,0xec15c20015e72748f03065ed80c41cb882e3fb66,0xdd887c77a4cb27b265e31f50627b28c12dff295a,0.98,0.00098
0.01,2026-04-16 00:00:47.000 UTC,Withdrawal,0x464381e67d4ce2fd7e2854e4b3224c3ffe1701198322e7848642b1e55ebb86f9,0xec15c20015e72748f03065ed80c41cb882e3fb66,0x98c4b40d8b4782e2d2b336b36d6269056d767c51,0.01,3.6e-05
0.02563,2026-04-15 15:52:11.000 UTC,Withdrawal,0x505a47daa5ad192707f6847f3cb3f5cb2948f902d90d998122da5595c5e64582,0xec15c20015e72748f03065ed80c41cb882e3fb66,0x50b75d586929ab2f75dc15f07e1b921b7c4ba8fa,0.02563,0.000125587
0.1,2026-04-15 03:31:23.000 UTC,Withdrawal,0x42789a2d0bc5d23301c80d045caef063be164df13dcf72a898e10fac3f17cdda,0xec15c20015e72748f03065ed80c41cb882e3fb66,0xe6a52260694aa80fa0ca152acdc868dea4566f2a,0.1,0.00024
0.1,2026-04-15 03:15:23.000 UTC,Withdrawal,0xaaa820981418956b0b0e0a00c7799675b4e1922b9f88b14fc11b2e69308b0294,0xec15c20015e72748f03065ed80c41cb882e3fb66,0x188b377db3bc07d626c91d05de8ffbc687d4a0ef,0.1,0.00019
0.025,2026-04-14 17:48:35.000 UTC,Withdrawal,0x18b0a8fd463108154d98506146a95cb44d9398f7b5f017b7915a3d78838b54d9,0xec15c20015e72748f03065ed80c41cb882e3fb66,0x8eccaadd5302b8f2e798859c263ac72ac5e5931d,0.025,0.00013
0.02,2026-04-14 08:39:11.000 UTC,Withdrawal,0x6ea8423c85e8f523da35b91e734b3912a50df56346bcbae821218d2237944383,0xec15c20015e72748f03065ed80c41cb882e3fb66,0x91d0ccca243695fcd106a032884f5cbb2f5573f3,0.02,0.000164
0.05,2026-04-13 22:04:59.000 UTC,Withdrawal,0xf2f0f251992b0cbe9071644e33945032d1ea81895963c8ff3244350b6b1c3eb4,0xec15c20015e72748f03065ed80c41cb882e3fb66,0x8c3d1bac749a44f2261773b498c8a513e9609636,0.05,0.0001
0.01,2026-04-13 19:55:11.000 UTC,Withdrawal,0x5818eb2fada3b66abcae22eda284a3df5ae3812720f67445818da4d4146a5f56,0xec15c20015e72748f03065ed80c41cb882e3fb66,0x2252fe6dc126bb09f4dd5e46954d1eab8f610373,0.01,0.000115
0.00995,2026-04-13 18:51:11.000 UTC,Withdrawal,0xf1a55ee3ea4afa7e341e464238b3bcb563704de05b288af883819671af1e5583,0x6c5816afbe2c0cda91742651e3bb63f80d25a59c,0xa5c8fa4cc327de14da1235280c3ca4d6ab2505b4,0.00995,0.000114425
4.0,2026-04-13 16:19:47.000 UTC,Withdrawal,0x3a00d56615c65a4ad6fd10432a4c4801083a460eba3f989970dfb6f53f3cfa61,0xec15c20015e72748f03065ed80c41cb882e3fb66,0xe9e8ac3457a414d906d5046f8c3d297f410a0d82,4.0,0.004
0.004,2026-04-13 14:29:11.000 UTC,Withdrawal,0x691c9038404c148475f1e5a06f4255e459f1d80f711487f64076c49894a3de87,0x6c5816afbe2c0cda91742651e3bb63f80d25a59c,0x3565a9b3c73afc485f92b1d0270ee46833950d3d,0.004,0.000312
0.006,2026-04-13 14:23:47.000 UTC,Withdrawal,0xb4daa13b65a6d7bcb31dc1872fedfc2f49b045ffef58f6a9010fd0ce6f0fa7d4,0x6c5816afbe2c0cda91742651e3bb63f80d25a59c,0x3565a9b3c73afc485f92b1d0270ee46833950d3d,0.006,0.0002862
1.0,2026-04-13 12:36:23.000 UTC,Withdrawal,0xaa8f287498e968e359cde543fe3c7feea9d6235d5d11de80e56ccf55e8c980e4,0xec15c20015e72748f03065ed80c41cb882e3fb66,0xace75271ab4f437df6669bf76ee949c70163c8db,1.0,0.001
0.02,2026-04-13 12:02:35.000 UTC,Withdrawal,0x9542204a929589f14292240708b1be42870ff7144146a831e2b908836a6d33b1,0xec15c20015e72748f03065ed80c41cb882e3fb66,0x07d7e7689f3af0cd4444eae85dc19ba5448e05d3,0.02,0.000176
0.05,2026-04-13 09:49:23.000 UTC,Withdrawal,0x48d2bb568c1e35cdb06032805ccab50ace3954dd0c532ddfbfdc3e806e4095e6,0xec15c20015e72748f03065ed80c41cb882e3fb66,0x3e971fde99a67199c8d6c44f790e0448fed68418,0.05,0.000245
0.75,2026-04-13 03:37:47.000 UTC,Withdrawal,0xdc4f06cefc2b7a9333078c3383014125fce36551a4c2a61d270b9196f65a268d,0xec15c20015e72748f03065ed80c41cb882e3fb66,0xb588d20676da28acfb77af7ce7828b39880b0549,0.75,0.00075
0.23,2026-04-12 19:10:47.000 UTC,Withdrawal,0x3b96fb0d4153b9d32f95e0d2825a3f78ab214b9b597a2eeb8114e9c2abd38b3f,0xec15c20015e72748f03065ed80c41cb882e3fb66,0xbcbf5d0f01dfaf9b81d4db0ccb99261705d41fa6,0.23,0.000322
1.0,2026-04-12 14:05:11.000 UTC,Withdrawal,0xa09a32937b391fbcd22a5e35ca574d29577bff862db98534b8dc4d4dfdc57ba7,0xec15c20015e72748f03065ed80c41cb882e3fb66,0x95d8ed63c102f12fd4fa277e88970b01fe870ee1,1.0,0.0011
1.0,2026-04-12 05:35:47.000 UTC,Withdrawal,0xd0d58075626926d6c932db0ab8a7a2e4d5c508bcad91f67bf17c4cdc6869ed45,0x6c5816afbe2c0cda91742651e3bb63f80d25a59c,0x14623a81ee755725d4d9fd314c516beded090643,1.0,0.0001
0.2,2026-04-12 05:12:47.000 UTC,Withdrawal,0x63368b408789a28d0a1b4f99a4ae97369c3c24e12398ee195353ce9ebde2991d,0xec15c20015e72748f03065ed80c41cb882e3fb66,0xc63303932ba00df72e8b9cd8a05fccd0ae72711f,0.2,0.00028
0.003,2026-04-12 02:36:35.000 UTC,Withdrawal,0x6011a738fd1c81fd4004af3d809c216093f3cb641cd14e5c18ce5cc0807f0f37,0x6c5816afbe2c0cda91742651e3bb63f80d25a59c,0xf564ba56a5d30626bb3ef4e322f5528fb24fcd6b,0.003,0.0001578
0.002,2026-04-12 02:34:11.000 UTC,Withdrawal,0x8467ae7762c75298fa8f6ca419ad089c51d1b3c7ea7b32ee1c4ab9123f441f25,0x6c5816afbe2c0cda91742651e3bb63f80d25a59c,0xf0abd4d07ceb6838fdb68e73a7a8578793435c7d,0.002,0.0001362
0.0105566775196303,2026-04-12 00:52:47.000 UTC,Withdrawal,0x2ff94de5ed4352cc5b3d9858bb3121703f0b569da48fe958903655ec0fe50de4,0x6c5816afbe2c0cda91742651e3bb63f80d25a59c,0x1805a487036ac67e6a23b1f7cc44d60cce82a91c,0.010556677519630372,0.000152016156282677
0.002,2026-04-12 00:50:11.000 UTC,Withdrawal,0x2fdc608d968de421dade2d1398859bc4614eb428b807dda1503664dfa1a9e816,0x6c5816afbe2c0cda91742651e3bb63f80d25a59c,0x4ebca752dc48f10d1ee1f2f143c167a1dfa7c2ec,0.002,0.0001394
0.044469,2026-04-11 22:41:11.000 UTC,Withdrawal,0x37e708124dd846f18b9080bb3418bd3ae47f9f19ae0aeb0572167b55bc592256,0xca11bde05977b3631167028862be2a173976ca11,0x1b3fd74d1c4d7c22cddd3e035a0cc29d1c1d6514,0.044469,0.00044469
0.02607,2026-04-11 22:41:11.000 UTC,Withdrawal,0x37e708124dd846f18b9080bb3418bd3ae47f9f19ae0aeb0572167b55bc592256,0xca11bde05977b3631167028862be2a173976ca11,0x1b3fd74d1c4d7c22cddd3e035a0cc29d1c1d6514,0.044469,0.00044469
0.01745,2026-04-11 22:41:11.000 UTC,Withdrawal,0x37e708124dd846f18b9080bb3418bd3ae47f9f19ae0aeb0572167b55bc592256,0xca11bde05977b3631167028862be2a173976ca11,0x1b3fd74d1c4d7c22cddd3e035a0cc29d1c1d6514,0.044469,0.00044469
0.001406,2026-04-11 22:41:11.000 UTC,Withdrawal,0x37e708124dd846f18b9080bb3418bd3ae47f9f19ae0aeb0572167b55bc592256,0xca11bde05977b3631167028862be2a173976ca11,0x1b3fd74d1c4d7c22cddd3e035a0cc29d1c1d6514,0.044469,0.00044469
0.01,2026-04-11 22:38:59.000 UTC,Withdrawal,0x3b826dcb3cfb654ce99e388cbd52d7f251f7a004270c6d816c6c47593eeebd10,0x6c5816afbe2c0cda91742651e3bb63f80d25a59c,0x35fa73a3106b281bef5a4cad8949dc7b67590dd4,0.01,0.000161
0.75,2026-04-11 21:41:23.000 UTC,Withdrawal,0xd136b806113c9f800a805dc1dcbaeea3578f9737a3ef663a5dc0ec1db68c4da6,0xec15c20015e72748f03065ed80c41cb882e3fb66,0x19a0110537e4960c765d6f3fea9445b022a287f0,0.75,0.00075
0.39,2026-04-11 21:38:11.000 UTC,Withdrawal,0x7d1a5c3ef6ba899bfddf669edc904edf44055631e8a4ae3e6beabe834054014f,0xec15c20015e72748f03065ed80c41cb882e3fb66,0x19a0110537e4960c765d6f3fea9445b022a287f0,0.39,0.00039
0.029,2026-04-11 19:14:59.000 UTC,Withdrawal,0x3a1fd7797a71cc3c65d613a7de9c1d8b907f30c5fae32342cd3cd7b02abb17e9,0xec15c20015e72748f03065ed80c41cb882e3fb66,0x5872345ad3c6ed05747cdfb12bbb7ae2e56addd2,0.029,0.0001508
0.03,2026-04-11 16:30:35.000 UTC,Withdrawal,0x06a9382245d1688b1359d7bfdd05969b99b89a18835bbff5f91f5c5907134aaf,0xec15c20015e72748f03065ed80c41cb882e3fb66,0xd708284bdcbf30fe9191b97b3b1f940b41366016,0.03,5.4e-05
0.2,2026-04-11 16:29:11.000 UTC,Withdrawal,0xdb71663eee6cad5a641e24dec7391fee9a67a8e40b2fa2c9d630fce9381bd6b8,0xec15c20015e72748f03065ed80c41cb882e3fb66,0xd708284bdcbf30fe9191b97b3b1f940b41366016,0.2,0.00022
0.050909,2026-04-11 12:23:35.000 UTC,Withdrawal,0x8e430be1d7009d43e72f4fc99c2d9b8b82aa5e1f985ea0ae508dab01fe04ed26,0x6c5816afbe2c0cda91742651e3bb63f80d25a59c,0x9783d207e3cbc58998fbb17f40e43205d6319b24,0.050909,8.65453e-05
0.01,2026-04-11 11:28:23.000 UTC,Withdrawal,0xe585200284c761e88a6001ebab27d7e726f1caeeb18376c3fb03d600cfdc918b,0xec15c20015e72748f03065ed80c41cb882e3fb66,0x0000f05950b4d62c2def507086805a539a957b08,0.01,3.6e-05
0.2,2026-04-11 08:06:47.000 UTC,Withdrawal,0x3a6a415329016566a7eabf980a0171f7c1883c424a6f84a7617f5b3c4126c6e3,0xec15c20015e72748f03065ed80c41cb882e3fb66,0x0a5f07eca94861d5804891cb9078171bbb0fd046,0.2,0.00026
0.01,2026-04-10 22:59:11.000 UTC,Withdrawal,0xdffb287f7945900a81e70d1fb5d187eb5c8877a173ff17550f672a2457b0f399,0xec15c20015e72748f03065ed80c41cb882e3fb66,0x8a65ca852ebefd4c9e405c0c76d7e5e530c07d71,0.01,3.4e-05
0.75,2026-04-10 21:02:11.000 UTC,Withdrawal,0x9a3ee6e70625249d6472f2f63f83bff87dd5625903b4c1d65cbc0b5e0e303e79,0xec15c20015e72748f03065ed80c41cb882e3fb66,0x5cd286c49cd555484f48a2c10e52272b5e7fd864,0.75,0.00075
0.4,2026-04-10 20:52:59.000 UTC,Withdrawal,0x112b5a064b9c06d41f1352dc880439ad8d79e767c6fd9d2dd5ca4b151d4cb458,0xec15c20015e72748f03065ed80c41cb882e3fb66,0x5cd286c49cd555484f48a2c10e52272b5e7fd864,0.4,0.0004
0.1,2026-04-10 20:49:47.000 UTC,Withdrawal,0xe1c5db720179f21d38996a6abb39f98fccc242381a566d187f957b4eeccc6728,0xec15c20015e72748f03065ed80c41cb882e3fb66,0x5cd286c49cd555484f48a2c10e52272b5e7fd864,0.1,0.00013
0.05,2026-04-10 20:47:23.000 UTC,Withdrawal,0x84d88aa379ce84c53b281b3297c8462461d06c268a897b10814cc1e60272a45e,0xec15c20015e72748f03065ed80c41cb882e3fb66,0x5cd286c49cd555484f48a2c10e52272b5e7fd864,0.05,8e-05
0.05,2026-04-10 20:43:47.000 UTC,Withdrawal,0x5972f32409278e80df2954252bbeea87d922ae97d195e90da89b21fd50e77999,0x6c5816afbe2c0cda91742651e3bb63f80d25a59c,0xce7775b5a331af6e6d6ee49f4077da13bc09226d,0.05,8.5e-05
0.2,2026-04-10 17:46:47.000 UTC,Withdrawal,0x7b9ab6d81e5d4f235a8d54aef3d9f995b96725e2d3b5344dde571b16ea791158,0xec15c20015e72748f03065ed80c41cb882e3fb66,0x8ff1e3e5c66c2aa6bbf679b9b970500e0e9ce1e5,0.2,0.00028
0.0146914890130341,2026-04-10 14:27:11.000 UTC,Withdrawal,0x54d01f5185975e34d870ef8d0989295524c600db2311fc40ec88322a3f1b216f,0x6c5816afbe2c0cda91742651e3bb63f80d25a59c,0xcaf79e5f4f533af25fe4589a9b1adee152ce3368,0.014691489013034109,0.000270323397839827
0.0025,2026-04-10 09:39:59.000 UTC,Withdrawal,0xc8105b1b92a93b3b662d56dd09fe78bf997085d861bb476c7313b8f1d7f1be50,0xec15c20015e72748f03065ed80c41cb882e3fb66,0x02a0c7370628414a439dacdbf691e239f198bc9b,0.0025,7.575e-05
0.02,2026-04-10 08:52:35.000 UTC,Withdrawal,0x0b5a1a0d80500df34ad66b741fa0c977ed63f6ed70242316767525b51f04ac7d,0xec15c20015e72748f03065ed80c41cb882e3fb66,0x07d7e7689f3af0cd4444eae85dc19ba5448e05d3,0.02,7.4e-05
0.35,2026-04-10 01:32:35.000 UTC,Withdrawal,0x3afacb8c3a490764209ad367bfda7dfefc61fbcbb3affae3cd31786434faa55f,0xec15c20015e72748f03065ed80c41cb882e3fb66,0x642c9beb46de344c1ecdedf296e0a82fc581a728,0.35,0.00035
0.1,2026-04-10 01:30:11.000 UTC,Withdrawal,0xddaf5d86493f8745553f20153965f8514214ac5b25c9a0774671cd17673b8f8d,0xec15c20015e72748f03065ed80c41cb882e3fb66,0x642c9beb46de344c1ecdedf296e0a82fc581a728,0.1,0.00013
0.05,2026-04-10 01:27:47.000 UTC,Withdrawal,0x1280b04318ea17e26a553a987ab367ed81b89f5793c4268dc93c2c6c2f2a4890,0xec15c20015e72748f03065ed80c41cb882e3fb66,0x642c9beb46de344c1ecdedf296e0a82fc581a728,0.05,8e-05
0.002,2026-04-10 01:18:47.000 UTC,Withdrawal,0x7f04db097d382a89c4fc44988049a610c561c8a9291dc7ef7cc0694c68b5e74d,0xec15c20015e72748f03065ed80c41cb882e3fb66,0x642c9beb46de344c1ecdedf296e0a82fc581a728,0.002,3.52e-05
0.05,2026-04-10 01:10:47.000 UTC,Withdrawal,0x8013855589a18d9496c3e5d321fe33d9878d9ec8d6ec66e5a10be2770e5bd65b,0xec15c20015e72748f03065ed80c41cb882e3fb66,0x1e11ba599d7083d36dbed7333c37413fafbc8d44,0.05,8e-05
1.0,2026-04-09 23:51:59.000 UTC,Withdrawal,0x4d3fcd3e01fe435a9bdb78bec6af79a362428dc3ade1494c951c01801aaff86d,0xec15c20015e72748f03065ed80c41cb882e3fb66,0x8204b48bc9aeea122dc2e5e282edb92152b7e11b,1.0,0.001
0.01,2026-04-09 20:44:35.000 UTC,Withdrawal,0x3f8214415e24974de247327f2fd5198e1476cde606604a92444d1ca313532a9e,0x6c5816afbe2c0cda91742651e3bb63f80d25a59c,0x0edb20bc0cb2e1a982f59993803efb596e80f0fb,0.01,8.5e-05
0.05,2026-04-09 20:24:35.000 UTC,Withdrawal,0x3fbf0b982331528f93b16e6ed6cdb496890d0212ef68446145bdf58d1872f661,0xec15c20015e72748f03065ed80c41cb882e3fb66,0x0ed34c5870ec9483ddec844a082312388bd7fa4e,0.05,0.000105
4.7,2026-04-09 18:56:59.000 UTC,Withdrawal,0x04fda0575fdcbc8da252ea737c42fcf558081b9ce5b7007ccab55ddcb0a765c2,0xec15c20015e72748f03065ed80c41cb882e3fb66,0x73feb99b99945824924d01d4138da0b3169cb288,4.7,0.0047
1.3,2026-04-09 18:55:59.000 UTC,Withdrawal,0x5ae3ceae30592db64b54511e3502e8efbcc934f10f0c2081698c69d4d814a4f2,0xec15c20015e72748f03065ed80c41cb882e3fb66,0x73feb99b99945824924d01d4138da0b3169cb288,1.3,0.0013
0.01,2026-04-09 17:11:35.000 UTC,Withdrawal,0xd1feb0491e728e4d391fc7b585785fe570359b3b8d652c6f40227572e3f4f9ea,0xca11bde05977b3631167028862be2a173976ca11,0x66c09f766ecf9d0e676cbd399f0b261e456f5179,0.02,0.00017
0.01,2026-04-09 17:11:35.000 UTC,Withdrawal,0xd1feb0491e728e4d391fc7b585785fe570359b3b8d652c6f40227572e3f4f9ea,0xca11bde05977b3631167028862be2a173976ca11,0x66c09f766ecf9d0e676cbd399f0b261e456f5179,0.02,0.00017
0.01,2026-04-09 17:11:35.000 UTC,Withdrawal,0xd1feb0491e728e4d391fc7b585785fe570359b3b8d652c6f40227572e3f4f9ea,0xca11bde05977b3631167028862be2a173976ca11,0x66c09f766ecf9d0e676cbd399f0b261e456f5179,0.02,0.00017
0.02,2026-04-09 17:11:35.000 UTC,Withdrawal,0xd1feb0491e728e4d391fc7b585785fe570359b3b8d652c6f40227572e3f4f9ea,0xca11bde05977b3631167028862be2a173976ca11,0x66c09f766ecf9d0e676cbd399f0b261e456f5179,0.02,0.00017
0.008,2026-04-09 17:11:35.000 UTC,Withdrawal,0xd1feb0491e728e4d391fc7b585785fe570359b3b8d652c6f40227572e3f4f9ea,0xca11bde05977b3631167028862be2a173976ca11,0x66c09f766ecf9d0e676cbd399f0b261e456f5179,0.02,0.00017
0.02,2026-04-09 17:11:35.000 UTC,Withdrawal,0xd1feb0491e728e4d391fc7b585785fe570359b3b8d652c6f40227572e3f4f9ea,0xca11bde05977b3631167028862be2a173976ca11,0x66c09f766ecf9d0e676cbd399f0b261e456f5179,0.02,0.00017
0.02,2026-04-09 16:55:35.000 UTC,Withdrawal,0x62e632a2966eaa7589479ca0e638c15c6a96a2efabc1939ef804520e8a9299dc,0x6c5816afbe2c0cda91742651e3bb63f80d25a59c,0xeb8663ecc9126aae55d39c15359b14e5e998be32,0.02,0.000152
0.01,2026-04-09 15:09:23.000 UTC,Withdrawal,0xa04dbe92ed793df494f7e28a224457cc06cbc4e46f21d4b205f5fba020764e87,0x6c5816afbe2c0cda91742651e3bb63f80d25a59c,0xab9fe811b9123ffda2c9b69035edf8b78d23a622,0.01,0.0
0.005,2026-04-09 14:58:35.000 UTC,Withdrawal,0x3a48b13cdd0de646e72ab6ec65e0ffc4dfc7c51c9c2d3881c588582a6d61d702,0xec15c20015e72748f03065ed80c41cb882e3fb66,0xdda12bf959e9626939cf4924df3f7699b5962390,0.005,6.9e-05
2.33449,2026-04-09 08:49:59.000 UTC,Withdrawal,0x196635d59e55bea82f1109fb5948cbc6918dcda0b7916649f3e51727396a5fff,0xec15c20015e72748f03065ed80c41cb882e3fb66,0xb588d20676da28acfb77af7ce7828b39880b0549,2.33449,0.00233449
0.005,2026-04-09 08:48:59.000 UTC,Withdrawal,0xedb72827bf5b0e0596bb46caf6106ffe94c01a5858e14ee2fb609864fc1c1378,0xec15c20015e72748f03065ed80c41cb882e3fb66,0xb588d20676da28acfb77af7ce7828b39880b0549,0.005,9.4e-05
0.1468462,2026-04-08 21:19:11.000 UTC,Withdrawal,0x86bcaf8c583d17c3a98c19eecf3dc61d5bb793ded5ee2c81ca5b78e5c43a6ab6,0xec15c20015e72748f03065ed80c41cb882e3fb66,0xa9de34833cdcca3d7183f87c1443f52165605f6d,0.1468462,0.00019090006
0.01,2026-04-08 13:55:47.000 UTC,Withdrawal,0xe382b013435a6b363ba8499a0e3514d611f078ad0b2e663afc509b4cf28ea606,0xec15c20015e72748f03065ed80c41cb882e3fb66,0x87776755f7a30caa366872a125cc19e0bf0ea7d3,0.01,0.000199
1.05,2026-04-08 12:42:23.000 UTC,Withdrawal,0x3bfd32eb0e1a70cbce8ccb46d8a6e1034868cdbf8c53834e1f6d81b569708a44,0xec15c20015e72748f03065ed80c41cb882e3fb66,0xb588d20676da28acfb77af7ce7828b39880b0549,1.05,0.001155
0.05,2026-04-08 08:52:11.000 UTC,Withdrawal,0xb5756c293def9f3c3ce0b8fb54e9273685e2aeeb7677e5281580af7d42918009,0xec15c20015e72748f03065ed80c41cb882e3fb66,0xac6ad2aaddbff75bc0be5cf5ede5a3ea31fa48ed,0.05,0.00013
2.896,2026-04-08 08:51:35.000 UTC,Withdrawal,0xd075cb33224b1bb98d21393d0c4da65117207a3a7577f86122d538f6bb9cbb4b,0xec15c20015e72748f03065ed80c41cb882e3fb66,0xb588d20676da28acfb77af7ce7828b39880b0549,2.896,0.002896
0.02,2026-04-08 08:30:59.000 UTC,Withdrawal,0x07a0bfc128a0a42370d83bd72f3afd7543b66030573ad3bbd6c1894ecede6182,0xec15c20015e72748f03065ed80c41cb882e3fb66,0xc23033cb8b24a5d8b2054737452855c9b9c75c15,0.02,0.000108
3.257,2026-04-08 06:01:59.000 UTC,Withdrawal,0xc96ccece563b5d8914c1feacd9f1a2156f695f90551d82384ae6e05275dfaac4,0xec15c20015e72748f03065ed80c41cb882e3fb66,0xb588d20676da28acfb77af7ce7828b39880b0549,3.257,0.003257
1.0,2026-04-07 22:16:23.000 UTC,Withdrawal,0x73d040a2f01634b2b4cc30ad9a71e1674f08712ae4936d847acef8ffd75650fc,0xec15c20015e72748f03065ed80c41cb882e3fb66,0x71128788bd4268fcf09ff3eabf7583fcb2dfb189,1.0,0.001
0.2,2026-04-07 22:15:35.000 UTC,Withdrawal,0x927186d69f8b29cb432db7ec317e2df465edb8e9f9d0b3d6e4ed18cdf2e53cc0,0xec15c20015e72748f03065ed80c41cb882e3fb66,0x718761b9c6f0fc8a98f20b6500bd00b2c3baedc1,0.2,0.00026
2.53982,2026-04-07 19:00:23.000 UTC,Withdrawal,0x318840094fb350d88239a77bc401d2a037723c0a82aa4ab055c37257f5006af7,0xec15c20015e72748f03065ed80c41cb882e3fb66,0xf8f74f2c34959f700f2617a71d19be13bc42beb9,2.53982,0.00253982
1.0,2026-04-07 18:53:23.000 UTC,Withdrawal,0xd25b3dbd4eb1b022e86d8c96cb44a544bf1ef41c033093696e8b0e5e2b3e2ed7,0xec15c20015e72748f03065ed80c41cb882e3fb66,0xbcd00ac6954a9e5c2c2913de5f52139fa07020f6,1.0,0.001
2.5,2026-04-07 17:52:59.000 UTC,Withdrawal,0x5746ca8219b9ead96dd2d455c106cdb414a3e109189b94fb31e5637ab02cfa8b,0xec15c20015e72748f03065ed80c41cb882e3fb66,0xf8f74f2c34959f700f2617a71d19be13bc42beb9,2.5,0.0025
2.2,2026-04-07 17:22:23.000 UTC,Withdrawal,0x25c593477dbbcc2be7d9c46b0e95ccf59930364bb14d0458e200320563529c78,0xec15c20015e72748f03065ed80c41cb882e3fb66,0xf8f74f2c34959f700f2617a71d19be13bc42beb9,2.2,0.0022
2.0,2026-04-07 17:20:11.000 UTC,Withdrawal,0x85dcf6e96a4d9cd35a65fec0c5b5fa3546887043d1487280e8911b5abc34e919,0xec15c20015e72748f03065ed80c41cb882e3fb66,0xf8f74f2c34959f700f2617a71d19be13bc42beb9,2.0,0.002
2.0,2026-04-07 17:17:35.000 UTC,Withdrawal,0x09ed90460e062e5007db07fa062d30c9d91c9c6286545c7c8e6f0aa6eb302ba1,0xec15c20015e72748f03065ed80c41cb882e3fb66,0xf8f74f2c34959f700f2617a71d19be13bc42beb9,2.0,0.002
0.45,2026-04-07 16:53:59.000 UTC,Withdrawal,0x909be48db92a421039e8dbef8fcedf7704b401e118b3ba03052432ae8095c98d,0xec15c20015e72748f03065ed80c41cb882e3fb66,0xf8f74f2c34959f700f2617a71d19be13bc42beb9,0.45,0.00054
0.7,2026-04-07 16:42:47.000 UTC,Withdrawal,0x1d3354141785a723f59d126fd682c18b50aecb95fea2a12fd5eb9622424f50f9,0xec15c20015e72748f03065ed80c41cb882e3fb66,0xf8f74f2c34959f700f2617a71d19be13bc42beb9,0.7,0.00077
0.7,2026-04-07 16:40:35.000 UTC,Withdrawal,0x6b0f03565de0a05d658181a26e748c8796b0a4e53c569f5f593c1bbc3b981b6a,0xec15c20015e72748f03065ed80c41cb882e3fb66,0xf8f74f2c34959f700f2617a71d19be13bc42beb9,0.7,0.00077
0.9,2026-04-07 16:37:47.000 UTC,Withdrawal,0x6a85ce88b7450a99838c9d7ca698b620ff858b296441bded75eb9c62d3b82a39,0xec15c20015e72748f03065ed80c41cb882e3fb66,0xf8f74f2c34959f700f2617a71d19be13bc42beb9,0.9,0.00099
0.7,2026-04-07 16:35:47.000 UTC,Withdrawal,0x4a05223ec4c66f66512967da0e50846713b4168850573fea11ba83eb8188277a,0xec15c20015e72748f03065ed80c41cb882e3fb66,0xf8f74f2c34959f700f2617a71d19be13bc42beb9,0.7,0.00077
0.5,2026-04-07 16:33:47.000 UTC,Withdrawal,0xbfb5776242a7baf2baaf4a9ff23f0722abbaf7b8550f9d6133e40a42833fe452,0xec15c20015e72748f03065ed80c41cb882e3fb66,0xf8f74f2c34959f700f2617a71d19be13bc42beb9,0.5,0.00055
0.1,2026-04-07 16:31:35.000 UTC,Withdrawal,0xf6d3e9a8bd0840530c0f55e79590b60b574393a64f6d5b9551909897ed318f5e,0xec15c20015e72748f03065ed80c41cb882e3fb66,0xf8f74f2c34959f700f2617a71d19be13bc42beb9,0.1,0.0002
7.53,2026-04-07 15:08:23.000 UTC,Withdrawal,0x62ab73d56f18a0d68995826d83e4cf27e28558b26647e2c4ab9fb278dd522337,0xec15c20015e72748f03065ed80c41cb882e3fb66,0xb588d20676da28acfb77af7ce7828b39880b0549,7.53,0.00753
0.07514,2026-04-07 14:24:23.000 UTC,Withdrawal,0xbe32483848bfc928da40730da3e84a6f6a74bf4a17899d47c1733a99612037ff,0xec15c20015e72748f03065ed80c41cb882e3fb66,0x21aa693637dc3a8972f810f19233219cf133be40,0.07514,0.000217906
0.15,2026-04-07 13:37:35.000 UTC,Withdrawal,0x0fe51556c7cb0e9ac6046dc03a835f66357b12f9922f41468d67fbfa83e0fa0a,0xec15c20015e72748f03065ed80c41cb882e3fb66,0xa9de34833cdcca3d7183f87c1443f52165605f6d,0.15,0.000255
19.87451,2026-04-07 13:27:47.000 UTC,Withdrawal,0xd50086b102b53959fcce175bdc7c67043a14649903edd9ac5d0dfb8802fa0e4e,0xec15c20015e72748f03065ed80c41cb882e3fb66,0xb588d20676da28acfb77af7ce7828b39880b0549,19.87451,0.01987451
0.058,2026-04-07 13:02:35.000 UTC,Withdrawal,0xbd78e769836bff5a12e08c93588cb6de599139d3109f4690e05cb7c0a46457dd,0xec15c20015e72748f03065ed80c41cb882e3fb66,0xb588d20676da28acfb77af7ce7828b39880b0549,0.058,0.0001624
0.01,2026-04-07 09:02:11.000 UTC,Withdrawal,0xf0398f2406cfc18448f301919ce19f0b6645c280ed30c4291d0358a0792a6a93,0xec15c20015e72748f03065ed80c41cb882e3fb66,0x6ec0c797c882e30272f5596574f64f2e6bc19cf9,0.01,7.1e-05
0.05,2026-04-07 08:59:35.000 UTC,Withdrawal,0x0dd2cfdde19f4dea18f32070c5b394bbaaafc0e26635b8fec3a10a1aa2b402a6,0xec15c20015e72748f03065ed80c41cb882e3fb66,0x828623aca123db63e2cf7f28396b6245dc5de362,0.05,0.000115
0.102,2026-04-07 08:26:23.000 UTC,Withdrawal,0x0d5d847e445eb1418b4b34c5a1a94d1c3081e87ef85fe2bf70ca7c31647322b9,0xec15c20015e72748f03065ed80c41cb882e3fb66,0x905bc780dd5a1e4809a8bc0a877c92772624d8b8,0.102,0.000153
1.0,2026-04-06 21:44:23.000 UTC,Withdrawal,0x42f20ec82e181efaad40f0e999287f2f72bf99a7bc60c5966e3aeb5d64ded634,0xec15c20015e72748f03065ed80c41cb882e3fb66,0x037985f8cdc8606a2ebd1c6127452a04b98430ce,1.0,0.001
0.015,2026-04-06 21:11:59.000 UTC,Withdrawal,0x4769a0929d10ac4e20b4e4c0b200fba5d33c137a4644960528dc85046e9be2f9,0xca11bde05977b3631167028862be2a173976ca11,0xeec52ca7de84cd2395cff7bfc69d395cfd551059,0.015,0.0
0.002,2026-04-06 21:11:59.000 UTC,Withdrawal,0x4769a0929d10ac4e20b4e4c0b200fba5d33c137a4644960528dc85046e9be2f9,0xca11bde05977b3631167028862be2a173976ca11,0xeec52ca7de84cd2395cff7bfc69d395cfd551059,0.015,0.0
0.0125,2026-04-06 21:11:59.000 UTC,Withdrawal,0x4769a0929d10ac4e20b4e4c0b200fba5d33c137a4644960528dc85046e9be2f9,0xca11bde05977b3631167028862be2a173976ca11,0xeec52ca7de84cd2395cff7bfc69d395cfd551059,0.015,0.0
0.0503,2026-04-06 16:40:47.000 UTC,Withdrawal,0xa09e1672135770e49b20eea9c9c504b80e733d6cdceb60a2111e2dfcb42c8561,0xec15c20015e72748f03065ed80c41cb882e3fb66,0xa74da8554763e4c41453ae37a5e43717fe645973,0.0503,0.00018108
0.0497,2026-04-06 16:38:23.000 UTC,Withdrawal,0x5dfcb59f5610e749f2734dea0cf04b19fa62559698dd4ea1d8a50e3cd4fa6f7e,0xec15c20015e72748f03065ed80c41cb882e3fb66,0x5caa14c199452b73b036c1cf8ff5ff331ad11510,0.0497,0.00020874
0.0495,2026-04-06 16:35:23.000 UTC,Withdrawal,0xe874dc561d51fa91ea25b1d2a45803b613685e396ad2b67f926ef1e6db8e5665,0xec15c20015e72748f03065ed80c41cb882e3fb66,0xc00ffdcecb40de5b9fa2cf29cf2febabb9201cf4,0.0495,0.00024255
0.053,2026-04-06 16:28:59.000 UTC,Withdrawal,0xf8fd41a8dc2f0ef8b1f6bb3f41065f3b9134b53d363935b1a8676e76980ecb44,0xec15c20015e72748f03065ed80c41cb882e3fb66,0x72fafcb35ecf821d61aa099c22dbb7d2eaf0eac6,0.053,0.0001431
0.05,2026-04-06 16:19:35.000 UTC,Withdrawal,0x6e2537e6780868a80170a23b855b05d93ce44ab4e6a1a496a6d52f26f9d6b994,0xec15c20015e72748f03065ed80c41cb882e3fb66,0xf6a3c335ff381f6a324f88ec2f83bf81c8c68ddd,0.05,0.000175
0.05,2026-04-06 16:14:23.000 UTC,Withdrawal,0x5e1485ac847ae53707a0db924f4214a479c11d7b78ff74f2ecad9605e83b52a0,0xec15c20015e72748f03065ed80c41cb882e3fb66,0xfba7c1be9b3b279cc9fc3c54dc0ac8357d594cb4,0.05,0.000205
0.006,2026-04-06 12:46:47.000 UTC,Withdrawal,0x688307e1165338763f858c85be3dd29f8cb9665dabe76198f96468dd2127e021,0xec15c20015e72748f03065ed80c41cb882e3fb66,0xbaf5f3314f7c218656e057498a5834ad229bfcfe,0.006,0.000108
0.001,2026-04-06 07:26:59.000 UTC,Withdrawal,0x2f63a181452366f841fab535118b8afb4b639097b52fbb2441fcf71ad3cc0472,0x6c5816afbe2c0cda91742651e3bb63f80d25a59c,0x2f2d5193e1de63b17318f7f1f3a029d967a47f76,0.001,0.0
0.001,2026-04-06 05:48:59.000 UTC,Withdrawal,0xd8b1844232a90bcf9d587997c2843db6a1dd06715ff62228b8d526d133f853ad,0x6c5816afbe2c0cda91742651e3bb63f80d25a59c,0x92b39cf98ddcaa462e1055ab6de450c96403422c,0.001,0.0
0.01,2026-04-06 03:45:23.000 UTC,Withdrawal,0x41138f44418e4c9ae5900afeff73c3205bab349e005518295bf913c99199f286,0xec15c20015e72748f03065ed80c41cb882e3fb66,0x2ee9f6a2d3c2f1df75d3823600665f717dd9a06c,0.01,5.9e-05
0.15,2026-04-06 01:24:23.000 UTC,Withdrawal,0xa85ba2aff33662b94c68130eb1f2217518c0c556e408320e5abf149610b64d1b,0xec15c20015e72748f03065ed80c41cb882e3fb66,0x859bb6fdc5c3717598659b4cbd28621ec96d923a,0.15,0.00021
0.0235257,2026-04-05 19:33:35.000 UTC,Withdrawal,0x2229bb910f485a5bcaa83f3fe55f6f7829c0900dd8cd7cabd356bb8a79e0f164,0xec15c20015e72748f03065ed80c41cb882e3fb66,0xa9de34833cdcca3d7183f87c1443f52165605f6d,0.0235257,8.939766e-05
0.0811366,2026-04-05 19:32:59.000 UTC,Withdrawal,0x0698ba6f06f9bcd2f54da3223a1dcca4deb09959e64338a5824ccb1b198dd19c,0xec15c20015e72748f03065ed80c41cb882e3fb66,0xa9de34833cdcca3d7183f87c1443f52165605f6d,0.0811366,0.00013793222
0.001,2026-04-05 19:11:23.000 UTC,Withdrawal,0x3882a9fcd615a7a212c0a7714066bacef98e9b952e7beff32ceb4f5394aab2a7,0xec15c20015e72748f03065ed80c41cb882e3fb66,0x7ec88b78c72c745d9cf02c2f98fd818bb5c24b6a,0.001,6.16e-05
0.005,2026-04-05 19:07:59.000 UTC,Withdrawal,0xaf4ee8e7cd1ef99d08017c5c6ba4a1b6652a46e05b80c6bc32ec1af6636409f6,0x6c5816afbe2c0cda91742651e3bb63f80d25a59c,0x573f6c95b0c926ad81d60eee48513c905173e8cc,0.005,0.0
0.001,2026-04-05 18:49:23.000 UTC,Withdrawal,0xa798f4b4e55a48122ebf44a17addaf6f818ed740ae28059a8eafc4a58a20b91a,0x6c5816afbe2c0cda91742651e3bb63f80d25a59c,0x573f6c95b0c926ad81d60eee48513c905173e8cc,0.001,0.0
0.1,2026-04-05 18:18:23.000 UTC,Withdrawal,0x2ba85d15bb50f1fcbeb852471cdc01734b9f5eb94fd12303a6a097a9683b0ec9,0xec15c20015e72748f03065ed80c41cb882e3fb66,0x1c5100d5aa256d2f76cdce12dc9168822a1c9b16,0.1,0.00016
0.001,2026-04-05 15:41:11.000 UTC,Withdrawal,0x8de65323c30adf09c4f4acdcbd261a4e854fd3f39e4534bbe1cea1b4f834e5cc,0x6c5816afbe2c0cda91742651e3bb63f80d25a59c,0xb309b081570655794d8114f30845479a73acd60d,0.001,0.0
0.0582144,2026-04-05 01:20:47.000 UTC,Withdrawal,0xbc3a309009b57f356d46f37a3c6a71efdef591c7e0a64d9774036b42cf3f698c,0xec15c20015e72748f03065ed80c41cb882e3fb66,0x8e24ee5939c25915b02b44db049f3b3617b5a405,0.0582144,0.00012225024
0.05,2026-04-04 22:00:35.000 UTC,Withdrawal,0x960d2821ebe10f439f8b5de4ff4074906adafcb8489ae1aff1d4b7664372a0e1,0xec15c20015e72748f03065ed80c41cb882e3fb66,0xb8ccb536773412f3c107fddeacba98aecdbe4362,0.05,0.00011
0.05,2026-04-04 21:29:23.000 UTC,Withdrawal,0xbbff564c1dfd33d8272f614871ff81c04a78e6891218ce0f0e1627c567b25638,0xec15c20015e72748f03065ed80c41cb882e3fb66,0xaa9868d1da36904a7012d9ed6429a81bccb84f38,0.05,0.00011
0.05,2026-04-04 21:12:35.000 UTC,Withdrawal,0xc5d7df01d14a68406374303385c8866725f95fa662fe34f6561da67d064b7eeb,0xec15c20015e72748f03065ed80c41cb882e3fb66,0x714dbfcb699cc6350a9b0d44db96895870c9479e,0.05,0.00012
2.003,2026-04-04 15:40:11.000 UTC,Withdrawal,0x3576fcb92ed4f328dba9aa8b2732fa65eebd65056af7124a2b3d82798e030291,0xec15c20015e72748f03065ed80c41cb882e3fb66,0x215ab718063f9cc8c540f09051bb333ecbeaecb0,2.003,0.002003
0.05,2026-04-04 15:23:11.000 UTC,Withdrawal,0x24a71a1a0c3287911c5a62b7e7e8371c621876037c01803e27d06faaeb6e8c95,0xec15c20015e72748f03065ed80c41cb882e3fb66,0xb829eb469577fcbb3c521914c9719a86cb37b6b3,0.05,0.000135
0.2,2026-04-04 14:44:23.000 UTC,Withdrawal,0x8c2ca523188fbbf6d227994f9a7ede0d7a1550380bb9a78beb1e493e1765bd2e,0xec15c20015e72748f03065ed80c41cb882e3fb66,0x3c3de9c18632fe1b7b42ad7a7cdad76547641b90,0.2,0.00026
0.0048736,2026-04-04 12:09:23.000 UTC,Withdrawal,0x1beca3ccce4eb9062ceaf830ba2996f78855837cd8167efaf78e8cdd412a83a8,0xec15c20015e72748f03065ed80c41cb882e3fb66,0x1f0dbd861ec9022714d73fb54a71ee9135d6c172,0.0048736,7.456608e-05
0.05,2026-04-04 11:15:35.000 UTC,Withdrawal,0x70cdcf2e6b91780d2f75272c4216490656db3b3bdb635df0eb7632ad4bd697f7,0xec15c20015e72748f03065ed80c41cb882e3fb66,0x59dd59d719562b241357de6148c173e54ce6475c,0.05,0.000135
0.001,2026-04-04 10:46:59.000 UTC,Withdrawal,0xae9090af4ec5c2e1d987f730c84cfe6b4084ce70a5e4e75c65d5127d752b3263,0xec15c20015e72748f03065ed80c41cb882e3fb66,0x085547fde4dc8cc36a3399e6a6ec5e042130ca34,0.001,6.47e-05
0.01,2026-04-04 03:00:23.000 UTC,Withdrawal,0x4ced1d56aed7cbc5173b916c6a6b2a43dbef358c3d9fdeb8f5eb0ad142cdeed8,0x6c5816afbe2c0cda91742651e3bb63f80d25a59c,0x2d4e0359585a830ce62b2a4111869f6c47f925c0,0.01,0.0
0.001,2026-04-04 02:38:11.000 UTC,Withdrawal,0x286a8c612b972de9fb8b31048de69727a31c55ec61e1763201abeebad67d4a5c,0x6c5816afbe2c0cda91742651e3bb63f80d25a59c,0x371ce204275f4dfa652d1df30de95fa314483e5b,0.001,0.0
0.001,2026-04-03 21:35:23.000 UTC,Withdrawal,0x6c9b645777c607f06981fa9ae202599ad62999d729069c5e51c2e392441863e8,0x6c5816afbe2c0cda91742651e3bb63f80d25a59c,0x1b685e1e89f643cd277bffdbcdd87545a9206429,0.001,0.0
0.05,2026-04-03 15:00:59.000 UTC,Withdrawal,0x36d3b7b19c488cdbe6345268c79f48fac03ef0bd38d8b53ea19f089f841dcb52,0xec15c20015e72748f03065ed80c41cb882e3fb66,0xc6c3a60a626c5fb87beda9028d69bccb2d82ef6c,0.05,0.00021
0.002,2026-04-03 14:38:59.000 UTC,Withdrawal,0xf40b00e11ed1f597b2f899ceee2211922b38001ba511b1a0c4d91dbe4084575c,0xec15c20015e72748f03065ed80c41cb882e3fb66,0x4e6ac01c68cf73a764f191b8277498b809dd8e2b,0.002,0.000169
0.01,2026-04-03 07:45:23.000 UTC,Withdrawal,0x145a40e14d24867cb390dc6df25382eaf851ff94c0f5470660f5f0228ded265d,0xec15c20015e72748f03065ed80c41cb882e3fb66,0x9722a283c26f6136be93c12b53958ee7685a8c4f,0.01,8e-05
0.02,2026-04-02 18:00:47.000 UTC,Withdrawal,0x4bf368a7d0d4b17b9de74c8ee6348e1d51df3bc93bb3cadbb698664155cbceec,0xec15c20015e72748f03065ed80c41cb882e3fb66,0x1eed69474304dcb933a45c2cffc9d630d056f3f0,0.02,0.000112
0.01,2026-04-02 17:51:11.000 UTC,Withdrawal,0xccde1e8d8f4e5663b1b29fd3dc0e2b70dabc40598188c644db543ee72ef9e42f,0xec15c20015e72748f03065ed80c41cb882e3fb66,0x08516b7eafc44843f25de35f2ead65b3fe083af1,0.01,0.000118
0.41238,2026-04-02 17:44:11.000 UTC,Withdrawal,0x0e92088f3751e9905c876b936209991d859eaba24d9dc11251f2a0b48447efe7,0xec15c20015e72748f03065ed80c41cb882e3fb66,0x2858319361e97739676a7abb82670b975408d260,0.41238,0.000494856
0.1,2026-04-02 17:39:11.000 UTC,Withdrawal,0xd270713e14e26bf7f83048b58ac00b8c84f65bc9daf905ebfc5b2dc1bdc56d78,0x6c5816afbe2c0cda91742651e3bb63f80d25a59c,0xe40a5f1e6047e29e685ccbd96e75636ad74b60f7,0.1,0.0
0.13,2026-04-02 17:20:23.000 UTC,Withdrawal,0x122828a06ea7abd715fac2f94d00412d59c69be2260d2544c4c659653d948996,0xec15c20015e72748f03065ed80c41cb882e3fb66,0x4918bd09a465643797cd4fa28cabc2dd6fdf47a0,0.13,0.000247
0.005,2026-04-02 16:51:47.000 UTC,Withdrawal,0xd9b7037d382ffc70da6f48e6d8b7f7c7d27e66c38a965eae695a7fad621b21d4,0xec15c20015e72748f03065ed80c41cb882e3fb66,0x2f80b9dc09906245bd9cf4702745388c479a0db5,0.005,0.000138
0.01,2026-04-02 16:48:23.000 UTC,Withdrawal,0x7b9bde0805a98dd9dcb92cf2d7edeeed2ec0488a5f6efd71ff9c49cc8effa3a9,0xec15c20015e72748f03065ed80c41cb882e3fb66,0x2f80b9dc09906245bd9cf4702745388c479a0db5,0.01,0.000136
0.5,2026-04-02 16:40:47.000 UTC,Withdrawal,0xe294f760bdbf0e0f6bf8ef665944486a64281da3cc7def75d6ba507dcbfcaced,0xec15c20015e72748f03065ed80c41cb882e3fb66,0xd13a54154290fb72f8365c129ffa8b5a936787b2,0.5,0.00065
1.0,2026-04-02 16:34:11.000 UTC,Withdrawal,0xf7eedf7a204f02aa1f0cda6799607965c723a18030e2fd5de0336a5d646357c4,0xec15c20015e72748f03065ed80c41cb882e3fb66,0xd13a54154290fb72f8365c129ffa8b5a936787b2,1.0,0.0011
0.024,2026-04-02 16:07:47.000 UTC,Withdrawal,0x44fc09981f2a9a6933c81bf9e214fd6fee3b917b57448b3c47f961536d544f7f,0xec15c20015e72748f03065ed80c41cb882e3fb66,0x2f80b9dc09906245bd9cf4702745388c479a0db5,0.024,0.0001848
0.004105,2026-04-02 14:35:23.000 UTC,Withdrawal,0xf0e6901f7558fc3932f000b9a3c4960508504c6d527844a7d0052957b8a86f25,0xec15c20015e72748f03065ed80c41cb882e3fb66,0x49e528fa5cd148fd9a8c07e5c2fbc83c98519874,0.004105,9.89305e-05
0.01,2026-04-02 06:03:23.000 UTC,Withdrawal,0x6aa1d9b078b6886d593ecbf876ee25a9658a248259daad981db29ffdc2ad0dbb,0xec15c20015e72748f03065ed80c41cb882e3fb66,0x2f80b9dc09906245bd9cf4702745388c479a0db5,0.01,8.3e-05
0.01,2026-04-02 05:53:35.000 UTC,Withdrawal,0xb79e74e5d42e33f00106cedbe8f915e0e79515daef91973c0e12d23d6fba8063,0xec15c20015e72748f03065ed80c41cb882e3fb66,0x2f80b9dc09906245bd9cf4702745388c479a0db5,0.01,9.7e-05
0.1,2026-04-01 23:51:59.000 UTC,Withdrawal,0x3043bbfed3108698e0e2cd5c1e34795d73c822f03779768e64211f97bf2b327a,0xec15c20015e72748f03065ed80c41cb882e3fb66,0x0000ce08fa224696a819877070bf378e8b131acf,0.1,0.00016
0.1,2026-04-01 22:05:11.000 UTC,Withdrawal,0x24505c5872e8f1ee467c99bd33d4bfd552d747e31753fb1470592ae8038ccb01,0xec15c20015e72748f03065ed80c41cb882e3fb66,0x0bfd9bcad5824c7ec0f2f0c7d272fc287c795875,0.1,0.00019
1.5,2026-04-01 20:43:47.000 UTC,Withdrawal,0x34a12eedb1696823e835af01d6987ad34957cd0f2fb14469aea2eb6d7d056dad,0xec15c20015e72748f03065ed80c41cb882e3fb66,0xe4420941e352c7c694c8aaf6ed78f75f96ae7824,1.5,0.0015
1.0,2026-04-01 20:41:23.000 UTC,Withdrawal,0x58fcc75ee81c56a12ae946ccf6952367ee8d774c94f203d6551cd2ebec67b04c,0xec15c20015e72748f03065ed80c41cb882e3fb66,0xe4420941e352c7c694c8aaf6ed78f75f96ae7824,1.0,0.0011
1.0,2026-04-01 20:38:59.000 UTC,Withdrawal,0x968b7367e6271d68c1fcf96ccebd0e14d6594c7039473f46465b95fe1b690e81,0xec15c20015e72748f03065ed80c41cb882e3fb66,0xe4420941e352c7c694c8aaf6ed78f75f96ae7824,1.0,0.0011
0.012,2026-04-01 19:30:35.000 UTC,Withdrawal,0x85a14332b0665fa653784fff79dc216162b0831fa7f1bff1d2bc424709c54ced,0x6c5816afbe2c0cda91742651e3bb63f80d25a59c,0x447ce8df5673202142c4fa8eb18192c3e47e743b,0.012,0.0
0.004,2026-04-01 16:25:35.000 UTC,Withdrawal,0xe9232299a2a871ca06d264c6f1112141f2308e08f1f63b6af00b1f7b9a38ef67,0xec15c20015e72748f03065ed80c41cb882e3fb66,0x1e2a02fade453d7941c465725f445d02d5c1a0d4,0.004,0.0001948
0.01,2026-04-01 13:47:23.000 UTC,Withdrawal,0xa56ef859dbab29af6b65c5d36df8468b569efbd35700ee3eb00cffe8855c58a7,0xec15c20015e72748f03065ed80c41cb882e3fb66,0xdfe7493cfee8a8a03f9c6628df64dc0c9ac6aae6,0.01,0.000215
0.0997,2026-04-01 11:20:59.000 UTC,Withdrawal,0x0ae016cd074d0ce88903ce6ccf17fa17c24f842c4e1ef442b15da9e4cb1d0da2,0xec15c20015e72748f03065ed80c41cb882e3fb66,0xeae1a9aa70799e14bf215b0ce2ff01eba7338bea,0.0997,0.00017946
0.97,2026-04-01 09:42:23.000 UTC,Withdrawal,0xf07a97b6ec4fa75eee7c608dce2f9822229fa123e3c0e5461b7095fa7f401be6,0xec15c20015e72748f03065ed80c41cb882e3fb66,0xad8aa33f39a1ee822e6a9b721c384591285cdb9c,0.97,0.001067
0.01,2026-03-31 23:25:11.000 UTC,Withdrawal,0x7028e6946ed6ea20d130b0726a6965789845b7b60eefcb4f580dc17387b79aa2,0x6c5816afbe2c0cda91742651e3bb63f80d25a59c,0xf238e612c8247b160fa1acb7cd3fcffcb4b78d98,0.01,0.0
0.01,2026-03-31 22:57:47.000 UTC,Withdrawal,0x6e4fe043f9105be9253fc19b1e0e3306397dbb419e83de241fa31f3208fd74ff,0x6c5816afbe2c0cda91742651e3bb63f80d25a59c,0x94237052f2a4e311a09d868f79808251ce65bab2,0.01,0.0
0.31,2026-03-31 18:04:59.000 UTC,Withdrawal,0x9c9e97a30230b87a5024c73f788ede2f993cb06d7e4c26370e94c0705eec9185,0xec15c20015e72748f03065ed80c41cb882e3fb66,0x47ecfbda3432a562706390ace5ce517eae6d56fe,0.31,0.000558
0.0125,2026-03-31 17:27:59.000 UTC,Withdrawal,0xc0e4457ca9921c9fbdd010219b0d514ab22618ea77089b89cb81492b0db5b955,0xec15c20015e72748f03065ed80c41cb882e3fb66,0x147037f0d4805a7582c381424e1705b2f45cda89,0.0125,0.0005075
0.01,2026-03-31 15:00:23.000 UTC,Withdrawal,0x9a90c770b013b357ef005db0a6e863c234e73b5c4e2da3f933b297877f247328,0x6c5816afbe2c0cda91742651e3bb63f80d25a59c,0x4c4a68a37c636f54ae5e7efb91d278422dc151b3,0.01,0.0
1.5,2026-03-31 11:36:35.000 UTC,Withdrawal,0x97aa319a2a3c1f053be37d3a778704cee8e0b8f680b1508c8231aaa0c79cbebf,0xec15c20015e72748f03065ed80c41cb882e3fb66,0x95d8ed63c102f12fd4fa277e88970b01fe870ee1,1.5,0.0015
0.044,2026-03-31 08:49:59.000 UTC,Withdrawal,0xab4cfe05c7e9520ea35de9e5c0d5ae49d0019624a7b0eceea6308299f79e92a5,0xec15c20015e72748f03065ed80c41cb882e3fb66,0x50b75d586929ab2f75dc15f07e1b921b7c4ba8fa,0.044,0.0001716
1.0,2026-03-30 17:32:23.000 UTC,Withdrawal,0x806dd1cca53311aa1d9b309330703c0b05ba96f0a6a622ee5094abcf4a3db311,0xec15c20015e72748f03065ed80c41cb882e3fb66,0x9dcebfa7a38a51002aa68d190b53ed4542f99cd3,1.0,0.0011
5.0,2026-03-30 17:31:11.000 UTC,Withdrawal,0x9177df7093d2ff42e2cde2c68ec3ee76e602b0aa6bb7e3dbd9e60a66cbbd8678,0xec15c20015e72748f03065ed80c41cb882e3fb66,0x9dcebfa7a38a51002aa68d190b53ed4542f99cd3,5.0,0.005
0.98,2026-03-30 12:46:23.000 UTC,Withdrawal,0x0e803b5bb5add7fcb6bc28c2e0b40ec4a5aa7d45dfa4e3fd6d6c72c354b14ea8,0xec15c20015e72748f03065ed80c41cb882e3fb66,0xf6547673a176a35a47a740b454f19fb799dd15c2,0.98,0.00098
1.0,2026-03-30 11:42:47.000 UTC,Withdrawal,0x7064d8dc6ab5db007b0640c810b34b29c277e0d54ac464c5de32b51b9c780536,0xec15c20015e72748f03065ed80c41cb882e3fb66,0xa93d0a59752e7174f2287906b2313755313a3877,1.0,0.001
0.06938,2026-03-30 00:38:47.000 UTC,Withdrawal,0x6f0b6c092599ddaec0ad8a955325b407288064ce54afc833b4578f398c27c17d,0xec15c20015e72748f03065ed80c41cb882e3fb66,0x96a356ffd10f50bbd99929ef921bc5a7a3dad143,0.06938,0.000152636
0.00546,2026-03-29 21:58:35.000 UTC,Withdrawal,0x5f6f23458b710896363d18c5b59ae02ca00773ce5c0652324653fb1ecd25899c,0xec15c20015e72748f03065ed80c41cb882e3fb66,0x56ba6561f82e3b7a660580f16f96bc61adbd1dfa,0.00546,9.1182e-05
0.947208,2026-03-29 19:09:11.000 UTC,Withdrawal,0x9b2bb83f57fcbf6e2535a128e7aff087f52680b5dbac40a6e146b607993f96dd,0x6c5816afbe2c0cda91742651e3bb63f80d25a59c,0x73215c38fe8773098cc3e34413c690c2f48e77a2,0.947208,0.0
0.1,2026-03-29 17:42:47.000 UTC,Withdrawal,0x3ab29d6fa5f0aa0ca69e8d772c0ab576ac20c719978c7d58cf8dc2d8f610b6c7,0xec15c20015e72748f03065ed80c41cb882e3fb66,0x6b43cb9a5023d6d5bd7dbfa7a5b88e474f0092d5,0.1,0.00018
0.05,2026-03-29 12:35:11.000 UTC,Withdrawal,0x788b0659081f891ffeea15deaa023caaebe53a7b69f42ecb64706921797fd20d,0xec15c20015e72748f03065ed80c41cb882e3fb66,0xbeef2ed3ddfc8c3efa85ac5ae3fb0653b784d444,0.05,0.00013
0.047,2026-03-29 06:34:11.000 UTC,Withdrawal,0x52aeff1717e35e68de572d49abbc19b61c38c6c99cd77be81057b2980c6c32ce,0xec15c20015e72748f03065ed80c41cb882e3fb66,0xbdf3846ac33e4dbd11024fe9ec66d4b76d16be8a,0.047,0.0001222
0.001,2026-03-29 01:18:59.000 UTC,Withdrawal,0x282c3d288fdb6b9bbc21de51d2e488243522ebb8821e21b4cd49655fdae28036,0xec15c20015e72748f03065ed80c41cb882e3fb66,0x892e47c5b6edcf3af928915238ed041affc5a8c5,0.001,7.41e-05
0.011,2026-03-29 01:14:23.000 UTC,Withdrawal,0x112acd5fcf3ae41d5c254369decae17c83720c2b73fe8ef3ac1e6dd963271ebc,0xec15c20015e72748f03065ed80c41cb882e3fb66,0x892e47c5b6edcf3af928915238ed041affc5a8c5,0.011,8.36e-05
0.1,2026-03-29 01:06:11.000 UTC,Withdrawal,0x4f052785bc5e6bbf00175b8fedbfd8039b6125b52716c006d41e52e4aa150250,0xec15c20015e72748f03065ed80c41cb882e3fb66,0x6dc43be93a8b5fd37dc16f24872babc6da5e5e3e,0.1,0.00018
0.012,2026-03-29 01:02:59.000 UTC,Withdrawal,0xa50d082c38076f47991fe29d7c813e8df2694cab6418f4146f29eb29bded6a1b,0xec15c20015e72748f03065ed80c41cb882e3fb66,0x892e47c5b6edcf3af928915238ed041affc5a8c5,0.012,9.12e-05
0.017,2026-03-29 01:01:11.000 UTC,Withdrawal,0x87a7666e8eb59891edb823cffcbcb6eade887e7d3168f272635e3c6d5f63ecdf,0xec15c20015e72748f03065ed80c41cb882e3fb66,0x7c6c9b26e217d3bd399ec9e6e9cb3e2c881880dc,0.017,9.69e-05
0.012,2026-03-29 00:40:59.000 UTC,Withdrawal,0xbf0ecc6ed1aaeec4a31f20ade457e55d5e2779eaa82f125efadf4aca7eac6704,0xec15c20015e72748f03065ed80c41cb882e3fb66,0x892e47c5b6edcf3af928915238ed041affc5a8c5,0.012,8.4e-05
0.011,2026-03-29 00:22:23.000 UTC,Withdrawal,0xa5272f94b2b94e05f5e2d1f5ffbede5a88ea3378f258fc7e82208b85f54b5e34,0xec15c20015e72748f03065ed80c41cb882e3fb66,0x892e47c5b6edcf3af928915238ed041affc5a8c5,0.011,8.47e-05
0.01,2026-03-29 00:11:23.000 UTC,Withdrawal,0xbe62fce11e53d8c5c71eeaa5fb553380732ca56c810d53202d493a8ec90718cd,0xec15c20015e72748f03065ed80c41cb882e3fb66,0x892e47c5b6edcf3af928915238ed041affc5a8c5,0.01,7.8e-05
0.05,2026-03-28 22:09:47.000 UTC,Withdrawal,0xe6a4598e4d541a37a9708811c34558409dc14a1b6d09ee52699c4780c8da61f0,0xec15c20015e72748f03065ed80c41cb882e3fb66,0xdec0de729092bff045e093083f76063fe7f76aa0,0.05,0.00012
0.028809,2026-03-28 21:31:11.000 UTC,Withdrawal,0xb3db188b1236919af9b58e96edb6e14039bf391b1433d49fb4967a0adf538c50,0xec15c20015e72748f03065ed80c41cb882e3fb66,0x6064cb433854e4cd4ecaa68fc996c4c375b1946f,0.028809,0.0001008315
0.03,2026-03-28 20:40:35.000 UTC,Withdrawal,0x194c5ddd132a772563a5f5205de8fe8c1a967eb4129c89eb6f20897cb156fe8a,0x6c5816afbe2c0cda91742651e3bb63f80d25a59c,0x19714ceecc8927f7c3f2ea73e43a256cfdbfbe6a,0.03,0.0
0.01,2026-03-28 20:40:23.000 UTC,Withdrawal,0x6d3bb160b0413ea570aa991631d831a143b4de962a0cd9264d10144dadcf0ca9,0x6c5816afbe2c0cda91742651e3bb63f80d25a59c,0xe6ea3347b66f97fe65d1dd241edccc7b188eb2d6,0.01,0.0
0.021191,2026-03-28 19:32:59.000 UTC,Withdrawal,0x11d2a59d793a47cb51bebe0a95b175de2bc907e208a84db0eacd3a60b6357034,0xec15c20015e72748f03065ed80c41cb882e3fb66,0x267254d35fdc1fde1aa436ae0c769cb1c2f0da4c,0.021191,7.62876e-05
0.01,2026-03-28 19:28:23.000 UTC,Withdrawal,0xd3d4c3902318f4bb900e9c6a5229d5c174a0f477f6b2c64ef7abf2b359bbb211,0xca11bde05977b3631167028862be2a173976ca11,0xc19af6774448f4dc54ce6913b83133b52a08c29d,0.01,0.0
0.01,2026-03-28 19:28:23.000 UTC,Withdrawal,0xd3d4c3902318f4bb900e9c6a5229d5c174a0f477f6b2c64ef7abf2b359bbb211,0xca11bde05977b3631167028862be2a173976ca11,0xc19af6774448f4dc54ce6913b83133b52a08c29d,0.01,0.0
0.02,2026-03-28 19:28:11.000 UTC,Withdrawal,0xf2c7b289ec6f5fb1e1f7e37d1c8c3c9e914deff2f48dcd5e05c1c5a3b5c63d72,0x6c5816afbe2c0cda91742651e3bb63f80d25a59c,0xcf73bcc35e617b952ef7e9a98a860f2463d01608,0.02,0.0
0.5,2026-03-28 16:06:59.000 UTC,Withdrawal,0xfc72e6e17b4ee4d57272d117ecd0da12d4e511fc31579be0857d22bc91d33886,0xec15c20015e72748f03065ed80c41cb882e3fb66,0x82823810be2ca7d8b46433d8126b6462c982e776,0.5,0.0005
0.012,2026-03-28 14:19:47.000 UTC,Withdrawal,0x2e22bdf0b24921f49a7db6d49ef277a33405c827c441c6c21051ddf37b486a07,0xca11bde05977b3631167028862be2a173976ca11,0x4898207ae0022a4a075e5c9c30f34e220bfdbd12,0.012,0.0
0.001289,2026-03-28 14:19:47.000 UTC,Withdrawal,0x2e22bdf0b24921f49a7db6d49ef277a33405c827c441c6c21051ddf37b486a07,0xca11bde05977b3631167028862be2a173976ca11,0x4898207ae0022a4a075e5c9c30f34e220bfdbd12,0.012,0.0
0.97,2026-03-28 13:54:47.000 UTC,Withdrawal,0xa018eebb5c530651888fb052ded6393f71a1c14a2f2b81e881ff9762062acbb7,0xec15c20015e72748f03065ed80c41cb882e3fb66,0xfebd78683014d1967ad4acb9556578dbdeb70967,0.97,0.00097
0.1,2026-03-28 10:10:11.000 UTC,Withdrawal,0xb38531a0f17f81b2fe4d17233332ef1ee51248374fd1ccf33597c1b5be7a5f0d,0xec15c20015e72748f03065ed80c41cb882e3fb66,0xc63303932ba00df72e8b9cd8a05fccd0ae72711f,0.1,0.00013
0.1303,2026-03-28 09:30:59.000 UTC,Withdrawal,0x607bc5a9d17bd37e5650a318b0b21bb217e3ca37920112a192f55416327a40d8,0xec15c20015e72748f03065ed80c41cb882e3fb66,0x5bf6ad7908106d1f9562223aa2d57adc6725ebe3,0.1303,0.00014333
0.0156,2026-03-28 02:12:47.000 UTC,Withdrawal,0xda36085365b5d25d5224f0e4173608cb8c57782e740297c98fd7ea80ab9ba58e,0xec15c20015e72748f03065ed80c41cb882e3fb66,0x65fe4d255a39e4d3ad02bfce34d8cceea9f99af5,0.0156,5.46e-05
0.01961,2026-03-28 02:11:23.000 UTC,Withdrawal,0xf3cc2f406c843c8ebbbe3bd29e3c07580512c1ba65085262e05501bebc2e5e27,0xec15c20015e72748f03065ed80c41cb882e3fb66,0x65fe4d255a39e4d3ad02bfce34d8cceea9f99af5,0.01961,6.0791e-05
0.01,2026-03-27 23:35:23.000 UTC,Withdrawal,0xcc48a2c8d628a555615b394791f0c6076576973483e95317e5ef488e5c8261b6,0xec15c20015e72748f03065ed80c41cb882e3fb66,0x53e4f8dbcfb1396eea58059196dead88bb56939a,0.01,5.7e-05
0.20872,2026-03-27 22:10:47.000 UTC,Withdrawal,0x4a80c6a9c7b44c13bcbfc3f875b23dea275351e89b55eadab456a48fa3960eae,0xec15c20015e72748f03065ed80c41cb882e3fb66,0xbbca4f69157496c7747bcf8ff97533d8bb4c4276,0.20872,0.000271336
0.1,2026-03-27 21:17:47.000 UTC,Withdrawal,0xcefb841c9d03f465c06fd25f3bf94e8c62602a395fc45617fd65ad3d83578586,0xec15c20015e72748f03065ed80c41cb882e3fb66,0x6eb735f47c30067d7b2bf3f6f3d01df4dc966460,0.1,0.00016
0.01234,2026-03-27 19:58:11.000 UTC,Withdrawal,0xd5d4886ef4a2b52bab7028665e1b4d47da1291368055e661ddc0251a480ace5e,0x6c5816afbe2c0cda91742651e3bb63f80d25a59c,0xfdf1584097ed585be43798b96f76078dad2e40f9,0.01234,0.0
0.01,2026-03-27 19:56:11.000 UTC,Withdrawal,0xf75afef80a46b71273512432bd61926ac0e017eb5b142cc32bb6e611c694c3b3,0x6c5816afbe2c0cda91742651e3bb63f80d25a59c,0x847bc3f7364441ef0237586b03f8f6f4b838a682,0.01,0.0
0.01,2026-03-27 18:45:59.000 UTC,Withdrawal,0x4b814ad17d20e5a535e9add488b071b45dae7e2a5a5a4fefd65773381b122374,0x6c5816afbe2c0cda91742651e3bb63f80d25a59c,0xb18a6caa6bb1406673044fbe842ac598fec43a82,0.01,0.0
0.1,2026-03-27 18:08:47.000 UTC,Withdrawal,0x995508d889937625c92d48069b004462d8c52105ebd82bae6d383104351d94b4,0xec15c20015e72748f03065ed80c41cb882e3fb66,0x37c0170a265fc70049d886960901430814170d5f,0.1,0.00016
1.0,2026-03-27 16:49:11.000 UTC,Withdrawal,0x402e4defef3960f5ded700324b733f992bbe1decac4479b078834799454e2590,0xec15c20015e72748f03065ed80c41cb882e3fb66,0xace75271ab4f437df6669bf76ee949c70163c8db,1.0,0.001
0.05,2026-03-27 13:32:59.000 UTC,Withdrawal,0x4be6e30ab4d11985d4898bf24ec5f9bad6395b26f0af56984e5594200c502bb1,0xec15c20015e72748f03065ed80c41cb882e3fb66,0x32fcdd3d95c75a17df7bff8edf513409b4837e12,0.05,0.000195
2.0,2026-03-27 06:33:59.000 UTC,Withdrawal,0x23e1c647cd18ac5cd41297707149a2136cec73d151a0aec7dea0fff3079e582e,0xec15c20015e72748f03065ed80c41cb882e3fb66,0xa8b67ef7de304ef9f8d0f261d98c1e3068f24057,2.0,0.002
0.025,2026-03-27 04:30:23.000 UTC,Withdrawal,0x73ce9aad6139cf087c349163c61ac5d15c423e0261eda9ac8a2ad44c2663abd6,0xec15c20015e72748f03065ed80c41cb882e3fb66,0x8c7071408312357b74f1b3ff8c2e6cd6f3efae88,0.025,4.75e-05
0.05,2026-03-27 01:50:23.000 UTC,Withdrawal,0x997765a1331fc22203ff0d0458773d5c714ec2742b6e81945b9270fca2433737,0xec15c20015e72748f03065ed80c41cb882e3fb66,0x667c71fa67304dd056283f9a7a6eec0b37a5cc74,0.05,7e-05
0.05,2026-03-27 00:56:11.000 UTC,Withdrawal,0x578523b34c5ea52fc304edfdcd5f1bd10775ad80137ffb1726e61a9b68eec988,0xec15c20015e72748f03065ed80c41cb882e3fb66,0x4d4bdcce25ea8eaa4d9d5f9945bcc287d77450ea,0.05,7e-05
0.05,2026-03-26 20:54:59.000 UTC,Withdrawal,0x508bdc1b0ad643dcc353f5940eecf08c9738925c57174f92e4024c63f1c19c9a,0xec15c20015e72748f03065ed80c41cb882e3fb66,0x75a1253432356f90611546a487b5350cef08780d,0.05,9.5e-05
0.05,2026-03-26 19:55:47.000 UTC,Withdrawal,0x55f8ce5528a774482deb1d24153d5a655f74cd5cd3302e4c51404730e121566f,0xec15c20015e72748f03065ed80c41cb882e3fb66,0x55b0f64259d79b963ab927ce9f4658027431f1ff,0.05,0.000115
0.01,2026-03-26 16:33:35.000 UTC,Withdrawal,0x18a2f15a2c42ae7cf814dc86fbb1681b6e47e47f47a353e16daefe6159e75f6b,0xec15c20015e72748f03065ed80c41cb882e3fb66,0xd5e064763b5451afbe2fd60c2f4e6f81989b42ab,0.01,9.2e-05
3.93,2026-03-26 13:28:59.000 UTC,Withdrawal,0x9de1efb5cb5fb6c7f38782858d1689cfa43bb53a845dd12945cdefb3b85d7269,0xec15c20015e72748f03065ed80c41cb882e3fb66,0xc31a38d5bca57961df3cc002c394c9d7a5566ac6,3.93,0.00393
1.492,2026-03-26 13:06:11.000 UTC,Withdrawal,0xcbb443df161b41af698c8e2da0ab257dcb89995f09b389afcca52fedf88b36a7,0xec15c20015e72748f03065ed80c41cb882e3fb66,0xc31a38d5bca57961df3cc002c394c9d7a5566ac6,1.492,0.001492
0.00625,2026-03-26 08:21:47.000 UTC,Withdrawal,0xb3d078fd8f9bac723cbc91e34325796fef61c5f4f0ea7c8476e458788c6b6c24,0xec15c20015e72748f03065ed80c41cb882e3fb66,0x9316b0442bc8407933173b3d9eaa53c110b7f971,0.00625,4.375e-05
0.8,2026-03-26 08:09:47.000 UTC,Withdrawal,0xa26f182690814603e9af8f307684ded87ab4ee9050e2729120fb925778bc3e16,0xec15c20015e72748f03065ed80c41cb882e3fb66,0x432dda706435c1b01fc7867ac482b451b67600c7,0.8,0.0008
0.2,2026-03-26 05:26:47.000 UTC,Withdrawal,0x21ca31aaf7913839a98f702a41c8774d6e93a89a5b7e7617e6cc175228818533,0xec15c20015e72748f03065ed80c41cb882e3fb66,0x0a5f07eca94861d5804891cb9078171bbb0fd046,0.2,0.00022
0.5,2026-03-26 00:10:23.000 UTC,Withdrawal,0x20f973f853cf715bae42e867a65c7b646bb1301da5f7c5022eae4e19130e4a3e,0xec15c20015e72748f03065ed80c41cb882e3fb66,0x959337911a3847d4ca34ffcab688d57078689e97,0.5,0.0005
0.01,2026-03-25 23:11:59.000 UTC,Withdrawal,0x74e18e469e9208eefc3262191fca94c6c64e8741cf5f8ee73e97a4d3a2439680,0xec15c20015e72748f03065ed80c41cb882e3fb66,0x2843df91df16e9b5beea7b6629684ba8b6b9e8dc,0.01,8.6e-05
0.025,2026-03-25 21:46:47.000 UTC,Withdrawal,0x3dc18ba5263231099b2e44baa1d054708b4d4feeaa918b7f7ca3f1764dea34f1,0xec15c20015e72748f03065ed80c41cb882e3fb66,0x10da489a8bcc1b9ac89d8060f6bcae474b403707,0.025,5.25e-05
0.05,2026-03-25 20:36:23.000 UTC,Withdrawal,0x96e8e74c66acc6c7cb1f42d461a04e34cd4f441c42c3e9b1d560e93f2fb2fddc,0xec15c20015e72748f03065ed80c41cb882e3fb66,0xd2f5acb9dbd61fc58cdcb2ca67ceb8b3225afbb5,0.05,0.00012
0.560765,2026-03-24 21:05:23.000 UTC,Withdrawal,0x2746151c9ab6245ddd0b0c9fb624c43e165685baf2ae148bbe6de51b9eefef4d,0xec15c20015e72748f03065ed80c41cb882e3fb66,0xf8f74f2c34959f700f2617a71d19be13bc42beb9,0.560765,0.000560765
0.16566,2026-03-24 20:59:35.000 UTC,Withdrawal,0x24012ce7536c15d7f089ebf8b22cfc4e853c8ca6fd0adc604da7a5bad67bad9f,0xec15c20015e72748f03065ed80c41cb882e3fb66,0xf8f74f2c34959f700f2617a71d19be13bc42beb9,0.16566,0.000198791999999999
0.12001,2026-03-24 20:57:59.000 UTC,Withdrawal,0xeec321e72c75f6495d29f21cbb61a1a303278e484637a83233de64fd0acbfa09,0xec15c20015e72748f03065ed80c41cb882e3fb66,0xf8f74f2c34959f700f2617a71d19be13bc42beb9,0.12001,0.000168014
0.2250375,2026-03-24 20:57:11.000 UTC,Withdrawal,0x53922928df3b128a87b27182a5e879b23f6579b4f89e2079d3c15f5fb2c4d765,0xec15c20015e72748f03065ed80c41cb882e3fb66,0xf8f74f2c34959f700f2617a71d19be13bc42beb9,0.2250375,0.000270045
7.0,2026-03-24 20:56:23.000 UTC,Withdrawal,0xe4d73fad2d222356a8c0938dddf941e6c68f78765867a310aa215339b8bafaeb,0xec15c20015e72748f03065ed80c41cb882e3fb66,0xf8f74f2c34959f700f2617a71d19be13bc42beb9,7.0,0.007
2.520255,2026-03-24 20:47:11.000 UTC,Withdrawal,0x5e7046ddd9d2ef68ca5ab8d3b5040426ab14e30ed1de78f36d9042e6dd969d52,0xec15c20015e72748f03065ed80c41cb882e3fb66,0xf8f74f2c34959f700f2617a71d19be13bc42beb9,2.520255,0.002520255
10.0,2026-03-24 20:39:11.000 UTC,Withdrawal,0x8b381349247f4773f4388a4d42071d504e2466b668aace6dc72842cba3ad822f,0xec15c20015e72748f03065ed80c41cb882e3fb66,0xf8f74f2c34959f700f2617a71d19be13bc42beb9,10.0,0.01
5.6157275,2026-03-24 20:37:59.000 UTC,Withdrawal,0x5df8a26b6f89218ea4c4fee49c7463252dff682753bb1d4f9b9d287020f1caf1,0xec15c20015e72748f03065ed80c41cb882e3fb66,0xf8f74f2c34959f700f2617a71d19be13bc42beb9,5.6157275,0.0056157275
5.0,2026-03-24 20:33:59.000 UTC,Withdrawal,0xf5a1fd6e066f37db114016f5ccccb3d20721424c55302a17f56ea0eeab61f9ee,0xec15c20015e72748f03065ed80c41cb882e3fb66,0xf8f74f2c34959f700f2617a71d19be13bc42beb9,5.0,0.005
3.5,2026-03-24 20:18:47.000 UTC,Withdrawal,0x24017824d51b3569b95d098995c9d59bebee2e623c5c82902d289d816524ae52,0xec15c20015e72748f03065ed80c41cb882e3fb66,0xf8f74f2c34959f700f2617a71d19be13bc42beb9,3.5,0.0035
5.0,2026-03-24 20:16:11.000 UTC,Withdrawal,0xd755fd6b494e8348391ec1b471fe31055b79ad0570f600b2243502f032edcdf0,0xec15c20015e72748f03065ed80c41cb882e3fb66,0xf8f74f2c34959f700f2617a71d19be13bc42beb9,5.0,0.005
15.0,2026-03-24 20:13:47.000 UTC,Withdrawal,0xfc6234490cfd6ee87e5c2d1dedf3d2faf6ac6014dc252f8a24d6bbe14a138821,0xec15c20015e72748f03065ed80c41cb882e3fb66,0xf8f74f2c34959f700f2617a71d19be13bc42beb9,15.0,0.015
5.0750125,2026-03-24 20:01:35.000 UTC,Withdrawal,0xdd93631c8c221710de8fe79466317820678e5a455443fb4dfd8e01e9a30cc6f9,0xec15c20015e72748f03065ed80c41cb882e3fb66,0xf8f74f2c34959f700f2617a71d19be13bc42beb9,5.0750125,0.0050750125
0.12001,2026-03-24 19:59:47.000 UTC,Withdrawal,0x7c9b057859018e403c41607244347b73c2c3cd03fa010b9610e0fbbfb82518b7,0xec15c20015e72748f03065ed80c41cb882e3fb66,0xf8f74f2c34959f700f2617a71d19be13bc42beb9,0.12001,0.000144012
0.05522,2026-03-24 19:58:59.000 UTC,Withdrawal,0x4b22fcab5da4ad0d339aab04ebef114edaf1497651e5c0a3447ce43591cccb8e,0xec15c20015e72748f03065ed80c41cb882e3fb66,0xf8f74f2c34959f700f2617a71d19be13bc42beb9,0.055220000000000005,8.8352e-05
4.7052425,2026-03-24 19:56:59.000 UTC,Withdrawal,0x10dab2190ce8c875327cb8e4d87162e560a551c8ecb526e3d597cbbde7ff3dae,0xec15c20015e72748f03065ed80c41cb882e3fb66,0xf8f74f2c34959f700f2617a71d19be13bc42beb9,4.7052425,0.0047052425
2.0,2026-03-24 19:48:11.000 UTC,Withdrawal,0x03d2c4fcc306636e12dd64623719a4d26752f75602a5811c7d7c35e4670b6057,0xec15c20015e72748f03065ed80c41cb882e3fb66,0xf8f74f2c34959f700f2617a71d19be13bc42beb9,2.0,0.002
1.0,2026-03-24 19:17:23.000 UTC,Withdrawal,0x70e16b9f9fd20285bcd0c8deb14459f855236d4186f18883d3175d7e3c3032da,0xec15c20015e72748f03065ed80c41cb882e3fb66,0xf8f74f2c34959f700f2617a71d19be13bc42beb9,1.0,0.001
0.02,2026-03-24 18:47:47.000 UTC,Withdrawal,0xd95ff0d255439e02253d4b56d6aa5a5dbf98e90ef1bbf4a66fe279d7d9a57faf,0xec15c20015e72748f03065ed80c41cb882e3fb66,0xd5958561b9d77a4b7a12ef568b4b70efa4f9ee4e,0.02,9.6e-05
0.1,2026-03-24 18:03:47.000 UTC,Withdrawal,0xf3202da6adb5521dd1fd4b575e2104405f21771b69e9ded82be633e8c0340893,0xec15c20015e72748f03065ed80c41cb882e3fb66,0xde9765690634cf020893e31fd5c81a50f2184bc9,0.1,0.00022
0.2,2026-03-24 17:57:47.000 UTC,Withdrawal,0x6bbe7691b5df8fd4e8fd48b960387b68437f1c679d03856c23fb13ad2f210279,0xec15c20015e72748f03065ed80c41cb882e3fb66,0xde9765690634cf020893e31fd5c81a50f2184bc9,0.2,0.0003
0.02,2026-03-24 17:45:59.000 UTC,Withdrawal,0xe7a52bf1d466ecd9a0031de48b133869cb832ccafe539c3ab6b2e80e79d219e4,0xec15c20015e72748f03065ed80c41cb882e3fb66,0x01c2e7b1de06da53bd0ec82fdb59e5767b8c6da1,0.02,0.000124
0.5,2026-03-24 13:37:11.000 UTC,Withdrawal,0x10290b3001fe1c4f604548d749dca1458461e3188060eaae5b3a585c5e2d6698,0xec15c20015e72748f03065ed80c41cb882e3fb66,0xace75271ab4f437df6669bf76ee949c70163c8db,0.5,0.00055
0.245,2026-03-24 08:31:59.000 UTC,Withdrawal,0x04521d2d265cfd772e4005c79e0ba6db1940184374449ca019ab2fe402365db8,0xec15c20015e72748f03065ed80c41cb882e3fb66,0xb588d20676da28acfb77af7ce7828b39880b0549,0.245,0.0002695
0.1,2026-03-24 08:17:11.000 UTC,Withdrawal,0x81e004ff38a992630d794af6fa6bb8634ba4cea11e7d574de68042735d7ee651,0xec15c20015e72748f03065ed80c41cb882e3fb66,0xace75271ab4f437df6669bf76ee949c70163c8db,0.1,0.00012
0.01,2026-03-24 04:04:11.000 UTC,Withdrawal,0x9c0a7eb4e7879271e13a1f1e87c884a16a61ff8f0a6836dc44bc60f2e8114189,0xec15c20015e72748f03065ed80c41cb882e3fb66,0xc807355c5bae9a88dad3536efa5e3d1763f24b5a,0.01,3.8e-05
1.0,2026-03-23 21:05:23.000 UTC,Withdrawal,0x6ac1c76e89c9d520d00b82ff5773dd1cd552c2b743dd84959f20bde3f9036a11,0xec15c20015e72748f03065ed80c41cb882e3fb66,0x4d159efbf3c762d5db92e2191d4717558ff01ed5,1.0,0.001
0.02,2026-03-23 15:22:59.000 UTC,Withdrawal,0x0a040860cbbb4c3ba5b10d7dafb728d6143bb753b7e372581a95a7c2df618d67,0xec15c20015e72748f03065ed80c41cb882e3fb66,0x5e47ea217b18a8d63117bccd00b483b7ba448910,0.02,0.000184
0.20723,2026-03-23 15:11:35.000 UTC,Withdrawal,0xc9f3409b03d711de080e7d8aa18a0df934f76a35e38e0b9d42adb60a922a5a40,0xec15c20015e72748f03065ed80c41cb882e3fb66,0x6b6e87c037aa8c3a50a5010d8704bc5ea5c3d3ad,0.20723,0.000455906
0.32097,2026-03-23 15:11:11.000 UTC,Withdrawal,0xda7bf43ef2fc6ade5e8b7ce9ba42dd4ccad46165f88b44888371b59943358d6b,0xec15c20015e72748f03065ed80c41cb882e3fb66,0x6b6e87c037aa8c3a50a5010d8704bc5ea5c3d3ad,0.32097,0.000545649
3.0,2026-03-23 14:13:11.000 UTC,Withdrawal,0x5e6274a081b74a2115aa486e5e324b748385a78e88850b0754ee02d1e2381861,0xec15c20015e72748f03065ed80c41cb882e3fb66,0xf7cc8183293583d8f242c8a45b3bf69dfca54255,3.0,0.003
0.08,2026-03-23 14:10:47.000 UTC,Withdrawal,0x1cf5933783f3019a73d6c1d1f5ac7d89d2be6645e69b4e8cd970f6186b933b36,0xec15c20015e72748f03065ed80c41cb882e3fb66,0xf7cc8183293583d8f242c8a45b3bf69dfca54255,0.08,0.000264
0.028,2026-03-23 10:43:47.000 UTC,Withdrawal,0x69bfdf7ee7033e4d0ee2f5c2842338ece98afff4be4b7450b6efb654082d5fb7,0xec15c20015e72748f03065ed80c41cb882e3fb66,0x50b75d586929ab2f75dc15f07e1b921b7c4ba8fa,0.028,5.6e-05
1.3,2026-03-23 00:53:59.000 UTC,Withdrawal,0xd87d29071d549d0990f358efd833b902568be9df2b3931954ba9094c0ee0cc47,0xec15c20015e72748f03065ed80c41cb882e3fb66,0xc31a38d5bca57961df3cc002c394c9d7a5566ac6,1.3,0.0013
0.026,2026-03-23 00:04:59.000 UTC,Withdrawal,0x556ce2256178204b2ccc3ac4fc6a97939a2b4744df2a0bab1e95617c24c8c1e7,0xec15c20015e72748f03065ed80c41cb882e3fb66,0xbe5e2bc70694347d3803a50937a6a13c32f0315d,0.026,4.68e-05
0.01,2026-03-22 22:30:23.000 UTC,Withdrawal,0xeaea3004df0089a4bc1324e430b8251872525d25b808d2c7b2c0237dacdb552b,0xec15c20015e72748f03065ed80c41cb882e3fb66,0xbc568324340f177b0ccc534f703500fb3308187b,0.01,4.2e-05
0.01,2026-03-22 22:21:11.000 UTC,Withdrawal,0x0d2964c6e802f929ec92f63320e0d20d018480d32492730d1b88d7547e611fa6,0xec15c20015e72748f03065ed80c41cb882e3fb66,0x6164fbc4dfa0732d20f69a613b704e2109f0abcb,0.01,4e-05
0.00893,2026-03-22 20:32:59.000 UTC,Withdrawal,0x9ee3c60ff9feb9490f22010200a13232f5d582c4aef44c3695a33d5898139e22,0xec15c20015e72748f03065ed80c41cb882e3fb66,0x9b56a0875bbf18e7f0151669fe68eeadf0d68be6,0.00893,3.4827e-05
0.01,2026-03-22 20:30:47.000 UTC,Withdrawal,0x9082e1db72a5933bba2fa5542c7693ab94b1e59c209fad8c081f195da956fecf,0xec15c20015e72748f03065ed80c41cb882e3fb66,0x9b56a0875bbf18e7f0151669fe68eeadf0d68be6,0.01,3.6e-05
0.02,2026-03-22 17:50:47.000 UTC,Withdrawal,0x2a2c34d5fcd74498d4d7d2c9c51ef09b33582e151c83b5ccda8c08c012066be8,0xec15c20015e72748f03065ed80c41cb882e3fb66,0xe3f84575d24605107e13e18d51da20517b41f14c,0.02,6.6e-05
0.97,2026-03-22 09:20:11.000 UTC,Withdrawal,0x3e5c5a438048ad8bc0ad432f03670a91355a043d3264ba6603b9736ea768581b,0xec15c20015e72748f03065ed80c41cb882e3fb66,0x54ea9c78c0504908111f0db0ea156e59b4a7c891,0.97,0.00097
0.005,2026-03-22 07:34:35.000 UTC,Withdrawal,0xcc64fa4170e065191a47905f4e3d332ae12453b57582a0045e66a05b79d8c06c,0xec15c20015e72748f03065ed80c41cb882e3fb66,0xf261aa7f4d87143ed082dbca64bd3b1d652868e7,0.005,0.0001655
0.1,2026-03-22 03:18:11.000 UTC,Withdrawal,0x94eeec9d27af9f222f995adf67445c996031422939b327267fcde3bafeb792ba,0xec15c20015e72748f03065ed80c41cb882e3fb66,0xc88ded87361527d242bdc98f611dca8bf580de89,0.1,0.0022
0.001,2026-03-21 23:05:35.000 UTC,Withdrawal,0x087eb233a323426cfac4cd8cee943aeec69dcace73adc21e747dec85e0d1cba7,0xec15c20015e72748f03065ed80c41cb882e3fb66,0x074a039ef0f4d5160eba2c00f0bdd33522e82f4e,0.001,2.13e-05
0.01001,2026-03-21 17:18:23.000 UTC,Withdrawal,0x49aa36c4efb6921c22bf040d18246666fca4ee322e56e0b697ef36e60b761b7b,0xec15c20015e72748f03065ed80c41cb882e3fb66,0xf042ffb08f906657154c3745bdcd33ffc2a52bb8,0.01001,3.6036e-05
0.80944,2026-03-21 13:40:59.000 UTC,Withdrawal,0xfcbb177b5fc3cdb43ec6118e287dffe5d00b4c098997653521527bf48f240559,0xec15c20015e72748f03065ed80c41cb882e3fb66,0x318db454156ad8e7bca0735a1fa24a8c18971c26,0.80944,0.00080944
0.04451,2026-03-21 10:29:59.000 UTC,Withdrawal,0x296c615b26740d83e05aff502fa750686293e8b5517d73280de61d746128dfd9,0xec15c20015e72748f03065ed80c41cb882e3fb66,0x1b5ba51511d5fa2e3e6a416ff7e512e1ed2dce2c,0.04451,6.2314e-05
0.05,2026-03-21 07:31:59.000 UTC,Withdrawal,0xa3452716882d1e22d381f3c2bf49fe93c1ac3fc83d5dc1bf3ced3318ffe86a00,0xec15c20015e72748f03065ed80c41cb882e3fb66,0x85e35d1089fe0071d3eed7773e1670b8aadfc60d,0.05,7.5e-05
0.97,2026-03-21 05:25:59.000 UTC,Withdrawal,0x6375fd7634c6caf0aa1783145c087eabe4c394f1a2f93e817685cd114e03e10f,0xec15c20015e72748f03065ed80c41cb882e3fb66,0xdb2ff506aa48c705b3b632ac89668fa30643a192,0.97,0.00097
0.1,2026-03-21 03:58:11.000 UTC,Withdrawal,0x7d731a93ad16f9fb159811fd3bfa4883165b24968d2812f9abc89d9b097531a0,0xec15c20015e72748f03065ed80c41cb882e3fb66,0xf584fa2fca469641b30484d5c28b38af7b1b787d,0.1,0.00012
0.2,2026-03-21 03:04:23.000 UTC,Withdrawal,0x5ed0049de8eb5ed7b61fcdd0ee2fd8882b23d693f6945cb4f17f1186da4c2739,0xec15c20015e72748f03065ed80c41cb882e3fb66,0x6dc43be93a8b5fd37dc16f24872babc6da5e5e3e,0.2,0.00022
0.2,2026-03-20 23:03:11.000 UTC,Withdrawal,0xe45d0dd5cccbddde5711d179b41b35c4e70be59336c81dc5e54fb75a937593f6,0xec15c20015e72748f03065ed80c41cb882e3fb66,0x6dc43be93a8b5fd37dc16f24872babc6da5e5e3e,0.2,0.00022
0.2,2026-03-20 22:17:23.000 UTC,Withdrawal,0x6514c4bf3d65673b87abfdcc8b60eb65c973b10580591eb62df014eaa92572d5,0xec15c20015e72748f03065ed80c41cb882e3fb66,0xd8653e327647f22570bded7c01c0f89f3bda57ad,0.2,0.00022
0.05,2026-03-20 21:02:23.000 UTC,Withdrawal,0x766c8bdddbf2f90062cc8008e10192da73e003fdd22348e93fc135b6f9372187,0xec15c20015e72748f03065ed80c41cb882e3fb66,0x01c2e7b1de06da53bd0ec82fdb59e5767b8c6da1,0.05,8.5e-05
0.2,2026-03-20 19:59:23.000 UTC,Withdrawal,0x6b8cf028c582acfc7cec5a7ad007e47c1f7f25b389293927886953b3072cc3ef,0xec15c20015e72748f03065ed80c41cb882e3fb66,0x6dc43be93a8b5fd37dc16f24872babc6da5e5e3e,0.2,0.00028
0.37997,2026-03-20 14:07:11.000 UTC,Withdrawal,0x0137814a7ea10d909810525a021776de49e4203b63fc421ea80f4156e0f8ef85,0xec15c20015e72748f03065ed80c41cb882e3fb66,0xd708284bdcbf30fe9191b97b3b1f940b41366016,0.37997,0.000531958
0.2,2026-03-20 12:02:35.000 UTC,Withdrawal,0xd50b5d5f4e5fefe1462ee5846f4081b29479342845a9444f983dc965d494eab7,0xec15c20015e72748f03065ed80c41cb882e3fb66,0x6dc43be93a8b5fd37dc16f24872babc6da5e5e3e,0.2,0.00022
0.1,2026-03-20 11:08:35.000 UTC,Withdrawal,0xcf7d658f02d896dc64994d7048dd56145b1e8dc6d48998b5c3866a215954ce78,0xec15c20015e72748f03065ed80c41cb882e3fb66,0x6dc43be93a8b5fd37dc16f24872babc6da5e5e3e,0.1,0.00014
0.0025,2026-03-20 10:54:47.000 UTC,Withdrawal,0xaa5d9065f071118c01bbb470bd67a33b4502e66f3fa282cf685fadf6d1877dfd,0xec15c20015e72748f03065ed80c41cb882e3fb66,0x7289101b0348a8a3b3de734c70a7d3e17cd68417,0.0025,3.75e-05
0.98,2026-03-20 09:17:35.000 UTC,Withdrawal,0xa18f418c44c132bfdf37f280154fc12788d3ad4535697699c10d92289a7a0297,0xec15c20015e72748f03065ed80c41cb882e3fb66,0x9dcbf07f460833103092a6eba24cc27744368e09,0.98,0.00098
0.05,2026-03-20 04:32:11.000 UTC,Withdrawal,0xb02537da3d48ee438333b611c4325d26e55174dfde5c1275f097e316a4531333,0xec15c20015e72748f03065ed80c41cb882e3fb66,0xddc15ce6cc7cbb6f106323ae15d98a0fddde3b69,0.05,8.5e-05
0.1,2026-03-20 03:46:47.000 UTC,Withdrawal,0xbad747fc5ed711072ad5e42c6dc445ab5f5da59b7f68591b7dd4b1757cc315d4,0xec15c20015e72748f03065ed80c41cb882e3fb66,0xf584fa2fca469641b30484d5c28b38af7b1b787d,0.1,0.00013
0.1,2026-03-20 03:45:11.000 UTC,Withdrawal,0x8f53d0eeab5a099ab8c0614065ef829e09bd1e0e82e00af61416f391e6c9f3cb,0xec15c20015e72748f03065ed80c41cb882e3fb66,0xf584fa2fca469641b30484d5c28b38af7b1b787d,0.1,0.00013
0.98,2026-03-20 02:17:59.000 UTC,Withdrawal,0x72fa0536d85064247b0935dd9ebacc6be7ccc9302d8803ad78862fa03f8cbeca,0xec15c20015e72748f03065ed80c41cb882e3fb66,0x10c06c0b149a2406f04d44693daf4dbe7fa08253,0.98,0.00098
1.0,2026-03-20 01:03:47.000 UTC,Withdrawal,0x938c91585ba16dc252e4fbc051fbd97332b56d3d5c23b4983e4e6d650d79574f,0xec15c20015e72748f03065ed80c41cb882e3fb66,0xa93d0a59752e7174f2287906b2313755313a3877,1.0,0.001
0.0075,2026-03-20 00:46:35.000 UTC,Withdrawal,0xa36ad16facd20e2bdd21c422ecf1017d3062f11adeedbf50a8356bbdfc220c94,0xec15c20015e72748f03065ed80c41cb882e3fb66,0xb08979f3806e2139000d9dd657e4f58af6b4ca79,0.0075,4.05e-05
0.01,2026-03-19 22:33:59.000 UTC,Withdrawal,0x12b58104442fc9acffb6cd663d702cfc4e19c84c0021f922c9b56ece037bd72a,0xec15c20015e72748f03065ed80c41cb882e3fb66,0xd7a9922fdf27fc9f6c1e65f1d3a1381960e2a9f4,0.01,4.4e-05
0.0025,2026-03-19 22:27:23.000 UTC,Withdrawal,0x0d090c692ddee5023e866cb4bf8f3df4a50be3e2bad22879f66d4a3249f1d4c2,0xec15c20015e72748f03065ed80c41cb882e3fb66,0xb08979f3806e2139000d9dd657e4f58af6b4ca79,0.0025,4.325e-05
3.0,2026-03-19 20:20:23.000 UTC,Withdrawal,0x17c119f90160dc331b4a1b8b354f11108a4935941f6976f3b01790eb7639d7ca,0xec15c20015e72748f03065ed80c41cb882e3fb66,0x19a0110537e4960c765d6f3fea9445b022a287f0,3.0,0.003
0.05,2026-03-19 14:30:59.000 UTC,Withdrawal,0x881d8887be35bf4a26064ca2e1150e0b08e09ce0254c3b681f7eab01c9db68a5,0xec15c20015e72748f03065ed80c41cb882e3fb66,0x3f88179bdf139c56d19d04fb731ceaa007c9f9dd,0.05,0.000225
0.2,2026-03-19 07:54:59.000 UTC,Withdrawal,0x4d78f1154dec81ca74ac1f544e47299fc9f3f42ce9d930b62fc49ddc7d2eb082,0xec15c20015e72748f03065ed80c41cb882e3fb66,0x8ca9f4b2b405f72bfaa225fb58693d591f862ada,0.2,0.00028
0.1,2026-03-19 03:07:35.000 UTC,Withdrawal,0x873185b4960d4d4479a8503669d4c9f489be15fca60260e40f04cfc8ce4c3cab,0xec15c20015e72748f03065ed80c41cb882e3fb66,0x6dc43be93a8b5fd37dc16f24872babc6da5e5e3e,0.1,0.00017
0.1,2026-03-19 02:03:11.000 UTC,Withdrawal,0x8be62cb0691c56d3e36351e2a7c8162367585f001ea80bb0695c19bf74ab3724,0xec15c20015e72748f03065ed80c41cb882e3fb66,0x6dc43be93a8b5fd37dc16f24872babc6da5e5e3e,0.1,0.00016
0.1,2026-03-19 01:14:23.000 UTC,Withdrawal,0xd48a02cd87ab75009f23d7e0f037d75ed558bab2edb6022a53c7642521e4ebfb,0xec15c20015e72748f03065ed80c41cb882e3fb66,0x6dc43be93a8b5fd37dc16f24872babc6da5e5e3e,0.1,0.00016
0.1,2026-03-18 21:51:35.000 UTC,Withdrawal,0x510f3808a620b7501d59877407f58e12d1f8a3b8bc5aa388b5b330290d291898,0xec15c20015e72748f03065ed80c41cb882e3fb66,0x6dc43be93a8b5fd37dc16f24872babc6da5e5e3e,0.1,0.00019
2.4,2026-03-18 16:50:59.000 UTC,Withdrawal,0x184a84a271d721cdb8ba791c0b6583c647f5ad4f53769d090e05bb0cdb84f2a4,0xec15c20015e72748f03065ed80c41cb882e3fb66,0x81507382554f55e7cf7faf46866e83bc215cd1b2,2.4,0.0024
0.1,2026-03-18 12:10:23.000 UTC,Withdrawal,0x493574efbcbef29b93f339ee630067039cc6af3a51b42db76c3998ec87002894,0xec15c20015e72748f03065ed80c41cb882e3fb66,0xfda0ce58e034fe964df83b8d1592b57c1c4131da,0.1,0.00022
0.98,2026-03-18 07:44:59.000 UTC,Withdrawal,0x8763dac31e2b4b2cacdbf29aa0bd2afdab2b665456c12579c0a6f86e93fec6c0,0xec15c20015e72748f03065ed80c41cb882e3fb66,0x0c370ef8ca6a3f323b5fe9220b64005edba21c60,0.98,0.00098
0.1,2026-03-17 22:35:11.000 UTC,Withdrawal,0xc4bbc734d7ce4eb4feee7808eb29239681dc30a45a42020f9fbe87d268a98e71,0xec15c20015e72748f03065ed80c41cb882e3fb66,0xf584fa2fca469641b30484d5c28b38af7b1b787d,0.1,0.00012
0.1,2026-03-17 22:33:47.000 UTC,Withdrawal,0x9bad561d2915967b40978d82b2786b0841d2642a650781d37ef7f5f404768c4f,0xec15c20015e72748f03065ed80c41cb882e3fb66,0xf584fa2fca469641b30484d5c28b38af7b1b787d,0.1,0.00013
0.01,2026-03-17 19:56:23.000 UTC,Withdrawal,0x81d9f9f0ac372d396c1e52b7971644f9df63c032a41c5e9d55fc8cd8bbe23858,0xec15c20015e72748f03065ed80c41cb882e3fb66,0xeb614d8b8f0260bd3ea3881f1b29488b764216df,0.01,3.6e-05
1.5,2026-03-17 18:24:35.000 UTC,Withdrawal,0x4c6acdc9d7ee2959022797285dc4a808a43f391dcdade93a1076b53cfa409f37,0xec15c20015e72748f03065ed80c41cb882e3fb66,0x84b453a8bbb26b1cbda21058c5ad7d416c1f9f6f,1.5,0.0015
0.088,2026-03-17 17:59:59.000 UTC,Withdrawal,0xb0da15af488d8238163fade3256f0e2613c6f1048b50d40f294de8f2b7e7019f,0xec15c20015e72748f03065ed80c41cb882e3fb66,0xc095d0df65a335305ac653a3f6b43ce0f9ec6cb9,0.088,0.0001232
0.863,2026-03-17 16:21:47.000 UTC,Withdrawal,0x299406e534408a65809373e876f32e020a398484ef544773c6c82f3c7bf45a26,0xec15c20015e72748f03065ed80c41cb882e3fb66,0xe064e79bdf6009aaf0ce832cbedb0869fa85109e,0.863,0.0009493
0.1,2026-03-17 13:13:59.000 UTC,Withdrawal,0xc575bc7f7b87068c4d640ee52631158b9f9206bdc6242ab9a7401c16263a335f,0xec15c20015e72748f03065ed80c41cb882e3fb66,0x1a612a0b4ec63f5be24badcd8949112b6388c3e7,0.1,0.00022
0.005,2026-03-17 13:09:23.000 UTC,Withdrawal,0x99afece80deb672535abd12319a2633ae8e8f540dc216d21e0210f22db2e8eaa,0xec15c20015e72748f03065ed80c41cb882e3fb66,0xfa518d541cf1ddca428151d34d3a72670f735acc,0.005,9.35e-05
0.97,2026-03-17 03:50:35.000 UTC,Withdrawal,0x14745d325a418ccdc6e60d17895cbc6c7609fdeb96ae62c741eb7fbdb0233125,0xec15c20015e72748f03065ed80c41cb882e3fb66,0x5d36dd952d6b8f8e175a1b623b2920f6799027f2,0.97,0.00097
0.1,2026-03-16 20:00:35.000 UTC,Withdrawal,0x06b8f11e8faec0d46f1dd5c54d239029a24923393784bf39c9f5cacf293ba560,0xec15c20015e72748f03065ed80c41cb882e3fb66,0xf2766a456c6b65b9ba1851018d930d7731fdd869,0.1,0.00019
1.0,2026-03-16 19:39:11.000 UTC,Withdrawal,0xa713c829baa4e573ca7a84eb8f2c2667e6a49cde7f51178ff3c2e5ec6c10810c,0xec15c20015e72748f03065ed80c41cb882e3fb66,0x2e2fb8b7dc0f58182a8f1316fab1a80318a7e49d,1.0,0.0011
0.01,2026-03-16 17:35:35.000 UTC,Withdrawal,0xe4e0479a7cacbbc50ac24e437f59d9a45d8bea1a11cebc0c560fd7101c7eb0de,0xec15c20015e72748f03065ed80c41cb882e3fb66,0xb08979f3806e2139000d9dd657e4f58af6b4ca79,0.01,0.00027
0.1,2026-03-16 17:03:35.000 UTC,Withdrawal,0x16a23204d5bb11732b08288888b2b089c4e6f46333ab1ff5d4911ebde44debfd,0xec15c20015e72748f03065ed80c41cb882e3fb66,0xf2766a456c6b65b9ba1851018d930d7731fdd869,0.1,0.00027
0.1,2026-03-16 15:22:47.000 UTC,Withdrawal,0x17572116075856dd1a0a33cf66df3289456be74b16421918bb303aa52d4bb78f,0xec15c20015e72748f03065ed80c41cb882e3fb66,0xf2766a456c6b65b9ba1851018d930d7731fdd869,0.1,0.00031
0.97,2026-03-16 14:55:23.000 UTC,Withdrawal,0xdabc573d6c3707c1eb8d198184de4b8e33c31afcbe6045a9ac4c85145f7fb616,0xec15c20015e72748f03065ed80c41cb882e3fb66,0x8016bdf329bb5f823231fbf2c587d70aabe01be7,0.97,0.001261
0.1,2026-03-16 14:04:59.000 UTC,Withdrawal,0xefd521a63d4bacb825c19ec72a35e00dd4660b7459530302d88739c9b9de5599,0xec15c20015e72748f03065ed80c41cb882e3fb66,0xf2766a456c6b65b9ba1851018d930d7731fdd869,0.1,0.00046
0.025,2026-03-16 14:02:11.000 UTC,Withdrawal,0xcdbcc49730ea7ab13ce00481c985ba5d89786f17e8438d4f2e06a42782a21dad,0xec15c20015e72748f03065ed80c41cb882e3fb66,0x79cbc3fd51c57fec28c4bef77e34f794597b8484,0.025,0.0003525
1.5,2026-03-16 13:46:35.000 UTC,Withdrawal,0xe17f5087e5d540e55205ea5d4622e8657514956b72009543513c82b8d9ced73c,0xec15c20015e72748f03065ed80c41cb882e3fb66,0x8dd686d5355888bdd3f06c446afe6053562ca4f3,1.5,0.00165
0.1,2026-03-16 13:05:23.000 UTC,Withdrawal,0x7e409181a7854d65f8e11d1f6ef629abe65e75ef495848590c1547cf672942a3,0xec15c20015e72748f03065ed80c41cb882e3fb66,0xf2766a456c6b65b9ba1851018d930d7731fdd869,0.1,0.00031
0.1,2026-03-16 12:10:59.000 UTC,Withdrawal,0xdc90800274d3210b1c1c62be286b85c275628acb5203f8e23e7dcd4753f40ea8,0xec15c20015e72748f03065ed80c41cb882e3fb66,0xf2766a456c6b65b9ba1851018d930d7731fdd869,0.1,0.00022
0.1,2026-03-16 11:34:35.000 UTC,Withdrawal,0xb953e9eb85cfeb19a8c9d789f07c62a211b5b95f234f1ab4b39d07f24a0138fc,0xec15c20015e72748f03065ed80c41cb882e3fb66,0xf2766a456c6b65b9ba1851018d930d7731fdd869,0.1,0.00025
0.1,2026-03-16 11:31:59.000 UTC,Withdrawal,0x128797632a02a99c4f07291e7410f09459e19bc187f30544fcee4cc7358fbdcb,0xec15c20015e72748f03065ed80c41cb882e3fb66,0xf2766a456c6b65b9ba1851018d930d7731fdd869,0.1,0.00026
0.1,2026-03-16 11:21:47.000 UTC,Withdrawal,0x5908241ff8aa8477c9277cedf257b95bfd0145a5ddd9d3e1432011d25716e000,0xec15c20015e72748f03065ed80c41cb882e3fb66,0xf2766a456c6b65b9ba1851018d930d7731fdd869,0.1,0.0002
0.1,2026-03-16 11:19:23.000 UTC,Withdrawal,0xc0b3b2c1de4d7ed059d4ab7d4027c113657e33eb3a97796e7b1cba72208bcf36,0xec15c20015e72748f03065ed80c41cb882e3fb66,0xf2766a456c6b65b9ba1851018d930d7731fdd869,0.1,0.0002
0.1,2026-03-16 11:16:59.000 UTC,Withdrawal,0x4479550d9afc8b29b9f8c1d3acc4dad5fd215c43438712675e79f4235f1dade1,0xec15c20015e72748f03065ed80c41cb882e3fb66,0xf2766a456c6b65b9ba1851018d930d7731fdd869,0.1,0.00021
0.1,2026-03-16 11:14:11.000 UTC,Withdrawal,0x6768ec2ab0c54996e8f7d77272963ab81e2c857db13de0b36514116169242042,0xec15c20015e72748f03065ed80c41cb882e3fb66,0xf2766a456c6b65b9ba1851018d930d7731fdd869,0.1,0.0002
0.1,2026-03-16 11:08:59.000 UTC,Withdrawal,0xa2f9ec1ece277c68fd8d31c02b374c6a3b1265d188f45c7e3f71046ad293d538,0xec15c20015e72748f03065ed80c41cb882e3fb66,0xf2766a456c6b65b9ba1851018d930d7731fdd869,0.1,0.00024
0.1,2026-03-16 10:41:11.000 UTC,Withdrawal,0x9070cea77dbebb53e9444b9e3f401840def2decfcaca82650e1692c88ab82c5e,0xec15c20015e72748f03065ed80c41cb882e3fb66,0x6dc43be93a8b5fd37dc16f24872babc6da5e5e3e,0.1,0.00021
0.1,2026-03-16 10:37:59.000 UTC,Withdrawal,0xd71db579345032cfa19e60e1393f5c03d80a0ddd68fbf75d542e058abed0fb29,0xec15c20015e72748f03065ed80c41cb882e3fb66,0x6dc43be93a8b5fd37dc16f24872babc6da5e5e3e,0.1,0.00023
0.082,2026-03-16 10:19:47.000 UTC,Withdrawal,0x04e4bc2a961ad62f212cb8ae37a246480c0f5041467608fbc87a9571030b87a1,0xec15c20015e72748f03065ed80c41cb882e3fb66,0xf2766a456c6b65b9ba1851018d930d7731fdd869,0.082,0.0001968
0.1,2026-03-16 10:17:11.000 UTC,Withdrawal,0x45be38a2272777efeb616b6e784106b2ff4d999765e8d791eabed652f4931a51,0xec15c20015e72748f03065ed80c41cb882e3fb66,0xf2766a456c6b65b9ba1851018d930d7731fdd869,0.1,0.00021
0.1,2026-03-16 10:15:11.000 UTC,Withdrawal,0xace2ad3d405238f9162976f589dd16965ef08d878ccf6b6e80f37acea8ead097,0xec15c20015e72748f03065ed80c41cb882e3fb66,0xf2766a456c6b65b9ba1851018d930d7731fdd869,0.1,0.00022
0.1,2026-03-16 10:13:47.000 UTC,Withdrawal,0x134b9d192f4444ce0c2cde64814f01636bc8124e8bad52f3781589fb75f29fdd,0xec15c20015e72748f03065ed80c41cb882e3fb66,0xf2766a456c6b65b9ba1851018d930d7731fdd869,0.1,0.00022
0.2275,2026-03-16 09:57:11.000 UTC,Withdrawal,0x5e1fd92ce5c7a4c370360b04b6dbcce1e76ec243956e9a2364017e0fdfea33c9,0xec15c20015e72748f03065ed80c41cb882e3fb66,0xf2766a456c6b65b9ba1851018d930d7731fdd869,0.2275,0.0003185
0.12,2026-03-16 07:06:59.000 UTC,Withdrawal,0xc491079aa1d4bdb67bc0fa098d0a0ca83a81b8f1618ffc49911e0a3011d2ba5b,0xec15c20015e72748f03065ed80c41cb882e3fb66,0xe2e2e2cc59032678c58e8088612b794391282f1a,0.12,0.000144
0.31,2026-03-16 06:48:35.000 UTC,Withdrawal,0xb2282cf4fdc5549e2961dc6116ecf2025f92c48babd67b1e6dfccf10d2b1e8a8,0xec15c20015e72748f03065ed80c41cb882e3fb66,0x76132742ad27afe3af5cf2eab6b6b38ef5b2acb5,0.31,0.00031
0.1,2026-03-16 05:32:35.000 UTC,Withdrawal,0xc4e270fd0095d788101fe5659f82101e0528c2226757e921169a48f14c48eb72,0xec15c20015e72748f03065ed80c41cb882e3fb66,0x0ece91a322e1bc8c81e4a2ef94b7abe9c7209e4d,0.1,0.00012
0.5,2026-03-16 03:43:59.000 UTC,Withdrawal,0xa2b360dcdeb7c8093b5f0588a2b873d5aef1ab5e5dfe4d5b49a49bc5204ad258,0xec15c20015e72748f03065ed80c41cb882e3fb66,0xd13a54154290fb72f8365c129ffa8b5a936787b2,0.5,0.00065
0.01,2026-03-16 03:08:11.000 UTC,Withdrawal,0xac21d9e86dc2af838f1e7c6dfd7627164b4d95bdac2cbc01be0324bc3cee3885,0xec15c20015e72748f03065ed80c41cb882e3fb66,0xd13a54154290fb72f8365c129ffa8b5a936787b2,0.01,3.8e-05
0.1,2026-03-15 22:59:59.000 UTC,Withdrawal,0x7bd149d2f35a50693d34c8e2bbd7f6aa1d51fafaf00c4c003a06e4126d6b436f,0xec15c20015e72748f03065ed80c41cb882e3fb66,0x6dc43be93a8b5fd37dc16f24872babc6da5e5e3e,0.1,0.00022
0.1,2026-03-15 22:50:11.000 UTC,Withdrawal,0x292cd67f9aec403eb941f8ab275e6cd63652034ca43370c348c5ff792392ef71,0xec15c20015e72748f03065ed80c41cb882e3fb66,0x6dc43be93a8b5fd37dc16f24872babc6da5e5e3e,0.1,0.00018
0.0045,2026-03-15 20:44:59.000 UTC,Withdrawal,0x15b38d0d68749fc65e1257f90b6054cf9806803ccb308fe021ddc7a758b75569,0xec15c20015e72748f03065ed80c41cb882e3fb66,0xf2766a456c6b65b9ba1851018d930d7731fdd869,0.0045,3.78e-05
0.002,2026-03-15 19:00:47.000 UTC,Withdrawal,0x59071d8b6a2ea872bb4a0711291cab33c86aa985c6947cdae80682f2ddf3a71e,0xec15c20015e72748f03065ed80c41cb882e3fb66,0x0e5ddd5b203aece6f54e35199d05a3e9237bf761,0.002,2.26e-05
0.02,2026-03-15 18:20:59.000 UTC,Withdrawal,0xbb4b29d21548f01e072c662148b8c639fe446e4c794c7c1411e19af768378f98,0xec15c20015e72748f03065ed80c41cb882e3fb66,0xfcaaa8845ab26d8766676c24fa0ef29ccdfed40d,0.02,4.4e-05
2.493,2026-03-15 17:41:59.000 UTC,Withdrawal,0xda6defd147b17864bf73e0fcc2d5266db1417977be36aac95ea9079eafcc7631,0xec15c20015e72748f03065ed80c41cb882e3fb66,0x2e258fc04b9b39070c7276dfd242d9deb8da3e67,2.493,0.002493
0.05,2026-03-15 15:37:47.000 UTC,Withdrawal,0x0b74c7524c409049a324159e1a1c4fc7e602ae21c4909d472293d4f456eac2b5,0xec15c20015e72748f03065ed80c41cb882e3fb66,0xe0db5d9562a8387349a798fc5a6ae07bf2a6c095,0.05,7.5e-05
0.05,2026-03-15 15:14:35.000 UTC,Withdrawal,0xf21332b278c837a4ff80f404cf139ced6ed3b6c2e9d6102f352758b684bd70a2,0xec15c20015e72748f03065ed80c41cb882e3fb66,0xced5aaec9e522b049de205fe9341dce9b20e9fae,0.05,8.5e-05
0.5,2026-03-15 01:14:59.000 UTC,Withdrawal,0x7700fed3d90170737016482c94f6a69b4473d49646114c8696be54822db2adfc,0xec15c20015e72748f03065ed80c41cb882e3fb66,0xa93d0a59752e7174f2287906b2313755313a3877,0.5,0.0005
0.0199,2026-03-14 20:31:23.000 UTC,Withdrawal,0x0fe5553bc8b51453e18ee7aad69898cbee1190d9344cee482d96971c75185dba,0xec15c20015e72748f03065ed80c41cb882e3fb66,0xf57a474b95b7eb47c88dfc0356ae95fd612adbcb,0.0199,3.781e-05
1.0,2026-03-14 08:58:35.000 UTC,Withdrawal,0xceaed623cf0c2cbb86525d191d019cd0a3f1e882dae33b0319bb3999466a8ad2,0xec15c20015e72748f03065ed80c41cb882e3fb66,0x784469aaea864519b7980b1ff0c5a30a57d7c89a,1.0,0.001
1.0,2026-03-14 07:43:47.000 UTC,Withdrawal,0x5ff87cd5d40dddce5e457f3a3791080b60d4f83c27dc645b9c84e9eb7bf733f8,0xec15c20015e72748f03065ed80c41cb882e3fb66,0x322956ea3f126a68fa6103965a75f6f4da7affc9,1.0,0.001
4.0,2026-03-13 22:18:59.000 UTC,Withdrawal,0x5ee07ffc1d07b9c7cb906e4a4655468c8acb04e73b41c132f866abfa2827a73b,0xec15c20015e72748f03065ed80c41cb882e3fb66,0x30d4db05a47d3019466307b60378d0220fe071dc,4.0,0.004
2.0,2026-03-13 18:28:47.000 UTC,Withdrawal,0x3862929a3f72d0441ea6391550cff29f953f10cadcc55822eef90b5fa0240786,0xec15c20015e72748f03065ed80c41cb882e3fb66,0x8dd686d5355888bdd3f06c446afe6053562ca4f3,2.0,0.002
1.0,2026-03-13 18:20:11.000 UTC,Withdrawal,0x06cf9ced4f9a9575758214ca9a2c97b892ba4fb5e48802540b4be8cc9e2648f0,0xec15c20015e72748f03065ed80c41cb882e3fb66,0x4f438b4a5cd3563ab1e173e6ef03fd2739b7662b,1.0,0.0011
0.1,2026-03-13 18:06:35.000 UTC,Withdrawal,0x774cdd1dbcc0eae1875c281c793cc9e59e6a064dbce6dc7f104690e70d6856c1,0xec15c20015e72748f03065ed80c41cb882e3fb66,0x4f438b4a5cd3563ab1e173e6ef03fd2739b7662b,0.1,0.00029
0.01,2026-03-13 17:50:59.000 UTC,Withdrawal,0xf0086cf8b62a6f45a892cf6aa25e04dbb6d03dd50d2ba269efccd92491f6dd96,0xec15c20015e72748f03065ed80c41cb882e3fb66,0xd7a9922fdf27fc9f6c1e65f1d3a1381960e2a9f4,0.01,0.000233
0.15,2026-03-13 12:55:59.000 UTC,Withdrawal,0xdbf7804f853ae5a4b429c7e8c4fac0d52e8951ad995f2be06c28a140ba41aebb,0xec15c20015e72748f03065ed80c41cb882e3fb66,0x4cc79f269ded5a22e7551007f865ca3574b669c2,0.15,0.00027
0.0199,2026-03-13 05:57:59.000 UTC,Withdrawal,0xedae02e07f07797db07a9cbf4a7cdc7ca9292fe79360f85951793a4124762bfe,0xec15c20015e72748f03065ed80c41cb882e3fb66,0x7604ebbed775f85274000dd9245dbad296ecb051,0.0199,3.98e-05
0.1,2026-03-13 05:37:59.000 UTC,Withdrawal,0x1d0d007a7f1d3e5e0a1f9d4c8c509c4d05b2ff027e21b4b358cde4bc19c034f9,0xec15c20015e72748f03065ed80c41cb882e3fb66,0xc63303932ba00df72e8b9cd8a05fccd0ae72711f,0.1,0.00011
0.0055,2026-03-13 05:14:47.000 UTC,Withdrawal,0x5acdd6faf9c8db5d32d6578487f91722c08937c8a1b933414be7f2a4e84a16a5,0xec15c20015e72748f03065ed80c41cb882e3fb66,0x97fd0f1acce4bf72f214492af39fe9e065e17fb7,0.0055,2.75e-05
1.0,2026-03-13 04:40:11.000 UTC,Withdrawal,0x2eccbf3353026af483603c981c951c39c144a41b5fb0ecf38f983403f9106f5d,0xec15c20015e72748f03065ed80c41cb882e3fb66,0xb1ec5938708cc802e575b9d24fd87eca92a7f8c8,1.0,0.001
0.014,2026-03-13 03:37:47.000 UTC,Withdrawal,0xd1d4b81f87318ee0a9bea807f257340ec63b67cfce9e8ad5a1019e1076674fa5,0xec15c20015e72748f03065ed80c41cb882e3fb66,0xf1d5d506a1f8ae175cf1f3a61e894845dfd4165b,0.014,3.78e-05
0.0114,2026-03-13 03:36:35.000 UTC,Withdrawal,0xf9652f9faa8180beff28e6fd92cf718ad1ef8cc1d1c568be25f72eb49b437c60,0xec15c20015e72748f03065ed80c41cb882e3fb66,0x03369f6db2e2e77a2ef92b6295d6989cd68b8491,0.0114,3.534e-05
0.011,2026-03-13 03:32:59.000 UTC,Withdrawal,0x436815d99ee1dabf2eee62978778803776f2f988c6fa0e0a2323c310add961ce,0xec15c20015e72748f03065ed80c41cb882e3fb66,0x2fae5777d3f82bfb935bcbc49db3b815302f6891,0.011,3.52e-05
0.97,2026-03-13 03:15:35.000 UTC,Withdrawal,0xe47a2ef1e734532c5823c4a4bf5a7c9a742dba27254b99087a63f455387e2551,0xec15c20015e72748f03065ed80c41cb882e3fb66,0x687eda7c916f7b6bc7c037c6146bc0d08f67479a,0.97,0.00097
1.4,2026-03-13 01:37:35.000 UTC,Withdrawal,0x2c0d6fa381ab8259c637f3a6308d21b1823e2097120433ba0e726c47b0722589,0xec15c20015e72748f03065ed80c41cb882e3fb66,0x8dd686d5355888bdd3f06c446afe6053562ca4f3,1.4,0.0014
2.3,2026-03-12 23:14:59.000 UTC,Withdrawal,0x2967422c3b4d93d6a975d48c5b1bb83b9d95f8ef0536691032da0387bf42dfae,0xec15c20015e72748f03065ed80c41cb882e3fb66,0x19a0110537e4960c765d6f3fea9445b022a287f0,2.3,0.0023
0.05,2026-03-12 22:43:47.000 UTC,Withdrawal,0xffc85125e2463f90fc8b26222a3b1fdb6b53518a760931bc8afa03537f167e95,0xec15c20015e72748f03065ed80c41cb882e3fb66,0x8dd686d5355888bdd3f06c446afe6053562ca4f3,0.05,8e-05
0.0028125,2026-03-12 22:34:23.000 UTC,Withdrawal,0xe04a862aa5180d22e9ba078c33d8781947c77ecddb3365aedc4868fd708ad2b2,0xec15c20015e72748f03065ed80c41cb882e3fb66,0xb08979f3806e2139000d9dd657e4f58af6b4ca79,0.0028125,2.559375e-05
0.001875,2026-03-12 22:22:11.000 UTC,Withdrawal,0xe9cdad8c56f490f98c67a1fd7b622321eb3e534c445e9463a8cc10df301d87d8,0xec15c20015e72748f03065ed80c41cb882e3fb66,0xb08979f3806e2139000d9dd657e4f58af6b4ca79,0.001875,2.2125e-05
0.0025,2026-03-12 22:07:35.000 UTC,Withdrawal,0x3687a54e53e9b31861a14833ef947eb47e96b170f860731cf729a320692a3bc3,0xec15c20015e72748f03065ed80c41cb882e3fb66,0xb08979f3806e2139000d9dd657e4f58af6b4ca79,0.0025,4.575e-05
0.05,2026-03-12 17:59:23.000 UTC,Withdrawal,0xb1a9635ef2aa0111462ac3136fae93e81144bccf9fd86410343c3394d11ef1c5,0xec15c20015e72748f03065ed80c41cb882e3fb66,0x531d36ee6895d67d6da10287209101d22e63a550,0.05,0.000145
0.05,2026-03-12 17:43:59.000 UTC,Withdrawal,0x4b6db32447b6f077c069466c9739574bc853537dff8c3d0e823086ac22419e6c,0xec15c20015e72748f03065ed80c41cb882e3fb66,0xd519321361f875a7e29130ed36e49bb0a981ad4a,0.05,0.00013
0.09,2026-03-12 17:35:35.000 UTC,Withdrawal,0x61d76eee1a4c0b8dda6afdb892e42a5ade6b558e6ededdfcb89044d754a752ac,0xec15c20015e72748f03065ed80c41cb882e3fb66,0x7fa0599d2f36232090d161b39650a37e5d150170,0.09,0.000207
0.015,2026-03-12 17:34:11.000 UTC,Withdrawal,0x2321f4dcfaeead98547be404c166b1e9271ac35b93b0f801452351ffa384292d,0xec15c20015e72748f03065ed80c41cb882e3fb66,0x7fa0599d2f36232090d161b39650a37e5d150170,0.015,0.000123
0.01,2026-03-12 15:35:35.000 UTC,Withdrawal,0xf9d6d216f148b683eb78b4161390e5a90eaa2036f1660f3ab0b4d3a27062e6cc,0xec15c20015e72748f03065ed80c41cb882e3fb66,0x87a2bcb902925afaaff19428156e5ea1dcc628a9,0.01,0.000185
0.10532,2026-03-12 12:07:35.000 UTC,Withdrawal,0x076a3cfda39b120a4c8f5caa920af273b99b38d253405ffc355a946e5c116c0c,0xec15c20015e72748f03065ed80c41cb882e3fb66,0x7fa0599d2f36232090d161b39650a37e5d150170,0.10532,0.000179044
0.101,2026-03-12 12:06:47.000 UTC,Withdrawal,0x7aa7b1ec802aadfbdf16a7391d6fc4a3d2b1661aa20414d56c9a0caf0d6930c6,0xec15c20015e72748f03065ed80c41cb882e3fb66,0x7fa0599d2f36232090d161b39650a37e5d150170,0.101,0.0001616
0.1,2026-03-12 12:05:35.000 UTC,Withdrawal,0x264a05aabced30ec05b1051a7c21b7351750ce1fdb3e4b1cd58a4577df9cce6d,0xec15c20015e72748f03065ed80c41cb882e3fb66,0x7fa0599d2f36232090d161b39650a37e5d150170,0.1,0.00018
0.0522,2026-03-12 12:00:35.000 UTC,Withdrawal,0xd8d0eb57f7af38c64a5ac1828f34715cb3a935714d81949eb55146b4b38380c2,0xec15c20015e72748f03065ed80c41cb882e3fb66,0x88135af5fcb280690ce850d16ec68f8b600bb70b,0.0522,0.00013572
10.45,2026-03-12 08:48:47.000 UTC,Withdrawal,0x4db10412975c8aedb5fbbf2246008a1fce0f9a72e629d5bf5838161243a32006,0xec15c20015e72748f03065ed80c41cb882e3fb66,0xb588d20676da28acfb77af7ce7828b39880b0549,10.45,0.01045
0.97,2026-03-12 08:13:11.000 UTC,Withdrawal,0xe47c75e86ae621feab9818280b011923178fa88f05b9ee688b9470193a614f31,0xec15c20015e72748f03065ed80c41cb882e3fb66,0x13dd04def2e932586311955dfa4ce56bbbc06d8c,0.97,0.00097
0.97,2026-03-12 08:03:59.000 UTC,Withdrawal,0xda9ed013d5b39d33e989a756d575b1923ceb3ba324d5688d6b9a0c65120ef716,0xec15c20015e72748f03065ed80c41cb882e3fb66,0x43359e37b9f63c34d67e1d4e9df67047d5a8a14a,0.97,0.00097
0.1,2026-03-11 22:17:59.000 UTC,Withdrawal,0x37c31f922a66b4a1036cfffeb8bb4cc794844a5e9d0f2e080005ed0625e9d4fd,0xec15c20015e72748f03065ed80c41cb882e3fb66,0x95ea0a04598b61be2c0d885a99c35805a118f962,0.1,0.00012
15.0,2026-03-11 19:03:23.000 UTC,Withdrawal,0x0630a0581a787e467c1ff12b754e2803dda0a607d5e0c92ed6c123b7919ab970,0xec15c20015e72748f03065ed80c41cb882e3fb66,0x82064a726489775cfa21fd81cadf19b3c9beaf01,15.0,0.015
0.143,2026-03-11 18:14:59.000 UTC,Withdrawal,0x6a9774c9d93c358c5d1eff91f1ab66f311a697c2892bea5f62bfb0646d7f9399,0xec15c20015e72748f03065ed80c41cb882e3fb66,0x1ffb4532e663f671a0015a0244d91f0da4be7327,0.143,0.0002288
1.0,2026-03-11 12:49:35.000 UTC,Withdrawal,0xe96eb7956d4af7e59826fd62abe8f4fa1bbd67508b208619d0c7d1310d071a68,0xec15c20015e72748f03065ed80c41cb882e3fb66,0xdd23a8496e254d4dd472040310a61266c211660d,1.0,0.0011
0.2,2026-03-11 12:34:59.000 UTC,Withdrawal,0x51b5246a8a42807585df3d02cb674476fd91c3fa7c8adccae4c54dc0f7b3cd05,0xec15c20015e72748f03065ed80c41cb882e3fb66,0xc1aa0c0fbd82e51eca8cefe52a21dc2fad53de20,0.2,0.00042
0.1,2026-03-11 11:35:11.000 UTC,Withdrawal,0x358a807a67c80afa461cc3c50aa73a704397ee3cf156625edfb14c8b1a639efc,0xec15c20015e72748f03065ed80c41cb882e3fb66,0x6dc43be93a8b5fd37dc16f24872babc6da5e5e3e,0.1,0.00016
1.0,2026-03-11 09:26:23.000 UTC,Withdrawal,0xadda791d724a5fcf88a05babf9a7ee8babefc6bbcf6d23a492fa3eec8eef2675,0xec15c20015e72748f03065ed80c41cb882e3fb66,0xa93d0a59752e7174f2287906b2313755313a3877,1.0,0.001
0.01,2026-03-11 02:17:47.000 UTC,Withdrawal,0x8092db3cf0fcbe13f7e195032de31deba164711a7b8fe3e34306b8b08a9bb288,0xec15c20015e72748f03065ed80c41cb882e3fb66,0xff0e74e518ddd8cbe4847df5d635c17414676e38,0.01,3.2e-05
0.1,2026-03-11 01:58:59.000 UTC,Withdrawal,0xdd288471789302ddc4d34718c6f0743025e84e8376a8a70fa4ddaa322f711f0f,0xec15c20015e72748f03065ed80c41cb882e3fb66,0x6dc43be93a8b5fd37dc16f24872babc6da5e5e3e,0.1,0.00012
0.1,2026-03-11 00:13:35.000 UTC,Withdrawal,0x34abcb8e60a50f248ba09f1048336a41131af563e93e7dda0b4f7b8376c2ebb8,0xec15c20015e72748f03065ed80c41cb882e3fb66,0x6dc43be93a8b5fd37dc16f24872babc6da5e5e3e,0.1,0.00013
0.001,2026-03-10 17:50:11.000 UTC,Withdrawal,0xfea84f96d55e35a47bf5d7f75b4e3959631dff5f5ef73efbdea65dd3a58df2bc,0xec15c20015e72748f03065ed80c41cb882e3fb66,0x459c70c116d6b91f23c1dd6b5044d1b1d1e5d1ef,0.001,8.14e-05
0.004,2026-03-10 16:41:23.000 UTC,Withdrawal,0xeada84727d54f072bc502fb843b2a44e78f671feef8e2fa52160766683ac435d,0xec15c20015e72748f03065ed80c41cb882e3fb66,0x459c70c116d6b91f23c1dd6b5044d1b1d1e5d1ef,0.004,0.0001808
0.015,2026-03-10 15:15:11.000 UTC,Withdrawal,0x39ed696e8d660dcce91f25efa2f76d2e8b2dd278138977291e1535cd69fe92d1,0xec15c20015e72748f03065ed80c41cb882e3fb66,0xdbfdf756d7223133775ead38082ede37aa16c94d,0.015,0.0002565
0.1,2026-03-10 15:08:47.000 UTC,Withdrawal,0xef539e26bb5a2f1d9f7fdb6335080c55822aec79f528d25034dbdfd753a97fc4,0xec15c20015e72748f03065ed80c41cb882e3fb66,0xa6129b6beb8c1beebbd4014095c02e8b722dfa4c,0.1,0.00034
0.1,2026-03-10 14:59:23.000 UTC,Withdrawal,0x1e14b4a7e3eec6e0755768615f745cc8b14ce29b77accb40155dfae6604c557c,0xec15c20015e72748f03065ed80c41cb882e3fb66,0xdbfdf756d7223133775ead38082ede37aa16c94d,0.1,0.00046
0.0529,2026-03-10 08:22:59.000 UTC,Withdrawal,0xd553634b6284990ddb9a51a97347bdbbcba90a85f2762b4c643a3c72cc34bdbe,0xec15c20015e72748f03065ed80c41cb882e3fb66,0x06a9ecc77b58f19cb35b6eb5ec38b364af03f365,0.0529,0.00014812
0.1,2026-03-10 08:18:59.000 UTC,Withdrawal,0xee5ed430c23ebd497bc4c59ff8f3cb6703cc9a9f0c0793540488a393b9773fd5,0xec15c20015e72748f03065ed80c41cb882e3fb66,0xbd9311d459fdf9109651b088e9a06bc962880c0f,0.1,0.00015
1.0,2026-03-10 07:39:23.000 UTC,Withdrawal,0xd7ee60b93ff731d414c0e2d71e0f798839bf3f785b233a3a8573c8fca2283706,0xec15c20015e72748f03065ed80c41cb882e3fb66,0xb1ec5938708cc802e575b9d24fd87eca92a7f8c8,1.0,0.001
0.1,2026-03-10 06:30:47.000 UTC,Withdrawal,0x20ab1191ef8e523d3d3220268aae50b51d4b3b3a1e595536ed1a0e87befc5349,0xec15c20015e72748f03065ed80c41cb882e3fb66,0x6dc43be93a8b5fd37dc16f24872babc6da5e5e3e,0.1,0.00012
0.01,2026-03-10 05:45:59.000 UTC,Withdrawal,0xeb830517cf447e7430b839c281ae5c5f06ffdae982e8a2843ed1c66a476a0667,0xec15c20015e72748f03065ed80c41cb882e3fb66,0xb08979f3806e2139000d9dd657e4f58af6b4ca79,0.01,3.4e-05
0.1,2026-03-10 05:04:23.000 UTC,Withdrawal,0x2aee28d5e74647207e3c2f5d676dffbc90cf1bf27b1555fc5f790e8e7eb403f3,0xec15c20015e72748f03065ed80c41cb882e3fb66,0x0ece91a322e1bc8c81e4a2ef94b7abe9c7209e4d,0.1,0.00012
1.0,2026-03-10 04:42:23.000 UTC,Withdrawal,0xe776f32618eec961d02992c5c2733746bcc02a0f021d20cf0a002a7f5e8a868f,0xec15c20015e72748f03065ed80c41cb882e3fb66,0x8ca9f4b2b405f72bfaa225fb58693d591f862ada,1.0,0.001
0.102,2026-03-10 02:56:35.000 UTC,Withdrawal,0x8ce80d904497e6024f1e7229655f227c5078199f2c76fce8bb35abc8bcc5867e,0xec15c20015e72748f03065ed80c41cb882e3fb66,0xabfd99a7da59e8b96f1cefa6e35fd03e6831bc10,0.102,0.0001326
0.103,2026-03-10 02:54:35.000 UTC,Withdrawal,0xed72b24d60ef1873e7c0d72259f10a71bb58004adc2889a83ec18579c2bedcf3,0xec15c20015e72748f03065ed80c41cb882e3fb66,0xabfd99a7da59e8b96f1cefa6e35fd03e6831bc10,0.103,0.0001442
0.1,2026-03-09 23:48:47.000 UTC,Withdrawal,0x36fdf6d717ceb89198514a038ce29db1cec80a8247fbd65b5b71eec887afb2bb,0xec15c20015e72748f03065ed80c41cb882e3fb66,0x6dc43be93a8b5fd37dc16f24872babc6da5e5e3e,0.1,0.00012
0.01,2026-03-09 13:41:11.000 UTC,Withdrawal,0x2414c5fcdf8181e4ab38c0572bf159e7738ba8e0fb591aa00877d35bafdbf97b,0xec15c20015e72748f03065ed80c41cb882e3fb66,0xcf853a15fc0ef7eec34479dd7aeebf658c01c283,0.01,0.000127
0.98767,2026-03-09 13:28:47.000 UTC,Withdrawal,0x4b936504f1716433a52437ff8873bd4b345df195c92ded84d4b27f3666a004c1,0xec15c20015e72748f03065ed80c41cb882e3fb66,0xee80ea760ac26a561d65dac3e0d50c3b43eabc50,0.98767,0.00098767
0.97,2026-03-09 13:00:23.000 UTC,Withdrawal,0xc9bdbaa144d10bc99e9b5dd0e2bddb119d6ce9f80a84fdda3c3779026ee326f3,0xec15c20015e72748f03065ed80c41cb882e3fb66,0x10859f5cad30d2884f880cd80430db6ed19b0adc,0.97,0.00097
0.1,2026-03-09 11:46:35.000 UTC,Withdrawal,0xe3876cd70d54c0612f11f5b01704df0a940634f4e1b16aad43bcb76099048505,0xec15c20015e72748f03065ed80c41cb882e3fb66,0x6dc43be93a8b5fd37dc16f24872babc6da5e5e3e,0.1,0.00012
0.3,2026-03-09 05:38:35.000 UTC,Withdrawal,0x6dbdd7199cd29e98e89b6671e6fbf36c6af5aae8edd03dfc16eed83f5f7a7521,0xec15c20015e72748f03065ed80c41cb882e3fb66,0xfe2edb6b4e3e0b0ca231668b992da0c66b3bcf14,0.3,0.00033
0.3,2026-03-09 04:34:35.000 UTC,Withdrawal,0xce1d0550e1b5d0cddb703b406ea48dfa18406116368ad43281c49c97eee7c2a0,0xec15c20015e72748f03065ed80c41cb882e3fb66,0xfe2edb6b4e3e0b0ca231668b992da0c66b3bcf14,0.3,0.00033
0.1,2026-03-09 03:36:35.000 UTC,Withdrawal,0x9f68fbc3a0f34c6166890363e67b4c5735da65f13e759ddc15ccf8d824c15815,0xec15c20015e72748f03065ed80c41cb882e3fb66,0x4fe67ade559fb585cbf0ccb5af8218c365045415,0.1,0.00015
0.1,2026-03-09 03:16:47.000 UTC,Withdrawal,0x322b73bcdf7b9ca5ea53f2c1b7f3e0b2096f0b0f4ce6b8bd61ff9c2f2fdd0b0a,0xec15c20015e72748f03065ed80c41cb882e3fb66,0x6dc43be93a8b5fd37dc16f24872babc6da5e5e3e,0.1,0.00018
0.0719,2026-03-08 19:36:59.000 UTC,Withdrawal,0xb4d4d39fd11aa381d23080ce225b101ff08e752ac6d9d56f6198bb833775ff28,0xec15c20015e72748f03065ed80c41cb882e3fb66,0xd1dac602eb9ba00655e35ae0d22410a644b5234a,0.0719,9.347e-05
0.2917225,2026-03-08 09:20:23.000 UTC,Withdrawal,0x78a1d2b77f339659a70b36cc9963b1a1b1d5747745ed22dd9092a3e305aa8b40,0xec15c20015e72748f03065ed80c41cb882e3fb66,0xcd14506f56e53d4cb25c1fa7c40cf6839b56d8c2,0.2917225,0.0002917225
0.5151675,2026-03-08 09:18:23.000 UTC,Withdrawal,0x7c6577b21f33ed938d4deedaeae51eda92f1d23dca7de2d6c952d203c30a042a,0xec15c20015e72748f03065ed80c41cb882e3fb66,0xee80ea760ac26a561d65dac3e0d50c3b43eabc50,0.5151675,0.0005151675
0.97,2026-03-06 09:22:23.000 UTC,Withdrawal,0xc9bd8d138c3f38496c218463eaf6118e709c5d793c8c23b31a11e1f0c873898f,0xec15c20015e72748f03065ed80c41cb882e3fb66,0x5e3ae8cf2da521ce2e076c6a4ec04befbda4a990,0.97,0.00097
0.97,2026-03-06 08:02:59.000 UTC,Withdrawal,0x107a45730d5fbae658f506f262f138618f9f93e073f868f93b2a6557e50e8c1d,0xec15c20015e72748f03065ed80c41cb882e3fb66,0xf6680e8f19d5c4fae7832db7f117254b9eca3d34,0.97,0.00097
4.7,2026-03-06 07:23:23.000 UTC,Withdrawal,0x7c9b275e34a16dfad4e5267fd315caa108155a17047cbe5086220582575823ba,0xec15c20015e72748f03065ed80c41cb882e3fb66,0xb588d20676da28acfb77af7ce7828b39880b0549,4.7,0.0047
2.595,2026-03-06 07:22:35.000 UTC,Withdrawal,0x0b336178b44bc4c89897d5f3d530a7e1163aa84c75d25af7f0585d94be59ca33,0xec15c20015e72748f03065ed80c41cb882e3fb66,0xb588d20676da28acfb77af7ce7828b39880b0549,2.595,0.002595
0.03,2026-03-05 21:31:35.000 UTC,Withdrawal,0x23695921817032f6d81f0bb226aa88e3f434a66b90715b0a57a55232909d05fd,0xec15c20015e72748f03065ed80c41cb882e3fb66,0x5550dbf62f88e743a0f1bc7d4d70265459a4bc28,0.03,6.3e-05
0.5,2026-03-05 17:29:23.000 UTC,Withdrawal,0x1ad4666ed6320f03b904d52f9e72204cc84e94d3eb2ce77dde2fdfc42896f3b9,0xec15c20015e72748f03065ed80c41cb882e3fb66,0xf7038d1480482437617ae006ece5bda03252b2ba,0.5,0.00055
0.5,2026-03-05 17:27:59.000 UTC,Withdrawal,0xc7a7ac2dfa98f2d4e4b5103ecf995fb38ea7537ca8e1782a665732c72b0f3bb2,0xec15c20015e72748f03065ed80c41cb882e3fb66,0xf7038d1480482437617ae006ece5bda03252b2ba,0.5,0.00055
0.5,2026-03-05 17:27:23.000 UTC,Withdrawal,0x2bfd916c6f981c87e172406ac86a0e0615f93805a8a03d32551c973b585afc55,0xec15c20015e72748f03065ed80c41cb882e3fb66,0xf7038d1480482437617ae006ece5bda03252b2ba,0.5,0.00055
0.5,2026-03-05 17:22:23.000 UTC,Withdrawal,0x06c6711f707ef16c9ce035b9788eb71dd9405aa905476c426bbba7dd795d2c9c,0xec15c20015e72748f03065ed80c41cb882e3fb66,0xf7038d1480482437617ae006ece5bda03252b2ba,0.5,0.00055
1.5,2026-03-05 17:19:59.000 UTC,Withdrawal,0xdc8a4964048370234681993dfd2329db558b2b83ac7bdae8ce467cfb7ca5eef9,0xec15c20015e72748f03065ed80c41cb882e3fb66,0xf7038d1480482437617ae006ece5bda03252b2ba,1.5,0.0015
1.0,2026-03-05 17:17:47.000 UTC,Withdrawal,0xd229ce3082793ea1deff2bd6564beb4f2e584f906347cd3a19bbcf3ea1269bdf,0xec15c20015e72748f03065ed80c41cb882e3fb66,0xf7038d1480482437617ae006ece5bda03252b2ba,1.0,0.001
5.0,2026-03-05 17:14:35.000 UTC,Withdrawal,0xaa6348a9fa86d311ae1029362b87149d6267e89b9cc88505e34f7f7b6e6b8899,0xec15c20015e72748f03065ed80c41cb882e3fb66,0xf7038d1480482437617ae006ece5bda03252b2ba,5.0,0.005
1.0,2026-03-05 17:13:35.000 UTC,Withdrawal,0x80b22664dd9242da2a338109a5d7b3e218562b12117b856a40fc29d8e96a6699,0xec15c20015e72748f03065ed80c41cb882e3fb66,0xf7038d1480482437617ae006ece5bda03252b2ba,1.0,0.0011
1.0,2026-03-05 17:11:11.000 UTC,Withdrawal,0xbb19e2ca4fc1e2b405cdbddc9c7820a2c1940344390fd9451dfe87e0b3fd8d0d,0xec15c20015e72748f03065ed80c41cb882e3fb66,0xf7038d1480482437617ae006ece5bda03252b2ba,1.0,0.0011
1.0,2026-03-05 17:05:47.000 UTC,Withdrawal,0xcfffeacf208003d9f99bb2f62929d5b13eeeb0a478fdef990ff11c4c2f4cc78b,0xec15c20015e72748f03065ed80c41cb882e3fb66,0xc4edf495cc4cbeb9c579b8b899b12f21f97692b2,1.0,0.0011
2.0,2026-03-05 17:02:59.000 UTC,Withdrawal,0xb6d9a937c68fcac9589b18f90e26c0d7098b4c6a4b6e6f174e581c6c2252cab1,0xec15c20015e72748f03065ed80c41cb882e3fb66,0xc4edf495cc4cbeb9c579b8b899b12f21f97692b2,2.0,0.002
1.0,2026-03-05 17:01:11.000 UTC,Withdrawal,0x9fc8b465e19b8e06057357f86b8777910242deabe46bde9d2317020056be2617,0xec15c20015e72748f03065ed80c41cb882e3fb66,0xc4edf495cc4cbeb9c579b8b899b12f21f97692b2,1.0,0.001
5.0,2026-03-05 16:56:23.000 UTC,Withdrawal,0x8a11caabac6f38464f00a852912312ef56794802fc503c8ea8d06e26965752bf,0xec15c20015e72748f03065ed80c41cb882e3fb66,0xf7038d1480482437617ae006ece5bda03252b2ba,5.0,0.005
4.0,2026-03-05 16:48:59.000 UTC,Withdrawal,0xa06845dc25c9b8bb7faf221e45b98a98e7fdba69c8f950bb9af99e0dcf87cafb,0xec15c20015e72748f03065ed80c41cb882e3fb66,0xf7038d1480482437617ae006ece5bda03252b2ba,4.0,0.004
0.1,2026-03-05 16:46:59.000 UTC,Withdrawal,0x0e17b6b1e04bdb50e20c0ba0b2b0e5c756432c2c42345d4b592ec606acfd28b4,0xec15c20015e72748f03065ed80c41cb882e3fb66,0xf7038d1480482437617ae006ece5bda03252b2ba,0.1,0.00024
0.2,2026-03-05 06:34:47.000 UTC,Withdrawal,0x618bcd7317de030c6f7a5a1f7b6740331dee6023cbde2a174a4ace7a201cd4a5,0xec15c20015e72748f03065ed80c41cb882e3fb66,0x0a5f07eca94861d5804891cb9078171bbb0fd046,0.2,0.00022
12.0,2026-03-05 02:04:59.000 UTC,Withdrawal,0xaabb87af1706b6a5f2da38289d4906fafa4b2b2e446ee64c1bf507b549bb633f,0xec15c20015e72748f03065ed80c41cb882e3fb66,0xb588d20676da28acfb77af7ce7828b39880b0549,12.0,0.012
0.455,2026-03-04 23:19:47.000 UTC,Withdrawal,0x68eda0ae939821a12dca2ef261d0c2ab541af16f0b6d9f89213ccafbcb9a460a,0xec15c20015e72748f03065ed80c41cb882e3fb66,0xbc3cc310408376c3f582a82553c54907ac3e990e,0.455,0.0005005
0.8,2026-03-04 22:15:23.000 UTC,Withdrawal,0xb458977a9303e0f7856f055fc376afe52fadcadebdcc5dfa2d4b932f2be5c172,0xec15c20015e72748f03065ed80c41cb882e3fb66,0xb5b1ad063bb57d11026d10fab191cae87da82351,0.8,0.0008
1.0,2026-03-04 22:11:23.000 UTC,Withdrawal,0x1ccffc4746ad713a498d88eef62ba30b7afd0d90bff80d08648675426d0b5204,0xec15c20015e72748f03065ed80c41cb882e3fb66,0xb5b1ad063bb57d11026d10fab191cae87da82351,1.0,0.001
0.1,2026-03-04 21:32:59.000 UTC,Withdrawal,0x579b8b369fb2be7a11666a2914c217510b3906479d55fe697b99502c32116d82,0xec15c20015e72748f03065ed80c41cb882e3fb66,0x13975117e55160d6b30c34f02ae8d338fc4f951f,0.1,0.00014
0.01,2026-03-04 16:22:35.000 UTC,Withdrawal,0xf7482ea5d3ff4fa3eb32864e3bc4ddf722401a389274cb06b2f0365b978ebedc,0xec15c20015e72748f03065ed80c41cb882e3fb66,0x6d6ec83d8e1ab98fbc45a2763a73cf3072aa8e0c,0.01,0.00067
0.1,2026-03-04 14:42:11.000 UTC,Withdrawal,0x22471e404d22c0a46248a50fd612d462fac9e01a05c324e67bf9cf93af0fb804,0xec15c20015e72748f03065ed80c41cb882e3fb66,0xc142b468e6b0b671a940af8e2acf6313f107e519,0.1,0.0004
1.56,2026-03-04 13:37:47.000 UTC,Withdrawal,0xd2608f41ccfeed4aeb089f21dfac5a1d141d00ece40fb5f36259a265f6b75799,0xec15c20015e72748f03065ed80c41cb882e3fb66,0x99397d546214655155c572112edf8a850408d193,1.56,0.001716
7.5,2026-03-04 13:29:23.000 UTC,Withdrawal,0x44072189528155da0661f34ee7e10b70a88ece0ebde442e7b42b2df7e5942497,0xec15c20015e72748f03065ed80c41cb882e3fb66,0xb588d20676da28acfb77af7ce7828b39880b0549,7.5,0.0075
0.01,2026-03-04 10:39:35.000 UTC,Withdrawal,0xd21cb5c862ceb58b233b1ebe02b1eff5218ca2f3a6c4bd26c4422d3ae8e8bd1d,0xec15c20015e72748f03065ed80c41cb882e3fb66,0x2e191e05282726f1e4b2039148d9ef9a36fe4f4b,0.01,6.8e-05
3.03,2026-03-04 07:17:47.000 UTC,Withdrawal,0x4769031d501c2187d1b66e4edf3912d12e3488b3e7946487dbfb2c9e10fe68f6,0xec15c20015e72748f03065ed80c41cb882e3fb66,0xb588d20676da28acfb77af7ce7828b39880b0549,3.03,0.00303
0.017,2026-03-04 06:15:59.000 UTC,Withdrawal,0xa726b48333d44f59229c88983ae6986174f70360054af3c3ec1a9f177b0c9542,0xec15c20015e72748f03065ed80c41cb882e3fb66,0x3b2af2cd0abf7a7b0dd928f860f227bde0e3bf66,0.017,3.74e-05
0.0355,2026-03-04 06:15:35.000 UTC,Withdrawal,0x64c9b9b77e666426853219dda8cd2bb4a9b6a058925030cb56cfb47618da2309,0xec15c20015e72748f03065ed80c41cb882e3fb66,0x3b2af2cd0abf7a7b0dd928f860f227bde0e3bf66,0.0355,5.68e-05
0.029,2026-03-04 06:06:59.000 UTC,Withdrawal,0x346f0dc1a633ebaa942dc8e2e9a687cc7e81c4d0d039adf213a73e0508940148,0xec15c20015e72748f03065ed80c41cb882e3fb66,0x3b2af2cd0abf7a7b0dd928f860f227bde0e3bf66,0.029,4.93e-05
1.0,2026-03-04 04:01:59.000 UTC,Withdrawal,0xdc68807d9d12b662466b74e1f85640d743b552b58097ac23684fdbcbf4c76bab,0xec15c20015e72748f03065ed80c41cb882e3fb66,0xdd23a8496e254d4dd472040310a61266c211660d,1.0,0.001
0.1,2026-03-03 18:37:23.000 UTC,Withdrawal,0xf0822013d33bc336c95faa6185c68749d7f3d6e3da73b744c4525afc245093c0,0xec15c20015e72748f03065ed80c41cb882e3fb66,0x9d522e40ff4c7c8ec589e2291fe79c7eabdc3589,0.1,0.00024
0.111,2026-03-03 18:25:59.000 UTC,Withdrawal,0x577feacec77e84b3c337fa4e44060170d1ba4fbba74c794e78d72dbfeced0ec1,0xec15c20015e72748f03065ed80c41cb882e3fb66,0xc104e95774208daa26f7a6ff80c1424b46154e61,0.111,0.0002331
0.01875,2026-03-03 12:16:59.000 UTC,Withdrawal,0xacd2ef1e6cce8ea1157fab76d7779a3bd998d12c92952b0a60c1488f8f9a7140,0xec15c20015e72748f03065ed80c41cb882e3fb66,0x99d18ced87aeb76add9a5fd6fa71912d56d720cb,0.01875,0.00010125
0.97,2026-03-03 10:57:59.000 UTC,Withdrawal,0x1ce80945b66ed4fc83459a773940cbb3c9342479c991eb518d3236c2a9071ebc,0xec15c20015e72748f03065ed80c41cb882e3fb66,0x692f78ef3541a9f1a3f3cf898d4d001038f787c5,0.97,0.00097
0.01,2026-03-03 07:16:59.000 UTC,Withdrawal,0x457108607cf76cefd015282118ff928d33451caefc75a1e5b2883dc738920118,0xec15c20015e72748f03065ed80c41cb882e3fb66,0x140babc00370d3954fccdf0be68492d87a831eb6,0.01,3.5e-05
0.965,2026-03-03 03:35:35.000 UTC,Withdrawal,0x9b09ed501c3d2191b2b9b955d58891f26ebeeffc1b8807151fb81096a3b77d1d,0xec15c20015e72748f03065ed80c41cb882e3fb66,0xe7f168959d3cbbbf3c94392b3c34efad4520b4ab,0.965,0.000965
0.97,2026-03-03 03:10:23.000 UTC,Withdrawal,0x2cb638259492adc6ccd784a70bbfc07cc3086a181987c1f8137ca6867ada3194,0xec15c20015e72748f03065ed80c41cb882e3fb66,0xe4b0d199c02a9f1b48b28bf0aad405f56d04a87d,0.97,0.00097
1.0,2026-03-02 20:20:47.000 UTC,Withdrawal,0xbc2c176f9ceadf860648e185ba044fe8faded6b0f97b6c301296681575aaa147,0xec15c20015e72748f03065ed80c41cb882e3fb66,0xc06f73f07cd99cc041810d9fb7aa7619d158ed63,1.0,0.0011
0.07,2026-03-02 12:44:11.000 UTC,Withdrawal,0xc2cee9a8f27da738d4497cde5867da3b2a7d68f35c17ee4be149de003d6f1337,0xec15c20015e72748f03065ed80c41cb882e3fb66,0x981b2e77fc3ec85ab5ec33a729ec58cc09224c45,0.07,9.8e-05
0.1,2026-03-01 23:39:11.000 UTC,Withdrawal,0xd88be2125956ed16feab73bad562381dc0215c6b8663f5515a50a7c32569107b,0xec15c20015e72748f03065ed80c41cb882e3fb66,0x4e0be26712d91d55ba57be58b36e551f0b3bbbd8,0.1,0.00013
0.028,2026-03-01 22:20:23.000 UTC,Withdrawal,0xe0a8ff3ce56d8b5ad437da65948f2a6ed7cf5264681cb696722fe5acee67e344,0xec15c20015e72748f03065ed80c41cb882e3fb66,0xd4511228019120eff7a2b1aa197258bf2ff415c4,0.028,0.0001008
0.05,2026-03-01 21:02:11.000 UTC,Withdrawal,0xe2e6e49701e8a5c6b804eb48272335c93df65bbe5c3304e7337abc023228edae,0xec15c20015e72748f03065ed80c41cb882e3fb66,0x2f823271e2a9c7b389c034af2df5619523348e53,0.05,0.000125
0.05,2026-03-01 19:26:59.000 UTC,Withdrawal,0x78bd92f7eac4b36cd8a4d779aa950599d4b77d059db8fdd6b6b1869c0138bc77,0xec15c20015e72748f03065ed80c41cb882e3fb66,0x288867c8c5a8e20f8aac5a031578067e23126f1b,0.05,8e-05
0.1,2026-03-01 17:28:35.000 UTC,Withdrawal,0xc384dcdc460f709e29c28fec0dbe9832445512a94a67c8fe513216a9a6a31639,0xec15c20015e72748f03065ed80c41cb882e3fb66,0x42e3b2b9969308c2fa6c4b71f6a13762e3136a1a,0.1,0.00015
0.5,2026-03-01 15:36:35.000 UTC,Withdrawal,0xd65f534a31a4b71d1f308832e26b3cf6ec71871c7440830e5e00a7f199e0ceac,0xec15c20015e72748f03065ed80c41cb882e3fb66,0x392596d4448660175d62031c020d7a104cb9fac1,0.5,0.0005
1.0,2026-03-01 15:35:59.000 UTC,Withdrawal,0xf46c2a36ea700dd0dc61a1c0e0df3f84102bf21b318ab7cdda1522513ada427b,0xec15c20015e72748f03065ed80c41cb882e3fb66,0x392596d4448660175d62031c020d7a104cb9fac1,1.0,0.001
2.0,2026-03-01 15:32:47.000 UTC,Withdrawal,0x6bf34ff4060619bc0a4d99610ef5a1051aa73e5c70695b8e020d01ece994cb3e,0xec15c20015e72748f03065ed80c41cb882e3fb66,0x392596d4448660175d62031c020d7a104cb9fac1,2.0,0.002
2.0,2026-03-01 15:31:35.000 UTC,Withdrawal,0x361e55eea6dd057828bce5f6c47be900e86ff1bc3506d9b2f5f8f91ea2d97aef,0xec15c20015e72748f03065ed80c41cb882e3fb66,0x392596d4448660175d62031c020d7a104cb9fac1,2.0,0.002
2.0,2026-03-01 15:27:47.000 UTC,Withdrawal,0x4640446e6d09961acea55d56ff1a54602dcdba1ad8178f2513b63ce102631b5b,0xec15c20015e72748f03065ed80c41cb882e3fb66,0x8e5de76dad2ff23419bbabfb995a2197905d2b5f,2.0,0.002
0.965,2026-03-01 14:02:35.000 UTC,Withdrawal,0x5b7496dd4a5e87ac9b4ac8afcffe3fdb0729378a561f2a449fd876a98d50342f,0xec15c20015e72748f03065ed80c41cb882e3fb66,0x0dba8e3bf0c8602fd02e9717de4620f0dd2f54ee,0.965,0.000965
0.1,2026-03-01 13:38:35.000 UTC,Withdrawal,0x6fca38686edf7ae605a3b0f3153b87be3a572630ef785a418731f27f6485efeb,0xec15c20015e72748f03065ed80c41cb882e3fb66,0xcb881e585f30fc5d0bef14639d743eb24734bc86,0.1,0.00013
0.01,2026-03-01 09:08:23.000 UTC,Withdrawal,0x51ea0a00e3a4b1849ff877b4239c5f00bc64aa04d4cd8a1928448f0120cf0ed6,0x9300583051ce99b0e7dc9bafe76b3c508750e944,0xcb4272920a76bf35141c29f18cd2d970fc1918bd,0.01,0.0
0.01,2026-03-01 09:05:59.000 UTC,Withdrawal,0x93a2c559519d9ea08b787fc922b72a9b8bf8f0ca2901b0bbefb85174ceef1d2e,0x9300583051ce99b0e7dc9bafe76b3c508750e944,0x37219a6e8c58415dcc6d78bbac5e27f616d3a3fd,0.01,0.0
0.01,2026-03-01 09:03:47.000 UTC,Withdrawal,0xabb115bb26237ae989c7d885d8d130c98489f8d50d40c3822ac95b1f8e3d7bef,0x9300583051ce99b0e7dc9bafe76b3c508750e944,0xe6428625aefc08d67551bff31af9be6e715531c7,0.01,0.0
0.01,2026-03-01 09:00:35.000 UTC,Withdrawal,0x43f9f7259817252daa224d41d7d9c399edfd4f917db13a287ddfaa2dc25c4700,0x9300583051ce99b0e7dc9bafe76b3c508750e944,0x0850def76407df8ad9f80c5aba26de964aa4a6e5,0.01,0.0
0.1,2026-03-01 09:00:35.000 UTC,Withdrawal,0x5389105f2eb6bfbda09b91bf513f1504c31223f43cdf7e2d08a0cf16e5cc9739,0xec15c20015e72748f03065ed80c41cb882e3fb66,0xd31d8e13c7bfeaf24d2f4fa8bbc0a603739b278a,0.1,0.00012
2.0,2026-02-28 19:23:35.000 UTC,Withdrawal,0xfb4addd596cff3a619b91a7266762a3ef6ddcd1e9fa64762ff2a7ecf02778375,0xec15c20015e72748f03065ed80c41cb882e3fb66,0x30d4db05a47d3019466307b60378d0220fe071dc,2.0,0.002
0.01,2026-02-28 11:39:35.000 UTC,Withdrawal,0xbe654f302d5c2874a890e0919aadf8ad5be90beaccf8d3f88abac41254954879,0xec15c20015e72748f03065ed80c41cb882e3fb66,0x0a5963848f818110e07d3543db007deffc16ad00,0.01,4.7e-05
0.01992,2026-02-27 20:07:11.000 UTC,Withdrawal,0xf67cfe4f67726cf531787dced76cb08f3f57c31aeb55e3a548ee333f76e07435,0xec15c20015e72748f03065ed80c41cb882e3fb66,0x008ea9efa81f047af081f12ef9687b925d27088b,0.01992,4.5816e-05
0.01,2026-02-27 12:53:23.000 UTC,Withdrawal,0xa55daddc42152aa1a852842eae4013ad1b2973cbacb5e74372ced808c7175a06,0xec15c20015e72748f03065ed80c41cb882e3fb66,0x68fa27489b53fea6486a92cea33d2d50b570b655,0.01,8e-05
0.0135,2026-02-27 11:37:11.000 UTC,Withdrawal,0x4ee48d0641cdd74200ccd0e852d91cdca79b31f6b2d92b42aa4fb046a9bf68b8,0xec15c20015e72748f03065ed80c41cb882e3fb66,0x96ab6e4c53cc834f1a7b3675130c9ded4bbe23cf,0.0135,9.855e-05
0.02,2026-02-27 11:34:35.000 UTC,Withdrawal,0xfe6baa1cf7a69154d2020365eef20948a85d1ae1f86c1ca863215785aaf15110,0xec15c20015e72748f03065ed80c41cb882e3fb66,0x96ab6e4c53cc834f1a7b3675130c9ded4bbe23cf,0.02,0.000106
0.004,2026-02-27 11:33:59.000 UTC,Withdrawal,0xe0b8a465602d71d5a5039e776f6c8391d3b9a6e47f0792f2d469781a30650ea8,0xec15c20015e72748f03065ed80c41cb882e3fb66,0x96ab6e4c53cc834f1a7b3675130c9ded4bbe23cf,0.004,9.24e-05
0.05,2026-02-27 11:31:11.000 UTC,Withdrawal,0xee1d7180979cf030f263c4c4abd7ac70d44ca192826a8d54bc57b161882a0ea3,0xec15c20015e72748f03065ed80c41cb882e3fb66,0x96ab6e4c53cc834f1a7b3675130c9ded4bbe23cf,0.05,0.00014
0.002,2026-02-27 11:29:11.000 UTC,Withdrawal,0x7706b1eede600757b31ed8932b4f6f240e8b667e730773ab3494f978cd6d419d,0xec15c20015e72748f03065ed80c41cb882e3fb66,0x96ab6e4c53cc834f1a7b3675130c9ded4bbe23cf,0.002,9.54e-05
0.1,2026-02-27 11:26:59.000 UTC,Withdrawal,0x6370177c21d058ce5c9eaa314bf2a14330a5262c19b16d8d4558c95ba5941e6c,0xec15c20015e72748f03065ed80c41cb882e3fb66,0x96ab6e4c53cc834f1a7b3675130c9ded4bbe23cf,0.1,0.00019
0.01,2026-02-27 11:26:23.000 UTC,Withdrawal,0x6b99b8ca5767881df3e958f9afc26dc0eadfababec242877a27431ff3d80cf3f,0xec15c20015e72748f03065ed80c41cb882e3fb66,0x96ab6e4c53cc834f1a7b3675130c9ded4bbe23cf,0.01,9e-05
0.1,2026-02-27 11:24:47.000 UTC,Withdrawal,0x6a2466d90d4cd8e003a263795b147d637f780e325548bf31f8986769ab0e3f64,0xec15c20015e72748f03065ed80c41cb882e3fb66,0x96ab6e4c53cc834f1a7b3675130c9ded4bbe23cf,0.1,0.0002
0.01,2026-02-27 11:16:47.000 UTC,Withdrawal,0x81683845469564b58a87aac7cadcc82297c7e91bdc077ef6212d404493239cfe,0xec15c20015e72748f03065ed80c41cb882e3fb66,0x96ab6e4c53cc834f1a7b3675130c9ded4bbe23cf,0.01,6.3e-05
0.01,2026-02-27 11:14:59.000 UTC,Withdrawal,0xaee22d63a31cab05c5590704d520a8731bff532b848e4c40c64647d43297c10f,0xec15c20015e72748f03065ed80c41cb882e3fb66,0x96ab6e4c53cc834f1a7b3675130c9ded4bbe23cf,0.01,7.4e-05
0.1,2026-02-27 11:13:35.000 UTC,Withdrawal,0x19b3033aed3947f6b2fc16a9d49118e0ac6f3c665378f5eb0bb29a37a92ff9d1,0xec15c20015e72748f03065ed80c41cb882e3fb66,0x96ab6e4c53cc834f1a7b3675130c9ded4bbe23cf,0.1,0.00016
0.1,2026-02-27 11:11:47.000 UTC,Withdrawal,0x524986d64674fee3ecab05a1c63b590ebdf0bb03352a8b795b592556fa9a0e94,0xec15c20015e72748f03065ed80c41cb882e3fb66,0x96ab6e4c53cc834f1a7b3675130c9ded4bbe23cf,0.1,0.00016
0.1,2026-02-27 11:09:23.000 UTC,Withdrawal,0x517219f00db9f0d2920faeb76424fcd7e883e184e781f1cdb6e4c4c512b9de8e,0xec15c20015e72748f03065ed80c41cb882e3fb66,0x96ab6e4c53cc834f1a7b3675130c9ded4bbe23cf,0.1,0.00016
0.1,2026-02-27 11:08:47.000 UTC,Withdrawal,0x54ad730ac4dca47dfe94562f4392e3dc2abfba192392bde3edec58145051b39c,0xec15c20015e72748f03065ed80c41cb882e3fb66,0x96ab6e4c53cc834f1a7b3675130c9ded4bbe23cf,0.1,0.00017
0.1,2026-02-27 11:06:47.000 UTC,Withdrawal,0xfa8d6e0b0035c3694e404367fa43dde8ff99dd1d9a4a058157ea7f002b769f48,0xec15c20015e72748f03065ed80c41cb882e3fb66,0x96ab6e4c53cc834f1a7b3675130c9ded4bbe23cf,0.1,0.00016
0.1,2026-02-27 11:04:47.000 UTC,Withdrawal,0x57b76bdebb8afa3e3c2cc9ba5030c3016b38faae52be16666bfa6b3c19241ab8,0xec15c20015e72748f03065ed80c41cb882e3fb66,0x96ab6e4c53cc834f1a7b3675130c9ded4bbe23cf,0.1,0.00017
0.01,2026-02-27 11:02:35.000 UTC,Withdrawal,0xd19e8c20c7544fb81393dd9a86441a2cc29cc4a494305422d90c380449af0286,0xec15c20015e72748f03065ed80c41cb882e3fb66,0x96ab6e4c53cc834f1a7b3675130c9ded4bbe23cf,0.01,7.9e-05
0.1,2026-02-27 11:01:59.000 UTC,Withdrawal,0x0a2ee883164e50f3f21c83ca11b471bb70831eddf0f5f6fefe492ebe59cdb890,0xec15c20015e72748f03065ed80c41cb882e3fb66,0x96ab6e4c53cc834f1a7b3675130c9ded4bbe23cf,0.1,0.00017
0.05,2026-02-27 10:59:23.000 UTC,Withdrawal,0x70d7cd1c1e958f2a1b95d1c9d61050a43057f0134dcd974c16d8e741823b4d92,0xec15c20015e72748f03065ed80c41cb882e3fb66,0x96ab6e4c53cc834f1a7b3675130c9ded4bbe23cf,0.05,0.00012
0.1,2026-02-27 10:57:59.000 UTC,Withdrawal,0xca3f05cbfb1c4af8e658653038995fa6dd43845d8d1129c645b11bd6f58eccc8,0xec15c20015e72748f03065ed80c41cb882e3fb66,0x96ab6e4c53cc834f1a7b3675130c9ded4bbe23cf,0.1,0.00017
0.01,2026-02-27 10:47:11.000 UTC,Withdrawal,0x7035d9200dba2886878a9e067fad2d27855006546af3e82411fb95e35593af08,0xec15c20015e72748f03065ed80c41cb882e3fb66,0x96ab6e4c53cc834f1a7b3675130c9ded4bbe23cf,0.01,6.3e-05
0.089,2026-02-27 10:22:35.000 UTC,Withdrawal,0x7ed720ccbe4711b8d1a69a87ba4d89fc0549bebbbcbb9824eb81efc8b9a88bfe,0xec15c20015e72748f03065ed80c41cb882e3fb66,0x2688487d68eb45319cbe4530fa7fea6e3a7e0b87,0.089,0.0001691
0.5,2026-02-27 10:20:47.000 UTC,Withdrawal,0xc9a6b0ba2c0732109e12f7cf7a7e833b4d4db8af349951aba01c20c20b005bef,0xec15c20015e72748f03065ed80c41cb882e3fb66,0x2688487d68eb45319cbe4530fa7fea6e3a7e0b87,0.5,0.0006
0.1,2026-02-27 07:27:35.000 UTC,Withdrawal,0x2de4ccd7e5eda45db08e292830f07b2e2b8df543d4b36fbf8d454366939eb9d4,0xec15c20015e72748f03065ed80c41cb882e3fb66,0xb2fa53e15540db8e25a4647fa0e03aa8c578263a,0.1,0.00012
0.1,2026-02-26 22:54:59.000 UTC,Withdrawal,0x59de7a20cb6363f6e79d115a250b5a8acb2022353b7b74c419575bf7713c9617,0xec15c20015e72748f03065ed80c41cb882e3fb66,0x6dc43be93a8b5fd37dc16f24872babc6da5e5e3e,0.1,0.00013
0.5,2026-02-26 22:20:47.000 UTC,Withdrawal,0xf5f69deb691197399bf622175a83f40bed510076c7d6673266ac5233b6f7726c,0xec15c20015e72748f03065ed80c41cb882e3fb66,0x962b94256f9752d08c0bc0f42f402bac307f935a,0.5,0.0005
0.1,2026-02-26 21:56:23.000 UTC,Withdrawal,0xe6693a11c8d050bf2221ae2d4dee90b0f011de03160424e7e60bfdaf58c21c03,0xec15c20015e72748f03065ed80c41cb882e3fb66,0x2688487d68eb45319cbe4530fa7fea6e3a7e0b87,0.1,0.00014
0.1,2026-02-26 20:00:23.000 UTC,Withdrawal,0xd9c0695f8110b9c7ab12860b4e16771de3e2f528b7ff50208f2f108160681a1b,0xec15c20015e72748f03065ed80c41cb882e3fb66,0x6dc43be93a8b5fd37dc16f24872babc6da5e5e3e,0.1,0.00015
0.1,2026-02-26 19:58:11.000 UTC,Withdrawal,0xe1c8016748e1524f050a7851e09811c2aac9c5c70db750e89df2fa345810b4ba,0xec15c20015e72748f03065ed80c41cb882e3fb66,0x6dc43be93a8b5fd37dc16f24872babc6da5e5e3e,0.1,0.00016
0.1,2026-02-26 19:51:47.000 UTC,Withdrawal,0x580b6debf912ca54a4914d3e5d51fc654f392fab51cfe8ff4e13d0e41cdea2b9,0xec15c20015e72748f03065ed80c41cb882e3fb66,0x6dc43be93a8b5fd37dc16f24872babc6da5e5e3e,0.1,0.00015
0.1,2026-02-26 08:31:11.000 UTC,Withdrawal,0x2d1905b3d8365711f19dd5b8a53cb2dfd4e123dde841f5fafee654e57c79991a,0xec15c20015e72748f03065ed80c41cb882e3fb66,0x6dc43be93a8b5fd37dc16f24872babc6da5e5e3e,0.1,0.00014
0.1,2026-02-26 08:29:47.000 UTC,Withdrawal,0x7b506e527d93e93f3cd70bed006670e972978b2d2f161e153c0727754725f8e4,0xec15c20015e72748f03065ed80c41cb882e3fb66,0x6dc43be93a8b5fd37dc16f24872babc6da5e5e3e,0.1,0.00013
0.1,2026-02-26 08:28:23.000 UTC,Withdrawal,0x3b4bc59ec67b67bbb2e2bf8b73dd57c68b4f84c43ebb3a9b5561b4211fce2a89,0xec15c20015e72748f03065ed80c41cb882e3fb66,0x6dc43be93a8b5fd37dc16f24872babc6da5e5e3e,0.1,0.00013
0.1,2026-02-26 05:18:47.000 UTC,Withdrawal,0xe7d12de979806552630f2602cf7319da0ea5fe638b88e0be840428fb5fc361f5,0xec15c20015e72748f03065ed80c41cb882e3fb66,0x6dc43be93a8b5fd37dc16f24872babc6da5e5e3e,0.1,0.00014
0.1,2026-02-26 05:17:11.000 UTC,Withdrawal,0xf6240b8ab873ce9bc756762c548575b170239004f8d7aa6871a50dbb7aeeb2fb,0xec15c20015e72748f03065ed80c41cb882e3fb66,0x6dc43be93a8b5fd37dc16f24872babc6da5e5e3e,0.1,0.00014
0.034552698047427,2026-02-26 01:28:59.000 UTC,Withdrawal,0xb88849fbf6fbb8951f517a8b4383d7a6bdb29ba1f47b4ab6d6bb7456f41970e5,0xec15c20015e72748f03065ed80c41cb882e3fb66,0xd02313567ffc4784a57f6bb2be8fa3f3e741046d,0.034552698047427034,6.5650126290111e-05
0.15,2026-02-26 01:24:35.000 UTC,Withdrawal,0x2b88276cc479fe9d8cfc807dcc56a9a49642a91f63bedc53c2871a0b7fce2964,0xec15c20015e72748f03065ed80c41cb882e3fb66,0x43f28c1df34ab9dbf769edf82d75ca3e01b5d1da,0.15,0.000195
0.071,2026-02-25 22:58:35.000 UTC,Withdrawal,0x9a210e32bd72859ffdfe52410b2e433aa92ca6b7e6b9e476289738f581a499d7,0xec15c20015e72748f03065ed80c41cb882e3fb66,0xe23b618a6eac9f31d043c220b5f924d80a2c60e4,0.071,0.0001562
0.07,2026-02-25 13:58:23.000 UTC,Withdrawal,0x9a1bbb0f4419105def22e0e84b07b59a98b2786854045d3faa5b73636da9a3b5,0xec15c20015e72748f03065ed80c41cb882e3fb66,0x981b2e77fc3ec85ab5ec33a729ec58cc09224c45,0.07,0.000182
0.21,2026-02-25 10:49:47.000 UTC,Withdrawal,0xc5b34fe2616a26e03bb03d9a0d614b6a9dedb7b1d6017b61f26d2fde0d8993b0,0xec15c20015e72748f03065ed80c41cb882e3fb66,0x546457bbddf5e09929399768ab5a9d588cb0334d,0.21,0.000231
0.6019999,2026-02-24 23:26:35.000 UTC,Withdrawal,0x124557ea89c9a6cdbaeb1b374dbcac24efb90821c6154690cfa69693cb500cc0,0xec15c20015e72748f03065ed80c41cb882e3fb66,0xde9765690634cf020893e31fd5c81a50f2184bc9,0.6019999,0.0006019999
0.3,2026-02-24 23:21:59.000 UTC,Withdrawal,0x979279c17a34ace06210bd564c9da26ab42acb64f8beed068d6626ea7f6dda47,0xec15c20015e72748f03065ed80c41cb882e3fb66,0xd871d402050bab512dcc3f1b2cd781d1c8134863,0.3,0.0003
0.475,2026-02-24 20:56:47.000 UTC,Withdrawal,0x7352b41ed7e8b5ec3b281d76a5a149b77406e719e627edaa3966b99703496bff,0xec15c20015e72748f03065ed80c41cb882e3fb66,0xb548cedc7fa594841ae62360aa6a5d521163c364,0.475,0.000475
0.475,2026-02-24 20:40:59.000 UTC,Withdrawal,0x94285a90cecc50f137173fd47b4f951d468ae1c93a2478dd087f4f6ad15a9365,0xec15c20015e72748f03065ed80c41cb882e3fb66,0xb548cedc7fa594841ae62360aa6a5d521163c364,0.475,0.000475
0.015,2026-02-24 14:57:59.000 UTC,Withdrawal,0x51ace30cc7e4474a941a1d0f9fd26c70f2d1ba9948efd9a5f78b62cca4f46700,0xec15c20015e72748f03065ed80c41cb882e3fb66,0xfc0331d6cc36e2ca141a231d2355af31c90c6600,0.015,0.0002265
0.05,2026-02-24 08:33:59.000 UTC,Withdrawal,0x0baf946f84450ad74af461d5baf59753f1a86288db8f229d984213d74a124080,0xec15c20015e72748f03065ed80c41cb882e3fb66,0x6bda185f25978bcfc134c4043fe6f865fe489dc9,0.05,7.5e-05
0.15,2026-02-24 07:31:59.000 UTC,Withdrawal,0xb427161468951a93e803a12454b9ac2f0cbcd511c4e8e6fe1940ef803ebd2903,0xec15c20015e72748f03065ed80c41cb882e3fb66,0x6bda185f25978bcfc134c4043fe6f865fe489dc9,0.15,0.000165
0.01,2026-02-24 06:43:47.000 UTC,Withdrawal,0x01040962e56c8d71839059132453a1b9b04758804c646a3c3be0c38463d789a0,0xec15c20015e72748f03065ed80c41cb882e3fb66,0x8d8826b6aa56780812fcaeff8bf4d14923a51fed,0.01,3.5e-05
0.1822,2026-02-24 05:48:35.000 UTC,Withdrawal,0xda957941487aec7b10cdc5a01323bf78944a223149d1c31d63514a4bce623df6,0xec15c20015e72748f03065ed80c41cb882e3fb66,0xdbd542b85f876f1bab48973882ba8d5773fe169a,0.1822,0.00020042
0.2,2026-02-24 05:43:23.000 UTC,Withdrawal,0xfaf2e2db106b682348693eb7da345ab4f709c78913dcda8785ef882d69d6f1b3,0xec15c20015e72748f03065ed80c41cb882e3fb66,0xdbd542b85f876f1bab48973882ba8d5773fe169a,0.2,0.00022
0.4,2026-02-24 05:35:59.000 UTC,Withdrawal,0xf6842a04c80b00b82c7763cd1b31342df24ff0498454e7977ac326d28dc89a8d,0xec15c20015e72748f03065ed80c41cb882e3fb66,0xdbd542b85f876f1bab48973882ba8d5773fe169a,0.4,0.0004
0.4,2026-02-23 22:49:11.000 UTC,Withdrawal,0xb376dc8cd3ba5246f948fbe642da53e9f283f582fc22c44994bed8d0aded2e27,0xec15c20015e72748f03065ed80c41cb882e3fb66,0x0afa106e2ed2949eed7380d955019aaf8e1d45d9,0.4,0.00044
0.05,2026-02-23 20:23:59.000 UTC,Withdrawal,0x0aaddd5c8627fb290f89c5dcaae4d6bd3c7d3f3ccfff24813126e5bee348ebb9,0xec15c20015e72748f03065ed80c41cb882e3fb66,0xa66b42ed3465327e8f0e3b6c9a7a47da1c198326,0.05,7.5e-05
0.1,2026-02-23 17:33:23.000 UTC,Withdrawal,0x8f4ca5637d84406d4ef0184c394253ebe3896ed1e9f162c629b81cb34956739d,0xec15c20015e72748f03065ed80c41cb882e3fb66,0x851915098de6ad8acce78f024fab1e4bb5aef54d,0.1,0.00023
10.0,2026-02-23 16:10:59.000 UTC,Withdrawal,0xf1ab52e0201f8581e9765bbef59925653b252e3803fd61764f46b205c6705349,0xec15c20015e72748f03065ed80c41cb882e3fb66,0x5080e28980555b1c043c71aab64c060e1d3430f1,10.0,0.01
2.0,2026-02-23 16:06:11.000 UTC,Withdrawal,0x855bbf4f9f2527711cf8e2470ecad515fc64652ff3a24f8d11da2ee30164220f,0xec15c20015e72748f03065ed80c41cb882e3fb66,0xe1a76b1414d0289a47daa4948beed2f042086a81,2.0,0.002
0.0175,2026-02-23 15:54:59.000 UTC,Withdrawal,0x70a9799bc902a2d8a4feb9351d639b371722d1845570cb3e433a29a9948ec295,0xec15c20015e72748f03065ed80c41cb882e3fb66,0x147037f0d4805a7582c381424e1705b2f45cda89,0.0175,9.1e-05
0.8,2026-02-23 15:28:23.000 UTC,Withdrawal,0x751b0cd886315b4bf5a6d94418621c3bff7b6fec4e2d8850c8a100b78944d345,0xec15c20015e72748f03065ed80c41cb882e3fb66,0xec7a288ecfedc05b425cb6102e6070ccccbfa565,0.8,0.0008
2.01,2026-02-23 15:25:23.000 UTC,Withdrawal,0xa2b51d9d1b4816a8a83f04caea7edd99afda8d5cbd46a7d83b6c633f9fc6cb85,0xec15c20015e72748f03065ed80c41cb882e3fb66,0xec7a288ecfedc05b425cb6102e6070ccccbfa565,2.01,0.00201
0.02,2026-02-23 14:55:11.000 UTC,Withdrawal,0xd941c0e856ceca19aff7344123b5f227574490631a822bc40c449ae04934aa35,0xec15c20015e72748f03065ed80c41cb882e3fb66,0xd6cf167d15da6e51be37d388d4f71ce08b65c182,0.02,8.6e-05
0.03,2026-02-23 14:12:47.000 UTC,Withdrawal,0x14e5559d0fcbb85d1f04e185f04fa810aa0e972df86bfd22db5ef6a1382569a1,0xec15c20015e72748f03065ed80c41cb882e3fb66,0x575fc1507a75c881102a6414d11ced36a1cf69e6,0.03,8.1e-05
0.01,2026-02-23 14:12:11.000 UTC,Withdrawal,0x8cfa9bd943074e0446922bc66ab8015880a4973b269e7b8afe2a20d7abe6e05f,0xec15c20015e72748f03065ed80c41cb882e3fb66,0x575fc1507a75c881102a6414d11ced36a1cf69e6,0.01,6.6e-05
0.01,2026-02-23 14:10:59.000 UTC,Withdrawal,0x1f17e65697d7923649d82922f6cdce7787da30459648afa92225ce20c69cb80a,0xec15c20015e72748f03065ed80c41cb882e3fb66,0x575fc1507a75c881102a6414d11ced36a1cf69e6,0.01,6.8e-05
0.01,2026-02-23 14:09:59.000 UTC,Withdrawal,0x272af63327d9efb537b96f001fff57aa3e0d67ebede6fd23d629d92f5d90c94a,0xec15c20015e72748f03065ed80c41cb882e3fb66,0x575fc1507a75c881102a6414d11ced36a1cf69e6,0.01,7e-05
0.01,2026-02-23 14:08:59.000 UTC,Withdrawal,0x91182665ef163b2fc1a19db4ac0dba28124ad25d709027f4a3811f497c23527d,0xec15c20015e72748f03065ed80c41cb882e3fb66,0x575fc1507a75c881102a6414d11ced36a1cf69e6,0.01,6.5e-05
0.01,2026-02-23 14:08:11.000 UTC,Withdrawal,0x2aa419b23acf82a75e8aa76530ab88bfff19aacebd440d2c9f7d83433b8da14c,0xec15c20015e72748f03065ed80c41cb882e3fb66,0x575fc1507a75c881102a6414d11ced36a1cf69e6,0.01,6.9e-05
1.81,2026-02-23 13:53:35.000 UTC,Withdrawal,0xbc7ae6c90bb8c866a979c18954d999a7d932e4c1fa5f1b8a358fd05c62fef20d,0xec15c20015e72748f03065ed80c41cb882e3fb66,0x63a624fec99876cae09c97d46ba284eeb60a8825,1.81,0.00181
1.0,2026-02-23 13:52:47.000 UTC,Withdrawal,0x3754436f85f0b856d0c98b3af875bd7044d2ef0508ee5c1d8986c808cc809979,0xec15c20015e72748f03065ed80c41cb882e3fb66,0x63a624fec99876cae09c97d46ba284eeb60a8825,1.0,0.001
2.0,2026-02-23 10:10:35.000 UTC,Withdrawal,0xad2481830ea8414e526c9ab1985930a1b40d485b2a9df589176de07f09314368,0xec15c20015e72748f03065ed80c41cb882e3fb66,0xc324e7b66e4eed076dfdb3ce75ae4e69621afe34,2.0,0.002
0.03955,2026-02-23 09:21:47.000 UTC,Withdrawal,0xebb388c0485fd09ffe4c07e147431a0f9a3d0341892a747c2c30ffe57b793ec1,0xec15c20015e72748f03065ed80c41cb882e3fb66,0xefdef664ac58a1cd779fa258b7655ca3f7496195,0.03955,6.7235e-05
0.021,2026-02-23 03:11:11.000 UTC,Withdrawal,0x4e6b2344a648830a3f80191cdae69a0815111713434880fa4498f36fab756df3,0xec15c20015e72748f03065ed80c41cb882e3fb66,0xe23b618a6eac9f31d043c220b5f924d80a2c60e4,0.021,4.2e-05
0.2,2026-02-23 03:07:23.000 UTC,Withdrawal,0x68adddeff55cbb5a9d6d02b3efc30be1c14bfdd78ad1be76ee798af05e64e6e6,0xec15c20015e72748f03065ed80c41cb882e3fb66,0x43f28c1df34ab9dbf769edf82d75ca3e01b5d1da,0.2,0.0002
0.011,2026-02-23 03:03:23.000 UTC,Withdrawal,0x22c985d10ddb34964777f5ed326d98cd05600e4ce8991a5873ae825480d98a18,0xec15c20015e72748f03065ed80c41cb882e3fb66,0xe23b618a6eac9f31d043c220b5f924d80a2c60e4,0.011,3.3e-05
0.2,2026-02-23 02:59:47.000 UTC,Withdrawal,0x46111ad626800ad677879b058f10acadb617ca5c84d336461907834ad6d48550,0xec15c20015e72748f03065ed80c41cb882e3fb66,0x43f28c1df34ab9dbf769edf82d75ca3e01b5d1da,0.2,0.00022
0.015,2026-02-22 22:15:11.000 UTC,Withdrawal,0xfa6a5316964041a9efeb2ab0f3522fad5e8dc9f5b1c8877dcb8560661b364386,0xec15c20015e72748f03065ed80c41cb882e3fb66,0x44916ecd7a3f08d46772933d29797acac91bd8a0,0.015,3.6e-05
0.015,2026-02-22 21:51:23.000 UTC,Withdrawal,0x77d276891808e941b32c49a806b58ceb778854d49a069c63222f9858ff269414,0xec15c20015e72748f03065ed80c41cb882e3fb66,0xe12e955ff3f71f35c9af2dd05777d73600eae7bd,0.015,3.45e-05
0.1,2026-02-22 20:44:59.000 UTC,Withdrawal,0xeb2fb7dcfb13a0d5a87ae2f7b4b8c2a10c9133804348e5ee9c250b170dbea629,0xec15c20015e72748f03065ed80c41cb882e3fb66,0x6dc43be93a8b5fd37dc16f24872babc6da5e5e3e,0.1,0.00012
0.1,2026-02-22 18:00:11.000 UTC,Withdrawal,0x90777c4507cc1460d6450e4cc0a528fb4d2de6c4fc69c0009fcb13ad0c219119,0xec15c20015e72748f03065ed80c41cb882e3fb66,0x30ae3f36c4b17510d9f417a1c6abe5919b8ab7c3,0.1,0.00013
0.2,2026-02-22 15:59:23.000 UTC,Withdrawal,0x8a7d34bcd605f5881a9aadb09b0313580fc39d33ae47dd353ee9709b169b0a08,0xec15c20015e72748f03065ed80c41cb882e3fb66,0xefdef664ac58a1cd779fa258b7655ca3f7496195,0.2,0.00022
1.0,2026-02-22 14:18:47.000 UTC,Withdrawal,0xdfb1a903994326d113bd8c1e8f4026d370d4c8b3849e1e4d3b26fbf168f124a6,0xec15c20015e72748f03065ed80c41cb882e3fb66,0xc324e7b66e4eed076dfdb3ce75ae4e69621afe34,1.0,0.001
0.00849,2026-02-22 02:44:59.000 UTC,Withdrawal,0xc579ed60f33d97b03e8ecbf4352dff74f49a720629dc4a1c9990aeabda4f5b81,0xec15c20015e72748f03065ed80c41cb882e3fb66,0x2ed0d6735469b3b93b83f9a08d89a9e6c10ad1d5,0.00849,2.9715e-05
0.1,2026-02-22 02:22:11.000 UTC,Withdrawal,0x1a14a13171cdc0ee3a88be017a8c182372495c2b5a9c3af3beb98cb132e519ad,0xec15c20015e72748f03065ed80c41cb882e3fb66,0x2ed0d6735469b3b93b83f9a08d89a9e6c10ad1d5,0.1,0.00012
0.1,2026-02-21 21:49:47.000 UTC,Withdrawal,0xf43408a141547bfda6ca5ecd0dcb7bd9356b966bf5611a5b89f593e3fc438e55,0xec15c20015e72748f03065ed80c41cb882e3fb66,0x6dc43be93a8b5fd37dc16f24872babc6da5e5e3e,0.1,0.00012
0.1,2026-02-21 21:47:47.000 UTC,Withdrawal,0x02a4b65695a06cc43b8282075d73f29eabdaffcd6f96c9f5c96bbe4c03a75438,0xec15c20015e72748f03065ed80c41cb882e3fb66,0x6dc43be93a8b5fd37dc16f24872babc6da5e5e3e,0.1,0.00012
0.1,2026-02-21 21:41:23.000 UTC,Withdrawal,0xb45c91df39f235fcba0e5296f83f0f3a7e844dbadfc868dd0bcde4e96874a69c,0xec15c20015e72748f03065ed80c41cb882e3fb66,0x6dc43be93a8b5fd37dc16f24872babc6da5e5e3e,0.1,0.00012
2.81,2026-02-21 19:11:23.000 UTC,Withdrawal,0xffbf5cb7b56db11c336f9bc610aa7aead578815503c4be60b82f417c614b71b7,0xec15c20015e72748f03065ed80c41cb882e3fb66,0xe55b53cdfeb08e96d397dfd153143d4c83623cde,2.81,0.00281
2.0,2026-02-21 18:00:23.000 UTC,Withdrawal,0x1ec6d9a16a1ca9e45b5ac1181e682e47830f8b206d7774e14572db01000ceb78,0xec15c20015e72748f03065ed80c41cb882e3fb66,0xc324e7b66e4eed076dfdb3ce75ae4e69621afe34,2.0,0.002
3.0,2026-02-21 15:23:59.000 UTC,Withdrawal,0xe46c67b5cbb44b2a62173a347f216ace9063f2a6be9405bf7d0430a7ba4eb4e0,0xec15c20015e72748f03065ed80c41cb882e3fb66,0xe55b53cdfeb08e96d397dfd153143d4c83623cde,3.0,0.003
3.0,2026-02-21 12:46:59.000 UTC,Withdrawal,0xe6a4dd4d191aabce07db6198ab1591330102e673d276ef62b48214e71492f9d1,0xec15c20015e72748f03065ed80c41cb882e3fb66,0x63a624fec99876cae09c97d46ba284eeb60a8825,3.0,0.003
0.004975,2026-02-21 12:27:11.000 UTC,Withdrawal,0x7a48dac6407c3721ec23ab68d174efa8662ce4559b6995e9a0ca93b2283603d3,0xec15c20015e72748f03065ed80c41cb882e3fb66,0x3e0da36dec1cb63bba37f7546e1d418f6dc8e9db,0.004975,3.8805e-05
3.0,2026-02-21 04:29:47.000 UTC,Withdrawal,0xa3835c174d4d52d89983be6d6efa650610072cd2df1a94d3facbc502088e9f8c,0xec15c20015e72748f03065ed80c41cb882e3fb66,0xec7a288ecfedc05b425cb6102e6070ccccbfa565,3.0,0.003
0.00995,2026-02-21 03:24:59.000 UTC,Withdrawal,0x2099bfdab77c1dc7b2d6eeea22651c46bfb5f93978c054a20804b27fa5f9fa1b,0xec15c20015e72748f03065ed80c41cb882e3fb66,0x1c0aa8ccd568d90d61659f060d1bfb1e6f855a20,0.00995,3.98e-05
0.01,2026-02-21 02:56:59.000 UTC,Withdrawal,0x328abd1503d4f863b87b19a02d2b6a7e6aae1593b6c6079e513b3dad0d7795fe,0x9300583051ce99b0e7dc9bafe76b3c508750e944,0xcb4272920a76bf35141c29f18cd2d970fc1918bd,0.01,0.0
0.01,2026-02-21 02:55:47.000 UTC,Withdrawal,0x7736a686098cfae5c4edae7075d19f987132eb4c43b369b899a7c1d41ba35a11,0x9300583051ce99b0e7dc9bafe76b3c508750e944,0x37219a6e8c58415dcc6d78bbac5e27f616d3a3fd,0.01,0.0
0.01,2026-02-21 02:54:59.000 UTC,Withdrawal,0xc69a7f47ac67af078007999c6a2acf490966c0a3f9139d67075152e3efc7de8e,0x9300583051ce99b0e7dc9bafe76b3c508750e944,0xe6428625aefc08d67551bff31af9be6e715531c7,0.01,0.0
0.01,2026-02-21 02:54:11.000 UTC,Withdrawal,0xb497aa33d93e01aa96b5f6520c3c2ff01f4244bb800d8f5c9a5e774b276de6fe,0x9300583051ce99b0e7dc9bafe76b3c508750e944,0x0850def76407df8ad9f80c5aba26de964aa4a6e5,0.01,0.0
0.01,2026-02-21 02:53:23.000 UTC,Withdrawal,0x4ec34b377a8f066e98cbf4764e8cb139f1c4754fe95f59b11413fdda5e795f70,0x9300583051ce99b0e7dc9bafe76b3c508750e944,0xcab3e21c35428a8b90d61d3f5b738c8c5a6df835,0.01,0.0
0.01,2026-02-21 02:52:35.000 UTC,Withdrawal,0x50cc4c9558afabc48abc6a79590070d97a938ab8ec14aa499313d28f47336e1c,0x9300583051ce99b0e7dc9bafe76b3c508750e944,0xcbff9f7cd136a27cd2a3d31c86e6bc29957da79c,0.01,0.0
0.01,2026-02-21 02:51:23.000 UTC,Withdrawal,0xdc20ac715994d9e2831f526aca6475efb9d19e04f59a143753d7b5cfba2dc98d,0x9300583051ce99b0e7dc9bafe76b3c508750e944,0xa46dbb5358e2391b0a519fc45f97c3870036af47,0.01,0.0
0.1001,2026-02-20 22:17:59.000 UTC,Withdrawal,0x5a613b27bdd1d7a4ea8c743cef1b431ad04ea09b57d4fec447b1ff1b82ae14a0,0xec15c20015e72748f03065ed80c41cb882e3fb66,0xcd1de45c1ae3b2f296ba84f6235d90a7ea488245,0.1001,0.00012012
0.101,2026-02-20 21:34:11.000 UTC,Withdrawal,0x64dc5c674c127f9eaf603860e86aca1da8adcc06031734565a27b14e8afa0468,0xec15c20015e72748f03065ed80c41cb882e3fb66,0x43f28c1df34ab9dbf769edf82d75ca3e01b5d1da,0.101,0.0001212
0.02,2026-02-20 21:32:35.000 UTC,Withdrawal,0x91b30b8b26992288bbc282b702e9a272588eb416653848e8b4a55c3c11f6e441,0xec15c20015e72748f03065ed80c41cb882e3fb66,0x6469e579641de70bf784f07849fc07023731ca76,0.02,4.6e-05
0.01,2026-02-20 21:25:59.000 UTC,Withdrawal,0xd66da7b8b20715ebd806f37f5594462ba2770c8a008d5b2bb7127c861fdf96e1,0xec15c20015e72748f03065ed80c41cb882e3fb66,0xcd1de45c1ae3b2f296ba84f6235d90a7ea488245,0.01,3.6e-05
0.01,2026-02-20 21:22:59.000 UTC,Withdrawal,0x36cfa81ed1273b84e5ff777ceee9c717237aad36e6643649eddd234d0f35e124,0xec15c20015e72748f03065ed80c41cb882e3fb66,0xcf3ef59954d979b8cd400e91c52d5ab4cc73af5c,0.01,3.9e-05
0.00999,2026-02-20 19:32:23.000 UTC,Withdrawal,0x33bc27213f157b66f8c74000e86c39fb31d9983d9f9cf89996fa0f45b8f91adc,0xec15c20015e72748f03065ed80c41cb882e3fb66,0xcaab3770daa3b20dbd01a7d5449bd6ac004edf43,0.00999,4.5954e-05
0.05,2026-02-20 17:18:47.000 UTC,Withdrawal,0x445d70b93f67f99dcdea1b6b457710965f6511a872a409d97bfd87b9ca8fe40d,0xec15c20015e72748f03065ed80c41cb882e3fb66,0x413dc96c438224492502018d9815c1e6bc3eaf91,0.05,0.000155
0.00778195,2026-02-20 13:07:35.000 UTC,Withdrawal,0x8c54be776a331e4dc18e149c49a69408a82bd46c2b6f513f3b6c41da2ba9fded,0xec15c20015e72748f03065ed80c41cb882e3fb66,0xbd9311d459fdf9109651b088e9a06bc962880c0f,0.00778195,4.1244335e-05
0.0125,2026-02-20 11:43:11.000 UTC,Withdrawal,0xcd0573e701e33d832fae16fd94c1892597ed21b3ac56dc175721ee85345218e6,0xec15c20015e72748f03065ed80c41cb882e3fb66,0xc126ec67c06d2ec618663bdd9e65b195bedd1d3d,0.0125,4.25e-05
0.01,2026-02-20 08:09:47.000 UTC,Withdrawal,0x19132965f7595d0e361d2dbf907d692931f756b10f90676372ac20910508e05b,0x9300583051ce99b0e7dc9bafe76b3c508750e944,0xcb4272920a76bf35141c29f18cd2d970fc1918bd,0.01,0.0
0.01,2026-02-20 08:08:59.000 UTC,Withdrawal,0x68e8f2174db303060798019ebe8623b43cee3cba57059c1debcaf11c71977d71,0x9300583051ce99b0e7dc9bafe76b3c508750e944,0x37219a6e8c58415dcc6d78bbac5e27f616d3a3fd,0.01,0.0
0.005,2026-02-19 17:30:35.000 UTC,Withdrawal,0xe70e1c2ab841fcd7c164ef74d8d453e74e547b9366566e1da3d8209b49b42b14,0xec15c20015e72748f03065ed80c41cb882e3fb66,0x2ed26afd7f198a262c5481eab2b86833123859be,0.005,0.0001465
0.006325,2026-02-19 17:07:35.000 UTC,Withdrawal,0xe2bf89785ce3a832d111a9548ca48d2744f7e31d6bc2d532493227208e0fed3c,0xec15c20015e72748f03065ed80c41cb882e3fb66,0x7c1f87c77f13652142291d8bb8e1cdb1bb3cec4d,0.006325,7.77975e-05
0.05,2026-02-19 16:13:47.000 UTC,Withdrawal,0x37faa2b6c7e68944af68e28644020f40d559bd7bf48550acbe8571c869fdad9f,0xec15c20015e72748f03065ed80c41cb882e3fb66,0x42831f9f47c3d5244a19999d5dd1b03c01ef8615,0.05,0.000205
0.05,2026-02-19 14:25:35.000 UTC,Withdrawal,0x63cdc7ab6b80d6b033a3bfeda301be7ea27b3d1473ca5117666a3373e5f09326,0xec15c20015e72748f03065ed80c41cb882e3fb66,0x248953579eaa7d5bce0d2263f6fbe31a02d9d743,0.05,0.00014
0.004975,2026-02-19 14:15:47.000 UTC,Withdrawal,0xe94481448a898c0cb3ec5de1bed7c8f52b31ff0ec02dae757de1c578c03e3092,0xec15c20015e72748f03065ed80c41cb882e3fb66,0x7484ce68438be6a0144b0041657270ce6bfff9de,0.004975,0.000146265
0.01,2026-02-19 11:54:11.000 UTC,Withdrawal,0x1280ac0030179ce585c94d2b05f3815fdee7e942eb8d4d6f408c576c09ef2524,0x9300583051ce99b0e7dc9bafe76b3c508750e944,0xe6428625aefc08d67551bff31af9be6e715531c7,0.01,0.0
0.01,2026-02-19 11:52:47.000 UTC,Withdrawal,0xd6cf5c03844bab43712be0bebabcbb136a3ebe40affbfddc48ce91037ab47d1b,0x9300583051ce99b0e7dc9bafe76b3c508750e944,0x0850def76407df8ad9f80c5aba26de964aa4a6e5,0.01,0.0
0.01,2026-02-19 11:52:11.000 UTC,Withdrawal,0x86fa6a4b24f573a2be8a5c0a7415d469ee9e4fc694a16569bd8e88d5966098c1,0x9300583051ce99b0e7dc9bafe76b3c508750e944,0xcab3e21c35428a8b90d61d3f5b738c8c5a6df835,0.01,0.0
0.01,2026-02-19 11:51:23.000 UTC,Withdrawal,0x846565cd1fbf21d02367299958e8eebe7d0c16a4b595875ce9fed5fd81c09814,0x9300583051ce99b0e7dc9bafe76b3c508750e944,0xcbff9f7cd136a27cd2a3d31c86e6bc29957da79c,0.01,0.0
0.01,2026-02-19 11:49:59.000 UTC,Withdrawal,0xf032b4b329597b9935523419f54d502d11b67586d8a5cd936d5a1476d37fd611,0x9300583051ce99b0e7dc9bafe76b3c508750e944,0xa46dbb5358e2391b0a519fc45f97c3870036af47,0.01,0.0
0.1,2026-02-19 11:26:23.000 UTC,Withdrawal,0x5c9bf76573f868b7629a3ec817e84edb5843119750fb0ff19e3458ddd48076e4,0xec15c20015e72748f03065ed80c41cb882e3fb66,0x6dc43be93a8b5fd37dc16f24872babc6da5e5e3e,0.1,0.00012
0.01,2026-02-19 07:02:35.000 UTC,Withdrawal,0xd6579e49fad8f62193a307102df171a5f9e3fc81a3f1a5c8d11ac7a146ad2b89,0x9300583051ce99b0e7dc9bafe76b3c508750e944,0xcbff9f7cd136a27cd2a3d31c86e6bc29957da79c,0.01,0.0
0.01,2026-02-19 07:01:59.000 UTC,Withdrawal,0x84db990c12469a94e645552f6e43b6fd91bbf7358195dd81fef76ad665ec396a,0x9300583051ce99b0e7dc9bafe76b3c508750e944,0x37219a6e8c58415dcc6d78bbac5e27f616d3a3fd,0.01,0.0
0.01,2026-02-19 07:01:11.000 UTC,Withdrawal,0xb5ba0e4706820b3408f36f8969fbdcd54317a685898816665330f2395cd048b5,0x9300583051ce99b0e7dc9bafe76b3c508750e944,0xcab3e21c35428a8b90d61d3f5b738c8c5a6df835,0.01,0.0
0.01,2026-02-19 06:59:47.000 UTC,Withdrawal,0xd09fff9dd526bbb24db650e0a70d763a3f1f6fbac907765bc95e62bf06ef3526,0x9300583051ce99b0e7dc9bafe76b3c508750e944,0xcbff9f7cd136a27cd2a3d31c86e6bc29957da79c,0.01,0.0
0.01,2026-02-19 06:57:47.000 UTC,Withdrawal,0xe331e959eed89a9b64bc721f0e0f5ef91ff393030d5d8d67634f31be3194cbb5,0x9300583051ce99b0e7dc9bafe76b3c508750e944,0x9300583051ce99b0e7dc9bafe76b3c508750e944,0.01,0.0
0.025,2026-02-19 05:27:47.000 UTC,Withdrawal,0x5165966a9ad719fb11c79fd8f43d53bf11573ec4efbcf32d21dfeeac577ce284,0xec15c20015e72748f03065ed80c41cb882e3fb66,0x5266b1859ded1005789d64a155cc2c60b2538299,0.025,4.75e-05
0.025,2026-02-18 21:01:23.000 UTC,Withdrawal,0x54eaeec6cf44a2adb80e43022693600575427c1746ebdc5dfabc08aebebbae6b,0xec15c20015e72748f03065ed80c41cb882e3fb66,0xda3b3a94ed383f412f2f2353e7f29e4c8121d8ad,0.025,8.5e-05
0.00221805,2026-02-18 20:21:23.000 UTC,Withdrawal,0xcda8742e18ca8865e18cc56bbc03bc820912d5a9e75ca33c59318595c71ba6a7,0xec15c20015e72748f03065ed80c41cb882e3fb66,0x2b396895d64864d647371ea7f088519ba5fe7c26,0.00221805,9.6485175e-05
0.006325,2026-02-18 17:40:23.000 UTC,Withdrawal,0xa0641d73a5ece527efb9ccb7905e323624110aa717c0e526d8a6e7154db202f8,0xec15c20015e72748f03065ed80c41cb882e3fb66,0x4609bfbb07f2b82b79042aefcd3b0d99b90f28ab,0.006325,0.00010373
0.005,2026-02-18 14:58:23.000 UTC,Withdrawal,0x1a6a4a2cce341ccf91ecceef2a0afc02514b5585238e5b71b8ae3fefc56d5413,0xec15c20015e72748f03065ed80c41cb882e3fb66,0x2ed26afd7f198a262c5481eab2b86833123859be,0.005,9.25e-05
11.0,2026-02-18 13:06:11.000 UTC,Withdrawal,0xd990d6823235bbcd327133419877919c97ed06bf335c7bbefd9d81488550a783,0xec15c20015e72748f03065ed80c41cb882e3fb66,0x9e9df027b8c634c1b4b8c8d96e6cc0bd8694a111,11.0,0.011
0.1,2026-02-18 02:56:47.000 UTC,Withdrawal,0x370a3bc629370e18378158d8f490a473b19636f81ff7a53a379678e38fa96e66,0xec15c20015e72748f03065ed80c41cb882e3fb66,0xf584fa2fca469641b30484d5c28b38af7b1b787d,0.1,0.00012
0.1,2026-02-18 02:54:35.000 UTC,Withdrawal,0x2e61dfb63498d81b68a1f0a89ef6afa7b36cd76cfb6665b0ecbe226d5d54dc07,0xec15c20015e72748f03065ed80c41cb882e3fb66,0xf584fa2fca469641b30484d5c28b38af7b1b787d,0.1,0.00011
0.1,2026-02-18 02:53:35.000 UTC,Withdrawal,0x4854e542e1286d1bd7fdba4fe734ffa1d3bb5d8298ec7f1e28af9c341694f5c7,0xec15c20015e72748f03065ed80c41cb882e3fb66,0xf584fa2fca469641b30484d5c28b38af7b1b787d,0.1,0.00011
0.1,2026-02-18 02:47:47.000 UTC,Withdrawal,0x3497cb366e95eb489614e2814ef14087bb41100f90e90a77db9626f04066575e,0xec15c20015e72748f03065ed80c41cb882e3fb66,0xf584fa2fca469641b30484d5c28b38af7b1b787d,0.1,0.00012
0.1,2026-02-18 02:45:47.000 UTC,Withdrawal,0x8bfe518cef61e72cb0e5efbe222a6944e175e163d9247f2d5978b497bb3dfe14,0xec15c20015e72748f03065ed80c41cb882e3fb66,0xf584fa2fca469641b30484d5c28b38af7b1b787d,0.1,0.00012
0.11,2026-02-18 01:11:23.000 UTC,Withdrawal,0xcfa6586275e51155545fe5d30c5ed7b8c749015fbef74a48d03b4a7f1de5b060,0xec15c20015e72748f03065ed80c41cb882e3fb66,0xe8aa2a48472ea73444012a038865b5b373094550,0.11,0.000132
0.7,2026-02-17 22:47:23.000 UTC,Withdrawal,0x022f4b36af2fed40d76c332dd7c34380fd93bc8d41b3ada89a436efca90321e9,0xec15c20015e72748f03065ed80c41cb882e3fb66,0xb5b1ad063bb57d11026d10fab191cae87da82351,0.7,0.0007
0.8,2026-02-17 22:43:59.000 UTC,Withdrawal,0xf3f35787ce879c5ea70db6bfed0fb21d6128507ee16dcdf97f93239d5f3c1dfa,0xec15c20015e72748f03065ed80c41cb882e3fb66,0xb5b1ad063bb57d11026d10fab191cae87da82351,0.8,0.0008
0.5,2026-02-17 22:41:23.000 UTC,Withdrawal,0xd19610f01083938910173747f70c68ae4f0a6bb6cc5cd29427ac2cc28c5408c5,0xec15c20015e72748f03065ed80c41cb882e3fb66,0xb5b1ad063bb57d11026d10fab191cae87da82351,0.5,0.0005
0.4,2026-02-17 22:35:11.000 UTC,Withdrawal,0xa99f7402c1ed90632d193f756f8da528002e9c7281e3e00ea3bacdf803e15f1f,0xec15c20015e72748f03065ed80c41cb882e3fb66,0xb5b1ad063bb57d11026d10fab191cae87da82351,0.4,0.0004
0.3,2026-02-17 22:30:11.000 UTC,Withdrawal,0x9d60cc190a0448e0a7ebfff21bb6b713b28f656c25369e3cf911e212ba856afa,0xec15c20015e72748f03065ed80c41cb882e3fb66,0xb5b1ad063bb57d11026d10fab191cae87da82351,0.3,0.0003
0.02,2026-02-17 21:13:35.000 UTC,Withdrawal,0x1a61ba958b67ef96ea092c5ee7bd6194036026df8630e666ef64883ec70bcf89,0xec15c20015e72748f03065ed80c41cb882e3fb66,0x84d8183ea6fcba3f1a3a392368c5f51ff492f7f5,0.02,5.8e-05
0.06,2026-02-17 21:02:35.000 UTC,Withdrawal,0x89323999f5877a54084d6bd0be526c4851962a66c9ffaf77f5919960fb0c3dba,0xec15c20015e72748f03065ed80c41cb882e3fb66,0x6279956384fa13597ec7079ac579ea823a840f0f,0.06,9.6e-05
0.1,2026-02-17 20:24:47.000 UTC,Withdrawal,0x69e62f3f74f0a972d7f68e515395c2bde1c669742ab2b0ef64bc007291ddc2aa,0xec15c20015e72748f03065ed80c41cb882e3fb66,0x6dc43be93a8b5fd37dc16f24872babc6da5e5e3e,0.1,0.00017
0.1,2026-02-17 20:06:23.000 UTC,Withdrawal,0x0774de560f542113ecc2122c93ea2b0616db3fa736b013fd2257f8e158db0e41,0xec15c20015e72748f03065ed80c41cb882e3fb66,0x6dc43be93a8b5fd37dc16f24872babc6da5e5e3e,0.1,0.00014
1.0,2026-02-17 12:32:59.000 UTC,Withdrawal,0x40b20db37d4f5782a808c952332cda7ac5e22d07c842c9159edf2358e6baacef,0xec15c20015e72748f03065ed80c41cb882e3fb66,0x0ff9edad904cf7e241fb6336cd2cdbfe4219ef1a,1.0,0.001
0.0165,2026-02-16 19:17:11.000 UTC,Withdrawal,0x47e918eda32bc332a5684aa986733eb4fde7a4f8189e21443f23adf0807974b7,0xec15c20015e72748f03065ed80c41cb882e3fb66,0x63c1be449a0fa2e9b4bd3403d364f8bbc1889fe2,0.0165,4.455e-05
0.1,2026-02-16 18:53:59.000 UTC,Withdrawal,0xa0b835a7b0b5434bcf8ff610a6100068229ef14650c5f6277b9e4fffced57a3c,0xec15c20015e72748f03065ed80c41cb882e3fb66,0x6dc43be93a8b5fd37dc16f24872babc6da5e5e3e,0.1,0.00012
0.1,2026-02-16 18:52:23.000 UTC,Withdrawal,0x5f00043154ddfe47d9f22afd4923f3936825f78990211cff7e4fcd51a8b1f28c,0xec15c20015e72748f03065ed80c41cb882e3fb66,0x1f4fe25cf802a0605229e0dc497aaf653e86e187,0.1,0.00012
0.03,2026-02-15 21:21:47.000 UTC,Withdrawal,0x1dcdc6dea2433a29e3c553ee0491b49511f10c2f12bcdbcd7b5dff57e4c6f289,0xec15c20015e72748f03065ed80c41cb882e3fb66,0xa5479c21f8375c68a903d505bbcc860921565217,0.03,5.1e-05
0.0687634,2026-02-15 19:16:59.000 UTC,Withdrawal,0x731f9893d72f5141639bd8d4d1e5ea51352276d870d1f0e90b54651636db42ba,0xec15c20015e72748f03065ed80c41cb882e3fb66,0x5a80eda0f84a7c4dcb43342b67ea661e241a8797,0.0687634,0.00011002144
0.1264743,2026-02-15 19:15:35.000 UTC,Withdrawal,0xae42a732062fb8a726bef2fbeb70284b5d8022a7688b63f41728c792e9b565e9,0xec15c20015e72748f03065ed80c41cb882e3fb66,0x5a80eda0f84a7c4dcb43342b67ea661e241a8797,0.1264743,0.00017706402
0.0061,2026-02-15 18:28:47.000 UTC,Withdrawal,0xc5dc8c7859f5e454ce11e8562fcea4c57b31249e0a571a9a65b00fe060489c7c,0xec15c20015e72748f03065ed80c41cb882e3fb66,0xa9f200d5b303ece778c4406b8bbb54380277ff43,0.0061,2.928e-05
0.01,2026-02-15 06:29:23.000 UTC,Withdrawal,0x6c8d6159e879b2a2c288ccb3a54b010c83b4d0d11eec56a4dfd3c014191c320f,0x9300583051ce99b0e7dc9bafe76b3c508750e944,0x9300583051ce99b0e7dc9bafe76b3c508750e944,0.01,0.0
1.0,2026-02-14 21:19:11.000 UTC,Withdrawal,0xe4e76cc82f62ba3664a67ece05ce5eabc4af359387885f934eb355a1a7ced15d,0xec15c20015e72748f03065ed80c41cb882e3fb66,0xc324e7b66e4eed076dfdb3ce75ae4e69621afe34,1.0,0.001
0.152,2026-02-14 20:42:23.000 UTC,Withdrawal,0xad5ce4ca06e70b0fe0f1ba99506bc45487b86d4e2d873d72688a7c7dadce595f,0xec15c20015e72748f03065ed80c41cb882e3fb66,0xfe1ae2b7bb8c6ac7f8aaf0b3e9a446710f91c0f9,0.152,0.0001672
0.1,2026-02-14 20:22:35.000 UTC,Withdrawal,0x54c6a3e4d59f1596b13e8273a0d517842091b8b45ff3344fe62b43ce887c18ae,0xec15c20015e72748f03065ed80c41cb882e3fb66,0x96ba6c16afe68b067c1f63b6ab1b21556096b431,0.1,0.00012
1.0,2026-02-14 16:38:59.000 UTC,Withdrawal,0xac856de4331170d3b61c79da6010c0d28aaf3f482bf4cb018c6db5d194c7bbf2,0xec15c20015e72748f03065ed80c41cb882e3fb66,0x714ce210b20a90c6265ed81e41b6ad6caca29099,1.0,0.001
0.011,2026-02-14 15:19:35.000 UTC,Withdrawal,0x22695c7dcbf1b963f465ff75db8ab429ccd493d84981b30a6340d27206edfa5b,0xec15c20015e72748f03065ed80c41cb882e3fb66,0x3c37dc9b5d4c60d404ec834987c106510d03442f,0.011,3.85e-05
2.0,2026-02-14 14:11:11.000 UTC,Withdrawal,0xf2f8adc2b7eaddeada5c40eb627a3e018ddc439cb01d6e8ffad80e41efb44935,0xec15c20015e72748f03065ed80c41cb882e3fb66,0x6672985da5fe88b132876e33e03e4d0bcdc54237,2.0,0.002
4.06861,2026-02-13 22:52:47.000 UTC,Withdrawal,0xaf20d04c8961515103ad3aadfa5547948f1b23369c9686710e63fc4bcdff6d1e,0xec15c20015e72748f03065ed80c41cb882e3fb66,0x9c98cb7297bf91f10b541c7832db5ca8765bbee9,4.06861,0.00406861
0.1072,2026-02-13 22:51:47.000 UTC,Withdrawal,0x93bf2551ced933f3a756a371f59465fab504cebd02f2b419183128d917f931e9,0xec15c20015e72748f03065ed80c41cb882e3fb66,0x7faff10ea5f91bef030db26b04c2d37a930c3d57,0.1072,0.00013936
0.0475,2026-02-13 22:26:23.000 UTC,Withdrawal,0x17f708ed09b05fab07e89c34952689e298811876c9798709a85b3eb35d683129,0xec15c20015e72748f03065ed80c41cb882e3fb66,0x224593e81c34c65d851cc30f397d83a45da46bee,0.0475,8.075e-05
0.005,2026-02-13 22:23:59.000 UTC,Withdrawal,0x5693825a11ecce672d96d1e36293174de39bfb5c2a540249fdfb8db0df5019f0,0xec15c20015e72748f03065ed80c41cb882e3fb66,0x1f8d6b8acca999fe338a927421f2d58a7b44b4b1,0.005,3.95e-05
3.0,2026-02-13 21:19:47.000 UTC,Withdrawal,0x81d603c66959d32bcc460c443beefff1540edcbb6309d1d577c979cd6eba9b51,0xec15c20015e72748f03065ed80c41cb882e3fb66,0x9c98cb7297bf91f10b541c7832db5ca8765bbee9,3.0,0.003
0.05041,2026-02-13 20:42:11.000 UTC,Withdrawal,0xdfaf9756fc7ab132df23c88e718e486f6c876b54847e21ce6c77eaa0ef1649f8,0xec15c20015e72748f03065ed80c41cb882e3fb66,0xf607f6b9d2ec29bcfb137ade9bc172e90c04fd17,0.05041,8.5697e-05
0.42,2026-02-13 20:40:35.000 UTC,Withdrawal,0xb2658e588d4e1bd382f5ef881196aaddbb031b782f5a0622d91f6f085f485363,0xec15c20015e72748f03065ed80c41cb882e3fb66,0x40c59cfaf8aa17a43eb2f1d50384c95ff50adef9,0.42,0.00042
2.5,2026-02-13 20:37:59.000 UTC,Withdrawal,0x3954c32c954052bc3ce9666e5c85a5693980637d284ad35382b5af181a2c3b2b,0xec15c20015e72748f03065ed80c41cb882e3fb66,0x40c59cfaf8aa17a43eb2f1d50384c95ff50adef9,2.5,0.0025
1.0,2026-02-13 19:53:23.000 UTC,Withdrawal,0x48badb6305e01d69f95b4076e3f6ccb9f1ae8b62e941a8d3ce7a938a665ee693,0xec15c20015e72748f03065ed80c41cb882e3fb66,0x9c98cb7297bf91f10b541c7832db5ca8765bbee9,1.0,0.001
0.05,2026-02-13 18:14:47.000 UTC,Withdrawal,0xb8366d5171a31432588f7555e4437acc7fe41090bce2964ca32170ac060386ce,0xec15c20015e72748f03065ed80c41cb882e3fb66,0xc8bb9e9349251749c592cf4365ce9906392df647,0.05,0.00011
0.00536,2026-02-13 18:03:35.000 UTC,Withdrawal,0x8d0a7885cfb8d866b27094c812bd060183950cfe335b9c5f3be88e3fffb1041b,0xec15c20015e72748f03065ed80c41cb882e3fb66,0x910e6f9d96ddaab8fdcaf318f0d142e9a3c5e19d,0.00536,8.2544e-05
2.0,2026-02-13 16:36:11.000 UTC,Withdrawal,0xb99ea365aef8350198a33e9d0d2714be5e9ee11e0fdd1605f9f1bd79932cec1b,0xec15c20015e72748f03065ed80c41cb882e3fb66,0x6672985da5fe88b132876e33e03e4d0bcdc54237,2.0,0.0022
2.5,2026-02-13 16:14:47.000 UTC,Withdrawal,0x7308c3c02c68432e770f33761b9bde9a397e1fa8ff82af1fb9df8300dcfca707,0xec15c20015e72748f03065ed80c41cb882e3fb66,0x174947f56de641caaf8cfe6195928e2f766cdcf6,2.5,0.00275
0.1,2026-02-13 15:44:47.000 UTC,Withdrawal,0xc9df065e2734b65e628e7a8a03db6b7831d3651e642a5cb647b17050b74895a7,0xec15c20015e72748f03065ed80c41cb882e3fb66,0x9c98cb7297bf91f10b541c7832db5ca8765bbee9,0.1,0.0004
0.21089,2026-02-13 14:53:59.000 UTC,Withdrawal,0xe3ddee10be09eb539ba6d3b6fb1fb3e7da19131a9dc7f01ecafdc3bc21a83301,0xec15c20015e72748f03065ed80c41cb882e3fb66,0x38e4f934483a880dec357eed0c53d94f41739991,0.21089,0.000316335
0.2,2026-02-13 14:07:23.000 UTC,Withdrawal,0xef4b376f6e4f7ab189c2df5097d3971154ff72e278e7cbc7a1d1e33d608e5ca4,0xec15c20015e72748f03065ed80c41cb882e3fb66,0x38e4f934483a880dec357eed0c53d94f41739991,0.2,0.00026
0.2,2026-02-13 14:06:35.000 UTC,Withdrawal,0x5b2c4920124e348002bfc4faf43b9eb3460920d2ddc25d2af4b3d2b1dc32ba17,0xec15c20015e72748f03065ed80c41cb882e3fb66,0x38e4f934483a880dec357eed0c53d94f41739991,0.2,0.00024
0.001,2026-02-13 11:34:11.000 UTC,Withdrawal,0x4e12cb4cb1c4abc1c79b7ffdd60a65c99404e450b6f30acc8399c0c616127272,0xec15c20015e72748f03065ed80c41cb882e3fb66,0xb3b66370a0fbc837c7f1ff4c906bd5f7a9c43cbb,0.001,2.39e-05
0.1,2026-02-13 10:43:59.000 UTC,Withdrawal,0x23ff13093e8d8c6daa2d34c257e5d3185915ae8ac5d08fc80df187145584a5bd,0xec15c20015e72748f03065ed80c41cb882e3fb66,0x38e4f934483a880dec357eed0c53d94f41739991,0.1,0.00012
5.0,2026-02-13 09:50:47.000 UTC,Withdrawal,0xd1fe874282d1a3299e0fe9a6a2e09d229710d08b75bf31236a246b0ea2c2baef,0xec15c20015e72748f03065ed80c41cb882e3fb66,0xde43af1f83772d7ef9d7169e5cabac629216c20e,5.0,0.005
5.0,2026-02-13 09:47:35.000 UTC,Withdrawal,0x072d8d9fdf8cb5c2932bed7d3c278e7a3dad352e55cd2469b0647d79dbbd8629,0xec15c20015e72748f03065ed80c41cb882e3fb66,0xde43af1f83772d7ef9d7169e5cabac629216c20e,5.0,0.005
5.0,2026-02-13 09:45:59.000 UTC,Withdrawal,0x5528939d0eeed0e3d3c297bdb5475bd264c560efb1d3a5e1afc7cd96aa7b6c34,0xec15c20015e72748f03065ed80c41cb882e3fb66,0xde43af1f83772d7ef9d7169e5cabac629216c20e,5.0,0.005
1.98,2026-02-13 09:44:47.000 UTC,Withdrawal,0x653e14618978370f832ae0f95643ac7fe3e2a59d33976745a0b4e3cc92edebbd,0xec15c20015e72748f03065ed80c41cb882e3fb66,0xde43af1f83772d7ef9d7169e5cabac629216c20e,1.98,0.00198
0.2,2026-02-13 09:36:59.000 UTC,Withdrawal,0x4b1b9c2eb4f23df047631551b657b5acccdbe2fb89c365568241c6cc51e62482,0xec15c20015e72748f03065ed80c41cb882e3fb66,0x0a5f07eca94861d5804891cb9078171bbb0fd046,0.2,0.00022
5.0,2026-02-13 09:31:35.000 UTC,Withdrawal,0xcaf67ffd6946f9ae5fc9122b3e752277bd6ec345934efb80f5449268b630a2bd,0xec15c20015e72748f03065ed80c41cb882e3fb66,0xde43af1f83772d7ef9d7169e5cabac629216c20e,5.0,0.005
0.02,2026-02-13 09:25:47.000 UTC,Withdrawal,0xae4aab4c147d6cb9c9e49f9f55c08f5dfe9e795d4053817b97f003717bfa0449,0xec15c20015e72748f03065ed80c41cb882e3fb66,0x60837a162a3559b06c767853bb2e385738f304e9,0.02,5e-05
2.09529,2026-02-13 09:25:23.000 UTC,Withdrawal,0x17d3418f600a0c041967e6e0c1485c9a96fdff4b58936fcc4c376340650a5ead,0xec15c20015e72748f03065ed80c41cb882e3fb66,0x60837a162a3559b06c767853bb2e385738f304e9,2.09529,0.00209529
2.0,2026-02-13 09:24:35.000 UTC,Withdrawal,0x6ab98b55569ca1c603cc4c59b6566c41fd2f840bc3184d2eaa8c7ae5e98b2fba,0xec15c20015e72748f03065ed80c41cb882e3fb66,0x60837a162a3559b06c767853bb2e385738f304e9,2.0,0.002
3.0,2026-02-13 09:08:59.000 UTC,Withdrawal,0x25e79fa963993f3ea757f3d146aa12169446254e4c6374835935fa5a2e3cf065,0xec15c20015e72748f03065ed80c41cb882e3fb66,0x60837a162a3559b06c767853bb2e385738f304e9,3.0,0.003
3.0,2026-02-13 09:07:35.000 UTC,Withdrawal,0x94a1d9216584b23a03a40836d26f9f2dfa113e1cd9dcccf07259a8d4db63b6fa,0xec15c20015e72748f03065ed80c41cb882e3fb66,0x60837a162a3559b06c767853bb2e385738f304e9,3.0,0.003
3.0,2026-02-13 09:06:59.000 UTC,Withdrawal,0xa13ccf552bcd95ad5df7af3ba64e02e0485fa758e43a0777a3da8ce4db8a438c,0xec15c20015e72748f03065ed80c41cb882e3fb66,0xde43af1f83772d7ef9d7169e5cabac629216c20e,3.0,0.003
0.01,2026-02-13 08:57:47.000 UTC,Withdrawal,0x023ed7b851b523a3e8db7e0e11ca223cd0230fc71f8df6d69a8c5565e9fc42e6,0xec15c20015e72748f03065ed80c41cb882e3fb66,0x02c0ae7dce711a40882814866b81ea6c7c003355,0.01,4.9e-05
1.0,2026-02-13 08:57:11.000 UTC,Withdrawal,0x87e3edb1b026677eb76f71842bcac8977651a529df0bbbfb7bb13698dccadcd8,0xec15c20015e72748f03065ed80c41cb882e3fb66,0xd3f4be13d574017a68869af1bfdc7328bb3d4e38,1.0,0.001
3.0,2026-02-13 08:55:47.000 UTC,Withdrawal,0x4988723f12e319d60b0a98e58947d2d419ab9f6f79477bd7d5a2b550686fd769,0xec15c20015e72748f03065ed80c41cb882e3fb66,0xde43af1f83772d7ef9d7169e5cabac629216c20e,3.0,0.003
0.48,2026-02-13 08:52:11.000 UTC,Withdrawal,0x0c5972f35ac2033718d4879001fa54234926543723282979ad05a66e48829549,0xec15c20015e72748f03065ed80c41cb882e3fb66,0xde43af1f83772d7ef9d7169e5cabac629216c20e,0.48,0.00048
0.5,2026-02-13 08:30:47.000 UTC,Withdrawal,0xa4ebad429856f397d0fe50e9b7ff88369298fe0ce4d151a29936cec8b943173c,0xec15c20015e72748f03065ed80c41cb882e3fb66,0x20091da26868537f749bc9e5ab40b1b6939d735d,0.5,0.0005
0.1,2026-02-13 08:28:47.000 UTC,Withdrawal,0x1270d1290fe9d2bee484783d6be264b5db2fa35a2e27c460098c2fe0a26bfbdb,0xec15c20015e72748f03065ed80c41cb882e3fb66,0x20091da26868537f749bc9e5ab40b1b6939d735d,0.1,0.00012
0.01,2026-02-13 08:23:35.000 UTC,Withdrawal,0x4b2efd02bcfe0e5acc9b57310653d5b044ff8fff3b4bbb5ffb1695087d0908af,0xec15c20015e72748f03065ed80c41cb882e3fb66,0x20091da26868537f749bc9e5ab40b1b6939d735d,0.01,3.7e-05
1.0,2026-02-13 03:43:11.000 UTC,Withdrawal,0x6994d71c5c7f6d7333bda2be69fef311ad6cf66e905928663164cdce427f3618,0xec15c20015e72748f03065ed80c41cb882e3fb66,0xb760000924f60af1854dd8e4bbb72fa93fa840df,1.0,0.001
1.0,2026-02-13 03:42:23.000 UTC,Withdrawal,0xf1a27bb40baf2bf80d03bc21980549a46738a2e116423848a0870ed8c19fac6c,0xec15c20015e72748f03065ed80c41cb882e3fb66,0xb760000924f60af1854dd8e4bbb72fa93fa840df,1.0,0.001
3.0,2026-02-13 03:36:23.000 UTC,Withdrawal,0x231835d161c0fa54a7a2288cfdb8b97d0a389c439bc51751dd35c796d35191fa,0xec15c20015e72748f03065ed80c41cb882e3fb66,0xb760000924f60af1854dd8e4bbb72fa93fa840df,3.0,0.003
0.005,2026-02-13 03:27:47.000 UTC,Withdrawal,0x1eb786da86856aa39e48f07cedda03cd12c00af434068e347195821fc5ddcf56,0xec15c20015e72748f03065ed80c41cb882e3fb66,0x471e7e60fe0aaeac3a49cba5ab066f2824d28d84,0.005,3.5e-05
0.005,2026-02-13 03:25:47.000 UTC,Withdrawal,0xdb5540dffc5ee10422e9e2e4084e3cc0084ec9cc291624b99ab22605dc2861fc,0xec15c20015e72748f03065ed80c41cb882e3fb66,0xd1e6b4defe5f577b4417df0938a12d229df647e0,0.005,3e-05
0.005,2026-02-13 03:23:23.000 UTC,Withdrawal,0x1749c75e16936b51e4fdf5397fa084877904b824ccf09976cff664380e8ca3d9,0xec15c20015e72748f03065ed80c41cb882e3fb66,0xc6251cdce7b13b55790f9b8f2d659ecec8ff02d9,0.005,3e-05
0.005,2026-02-13 03:20:23.000 UTC,Withdrawal,0xf9372e5cf8c854675bfa7cb7fe1e1c13341f13537e099db91bb743bb556bec6a,0xec15c20015e72748f03065ed80c41cb882e3fb66,0xf511ceafb7fc736a48a14da43e63a1173b770de2,0.005,2.95e-05
2.0,2026-02-13 00:56:23.000 UTC,Withdrawal,0x4faa1ecf29657f61ae13cc8d4b72f118f8ec196f4280f881ac3acdbb8edf53f2,0xec15c20015e72748f03065ed80c41cb882e3fb66,0xb760000924f60af1854dd8e4bbb72fa93fa840df,2.0,0.002
0.00625,2026-02-12 22:38:23.000 UTC,Withdrawal,0x44e428a3584480b16c20bd4a5744e0442ee9be7925bc68e5e2ec426c08cd7a24,0xec15c20015e72748f03065ed80c41cb882e3fb66,0x4438611a95a2a59f5706991ce263a106061dc8fb,0.00625,4.1875e-05
0.1,2026-02-12 21:38:35.000 UTC,Withdrawal,0xb6ec4e652789d0da369d58f55276428b166d86c59d06031e36862b8f71e75f83,0xec15c20015e72748f03065ed80c41cb882e3fb66,0x6dc43be93a8b5fd37dc16f24872babc6da5e5e3e,0.1,0.00013
2.5,2026-02-12 21:37:11.000 UTC,Withdrawal,0xb3a1626dbf2c8a6fb5274bcadb204f0d81f8f4d6814241c26b5c92e87140022e,0xec15c20015e72748f03065ed80c41cb882e3fb66,0x174947f56de641caaf8cfe6195928e2f766cdcf6,2.5,0.0025
0.1,2026-02-12 20:41:47.000 UTC,Withdrawal,0xde6ed12c0e48fb9116b8d6bf6bc4451117b4bcea639f11a0f15af0901cbdef86,0xec15c20015e72748f03065ed80c41cb882e3fb66,0x6dc43be93a8b5fd37dc16f24872babc6da5e5e3e,0.1,0.00014
1.0,2026-02-12 18:35:47.000 UTC,Withdrawal,0xac31e30495e122adf0bad02d528b26e411e8eac82963a197ab865e8f24f2e169,0xec15c20015e72748f03065ed80c41cb882e3fb66,0x0b3c3ceab3d0e2418cbb9fbd3dad656090e311b6,1.0,0.0011
0.01,2026-02-12 18:26:35.000 UTC,Withdrawal,0x5fc81dddbd1a98f423a4d394acc76c5a3f28105493215a9a66e57f4bd604e065,0xec15c20015e72748f03065ed80c41cb882e3fb66,0x992248f95534315c46ad115910c88fa6e859f5d1,0.01,0.000106
0.01,2026-02-12 13:43:59.000 UTC,Withdrawal,0xbe248971d449b0622c411b6bb104f32c4f0bb5f6bfeed9c4500abb9af8be67c6,0xec15c20015e72748f03065ed80c41cb882e3fb66,0xa15e09e5ea221de2b6af9a661d7c6ca16f82bf54,0.01,0.000568
1.0,2026-02-12 13:33:23.000 UTC,Withdrawal,0x592b668dbe74d18c4831c47e59914e99b3e688e0a9fc8278d85e8dd9b344047b,0xec15c20015e72748f03065ed80c41cb882e3fb66,0x3cefb79af1f4126dc679d52f5f7458a25ce74b42,1.0,0.0017
0.5,2026-02-12 10:39:11.000 UTC,Withdrawal,0x50bfa7ffcd59cb47dfc47c30752f92642ba67af852838003b06127084b5f5952,0xec15c20015e72748f03065ed80c41cb882e3fb66,0x3af4d784fcdbc27cdaf5f67a744e2eb18df799c5,0.5,0.00055
0.01,2026-02-12 10:24:59.000 UTC,Withdrawal,0x3c2f82f79222607e1d24661a6d866c15f68186c8e45a8078d456e685f2f674bd,0xec15c20015e72748f03065ed80c41cb882e3fb66,0x785bd6e9f87fff9c88edb4041cfffe7299d636e1,0.01,7.6e-05
1.0,2026-02-12 07:36:47.000 UTC,Withdrawal,0x89ba7776691dbc00e824ea8acb3dd6817436d9b1c912f651b63fa13325728221,0xec15c20015e72748f03065ed80c41cb882e3fb66,0xc324e7b66e4eed076dfdb3ce75ae4e69621afe34,1.0,0.001
0.1,2026-02-11 22:36:23.000 UTC,Withdrawal,0x56414244913dd93d09136d282f7cabd43a7179a7ba91e1f668870368d5b66b3f,0xec15c20015e72748f03065ed80c41cb882e3fb66,0x6dc43be93a8b5fd37dc16f24872babc6da5e5e3e,0.1,0.00012
0.1,2026-02-11 22:28:59.000 UTC,Withdrawal,0x4cbb62de54ee3a69849008c45d220de622f13097ced59fdb267d6bf778fdae7b,0xec15c20015e72748f03065ed80c41cb882e3fb66,0x6dc43be93a8b5fd37dc16f24872babc6da5e5e3e,0.1,0.00012
0.1,2026-02-11 22:26:35.000 UTC,Withdrawal,0x080c16773ad4eb0a6d742c6e175062844a2428adebceab1ff7136aac1818f903,0xec15c20015e72748f03065ed80c41cb882e3fb66,0x6dc43be93a8b5fd37dc16f24872babc6da5e5e3e,0.1,0.00012
4.99,2026-02-11 20:02:11.000 UTC,Withdrawal,0x8ae3bcf7bec8d3f3edfc175991a6ba024e20252967993978ce32b89d41e29075,0xec15c20015e72748f03065ed80c41cb882e3fb66,0x49cb92004f84098df7d42e5f89df2c7c7c8e178b,4.99,0.00499
2.0,2026-02-11 18:31:11.000 UTC,Withdrawal,0x05140ca0a80a3bfb2fbd4cf82c4edf1c708081891c590a62480d4afa9beafa83,0xec15c20015e72748f03065ed80c41cb882e3fb66,0xc324e7b66e4eed076dfdb3ce75ae4e69621afe34,2.0,0.002
0.05,2026-02-11 15:27:11.000 UTC,Withdrawal,0x20bc537850f44cad004b763d55005856398b7ac71f90754e33d9222dd5453b9b,0xec15c20015e72748f03065ed80c41cb882e3fb66,0x411fb66ade0b9d540d51fd03dc83d78fc20b3c3d,0.05,0.00038
0.06,2026-02-11 12:13:47.000 UTC,Withdrawal,0xf8424fa365afae4f6746d05c7c492bc980e5a49715d295517629b65d38e845af,0xec15c20015e72748f03065ed80c41cb882e3fb66,0xdeb3dd96c50ee82b7eff83da27871dfbd7b6fe58,0.06,0.000126
0.2,2026-02-11 08:56:35.000 UTC,Withdrawal,0x205d86654d875484f080b7f39ec9cddc140fc91f1c4243663b3838035c06d4fe,0xec15c20015e72748f03065ed80c41cb882e3fb66,0x01c2e7b1de06da53bd0ec82fdb59e5767b8c6da1,0.2,0.00022
0.1,2026-02-10 23:08:23.000 UTC,Withdrawal,0x6b15651098d53bd9c153a7ecf959e369c824c83ab68d92035a06f04bebe18835,0xec15c20015e72748f03065ed80c41cb882e3fb66,0x6dc43be93a8b5fd37dc16f24872babc6da5e5e3e,0.1,0.00013
0.1,2026-02-10 22:48:23.000 UTC,Withdrawal,0x39748e5c2a661f9ab54b23d7e4c9ff1f68f28d6802ea05498d46369554c61617,0xec15c20015e72748f03065ed80c41cb882e3fb66,0x6dc43be93a8b5fd37dc16f24872babc6da5e5e3e,0.1,0.00013
0.5,2026-02-10 22:29:11.000 UTC,Withdrawal,0xa40616e645b8d5b6ae096a3b8d48c3b5697830841891002033bbea65da532749,0xec15c20015e72748f03065ed80c41cb882e3fb66,0xcb42ac441fcade3935243ea118701f39aa004486,0.5,0.0005
0.05,2026-02-10 16:16:47.000 UTC,Withdrawal,0x1c0995d9f0940758f0c0f30072415b4429575ea69bb9b6a07d00899b4ddae766,0xec15c20015e72748f03065ed80c41cb882e3fb66,0x4330e56bf6505b60cc4e9d91f1cb7bd771812771,0.05,0.00018
0.025,2026-02-10 13:21:23.000 UTC,Withdrawal,0x98225f1fdd327d384b93b854e39dd74c30c8ec16ff52ac8a944aedab07afe52f,0xec15c20015e72748f03065ed80c41cb882e3fb66,0x147037f0d4805a7582c381424e1705b2f45cda89,0.025,0.00011
0.03,2026-02-10 13:18:59.000 UTC,Withdrawal,0x398d4ee79f94896139d5cac7622e20de7a35f0e83eae27ec65aeeb09248c82ca,0xec15c20015e72748f03065ed80c41cb882e3fb66,0x147037f0d4805a7582c381424e1705b2f45cda89,0.03,0.000105
0.01,2026-02-10 08:52:47.000 UTC,Withdrawal,0x1a4ff3a83998489a3bc6941ac7ea3317a9830ed81cf04c8176f90693e8615d81,0xec15c20015e72748f03065ed80c41cb882e3fb66,0xcb4272920a76bf35141c29f18cd2d970fc1918bd,0.01,5e-05
2.0,2026-02-10 07:27:47.000 UTC,Withdrawal,0xb43645b05af9400a1ff85bc70a6ec1bfab92dbc40ab15ba115f933d6621c6525,0xec15c20015e72748f03065ed80c41cb882e3fb66,0xc324e7b66e4eed076dfdb3ce75ae4e69621afe34,2.0,0.002
1.0,2026-02-10 03:13:35.000 UTC,Withdrawal,0xc896c14fd29e375288147d356fdff1004c006764da2231055f0216939028222d,0xec15c20015e72748f03065ed80c41cb882e3fb66,0x3af4d784fcdbc27cdaf5f67a744e2eb18df799c5,1.0,0.001
0.2,2026-02-10 03:11:59.000 UTC,Withdrawal,0x605dffc8984fc054de4f9ce2c503b0f850dcfa5083c620b7cc1a9b449f1abc10,0xec15c20015e72748f03065ed80c41cb882e3fb66,0x3af4d784fcdbc27cdaf5f67a744e2eb18df799c5,0.2,0.00022
0.025,2026-02-10 02:51:35.000 UTC,Withdrawal,0xd5f7c06e02483056ff3b320f981d944f3b54dd3e4a6cfbcc874e5afb0936c4cb,0xec15c20015e72748f03065ed80c41cb882e3fb66,0x4be35863ae83dc395745f07f876a0bc22a497761,0.025,4.75e-05
0.1,2026-02-10 00:24:59.000 UTC,Withdrawal,0x08f5088fe4ef007f926724f71d8cd21327751520f0110b76e4e32ea3d9acf031,0xec15c20015e72748f03065ed80c41cb882e3fb66,0x28beff71dddfd2c6bade7a8a90bf733cec3615e8,0.1,0.00013
0.015,2026-02-09 22:02:47.000 UTC,Withdrawal,0x47fd24187f5b43d2391058bfdca1c535430c204704d22f5c656a4cbf385246ef,0xec15c20015e72748f03065ed80c41cb882e3fb66,0xc21bdbba05d3662f0f63ac6d209c6cb17e61aad3,0.015,0.000111
0.2,2026-02-09 19:47:11.000 UTC,Withdrawal,0x613104bdcef9fed85473df833a68d447cf7038be3e8377beab8fb63982ce89c2,0xec15c20015e72748f03065ed80c41cb882e3fb66,0xf271ac8322e635dc7cca3b7fafd788d321269ee3,0.2,0.0003
0.0146,2026-02-09 17:45:23.000 UTC,Withdrawal,0xe356cab124495f683c83424856c125fc0fcb8ab347d0ef3dbe307c36d05c7dfd,0xec15c20015e72748f03065ed80c41cb882e3fb66,0x429e905c679cddb3d2096de2d6ce76a5ce2d248d,0.0146,0.0003577
0.01,2026-02-09 17:10:23.000 UTC,Withdrawal,0xad42c35bbbfe5c8ef62d1c2688f80b9ffe72c33a2cb66e61f7a5d3fcce07b80c,0xec15c20015e72748f03065ed80c41cb882e3fb66,0x86a9f3bea7bc598744ca2ef130cd687494cc036c,0.01,0.000259
0.002,2026-02-09 13:35:47.000 UTC,Withdrawal,0xe9c9fbeb5917b58cfd7bbab1d63f9321f6978e2e9489e352cc88f0260afed88a,0xec15c20015e72748f03065ed80c41cb882e3fb66,0xe08fa117b271ecbf57b088c236e914f770680aad,0.002,4.18e-05
0.004,2026-02-09 12:54:47.000 UTC,Withdrawal,0x36ebef8cb122d13de4beb802d5738165e280d18b3c5abb84691c582fe9176a73,0xec15c20015e72748f03065ed80c41cb882e3fb66,0x78c5afd3349d2b037af7e5c6d1a8bb5622984aaa,0.004,3.68e-05
0.01,2026-02-09 12:42:35.000 UTC,Withdrawal,0x5e4ea5485cefc29e9dc48881a533c67cace3c48d247f0e60989b3fe8bd8c196b,0xec15c20015e72748f03065ed80c41cb882e3fb66,0x6a0a993cc824457734ec7cac50744a34ecaf34d4,0.01,4.5e-05
0.01,2026-02-09 12:34:35.000 UTC,Withdrawal,0xb65223846c9ac36a2bc5ed8630052942af5671ebfc8572047279c32c1bdb43e7,0xec15c20015e72748f03065ed80c41cb882e3fb66,0xcbff9f7cd136a27cd2a3d31c86e6bc29957da79c,0.01,5.3e-05
0.01,2026-02-09 12:33:23.000 UTC,Withdrawal,0x525b3280b2f0e65b649523c5b436b7773bf290d1a7a7bd3df06f5ed2b2e9397c,0xec15c20015e72748f03065ed80c41cb882e3fb66,0x85cb05aa6a7ad983b812020d8a8268acb48430a8,0.01,5.2e-05
0.01,2026-02-09 12:31:35.000 UTC,Withdrawal,0x04cdf2d219b48d0745f3210699d07ca8905e46ce90a218036b02a65d65973b3c,0xec15c20015e72748f03065ed80c41cb882e3fb66,0x0850def76407df8ad9f80c5aba26de964aa4a6e5,0.01,4.8e-05
0.00258,2026-02-09 11:54:59.000 UTC,Withdrawal,0xbe43606745ae81a92248200e350893829c42367f667a0b2d1ba5a83e2f7c41d5,0xec15c20015e72748f03065ed80c41cb882e3fb66,0xf50d01e5e31cb042c32885ce8b58d330ff40159a,0.00258,4.7472e-05
0.3531,2026-02-09 11:32:59.000 UTC,Withdrawal,0xda0667960ff905363c8eff241cda6dbe92eab57fae8b8ba1fcade94f446989ae,0xec15c20015e72748f03065ed80c41cb882e3fb66,0xf50d01e5e31cb042c32885ce8b58d330ff40159a,0.3531,0.00038841
0.085,2026-02-09 11:31:59.000 UTC,Withdrawal,0x43f437901978b1302fb872671de951228d2714cb9cb2815eb64e7c094e0649dc,0xec15c20015e72748f03065ed80c41cb882e3fb66,0xf50d01e5e31cb042c32885ce8b58d330ff40159a,0.085,0.0001275
0.01,2026-02-09 08:01:47.000 UTC,Withdrawal,0x1f5c0c18148031e98a0b6079b97024773ee07d1fabe16d3def1c85d672202bec,0xec15c20015e72748f03065ed80c41cb882e3fb66,0xcab3e21c35428a8b90d61d3f5b738c8c5a6df835,0.01,3.8e-05
0.01,2026-02-09 07:56:59.000 UTC,Withdrawal,0xca27cccfd42d4821f62218aa2a086f784e4d499f3fc0560d6f3c4227f5f9c597,0xec15c20015e72748f03065ed80c41cb882e3fb66,0xa46dbb5358e2391b0a519fc45f97c3870036af47,0.01,3.6e-05
0.01,2026-02-09 07:56:11.000 UTC,Withdrawal,0x3766fe1b755f146bf13cb31e0a6fac6baaadf5fee5b0913243d7021cbd64e54d,0xec15c20015e72748f03065ed80c41cb882e3fb66,0x9d814bbf307ca88a268c48d42507c1f9a7987bef,0.01,3.5e-05
0.01,2026-02-09 07:55:47.000 UTC,Withdrawal,0x7a6d9e291cbe9424f0ddbb3cf7dca8e0f5dc6da16854204037edd5b45f6e4632,0xec15c20015e72748f03065ed80c41cb882e3fb66,0xcbff9f7cd136a27cd2a3d31c86e6bc29957da79c,0.01,3.6e-05
0.01,2026-02-09 07:46:23.000 UTC,Withdrawal,0x72f070323b3e65fd9c513b7eef39419f602b96a902b480ac3aabe75fd17292de,0xec15c20015e72748f03065ed80c41cb882e3fb66,0x3c5d2853c3d349829bd5f5f69182e0cc348506b3,0.01,3.9e-05
0.01,2026-02-09 07:45:47.000 UTC,Withdrawal,0xc2ca5755529715da3329a84d3f846b12f548bedd89a8186830808773571eca46,0xec15c20015e72748f03065ed80c41cb882e3fb66,0xe7c6f6c9d3bb5502b91da6018016f7e1e6d74100,0.01,4e-05
0.01,2026-02-09 07:37:59.000 UTC,Withdrawal,0xb9abd471179835b556d693c735c5565df9df063faf82e5cb7a3b835970fdaee8,0xec15c20015e72748f03065ed80c41cb882e3fb66,0xe6428625aefc08d67551bff31af9be6e715531c7,0.01,3.6e-05
0.01,2026-02-09 07:36:35.000 UTC,Withdrawal,0x40b8be1f110b5fe24c40f374c122693ce902b3f7befe3960e7b30218ba5feee2,0xec15c20015e72748f03065ed80c41cb882e3fb66,0x3da22f42bcf0847b32c5b913e178c1226923cb42,0.01,3.5e-05
0.01,2026-02-09 07:35:59.000 UTC,Withdrawal,0xc77eb2475a99da5abe63014deac76f0ed25203d526219496ca0955603377242d,0xec15c20015e72748f03065ed80c41cb882e3fb66,0x37219a6e8c58415dcc6d78bbac5e27f616d3a3fd,0.01,3.6e-05
1.0,2026-02-09 06:33:35.000 UTC,Withdrawal,0x092078ef6c23ad16d3d533779e7ec41b8b0a3ea91ea02747becb4150ae214b1e,0xec15c20015e72748f03065ed80c41cb882e3fb66,0x8ef7c1f79a1af7979772cb018658faee7e6cd19f,1.0,0.001
0.53,2026-02-08 20:58:35.000 UTC,Withdrawal,0xd21c16f37a3ee71108256e634d5c55f0e76bdabd8c3884be75fce14c44ffb37c,0xec15c20015e72748f03065ed80c41cb882e3fb66,0x174947f56de641caaf8cfe6195928e2f766cdcf6,0.53,0.00053
1.59,2026-02-08 16:40:59.000 UTC,Withdrawal,0xfea3abf056828afed1c4ae4b9b85f16f00924d62a3d719b8f2f1648ceab8cded,0xec15c20015e72748f03065ed80c41cb882e3fb66,0xb548cedc7fa594841ae62360aa6a5d521163c364,1.59,0.00159
0.1,2026-02-08 13:09:47.000 UTC,Withdrawal,0xb80a8a895875db8d453b1cebe87aecc268f055d561926720d5f36e27771b42ee,0xec15c20015e72748f03065ed80c41cb882e3fb66,0x4717ec9cd1bf43fde803db719a6f5ae04e9956ef,0.1,0.00013
0.1,2026-02-08 09:46:35.000 UTC,Withdrawal,0x4eab384e097f353b94cefc4e8d4b0bb508de43df8f0e2836c2f05320015ea614,0xec15c20015e72748f03065ed80c41cb882e3fb66,0x6d718a725bd39357cdb3d6bf6b36e1347d952877,0.1,0.00013
0.1,2026-02-08 09:45:35.000 UTC,Withdrawal,0xce99dd135d456754d76a9cac34a87bbd2b703287eff27fb0e26075192bd214ad,0xec15c20015e72748f03065ed80c41cb882e3fb66,0x6d718a725bd39357cdb3d6bf6b36e1347d952877,0.1,0.00013
0.1,2026-02-08 09:44:35.000 UTC,Withdrawal,0x16b828af6b9300d6eb3a3c890b117c647343320e0fcfeeceabaf4bbc563f0fe0,0xec15c20015e72748f03065ed80c41cb882e3fb66,0x6d718a725bd39357cdb3d6bf6b36e1347d952877,0.1,0.00013
0.1,2026-02-08 05:15:47.000 UTC,Withdrawal,0x0737735161826da5a66b8a850da03f94599b8aa0ce921ae5e3addf1e0ac24f35,0xec15c20015e72748f03065ed80c41cb882e3fb66,0xa6129b6beb8c1beebbd4014095c02e8b722dfa4c,0.1,0.00016
0.00995,2026-02-08 04:23:11.000 UTC,Withdrawal,0x2cd8d7eba1012ff692e50f04e92ea6d9d1798b6c36d877adafb171e77c2ffa5f,0xec15c20015e72748f03065ed80c41cb882e3fb66,0xf3ea39310011333095cfcccc7c4ad74034caba63,0.00995,5.6715e-05
0.12,2026-02-08 02:08:59.000 UTC,Withdrawal,0x710a9fe53b46eb1cda55a6881b378391a4cbc45ddb583433f6100ff443733add,0xec15c20015e72748f03065ed80c41cb882e3fb66,0xfac87aae88cbf4b0b08276d71de69d8313bec716,0.12,0.000168
0.00275,2026-02-07 16:21:11.000 UTC,Withdrawal,0xda234123cdebe03cd47afc000386b6815c085747a2cd14fc4f47ec74b5baa098,0xec15c20015e72748f03065ed80c41cb882e3fb66,0x2ff9bd81d50c548609ae52fe273ce67fd7aa281f,0.00275,0.000110275
0.05,2026-02-07 15:40:59.000 UTC,Withdrawal,0xcea8fc416854e20ffa2d8e9c0f18cf7a52e61b4f6d23dd5982b522ef66b7f986,0xec15c20015e72748f03065ed80c41cb882e3fb66,0x52b367331c24d9c0582772998c34bfe245b1699f,0.05,0.00012
0.2,2026-02-07 09:48:59.000 UTC,Withdrawal,0xd66044c6ddd2948e0301e6277a67deb89a777d84135c9d904e80f25de08f08ac,0xec15c20015e72748f03065ed80c41cb882e3fb66,0x981b2e77fc3ec85ab5ec33a729ec58cc09224c45,0.2,0.00024
0.84,2026-02-06 23:37:59.000 UTC,Withdrawal,0xc6d9217769c1b348e1b30d911b1473eacb1f3287c73fab5453bb701ee80431c3,0xec15c20015e72748f03065ed80c41cb882e3fb66,0x7ec29fbd2ae3e16cc1aafab98a382038552a787f,0.84,0.000924
0.1,2026-02-06 23:37:11.000 UTC,Withdrawal,0xbfa38e53c25f3d1e1707fc0d152f2c9a6d882129e9e8bbe8d70f67ca1732cd4b,0xec15c20015e72748f03065ed80c41cb882e3fb66,0x7ec29fbd2ae3e16cc1aafab98a382038552a787f,0.1,0.00023
0.02087,2026-02-06 22:16:11.000 UTC,Withdrawal,0xd7f46c9e52612c4da8a2a3d4bc8fccdb77a001b5ab96b9e13e1a2efba5ccff6a,0xec15c20015e72748f03065ed80c41cb882e3fb66,0xf607f6b9d2ec29bcfb137ade9bc172e90c04fd17,0.02087,0.000179482
0.11,2026-02-06 18:51:23.000 UTC,Withdrawal,0x9e876e97038e234b7cd5edf733fb3533e5bdc55a7a8997e25f5122602358eeae,0xec15c20015e72748f03065ed80c41cb882e3fb66,0xfac87aae88cbf4b0b08276d71de69d8313bec716,0.11,0.000308
2.6,2026-02-06 17:46:59.000 UTC,Withdrawal,0xd681ff8e3d321e8dcb805fa4f3921d6f342d94c0b15aa4c97a6355caa001c993,0xec15c20015e72748f03065ed80c41cb882e3fb66,0x8d2fd26864b886361ce415ba7023b771e8fabf7d,2.6,0.00338
0.0212499999999999,2026-02-06 16:56:59.000 UTC,Withdrawal,0x2c80f2df9edbb851e414b09ef1db68101f9930dbb459777f2b81b14338d4eb92,0xec15c20015e72748f03065ed80c41cb882e3fb66,0x97c5c348e49e1125f520d8fad62a30dff27d03f1,0.02124999999999999,0.000620499999999999
4.0,2026-02-06 16:40:59.000 UTC,Withdrawal,0x5ab692c2ce82751c1f5140b1b9427b1b70ca2175859f7f1120c3fd1beefed95b,0xec15c20015e72748f03065ed80c41cb882e3fb66,0x54acf86ca26cefc79df48cffd2e72ec2b757eb15,4.0,0.0048
0.06375,2026-02-06 16:36:23.000 UTC,Withdrawal,0x1caa05a8cfdf7f88ea5c732fb6b5daac8273b2425947fddf55fb01b4d3d1e64b,0xec15c20015e72748f03065ed80c41cb882e3fb66,0xfa9133fd8b7acf2a9f4d2fdd43c87bd2db68abad,0.06375,0.000835125
0.008,2026-02-06 16:18:23.000 UTC,Withdrawal,0x2a1869ff0d7325b25314b323bd225493f01dff68bda8758b2ef82dc29ebf206e,0xec15c20015e72748f03065ed80c41cb882e3fb66,0x86b9690a99ba643507da896a6ab3d4d66f8e30a8,0.008,0.000508
0.01,2026-02-06 15:58:47.000 UTC,Withdrawal,0xf61e41f06b93cba11d9082d4cd3b9b06c73f24d5764e97775b8e2b95c0009f3d,0xec15c20015e72748f03065ed80c41cb882e3fb66,0x39ad75661c02589ac3e449dcee6a56469e0703d6,0.01,0.000388
0.005,2026-02-06 14:19:11.000 UTC,Withdrawal,0x85aec6a4fef2c238f8e0faae771470b3d56830b693cdbcfa0936a94485672f05,0xec15c20015e72748f03065ed80c41cb882e3fb66,0x30a4ebe6af35241a4f08c96167b259af017395a9,0.005,0.0002585
0.01,2026-02-06 13:33:11.000 UTC,Withdrawal,0x008ea10dcdb482322c51d3ce993b4cbc12b61b2b5981f6d9fae2a4367ed4529d,0xec15c20015e72748f03065ed80c41cb882e3fb66,0xf5c4d8dd6c336f00daf52885945aaefaf5b1de98,0.01,0.000516
0.5,2026-02-06 06:51:47.000 UTC,Withdrawal,0xd7b441bcc1e4f363cefc670f6559ab02082b345d894463c070537e90d0b7d920,0xec15c20015e72748f03065ed80c41cb882e3fb66,0x52d83a0f727cbd49652b3df4958634c654af01fc,0.5,0.00085
2.0,2026-02-06 06:36:59.000 UTC,Withdrawal,0x4729de259b39a0eba15ea5c3b24c14a591cc6ffe642ae70ee6b831cea03ace27,0xec15c20015e72748f03065ed80c41cb882e3fb66,0x8d2fd26864b886361ce415ba7023b771e8fabf7d,2.0,0.0022
2.0,2026-02-06 06:35:11.000 UTC,Withdrawal,0x7cfd2bd91996eb95c17248d6586034d540123383fa936bd096f230767e80432b,0xec15c20015e72748f03065ed80c41cb882e3fb66,0x2e2fb8b7dc0f58182a8f1316fab1a80318a7e49d,2.0,0.0022
1.31,2026-02-06 03:30:23.000 UTC,Withdrawal,0xe776a3e6d1092c092f719fefd73853eb8c40829c1f6f24f8dd9cddd4f3ced508,0xec15c20015e72748f03065ed80c41cb882e3fb66,0xb588d20676da28acfb77af7ce7828b39880b0549,1.31,0.001572
0.13,2026-02-06 02:46:35.000 UTC,Withdrawal,0x2b2177b3f5bea268dc6232f41315c74e50a20c54c69e5046d275420742fa566a,0xec15c20015e72748f03065ed80c41cb882e3fb66,0xfac87aae88cbf4b0b08276d71de69d8313bec716,0.13,0.000507
0.1,2026-02-06 01:31:23.000 UTC,Withdrawal,0x841a93b123f31d5ec769c2574daf45cee11ebc9e89e1eec0176995cbd7449d1b,0xec15c20015e72748f03065ed80c41cb882e3fb66,0xf584fa2fca469641b30484d5c28b38af7b1b787d,0.1,0.00163
0.1,2026-02-05 21:22:23.000 UTC,Withdrawal,0xe8b812128c5bb099b25405a901d5c24bee8620cb3ac125d68369c361eb60d91e,0xec15c20015e72748f03065ed80c41cb882e3fb66,0xfe3068eead0f7f055787b19d1b16e1e4277359bc,0.1,0.00837
2.0,2026-02-05 21:09:11.000 UTC,Withdrawal,0x0f53c4452188fa2ce066e87f261aa999bfe64d723741d87e49a7f18a140e1f7d,0xec15c20015e72748f03065ed80c41cb882e3fb66,0x8d2fd26864b886361ce415ba7023b771e8fabf7d,2.0,0.0182
1.0,2026-02-05 20:59:11.000 UTC,Withdrawal,0x38546e7f902b824d4d02783802c731f01a1639124a614736509ba161f4734c6b,0xec15c20015e72748f03065ed80c41cb882e3fb66,0x6a3010fe67b0aca83c6f49b2e6b72268bbc2b599,1.0,0.0151
2.0,2026-02-05 18:28:23.000 UTC,Withdrawal,0x16893c37bf14b73724aebf5d01c53487114c16cf686958a93aa266d6ac27fef8,0xec15c20015e72748f03065ed80c41cb882e3fb66,0x73a2c0c82befd73a31d9e44aeed4a906dd5018ab,2.0,0.0042
0.02,2026-02-05 18:15:11.000 UTC,Withdrawal,0x8a082320df26ff5b8e1a820ccfa97c6fef4951dfffe6684ac9354499b311e606,0xec15c20015e72748f03065ed80c41cb882e3fb66,0x147037f0d4805a7582c381424e1705b2f45cda89,0.02,0.001094
0.07,2026-02-05 13:33:11.000 UTC,Withdrawal,0x72f8f400412c56745d48d72d15be5bf45de633afef4bda4da1d8e2ab3571ba8c,0xec15c20015e72748f03065ed80c41cb882e3fb66,0xce32f795683813b1343c9f86cea5ff7c102771da,0.07,0.000847
0.31823,2026-02-05 12:40:35.000 UTC,Withdrawal,0x02a1a31ecb7759702db812d6178b6cda286dde53fefba02d4a55423d3c9eeea1,0xec15c20015e72748f03065ed80c41cb882e3fb66,0x0db66b0f32fd13c9a7d9fce4f92be162302c4fb5,0.31823,0.002004849
0.69,2026-02-05 09:20:47.000 UTC,Withdrawal,0xc09029316a546eedfe942e924836596e93548bff44502f82e81e584708d34ff0,0xec15c20015e72748f03065ed80c41cb882e3fb66,0xb588d20676da28acfb77af7ce7828b39880b0549,0.69,0.000828
2.0,2026-02-05 07:38:59.000 UTC,Withdrawal,0xf89a38d7d89a2c31f843000ec5a997e7be0d15d05ff0b5857afdafd931849f4a,0xec15c20015e72748f03065ed80c41cb882e3fb66,0x8d2fd26864b886361ce415ba7023b771e8fabf7d,2.0,0.002
0.03,2026-02-05 00:10:59.000 UTC,Withdrawal,0x46e6274f3ac8b3dad4eca26d5433afd0b7b6fa6ea4f53dac026b3cf9013322bf,0xec15c20015e72748f03065ed80c41cb882e3fb66,0x1eed555d186a3a9835741a5c09c64bf458402817,0.03,0.000111
0.2,2026-02-05 00:10:11.000 UTC,Withdrawal,0xa4e1fa6c78a64c9c514074ade356c71c1f258ca0f35712551d4d9e8c98ba1a58,0xec15c20015e72748f03065ed80c41cb882e3fb66,0x1eed555d186a3a9835741a5c09c64bf458402817,0.2,0.00028
0.18,2026-02-05 00:09:11.000 UTC,Withdrawal,0x039d35ee408f5e2f77827bd2f4e1ad0e2cef43efdd0916a584520f52a1db5713,0xec15c20015e72748f03065ed80c41cb882e3fb66,0x1eed555d186a3a9835741a5c09c64bf458402817,0.18,0.000252
0.1,2026-02-04 23:41:11.000 UTC,Withdrawal,0x70713645f333c8ba60e974fb50473c2f42f90c692c11a5485d27899bebb4e973,0xec15c20015e72748f03065ed80c41cb882e3fb66,0x6dc43be93a8b5fd37dc16f24872babc6da5e5e3e,0.1,0.00018
0.1,2026-02-04 23:39:35.000 UTC,Withdrawal,0xb635322644489d3a91adbbd2f6bc70c4b5c1b58d1b258d204811e8d83282f932,0xec15c20015e72748f03065ed80c41cb882e3fb66,0x6dc43be93a8b5fd37dc16f24872babc6da5e5e3e,0.1,0.00018
0.1,2026-02-04 21:35:23.000 UTC,Withdrawal,0x7aa698e91453b4279931099871ffc6b41c502a89a58088ccfb0800f3901ff8d3,0xec15c20015e72748f03065ed80c41cb882e3fb66,0x6dc43be93a8b5fd37dc16f24872babc6da5e5e3e,0.1,0.0004
0.01,2026-02-04 19:03:47.000 UTC,Withdrawal,0xce2e4314a3cd384ef07cb00c8c10a4ef647867038383d4b2aeb36477e691ea44,0xec15c20015e72748f03065ed80c41cb882e3fb66,0x07c652a93ff4a193bc380c0f7552a900b4f82e69,0.01,0.000407
0.046,2026-02-04 18:18:23.000 UTC,Withdrawal,0x2e6edc2763ef01b087bc6504c82453bb06b73249bdaaae6b31ddb4ac494d7cec,0xec15c20015e72748f03065ed80c41cb882e3fb66,0xfcc69aa87c56863d23fafc6cc95cc53942eaf154,0.046,0.0007038
2.0,2026-02-04 18:14:59.000 UTC,Withdrawal,0x2431428cee0790ec13297d7a353c6ccef05f17497bbbbfb5104e12fb8650f942,0xec15c20015e72748f03065ed80c41cb882e3fb66,0x8d2fd26864b886361ce415ba7023b771e8fabf7d,2.0,0.0024
0.5,2026-02-04 16:26:23.000 UTC,Withdrawal,0x12f49c91b50618d5a1ef35065b7d4234dc28efe3f19e909e6ce3a29744adac9a,0xec15c20015e72748f03065ed80c41cb882e3fb66,0x40c59cfaf8aa17a43eb2f1d50384c95ff50adef9,0.5,0.001
0.1,2026-02-04 16:23:47.000 UTC,Withdrawal,0x8ed074fdd3bee9ff0d3a029dfe03a0267dd91c517c829edefd7f986627796a07,0xec15c20015e72748f03065ed80c41cb882e3fb66,0xf607f6b9d2ec29bcfb137ade9bc172e90c04fd17,0.1,0.00069
0.01194,2026-02-04 13:11:11.000 UTC,Withdrawal,0x637714612577904e4cda8b64be2b177e645ccffea6bde9ccef833184a4397c69,0x5de1b796fe481e0e3771fea353798384d38258a1,0x4c1e1e0000e5dc3ac56da6d2deb87c2e343526a0,0.01194,5.97e-05
2.0,2026-02-04 07:26:47.000 UTC,Withdrawal,0x3ef22a874c6335cccdb2cbf42d6fcab90ff900d10488a6fd0fe634ac73192541,0xec15c20015e72748f03065ed80c41cb882e3fb66,0x8d2fd26864b886361ce415ba7023b771e8fabf7d,2.0,0.002
0.575,2026-02-04 02:46:35.000 UTC,Withdrawal,0x9526dfa1536def1b77a939fc0bccf25d2f51ca373a5e97cb1d35394258db4362,0xec15c20015e72748f03065ed80c41cb882e3fb66,0xd13a54154290fb72f8365c129ffa8b5a936787b2,0.575,0.0006325
1.0,2026-02-04 02:34:23.000 UTC,Withdrawal,0x013f45a8516de8741b04ac24b9e211ade4d65b8a5785b5368dd7c8c5fcebe8e4,0xec15c20015e72748f03065ed80c41cb882e3fb66,0xd13a54154290fb72f8365c129ffa8b5a936787b2,1.0,0.001
0.1,2026-02-03 18:54:35.000 UTC,Withdrawal,0x87e1c4ffde85fe526ba9e85c180d5ee2b70d43503d26021d3e4e331281203626,0xec15c20015e72748f03065ed80c41cb882e3fb66,0xfac87aae88cbf4b0b08276d71de69d8313bec716,0.1,0.00163
2.0,2026-02-03 18:45:11.000 UTC,Withdrawal,0x6ec71307c86595ce6d3c38ae894952415df615621ddc66628a44d7546a35eb48,0xec15c20015e72748f03065ed80c41cb882e3fb66,0x8d2fd26864b886361ce415ba7023b771e8fabf7d,2.0,0.003
0.02,2026-02-03 18:16:59.000 UTC,Withdrawal,0x99c35b96f1678c7d2677179c2b6c0ec3f152b55b9656f3bdb444a3c4fcdee677,0xec15c20015e72748f03065ed80c41cb882e3fb66,0xb2a98cba0bd1bbf7707da5274a5919e66c028df3,0.02,0.00066
0.0253,2026-02-03 09:30:23.000 UTC,Withdrawal,0x1be245b7949e3dbaaa5c7c1cc6cbc6630232091531cc6461eeea1ec2c7ac071e,0xec15c20015e72748f03065ed80c41cb882e3fb66,0x37da1fcd7bc4323c7724e1eee31473e95adc3a82,0.0253,0.00014168
0.1,2026-02-03 08:53:59.000 UTC,Withdrawal,0xc2aabca9df4f2eb260c58cb60862ab856f56cd1fb5bb7c8bb664c3663f9f4604,0xec15c20015e72748f03065ed80c41cb882e3fb66,0x6dc43be93a8b5fd37dc16f24872babc6da5e5e3e,0.1,0.00017
0.1,2026-02-03 08:51:11.000 UTC,Withdrawal,0x813108b97b692c111549252039155f5ab04516c4e2c5a2846d40ccc0ec566fe8,0xec15c20015e72748f03065ed80c41cb882e3fb66,0x6dc43be93a8b5fd37dc16f24872babc6da5e5e3e,0.1,0.00016
2.0,2026-02-03 06:49:35.000 UTC,Withdrawal,0xe9393487c8c398b5e9f0d24c4ed429101d98cf8e04fb33429de3b3d63219a65c,0xec15c20015e72748f03065ed80c41cb882e3fb66,0x8d2fd26864b886361ce415ba7023b771e8fabf7d,2.0,0.002
0.1,2026-02-03 06:47:47.000 UTC,Withdrawal,0x2fc2233b34ab40fb570cb9d778147ec4ad3a5830868660a1b624215d3899da86,0xec15c20015e72748f03065ed80c41cb882e3fb66,0x52d83a0f727cbd49652b3df4958634c654af01fc,0.1,0.00016
0.005,2026-02-03 02:02:47.000 UTC,Withdrawal,0x9674275593d1ba4bc725e489bfb807cdbf7416622e9cfbec13b6690d2648290b,0xec15c20015e72748f03065ed80c41cb882e3fb66,0xa47660c19ae179c72554f8ce7e2276152e9979f9,0.005,7.2e-05
1.5,2026-02-03 00:32:23.000 UTC,Withdrawal,0x942a4ab6fb0f8b9d87e6b8ba5e779f89762a50d81213a77ed07660378ef1b1b6,0xec15c20015e72748f03065ed80c41cb882e3fb66,0x0d47bcda5e9370e85a973d4da561906db964c651,1.5,0.0015
3.5,2026-02-03 00:25:47.000 UTC,Withdrawal,0xe277ac313b969199edf398dd48522b56306cb0f01199fcc384f8f36e3b8084aa,0xec15c20015e72748f03065ed80c41cb882e3fb66,0x102fde27cd6725369be98ff5654a6d108d5d7f85,3.5,0.0035
0.033,2026-02-02 21:48:59.000 UTC,Withdrawal,0x0f335cb35ee814fe300d19b053e3de7db49afc8ac4df8371e806150d8f047642,0xec15c20015e72748f03065ed80c41cb882e3fb66,0xae14a2ceb9bfb3fe5c7c19f4276c51b0b07b20a4,0.033,0.0001287
0.1,2026-02-02 21:18:11.000 UTC,Withdrawal,0x84a9b47bfe376088ec451448367571153627745a04e24372376e5827ad88249d,0xec15c20015e72748f03065ed80c41cb882e3fb66,0x6dc43be93a8b5fd37dc16f24872babc6da5e5e3e,0.1,0.00022
0.1,2026-02-02 21:11:11.000 UTC,Withdrawal,0x2bcc2605092199a91d80c7f4d6f1235cafb850dad84755cc6968b4d04072d1ec,0xec15c20015e72748f03065ed80c41cb882e3fb66,0x6dc43be93a8b5fd37dc16f24872babc6da5e5e3e,0.1,0.00023
0.01,2026-02-02 21:06:11.000 UTC,Withdrawal,0xe7f7510a7014f1faf31ba8587d864d5a93023bb6517aaebf9aaf9454bba25a0f,0xec15c20015e72748f03065ed80c41cb882e3fb66,0x7914a07e3fc80b1448a0b6c8b40bffb38d5126c7,0.01,0.000127
0.2,2026-02-02 20:39:35.000 UTC,Withdrawal,0x031f01f433b5e9c8c5652c24ab9e51d968c704b6d948e2aed474a93dc9e52779,0xec15c20015e72748f03065ed80c41cb882e3fb66,0x5122e71a6b4793ee9a6558fbdb758e903818ae76,0.2,0.00028
0.1,2026-02-02 20:34:59.000 UTC,Withdrawal,0x3bec45acb71e939dab517c17770f3f7c15d66ceade80838a7d6669eda21f1de5,0xec15c20015e72748f03065ed80c41cb882e3fb66,0x5122e71a6b4793ee9a6558fbdb758e903818ae76,0.1,0.00019
0.1,2026-02-02 20:30:47.000 UTC,Withdrawal,0xe972307a465fc354ab408bcd644d74705096d99dbccb3b1f73981bc1d9f43e9a,0xec15c20015e72748f03065ed80c41cb882e3fb66,0x6dc43be93a8b5fd37dc16f24872babc6da5e5e3e,0.1,0.00017
0.05,2026-02-02 20:02:23.000 UTC,Withdrawal,0x52b8a1c3f6b3905ed183eaeb74531f9f718046c25d0a888c879b6220be255783,0xec15c20015e72748f03065ed80c41cb882e3fb66,0xf607f6b9d2ec29bcfb137ade9bc172e90c04fd17,0.05,0.000155
0.0192425,2026-02-02 20:00:35.000 UTC,Withdrawal,0x02e38a8a7627b8c8b6fd88e3b3f9fdc0c5c65b6c36dc208c136a0aa21ddc0b74,0xec15c20015e72748f03065ed80c41cb882e3fb66,0xf607f6b9d2ec29bcfb137ade9bc172e90c04fd17,0.01924250000000001,0.000115455
0.1,2026-02-02 19:56:59.000 UTC,Withdrawal,0x12df4a3e81eae5cc45f19679a63f2af802c6452e3067d5b94868b3d323cff258,0xec15c20015e72748f03065ed80c41cb882e3fb66,0x6dc43be93a8b5fd37dc16f24872babc6da5e5e3e,0.1,0.00022
0.0057,2026-02-02 18:56:35.000 UTC,Withdrawal,0xc2c18a04db588df27fbcde473e6b6f102068156e5ab9f470ca4f0ef2d4fd4b55,0xec15c20015e72748f03065ed80c41cb882e3fb66,0x42b7bebb02b4c4239314b0e8f49f3f6a6c12b12b,0.0057,9.405e-05
0.5,2026-02-02 16:51:59.000 UTC,Withdrawal,0x4a3c6323c72bee6f3974484c6d2ccd273bc9ae11b3ebb0461c22732cc7cd396a,0xec15c20015e72748f03065ed80c41cb882e3fb66,0xf297642c914fee0e9532e7a09bcd988efe69a47d,0.5,0.00075
0.06263,2026-02-02 14:32:11.000 UTC,Withdrawal,0x8ef950f786d9b477277c8be5c5c458d22ffe372847dc127555674cc8cbcaf0a7,0xec15c20015e72748f03065ed80c41cb882e3fb66,0x5524e7b21530d7db0a6b0cf3d59a2d475f636b55,0.06263,0.000413358
1.0,2026-02-02 14:22:47.000 UTC,Withdrawal,0xb123a710f23707739439e59eab2a4e5d25613f03f1139d234cd2ec1b626f584f,0xec15c20015e72748f03065ed80c41cb882e3fb66,0x44e9af9815c3ba48f04287f92ff23508fe7e4047,1.0,0.0014
0.011,2026-02-02 10:29:23.000 UTC,Withdrawal,0xecbf38c1aea7fcc14656dbcbad4c5e7c33df987ee9f11d396e03779bbc230bbe,0xec15c20015e72748f03065ed80c41cb882e3fb66,0x8a7c8abbed2e1dfb4832152d9fcaab3d9ee3af18,0.011,0.000198
0.1,2026-02-02 09:41:35.000 UTC,Withdrawal,0x4b0a055b33fc465624ff321b4752bc248592c5fdb915552a1a218359ce46b221,0xec15c20015e72748f03065ed80c41cb882e3fb66,0xdd1fd6f0efb4e0eaf13a24a09363f4efe59030d1,0.1,0.00053
0.01,2026-02-02 09:09:35.000 UTC,Withdrawal,0x76ce33547e6aca939910ef328e956740b2180cabcfbb5121341ed8d426b91cac,0xec15c20015e72748f03065ed80c41cb882e3fb66,0x448ea8b6b12c26aba7a5f144db4aa4dfa8587b29,0.01,0.000185
0.05,2026-02-02 08:55:23.000 UTC,Withdrawal,0x07f840898ec6fb1a13013413f30121e51d8d6cfa1430c269ca399998aaa45a1d,0xec15c20015e72748f03065ed80c41cb882e3fb66,0x5b5f3340e82ad583134eb1294138e94593315e80,0.05,0.00013
0.4,2026-02-02 06:56:35.000 UTC,Withdrawal,0x57a371d6b0c82076440fad6bf5a5cb31491698a6d3bc9772475221c08c6f6ea2,0xec15c20015e72748f03065ed80c41cb882e3fb66,0x2e2fb8b7dc0f58182a8f1316fab1a80318a7e49d,0.4,0.00064
2.0,2026-02-02 06:47:35.000 UTC,Withdrawal,0x741487a69e333193c8f6dc959ac0922bffa57a3c2f96de1484a8f84567fd9f26,0xec15c20015e72748f03065ed80c41cb882e3fb66,0x8d2fd26864b886361ce415ba7023b771e8fabf7d,2.0,0.0022
2.0,2026-02-02 06:28:47.000 UTC,Withdrawal,0x9c25bc0c03eddfbe873b0c0fc73bc99559be6c477f3c77de81afa140b3753bee,0xec15c20015e72748f03065ed80c41cb882e3fb66,0x8d2fd26864b886361ce415ba7023b771e8fabf7d,2.0,0.002
0.01,2026-02-01 20:02:47.000 UTC,Withdrawal,0xb066665b39ca0c9c183047cbebc389648e85afb13a6d1d3ced4319d2c4d46f52,0xec15c20015e72748f03065ed80c41cb882e3fb66,0x6275e15304d4d6803cdf8f5b3376632b2112726c,0.01,0.000123
0.1,2026-02-01 17:19:11.000 UTC,Withdrawal,0x3ef38737af2659fd3cf0ea78ce089384017e70612a3c405fa23637d799f4462e,0xec15c20015e72748f03065ed80c41cb882e3fb66,0xab01dbd717b13444ff0216d8360041021ecfd0a9,0.1,0.00051
10.0,2026-02-01 15:41:47.000 UTC,Withdrawal,0xd36aeae849c8e85329b2e08d5dfc11430c6c1ebf9b4d5724d7f443ca9d9aaa66,0xec15c20015e72748f03065ed80c41cb882e3fb66,0xf685e3819ad71772b4715425ba40e477b1d5d6bd,10.0,0.011
1.0,2026-02-01 13:44:11.000 UTC,Withdrawal,0xf14afbd0db975772c267a4e08724548e8d10c2180af576ffa409a33d5d33b961,0xec15c20015e72748f03065ed80c41cb882e3fb66,0x6caaa33ec28f5228d4cd375214ea431e1d4e0f9b,1.0,0.0011
0.05,2026-02-01 11:32:11.000 UTC,Withdrawal,0x5196307b45b11470a0bd80cf65d0001bcf425f9dce8d569005a73e114d11610c,0xec15c20015e72748f03065ed80c41cb882e3fb66,0x6d96b3c90e0d1b91f2e890525ad6a98c87c5f7d5,0.05,0.000355
0.1,2026-02-01 11:24:35.000 UTC,Withdrawal,0x27d4b6b731d5c5371ddcd8935eb93100715443922abc6e7aac333a075cfadf9f,0xec15c20015e72748f03065ed80c41cb882e3fb66,0x24322f564cf99d31e4378cbf281360f793ff85c9,0.1,0.00069
1.17535,2026-02-01 11:02:59.000 UTC,Withdrawal,0x48cee34f7bd6212a3849cf4146e346b8b703284f769fd14fa226a2716d4f4220,0xec15c20015e72748f03065ed80c41cb882e3fb66,0x8d2fd26864b886361ce415ba7023b771e8fabf7d,1.17535,0.00188056
0.01,2026-02-01 08:24:59.000 UTC,Withdrawal,0xec86bf11a30300c303c8cd36906e3ebdb4e182741e50e9439b4140d7f31464fd,0xec15c20015e72748f03065ed80c41cb882e3fb66,0x1eed555d186a3a9835741a5c09c64bf458402817,0.01,5.6e-05
0.01,2026-02-01 08:24:23.000 UTC,Withdrawal,0x82d698082739eccd7f736b89664ead37e67f96672a442b3a3e8cc9ec6f246d75,0xec15c20015e72748f03065ed80c41cb882e3fb66,0x1eed555d186a3a9835741a5c09c64bf458402817,0.01,5.8e-05
0.01,2026-02-01 08:22:59.000 UTC,Withdrawal,0x04b8ebb78739983f0aa9b6f27acf31b1b633d000228ad683a02b6c25513dc5ff,0xec15c20015e72748f03065ed80c41cb882e3fb66,0x1eed555d186a3a9835741a5c09c64bf458402817,0.01,5.9e-05
1.0,2026-02-01 07:18:35.000 UTC,Withdrawal,0x05ad5a46abd95c47ea6829e3f0ead08b23151ddf6d728d1e54db41d5c32486e8,0xec15c20015e72748f03065ed80c41cb882e3fb66,0x8d2fd26864b886361ce415ba7023b771e8fabf7d,1.0,0.001
0.01,2026-02-01 02:30:59.000 UTC,Withdrawal,0x4165d6db4fc59f26f764a5efc4606800fa47c78c13793656ec32ecdb36b4c621,0xec15c20015e72748f03065ed80c41cb882e3fb66,0xe6c407423967140bb00043be77b64a6f6a5c71c7,0.01,5.9e-05
0.9,2026-02-01 00:28:59.000 UTC,Withdrawal,0xb8ebf6b7355318591970237eb26d9f543f137f6d42a9d8a3da1348823c5fc32c,0xec15c20015e72748f03065ed80c41cb882e3fb66,0xc979f2a886cb9a91a4135492a1f6af8dae7253cc,0.9,0.00099
2.0,2026-01-31 23:54:47.000 UTC,Withdrawal,0xd0247337a78280862b638e72ee3c717982b7afee1e3873e87a9be3d815fcca60,0xec15c20015e72748f03065ed80c41cb882e3fb66,0xcb0e49b8bb2e39a1fdb4bbe422dbf3cff8f2602e,2.0,0.002
0.07087,2026-01-31 23:53:11.000 UTC,Withdrawal,0x96e16204e9d2a49c596208eeb52a0e98f3c9aa317a341633adfdf0c22b28cb7a,0xec15c20015e72748f03065ed80c41cb882e3fb66,0xcb0e49b8bb2e39a1fdb4bbe422dbf3cff8f2602e,0.07087,0.000163001
0.11,2026-01-31 22:54:11.000 UTC,Withdrawal,0x332ff878cfc841431276d1434a160542fd1b240edbd8562f189ff9133e9f0d7c,0xec15c20015e72748f03065ed80c41cb882e3fb66,0xc979f2a886cb9a91a4135492a1f6af8dae7253cc,0.11,0.000165
10.0,2026-01-31 19:50:23.000 UTC,Withdrawal,0x00c4910d137f71c13393a5e57d4afed9ba5e3283013f26c3b367f22b7c19266a,0xec15c20015e72748f03065ed80c41cb882e3fb66,0xc0f40230214e811455029395a33713d917983a03,10.0,0.012
0.0577274999999999,2026-01-31 18:23:11.000 UTC,Withdrawal,0x2303f7b91fad383a314515ae003341539534964bb766191618c6e15247da0b10,0xec15c20015e72748f03065ed80c41cb882e3fb66,0xf607f6b9d2ec29bcfb137ade9bc172e90c04fd17,0.057727499999999994,0.002782465499999999
0.079,2026-01-31 18:20:11.000 UTC,Withdrawal,0x0941559dfd6aa677bc1fd7d79e93489e9edbc379edfc03d9f24052c17319dde1,0xec15c20015e72748f03065ed80c41cb882e3fb66,0xf607f6b9d2ec29bcfb137ade9bc172e90c04fd17,0.079,0.0026939
0.1,2026-01-31 18:10:35.000 UTC,Withdrawal,0x975accca360501f96aa9d06f7910290c7dfaf078ad88ff311b4347e441b76908,0xec15c20015e72748f03065ed80c41cb882e3fb66,0xd455afa403fbf440c75af1d107d89e6590091c75,0.1,0.00346
0.15,2026-01-31 16:59:35.000 UTC,Withdrawal,0x3a697a54a3343625a595e5f65ad7596ef819a87d2e5c8d6e66ed36d0ff7b4a58,0xec15c20015e72748f03065ed80c41cb882e3fb66,0x1eed555d186a3a9835741a5c09c64bf458402817,0.15,0.001965
3.0,2026-01-31 13:50:59.000 UTC,Withdrawal,0x35cef8f002b72c62f34fa934c821b2d3f047482ff9ae81b233bc445cff13821b,0xec15c20015e72748f03065ed80c41cb882e3fb66,0x9f6ca42abc0c5e3dde504b5e12892d6ed09f9fc0,3.0,0.003
1.0,2026-01-31 13:46:59.000 UTC,Withdrawal,0x6f3616ee558a54708bdb2d128b72b5d2ea5165da28967689eb611ae978ec3791,0xec15c20015e72748f03065ed80c41cb882e3fb66,0xbc8cdfc0b436e7b4070f702ee347089775533382,1.0,0.001
0.01,2026-01-31 10:41:23.000 UTC,Withdrawal,0xe61ffe217c0f0578e7708cd4a21b002483b815499f7eed014c76a04adf26bc33,0xec15c20015e72748f03065ed80c41cb882e3fb66,0x10fa79c6ea00d7559b7384eb6c321396bd38521a,0.01,5.9e-05
0.1,2026-01-31 09:22:11.000 UTC,Withdrawal,0xdd7bceb16384533d5cce25e335dfdfb99f8f1e7c821a238ba8efddb7a7cec1e0,0xec15c20015e72748f03065ed80c41cb882e3fb66,0x01c2e7b1de06da53bd0ec82fdb59e5767b8c6da1,0.1,0.00015
0.40541,2026-01-31 04:19:47.000 UTC,Withdrawal,0x6df3b0119eb2eb7f38e6b7d670b70df319ec1c16605e85cb8c68154b2bedb494,0xec15c20015e72748f03065ed80c41cb882e3fb66,0xcb0e49b8bb2e39a1fdb4bbe422dbf3cff8f2602e,0.40541,0.000445951
0.07652,2026-01-31 04:16:11.000 UTC,Withdrawal,0xf6906d856be854d5e25b6368fef82c8fe882649d3fad570820a4b4c696777b26,0xec15c20015e72748f03065ed80c41cb882e3fb66,0xcb0e49b8bb2e39a1fdb4bbe422dbf3cff8f2602e,0.07652,0.000122432
0.3,2026-01-31 04:08:23.000 UTC,Withdrawal,0x5172dcd6850b05002a3bd34809a278e8c1ca975db84ed938ef93fe9b749a1c9a,0xec15c20015e72748f03065ed80c41cb882e3fb66,0xcb0e49b8bb2e39a1fdb4bbe422dbf3cff8f2602e,0.3,0.00036
0.0053730286345168,2026-01-30 19:57:35.000 UTC,Withdrawal,0x8da82f02c3560afa523949ec4b84315a1e3c0fdee5ba08d4661be55eade0b1d5,0xec15c20015e72748f03065ed80c41cb882e3fb66,0xcd7c8ea0aa06dd6e7f06b5daaeb35029f12dc2a7,0.005373028634516858,0.000199876665204027
0.0162293466947687,2026-01-30 19:56:47.000 UTC,Withdrawal,0x2bcaf93db7ef7be039a4c72c0fe6f59363f94887979b99274af4b1d0fcd51c38,0xec15c20015e72748f03065ed80c41cb882e3fb66,0x797e2cd952df539ccfea5554911afeb2a77fb760,0.016229346694768724,0.000214227376370947
0.06337,2026-01-30 19:55:35.000 UTC,Withdrawal,0xb69944fa6aa02c15c8ae208912448e0e8b687594169aeb096428e472806ac2c0,0xec15c20015e72748f03065ed80c41cb882e3fb66,0xcd7c8ea0aa06dd6e7f06b5daaeb35029f12dc2a7,0.06337,0.000272491
0.1,2026-01-30 19:20:11.000 UTC,Withdrawal,0xb22bc1176b79f87ed324ccea2fb6e125dc886d2ee633c03819a0cbd435958cc3,0xec15c20015e72748f03065ed80c41cb882e3fb66,0x75c9623b2e3b9c143021762d918740f1a4010c2c,0.1,0.00054
1.7,2026-01-30 13:42:23.000 UTC,Withdrawal,0x5f284340e68da03f691a96145197003ad6db12b404a096726bb84f8efe294c9e,0xec15c20015e72748f03065ed80c41cb882e3fb66,0x215ab718063f9cc8c540f09051bb333ecbeaecb0,1.7,0.0017
0.188045,2026-01-29 13:20:11.000 UTC,Withdrawal,0x8bf105c737a9e7f355e3c3ca0201f69a52041c2f2100e25531a2af65198def27,0xec15c20015e72748f03065ed80c41cb882e3fb66,0x0f1936495f638d79c0cae8516628fc6b9600b82b,0.188045,0.000300872
2.3861,2026-01-29 13:19:23.000 UTC,Withdrawal,0x99373dcd530bc2629b93200b8bb7b569e0db491c0f430c235dc28d5d37fa7ae1,0xec15c20015e72748f03065ed80c41cb882e3fb66,0x0f1936495f638d79c0cae8516628fc6b9600b82b,2.3861,0.0023861
0.1,2026-01-29 10:10:59.000 UTC,Withdrawal,0xa0ef5b1105b7581c8ba5e7dae2b585f9c231a492e0c19c318d8c8c23f8c376ae,0xec15c20015e72748f03065ed80c41cb882e3fb66,0x58772689ec7fa6589207af74dc2055fa831522d1,0.1,0.00013
0.3,2026-01-29 10:09:59.000 UTC,Withdrawal,0xc6cfcf5f348bf689ead43ac39f7180036338d006a682fbcf1c78f9520b2b367b,0xec15c20015e72748f03065ed80c41cb882e3fb66,0xfe30630565fd695c63be89d229d13129981ead68,0.3,0.00033
0.1,2026-01-29 09:49:35.000 UTC,Withdrawal,0xc63a01c2f0f2f801a77dbd33b8c0aec55b342236eafc7a18d5368c2acd65a34c,0xec15c20015e72748f03065ed80c41cb882e3fb66,0xfe30630565fd695c63be89d229d13129981ead68,0.1,0.00014
0.01128,2026-01-29 04:12:23.000 UTC,Withdrawal,0x89eb15e055064eb22e97945bb2cc1ab53c98da68c0559899572ddba0a0ce251f,0xec15c20015e72748f03065ed80c41cb882e3fb66,0xf2de7127320a5d1a1cf97212a5c100a55089dc6f,0.01128,5.9784e-05
0.01175,2026-01-29 03:59:23.000 UTC,Withdrawal,0x8f4249e7605f3a4a462b86ba0cb836efecc56d7409aef2bd7ed656b282027213,0xec15c20015e72748f03065ed80c41cb882e3fb66,0x6310b2251db6133e18345d4c7363ef775046855c,0.01175,4.1125e-05
0.047,2026-01-29 00:12:11.000 UTC,Withdrawal,0xc3c09f4290e7bc236406e9a148839d97feeeed36a1f5e29039d14a060ad752a4,0xec15c20015e72748f03065ed80c41cb882e3fb66,0x357e61e77c660f5069a5a3d9b98aa37e44e1b5b1,0.047,0.0001034
0.006,2026-01-28 20:09:23.000 UTC,Withdrawal,0xb7fa6de4507a6129de3ecfb908a9110a93e791cca599d27b8a61c27fd16d4d10,0xec15c20015e72748f03065ed80c41cb882e3fb66,0x9e2f4c2472f6385212fedeb89c86d9e8abb1afd1,0.006,0.0001032
0.9139,2026-01-28 19:41:35.000 UTC,Withdrawal,0x726a5ed79d4c380667b97191988fbddc2d7ed593b9a1b805779b87ac154e6505,0xec15c20015e72748f03065ed80c41cb882e3fb66,0xfd9eb52612b06be682ee55da3d78c05a27619c20,0.9139,0.00100529
0.005,2026-01-28 18:18:59.000 UTC,Withdrawal,0x949a7b36382cb2e43a7d761c8f544416f90f5bdc3ceaea51aa59dcc9af0d9422,0xec15c20015e72748f03065ed80c41cb882e3fb66,0xce2c3dda78d1eef9681ddd1883818c2a4f277531,0.005,0.0001135
0.058,2026-01-28 17:12:23.000 UTC,Withdrawal,0xeac40b66e90047b64b7e86987e185958ab27f9970792bde32a25f53e4eb4400e,0xec15c20015e72748f03065ed80c41cb882e3fb66,0xa6129b6beb8c1beebbd4014095c02e8b722dfa4c,0.058,0.0001508
1.0,2026-01-28 17:04:35.000 UTC,Withdrawal,0x3682eb99a92fa7c7a13f3107c4fe3f0542bfe7583ff67836720eb959841f52b6,0xec15c20015e72748f03065ed80c41cb882e3fb66,0x26efce1521c6d9a15358883bf1c09786706c5998,1.0,0.0011
1.0,2026-01-28 17:01:11.000 UTC,Withdrawal,0x4251ed33d718f399c0763ea7893330bc248e331bbb07f5bdcf4dc0af91c3d047,0xec15c20015e72748f03065ed80c41cb882e3fb66,0x26efce1521c6d9a15358883bf1c09786706c5998,1.0,0.0011
1.0,2026-01-28 16:41:11.000 UTC,Withdrawal,0x66af922d91fd19c50a0c0fee8e31082662207a23f5bc73981155477a84d31727,0xec15c20015e72748f03065ed80c41cb882e3fb66,0x26efce1521c6d9a15358883bf1c09786706c5998,1.0,0.0011
1.0,2026-01-28 16:23:35.000 UTC,Withdrawal,0x6c48ec7d8ed6e877510ad6807a099c9b7717ec0439490a954adb232d4f6db69b,0xec15c20015e72748f03065ed80c41cb882e3fb66,0x26efce1521c6d9a15358883bf1c09786706c5998,1.0,0.0011
0.14708,2026-01-28 16:01:35.000 UTC,Withdrawal,0x7259b1d6cb1d4aaaba981dc15f6dc9062d1c4db77e0487f5fdbe8891a617eefe,0xec15c20015e72748f03065ed80c41cb882e3fb66,0xcdae65ab5a5a50ddcecb42722d87a99c1d9d9889,0.14708,0.000323576
0.05,2026-01-28 14:24:23.000 UTC,Withdrawal,0xe3c6775d0b439e3825fccbf17cdc5339bd39b53ad0835809ec5de132d8650bb1,0xec15c20015e72748f03065ed80c41cb882e3fb66,0xbaedd7b278f3dd5737bd60c116a7e2769f120517,0.05,0.000185
1.0,2026-01-28 13:13:59.000 UTC,Withdrawal,0x1a4ca097a465c00bb60898d39b04ce1c071a61aed57dd39517afcc9c901ee367,0xec15c20015e72748f03065ed80c41cb882e3fb66,0x3af4d784fcdbc27cdaf5f67a744e2eb18df799c5,1.0,0.001
1.0,2026-01-28 13:11:35.000 UTC,Withdrawal,0x61e287a14873d71e3bca438d83fdac09e0ac8146a579221d9d4afa36116d849b,0xec15c20015e72748f03065ed80c41cb882e3fb66,0x3af4d784fcdbc27cdaf5f67a744e2eb18df799c5,1.0,0.001
0.1,2026-01-28 10:36:35.000 UTC,Withdrawal,0x3697d8d41a5c52cb23dbd57e378518101d89955bea12221c3dba2559948cdbfc,0xec15c20015e72748f03065ed80c41cb882e3fb66,0x13215d18931e0a165a43e1ccbc7a0e898feb5c05,0.1,0.00017
0.0125,2026-01-28 09:35:11.000 UTC,Withdrawal,0xa39288b6e489c50df5c1d59f475f261230d6f711772c3fd2bd921a9c9fd7c87e,0xec15c20015e72748f03065ed80c41cb882e3fb66,0x57ad3462be381a0a1913f1dfd1564a9a1c9907ff,0.0125,7.5e-05
0.013,2026-01-28 09:30:47.000 UTC,Withdrawal,0x07303fb4366759e905dc149cf2d6bcdb7139a470c2360e5764b8d73104cb2321,0xec15c20015e72748f03065ed80c41cb882e3fb66,0x789fd5c0a57eab700ce4f26c3003da6031af7d86,0.013,8.32e-05
0.1,2026-01-28 06:56:11.000 UTC,Withdrawal,0x8e6c76c95f94893cb84cee9a07ed1ba0d1e75d3abb5a864c2446984d926f3bff,0xec15c20015e72748f03065ed80c41cb882e3fb66,0x29f872f02da8ace8890e8d3e5105a752cd3b5792,0.1,0.00013
0.25212,2026-01-28 05:12:11.000 UTC,Withdrawal,0x73e6782628c9dae060df41e496a4c962479d961a02e6f6040efa9eeea2a9dd60,0xec15c20015e72748f03065ed80c41cb882e3fb66,0xb092fa15f538cd3face4676efb6d2d42c0cd4b4b,0.25212,0.000277332
0.01,2026-01-28 03:01:47.000 UTC,Withdrawal,0x40f48b693dfd9fc185753463e1735dcc8412552b1fd1487df85798b4963c896c,0xec15c20015e72748f03065ed80c41cb882e3fb66,0x536597bc692c22fef697c72a9769f6a957a17f99,0.01,4.1e-05
0.1,2026-01-27 22:54:47.000 UTC,Withdrawal,0x8d97ee214649d2152e9dcb2ea4e8a2562057acfe4cad46eb94ba70c2240e8edd,0xec15c20015e72748f03065ed80c41cb882e3fb66,0x241fe2d7160ee335bf57524cc0218d242756787a,0.1,0.00013
0.005,2026-01-27 19:31:47.000 UTC,Withdrawal,0xa762132df766740e3f6fc1164656cd47cd7ff5710c4b7f6359cd9a6577c3d5a7,0xec15c20015e72748f03065ed80c41cb882e3fb66,0xe8453165d13ed375216e5afbe6700d18039eeaf3,0.005,5.7e-05
0.005,2026-01-27 19:28:23.000 UTC,Withdrawal,0x347593ede43cd77fbece3565429ac9674d1b7696c628c2e0f4ff6282603652bb,0xec15c20015e72748f03065ed80c41cb882e3fb66,0xe8453165d13ed375216e5afbe6700d18039eeaf3,0.005,7.1e-05
0.09,2026-01-27 17:55:35.000 UTC,Withdrawal,0x3600c83d84d87b0419b98a33076f9988f1b368b276cf63347a832bb16e6542f1,0xec15c20015e72748f03065ed80c41cb882e3fb66,0x929a55c57699680c618c29226c5a07bd6d823e3c,0.09,0.000225
0.1,2026-01-27 17:53:47.000 UTC,Withdrawal,0x67e5d250d5f187db75eccf33fd771c362dbedf0a22427a8320e11d1001ed2670,0xec15c20015e72748f03065ed80c41cb882e3fb66,0x929a55c57699680c618c29226c5a07bd6d823e3c,0.1,0.00023
0.4,2026-01-27 17:52:35.000 UTC,Withdrawal,0xe46f79594907bd1383680a87d85ee46bb58021e518e903c7ef2a9458b01351ff,0xec15c20015e72748f03065ed80c41cb882e3fb66,0x929a55c57699680c618c29226c5a07bd6d823e3c,0.4,0.00052
0.21,2026-01-27 17:30:35.000 UTC,Withdrawal,0xe3d0d129a9fb8096ff7fb1ff2cfad15230780210d5ee7c3ef3862f9e4140a211,0xec15c20015e72748f03065ed80c41cb882e3fb66,0xb7ed34f9ca6eaec8f3226b7ac4adf378b8874f54,0.21,0.000315
0.05,2026-01-27 17:25:35.000 UTC,Withdrawal,0x410054ba58bdc8f3e3f70122820a55c953244f9c3b497ca934da6ce03ca03a9e,0xec15c20015e72748f03065ed80c41cb882e3fb66,0x110148ec7f8d78ab0e3ef29e11efb1791baabaae,0.05,0.000215
1.0,2026-01-27 16:45:59.000 UTC,Withdrawal,0x9464bff01500069613176957ac3c81c012b75ad123a048fd46970e63287b1dfd,0xec15c20015e72748f03065ed80c41cb882e3fb66,0x3af4d784fcdbc27cdaf5f67a744e2eb18df799c5,1.0,0.0012
1.0,2026-01-27 16:42:35.000 UTC,Withdrawal,0xa67dc038c5c8b11f6e121e2dacf0942640290c492b1bfa8251e2726571e50171,0xec15c20015e72748f03065ed80c41cb882e3fb66,0x3af4d784fcdbc27cdaf5f67a744e2eb18df799c5,1.0,0.0011
0.1,2026-01-27 16:09:11.000 UTC,Withdrawal,0x5d139c2a2425171da418270125e19f9ac0e4eff2ab6f1fc5607e52be6a9d2b8e,0xec15c20015e72748f03065ed80c41cb882e3fb66,0xd4d7c312af5c10ad0ac6fe27f75b76b16f3a43cd,0.1,0.00029
0.01,2026-01-27 14:47:47.000 UTC,Withdrawal,0xba5ac18e411b79ce8b532c169caa3b6f45757b2e1fc9e69b413b919707eb786c,0xec15c20015e72748f03065ed80c41cb882e3fb66,0x08cb6e105077acc31adc40498cc845f57259e9a1,0.01,0.000114
3.0,2026-01-27 14:32:11.000 UTC,Withdrawal,0xe45cf598187588d3119c4ef016343df3ea5d337fc502b20f3eb6cb01a0c0bc4e,0xec15c20015e72748f03065ed80c41cb882e3fb66,0x3af4d784fcdbc27cdaf5f67a744e2eb18df799c5,3.0,0.003
3.0,2026-01-27 14:19:11.000 UTC,Withdrawal,0x63522bd46da8af6d4ae042414bedfca87c46694e3886a305e5556bf71930e8aa,0xec15c20015e72748f03065ed80c41cb882e3fb66,0x3af4d784fcdbc27cdaf5f67a744e2eb18df799c5,3.0,0.003
0.1,2026-01-27 13:49:23.000 UTC,Withdrawal,0xcea6610a2cfed46b4e365ca361f832a9f072f44f2cfce27d1b68cf1b375b8bcb,0xec15c20015e72748f03065ed80c41cb882e3fb66,0x767ac05f41e4a20de83e8c6968f8090687653ab0,0.1,0.00016
1.0,2026-01-27 10:48:47.000 UTC,Withdrawal,0x94d3c47536bd24e8cabd70b00713f9e5dda5833e93cf6904ef4c37dd4fbea0c9,0xec15c20015e72748f03065ed80c41cb882e3fb66,0x3f5678d3c2bd64851a9a60529e4cfadb3e058e96,1.0,0.001
0.01,2026-01-27 10:20:11.000 UTC,Withdrawal,0x0cd3ab42649648f02125006b72198b7132d19828fe8278f56cbdbcd0326b7ff5,0xec15c20015e72748f03065ed80c41cb882e3fb66,0xa585f949fc38dbc21124ea852f03050cdd857377,0.01,5.2e-05
0.1,2026-01-27 08:15:47.000 UTC,Withdrawal,0xab4b73cb524ef98ccf2876678322a59cfe2ff578a3e219ac7c10417bfed41983,0xec15c20015e72748f03065ed80c41cb882e3fb66,0x767ac05f41e4a20de83e8c6968f8090687653ab0,0.1,0.00012
0.3685,2026-01-27 08:09:47.000 UTC,Withdrawal,0xc4058dec3b4287a07001cbf03405daf68793582186b1ce57b6c511b0ed328048,0xec15c20015e72748f03065ed80c41cb882e3fb66,0x010fd7ceda37bf7d3f6de1cfbb88104ff3c5d037,0.3685,0.0003685
1.0,2026-01-27 07:14:23.000 UTC,Withdrawal,0xbfd26ae60e8d4244bc3ad0ce2ec312eea03ae96619a5c550d7a8ad5c12cddcaf,0xec15c20015e72748f03065ed80c41cb882e3fb66,0x3af4d784fcdbc27cdaf5f67a744e2eb18df799c5,1.0,0.001
0.1,2026-01-27 06:46:35.000 UTC,Withdrawal,0xd9cf1725078980fa9c27e919eed642a7b156adcad04b265ef608fa206600f48e,0xec15c20015e72748f03065ed80c41cb882e3fb66,0x3af4d784fcdbc27cdaf5f67a744e2eb18df799c5,0.1,0.00012
0.2,2026-01-27 05:50:59.000 UTC,Withdrawal,0x3f5143d1174944d83eef65ccba8452d7953f5ebfd44fa849d9ebbcf8fd58501e,0xec15c20015e72748f03065ed80c41cb882e3fb66,0x0a5f07eca94861d5804891cb9078171bbb0fd046,0.2,0.00022
0.1,2026-01-27 01:30:35.000 UTC,Withdrawal,0x3034f8b4cbf89bfb5773c0125a6fec931bb55e8ef5f8c0830fedae3d6ce53562,0xec15c20015e72748f03065ed80c41cb882e3fb66,0x3787f675bd06effabef1303e2fd7d26088ba07c4,0.1,0.00013
0.1,2026-01-27 00:44:47.000 UTC,Withdrawal,0xa293d6c45a0a1748cba9644dfd999f612a389016662ebf0ff7dcc50856b94364,0xec15c20015e72748f03065ed80c41cb882e3fb66,0x3787f675bd06effabef1303e2fd7d26088ba07c4,0.1,0.00013
0.1,2026-01-26 20:07:59.000 UTC,Withdrawal,0x0e4bcb6871d8e5cc6c3f893e56421e4a3c08795d6641c9b9b633765a5be81087,0xec15c20015e72748f03065ed80c41cb882e3fb66,0x01c2e7b1de06da53bd0ec82fdb59e5767b8c6da1,0.1,0.00012
1.0,2026-01-26 17:18:11.000 UTC,Withdrawal,0x64c6c810278d9cdf8ca6737ab7db0c04ab7358ab9549efd81c2ada6af0494704,0xec15c20015e72748f03065ed80c41cb882e3fb66,0x8cad67b1c111c4c11730002bc49efa6bc8492d8c,1.0,0.0011
0.01,2026-01-26 16:10:35.000 UTC,Withdrawal,0x46109c575fd61bed2529148d8971870cb2f12a80056cdd4a10db8db635280ada,0xec15c20015e72748f03065ed80c41cb882e3fb66,0xe3dc949720da42c5c842d06974bcb7b03f4f604f,0.01,0.000206
0.0075,2026-01-26 14:58:59.000 UTC,Withdrawal,0x200f0ea2b39ba703ec775193a49cea47dd187cb4dc4fe863b36b177c5bd55b54,0xec15c20015e72748f03065ed80c41cb882e3fb66,0xf5c4d8dd6c336f00daf52885945aaefaf5b1de98,0.0075,0.000267
1.0,2026-01-26 11:02:47.000 UTC,Withdrawal,0x55e238872abafd1c9509c794b6505b36e05b7072ae1d7c6bcb71a646948b7c85,0xec15c20015e72748f03065ed80c41cb882e3fb66,0x4b993790b06a6a8d2337e03d00f25a7a900478e4,1.0,0.001
0.1,2026-01-26 08:58:47.000 UTC,Withdrawal,0xcd79aaef4a776a32d75230e2cd4d5991149e655360d420829ebd586d818a2546,0xec15c20015e72748f03065ed80c41cb882e3fb66,0x767ac05f41e4a20de83e8c6968f8090687653ab0,0.1,0.00013
0.1,2026-01-25 19:44:23.000 UTC,Withdrawal,0xc3f3cba16be4d787ff778421d370b2f2f874c62746d6272396fa33b27e5e2bee,0xec15c20015e72748f03065ed80c41cb882e3fb66,0x767ac05f41e4a20de83e8c6968f8090687653ab0,0.1,0.00028
0.05,2026-01-25 19:10:59.000 UTC,Withdrawal,0x423f0b39bd1f0f016ce7a732ae3dda1df1fa959a7673a558a38aa5dfeea40ecb,0xec15c20015e72748f03065ed80c41cb882e3fb66,0xcb332dd3cd67b839c64a4496fe3d177f47cd35c5,0.05,0.00013
1.01,2026-01-25 18:52:11.000 UTC,Withdrawal,0x0b9bfbb58edd69f6e8de946b116ba73e51243a24109842f088c61119b3c3ee9a,0xec15c20015e72748f03065ed80c41cb882e3fb66,0x0fe4ad98e571ee9cf307653a52ac509e35e38e74,1.01,0.001111
0.1,2026-01-25 17:27:23.000 UTC,Withdrawal,0xc2e5b2927fb927210612b56846c51a03b54faa56e94244746d6874c3d4241104,0xec15c20015e72748f03065ed80c41cb882e3fb66,0xa350c2eea0d203b7a0e4ca85ac4e322f9b097ca2,0.1,0.00014
0.0357,2026-01-25 15:45:23.000 UTC,Withdrawal,0xb0639cd1330ad40e1e7ed04152799d6f6c21ad1de68658dff5c9107aa22992da,0xec15c20015e72748f03065ed80c41cb882e3fb66,0x29319c10a973a20fd13a2a8e903fcff452660d5a,0.0357,5.712e-05
0.223,2026-01-25 11:14:23.000 UTC,Withdrawal,0xef2c59e6b591b707cec6a35513a7677ea4bb14e0e7af3b4b2b91fdd4725dfdfd,0xec15c20015e72748f03065ed80c41cb882e3fb66,0xeb06f39c5716cb2f570d2bba1d30923c50a48279,0.223,0.000223
0.01,2026-01-25 10:46:47.000 UTC,Withdrawal,0x5bb548482fbade7a43513c22bcc7f132619c0abf199a0811d531c17c492a4773,0xec15c20015e72748f03065ed80c41cb882e3fb66,0x30ee197492d767fffc29555b536d478440167bc1,0.01,2.9e-05
0.05,2026-01-25 06:00:23.000 UTC,Withdrawal,0x14fbb6a2228cae2badc5083029912c132a73e1bcd0cf222ea3d505f618dafcf4,0xec15c20015e72748f03065ed80c41cb882e3fb66,0x5f5c93a82822716df1f2afb5e2ff20e1d6b369bd,0.05,7e-05
0.04584,2026-01-25 05:35:47.000 UTC,Withdrawal,0x2de6944077b2164945cc78fcdf884bce910c3608864fbb71ba64b01154fb5f99,0xec15c20015e72748f03065ed80c41cb882e3fb66,0xcdae65ab5a5a50ddcecb42722d87a99c1d9d9889,0.04584,6.4176e-05
0.01,2026-01-25 05:06:35.000 UTC,Withdrawal,0x675db512904d9af08d387c07f380ee5070f02ccef0911ec281de254ce0da97ba,0xec15c20015e72748f03065ed80c41cb882e3fb66,0x79b862720e89f88a6dff1d3a822cfe9cc46c5e21,0.01,2.9e-05
0.00026,2026-01-25 01:36:47.000 UTC,Withdrawal,0xbdf4e706cba09408a739273553195d1925d526e42db03a6c63579d8b61c134f2,0xec15c20015e72748f03065ed80c41cb882e3fb66,0x5d09525b883020c65a2b5cd017ffbe51b6b6c58f,0.00026,2.5844e-05
0.04,2026-01-25 01:20:59.000 UTC,Withdrawal,0x9edbc8af1d5739c92ffa3611adb83530c8a108a64935a35ba7e19441b2140e49,0xec15c20015e72748f03065ed80c41cb882e3fb66,0x91a18e8dc92c52aaad5323c1e271da3a151fcafe,0.04,6e-05
0.1,2026-01-24 20:20:59.000 UTC,Withdrawal,0x381332fc7ab124dc7f8dce7810b745ab9613b0b2a626ecabb50cfd292dcb9141,0xec15c20015e72748f03065ed80c41cb882e3fb66,0x767ac05f41e4a20de83e8c6968f8090687653ab0,0.1,0.00013
0.011885,2026-01-24 17:39:47.000 UTC,Withdrawal,0x73083cbd7a3dfe5d0183015bb173e5ee92d23c0393c72c9b13142df71b0f9c4c,0xec15c20015e72748f03065ed80c41cb882e3fb66,0xc3a2a031c853319f52ab8c08d09633d447f09e96,0.011885,6.77445e-05
0.115,2026-01-24 17:36:59.000 UTC,Withdrawal,0xc9a45e3b0626d3ba0296e8bd21ad6eff3768080977da26bda3cbea4cc5e9b5e2,0xec15c20015e72748f03065ed80c41cb882e3fb66,0x6ba3fde66acfaf19b42ada78836b05e1dfa10b07,0.115,0.000161
0.126885,2026-01-24 17:26:11.000 UTC,Withdrawal,0x6aebeb257fde2be7b5b5488b7acb7593abd98ab2669ff1de21f6efd8f7a88083,0xec15c20015e72748f03065ed80c41cb882e3fb66,0xc3a2a031c853319f52ab8c08d09633d447f09e96,0.126885,0.000203016
0.2,2026-01-24 16:32:35.000 UTC,Withdrawal,0x01431a3e9214e3e591029873ede40f068f55a60dc76740671abdf159d70c595b,0xec15c20015e72748f03065ed80c41cb882e3fb66,0x767ac05f41e4a20de83e8c6968f8090687653ab0,0.2,0.00034
1.0,2026-01-24 12:08:47.000 UTC,Withdrawal,0x4cee2ad0c0e9418965aba2c9aa785bdfa0a41c2f5b57ee81f8900e1675e3919b,0xec15c20015e72748f03065ed80c41cb882e3fb66,0x54acf86ca26cefc79df48cffd2e72ec2b757eb15,1.0,0.001
0.024,2026-01-24 10:30:23.000 UTC,Withdrawal,0xfee7049fd84beb68a6940ea2d14ebb604aeda93dccdee911765baa44b1f24d49,0xec15c20015e72748f03065ed80c41cb882e3fb66,0x9033173018d543b41bbd53f327b924a2beeab7a2,0.024,4.8e-05
0.1,2026-01-24 07:12:11.000 UTC,Withdrawal,0x1c2ba4c48eca10250ceb9ca78400a7a18c096242ecee27912f9735fb4d29d39b,0xec15c20015e72748f03065ed80c41cb882e3fb66,0x6dc43be93a8b5fd37dc16f24872babc6da5e5e3e,0.1,0.00012
0.1,2026-01-24 05:22:59.000 UTC,Withdrawal,0xe7fd8f96e80fa10308389906cdc8b9f7a279557f9df017eb6de847c69ce1f2ef,0xec15c20015e72748f03065ed80c41cb882e3fb66,0x6dc43be93a8b5fd37dc16f24872babc6da5e5e3e,0.1,0.00012
0.1,2026-01-24 05:09:47.000 UTC,Withdrawal,0x70ec528078b48ffc9b56ce6e4d9b6cb06075191bee60d32f83f6d97ba2e97095,0xec15c20015e72748f03065ed80c41cb882e3fb66,0x6dc43be93a8b5fd37dc16f24872babc6da5e5e3e,0.1,0.00012
0.1,2026-01-24 05:04:59.000 UTC,Withdrawal,0x9132327f3158952cc6aa99432184992c85bdfb823a0c5ceaa57e8f99dd3cf572,0xec15c20015e72748f03065ed80c41cb882e3fb66,0x6dc43be93a8b5fd37dc16f24872babc6da5e5e3e,0.1,0.00012
0.1,2026-01-23 22:52:47.000 UTC,Withdrawal,0xef2a3fd869fd01898c11baf1b8fe81f2a5009e4adfd8f100761dee46db13e2dc,0xec15c20015e72748f03065ed80c41cb882e3fb66,0xfac87aae88cbf4b0b08276d71de69d8313bec716,0.1,0.00016
0.1,2026-01-23 20:10:11.000 UTC,Withdrawal,0x1660bb2d6dac56f8970a47ef4cc1035245f91db95489907c703b3fa7d8eae61b,0xec15c20015e72748f03065ed80c41cb882e3fb66,0x6dc43be93a8b5fd37dc16f24872babc6da5e5e3e,0.1,0.00015
0.075,2026-01-23 19:56:11.000 UTC,Withdrawal,0xad107ea2eec7237908afd8ca69006691ccecd22d99516ed41b5b3edd0503619d,0xec15c20015e72748f03065ed80c41cb882e3fb66,0xe919070e76100f20b741b735249fd47050df4e81,0.075,0.0001425
0.00199,2026-01-23 19:55:47.000 UTC,Withdrawal,0x651cabdd956a9f05f9db46fb295a5981ee190596a5f7aec5d9f9e53fd100daff,0xec15c20015e72748f03065ed80c41cb882e3fb66,0xe919070e76100f20b741b735249fd47050df4e81,0.00199,7.4028e-05
0.225,2026-01-23 19:54:59.000 UTC,Withdrawal,0x587aedab173878e3facd34de8836eda293b2c89bdf88e15bd3197b7a431e829f,0xec15c20015e72748f03065ed80c41cb882e3fb66,0xe919070e76100f20b741b735249fd47050df4e81,0.225,0.00027
0.02,2026-01-23 19:54:23.000 UTC,Withdrawal,0xf14350fd924aa12a41376b89ec95b42dfe47bb6d07183bbb6b8286d01a7ae316,0xec15c20015e72748f03065ed80c41cb882e3fb66,0xe919070e76100f20b741b735249fd47050df4e81,0.02,8.8e-05
0.1,2026-01-23 17:12:59.000 UTC,Withdrawal,0x38cb57fefd75f070638a378a403915b7d59873f8af3a30a864d8015375bfc680,0xec15c20015e72748f03065ed80c41cb882e3fb66,0x767ac05f41e4a20de83e8c6968f8090687653ab0,0.1,0.00023
0.8,2026-01-23 16:24:59.000 UTC,Withdrawal,0xd5a1d897f89a654220e9d4d42973eab498a86fe765d240fdc7760ede9c9a078e,0xec15c20015e72748f03065ed80c41cb882e3fb66,0x9e2f4c2472f6385212fedeb89c86d9e8abb1afd1,0.8,0.00088
0.196,2026-01-23 16:21:47.000 UTC,Withdrawal,0x67cf45c0c88cad2de1f039d876b3bd4830664d50ac58131159d7e39ae97d6063,0xec15c20015e72748f03065ed80c41cb882e3fb66,0x9e2f4c2472f6385212fedeb89c86d9e8abb1afd1,0.196,0.0003136
0.02,2026-01-23 16:17:47.000 UTC,Withdrawal,0xa39b87e70d231979a5740529f1f78ca52f70fcac503aac533125173473728fde,0xec15c20015e72748f03065ed80c41cb882e3fb66,0x9e2f4c2472f6385212fedeb89c86d9e8abb1afd1,0.02,0.000142
0.1,2026-01-23 13:26:11.000 UTC,Withdrawal,0xfe0eda98a559a9a71d173db80eb0b5b19e0ce1af5e6ec7147d41bd53e5bf5bbf,0xec15c20015e72748f03065ed80c41cb882e3fb66,0x767ac05f41e4a20de83e8c6968f8090687653ab0,0.1,0.00016
0.1,2026-01-23 09:53:35.000 UTC,Withdrawal,0x7f57e2b52bac64359d1e9258ba99b920e01235eb56d3902e9f77b5d80e354fe7,0xec15c20015e72748f03065ed80c41cb882e3fb66,0x767ac05f41e4a20de83e8c6968f8090687653ab0,0.1,0.00014
0.04,2026-01-23 09:51:11.000 UTC,Withdrawal,0x7eed4c0f5b4daf306980dde02aca269077f414445ce0ead94aef724ea5d55b0f,0xec15c20015e72748f03065ed80c41cb882e3fb66,0x8cad67b1c111c4c11730002bc49efa6bc8492d8c,0.04,8.8e-05
0.01,2026-01-23 09:49:47.000 UTC,Withdrawal,0x404d8ab63bd61656ec79dd37f881627ce6bf559389832cb2960d96b5519faafd,0xec15c20015e72748f03065ed80c41cb882e3fb66,0x8cad67b1c111c4c11730002bc49efa6bc8492d8c,0.01,5.6e-05
1.0,2026-01-23 09:47:35.000 UTC,Withdrawal,0xe5f270fa47b8311a4e304875965dfc7f1dc7ebf16fb55891eeed2f0fa670cd56,0xec15c20015e72748f03065ed80c41cb882e3fb66,0x8cad67b1c111c4c11730002bc49efa6bc8492d8c,1.0,0.001
2.0,2026-01-23 09:42:47.000 UTC,Withdrawal,0xd48d36bba6858390a36b333936994f905c8857ad61af9e9846d89136e05cb109,0xec15c20015e72748f03065ed80c41cb882e3fb66,0x8cad67b1c111c4c11730002bc49efa6bc8492d8c,2.0,0.002
3.0,2026-01-23 09:40:59.000 UTC,Withdrawal,0x4136c94dfc1f7a995a92e1355e5813731e7e7c9078c6c22eb4c6d2be0ae56f0d,0xec15c20015e72748f03065ed80c41cb882e3fb66,0x577494a716a00af97382ee43165c7e0cd8331533,3.0,0.003
0.5,2026-01-23 09:37:23.000 UTC,Withdrawal,0xe0b11b9d4cf61d022504a4e3f88741a8704423ed9722ff53dd8239df4b08472c,0xec15c20015e72748f03065ed80c41cb882e3fb66,0x577494a716a00af97382ee43165c7e0cd8331533,0.5,0.0005
1.2,2026-01-23 08:57:59.000 UTC,Withdrawal,0x548a54f8e4cecbf939873857ae4083591ee4e4384da4107fe4ff6bfe93ec1194,0xec15c20015e72748f03065ed80c41cb882e3fb66,0x577494a716a00af97382ee43165c7e0cd8331533,1.2,0.0012
0.37,2026-01-23 08:56:47.000 UTC,Withdrawal,0x7ed01c7e7f9399f1a3566c8f8bb0e46c8e872c25be4da5eedfc2f8d37a06def4,0xec15c20015e72748f03065ed80c41cb882e3fb66,0x577494a716a00af97382ee43165c7e0cd8331533,0.37,0.00037
0.86,2026-01-23 08:32:11.000 UTC,Withdrawal,0x3afa2bad238bcc0297fe758a78392acac3d35b0c055e344661e205bff6d8d8bb,0xec15c20015e72748f03065ed80c41cb882e3fb66,0xe55b53cdfeb08e96d397dfd153143d4c83623cde,0.86,0.00086
3.0,2026-01-23 08:31:11.000 UTC,Withdrawal,0x801dceb789cb6d56748ce402d8f3997c7c73bb55c273851e6426b14a1cf1992b,0xec15c20015e72748f03065ed80c41cb882e3fb66,0xe55b53cdfeb08e96d397dfd153143d4c83623cde,3.0,0.003
0.86,2026-01-23 08:28:35.000 UTC,Withdrawal,0x5aa5b343568457de2c2316be86e4594e479a20af288298a21caa04ef9a31b584,0xec15c20015e72748f03065ed80c41cb882e3fb66,0xec7a288ecfedc05b425cb6102e6070ccccbfa565,0.86,0.00086
3.0,2026-01-23 08:26:35.000 UTC,Withdrawal,0xb3b649bbb17c2dc4cc107d0420ab2c81c77ab512b2eda517f02483f3afb1ccf0,0xec15c20015e72748f03065ed80c41cb882e3fb66,0xec7a288ecfedc05b425cb6102e6070ccccbfa565,3.0,0.003
0.8,2026-01-23 08:22:11.000 UTC,Withdrawal,0x3265ab849d16ded2c555cbfc3be744c05f13e04d421a08766660f35c291bb811,0xec15c20015e72748f03065ed80c41cb882e3fb66,0x63a624fec99876cae09c97d46ba284eeb60a8825,0.8,0.0008
3.0,2026-01-23 08:21:23.000 UTC,Withdrawal,0x6c4566dd23fa541bdff35c85e0792db3fceb1bce824d7aa0840a0c56cc661f4d,0xec15c20015e72748f03065ed80c41cb882e3fb66,0x63a624fec99876cae09c97d46ba284eeb60a8825,3.0,0.003
0.05,2026-01-23 08:15:23.000 UTC,Withdrawal,0x262b0079bfb264ba881752849a773484ff2275aa5c528109a0dbe52897d0713d,0xec15c20015e72748f03065ed80c41cb882e3fb66,0x63a624fec99876cae09c97d46ba284eeb60a8825,0.05,7.5e-05
0.09149,2026-01-23 08:09:47.000 UTC,Withdrawal,0x8288f18218edd33391ab82b7f5748a383978a81c87cb6bf456e868604da5f5dd,0xec15c20015e72748f03065ed80c41cb882e3fb66,0xc3a2a031c853319f52ab8c08d09633d447f09e96,0.09149,0.000109788
0.05,2026-01-23 08:07:59.000 UTC,Withdrawal,0x4d57d556ce391c40e7a5cb4102c7388aa5ce1ee9fb8e791d4852ffb7e7ac07a1,0xec15c20015e72748f03065ed80c41cb882e3fb66,0x63a624fec99876cae09c97d46ba284eeb60a8825,0.05,7.5e-05
0.05,2026-01-23 08:02:59.000 UTC,Withdrawal,0x25a763f98cadcbe0cb5ba3c10667c1a98b5f3caf9be9bc12a1864ec1a8b789e8,0xec15c20015e72748f03065ed80c41cb882e3fb66,0xe55b53cdfeb08e96d397dfd153143d4c83623cde,0.05,7.5e-05
0.05,2026-01-23 08:01:23.000 UTC,Withdrawal,0xe1258fcff72c1ebfca2c388d13eac49206b594b7cb6257f634bf8902e0b60c40,0xec15c20015e72748f03065ed80c41cb882e3fb66,0xec7a288ecfedc05b425cb6102e6070ccccbfa565,0.05,7.5e-05
0.044,2026-01-22 19:26:23.000 UTC,Withdrawal,0xba231347ecabd60eb9bde5734388b74f100aa7a310a3c47c24e5b8ec97142d5f,0xec15c20015e72748f03065ed80c41cb882e3fb66,0x8fdccc174193c9ff2d5e72a4f61dd3fc8085254b,0.044,0.00011
0.02,2026-01-22 19:24:47.000 UTC,Withdrawal,0xaa8e04b14f8893118a0c0b65153ffe5b234a684225252c2d8503a95e42010041,0xec15c20015e72748f03065ed80c41cb882e3fb66,0x8fdccc174193c9ff2d5e72a4f61dd3fc8085254b,0.02,8.6e-05
0.1,2026-01-22 19:23:59.000 UTC,Withdrawal,0xba7f687e9d7566acb2741ae04afc0a0305062189ccd214cd1b4662644f077181,0xec15c20015e72748f03065ed80c41cb882e3fb66,0x8fdccc174193c9ff2d5e72a4f61dd3fc8085254b,0.1,0.00016
0.1,2026-01-22 19:21:23.000 UTC,Withdrawal,0xf022c453e47e6482c9241ea2cbcef78d3ee936b53cbfddb1a181d1b24b3ce58b,0xec15c20015e72748f03065ed80c41cb882e3fb66,0x8fdccc174193c9ff2d5e72a4f61dd3fc8085254b,0.1,0.00015
0.08,2026-01-22 19:04:59.000 UTC,Withdrawal,0x3695ec8ce9e5e750e554c8bd0e7fd75c5f51efb86caa1f22cb645436c0762954,0xec15c20015e72748f03065ed80c41cb882e3fb66,0x52d59525f3f7d11da1a8b85f27c779e25ad350f3,0.08,0.000144
0.03,2026-01-22 19:03:47.000 UTC,Withdrawal,0x2b523911b318d27ae963c1891308ec57d8f298c6adf8046b5b930d2280c2c576,0xec15c20015e72748f03065ed80c41cb882e3fb66,0x52d59525f3f7d11da1a8b85f27c779e25ad350f3,0.03,9.3e-05
0.01,2026-01-22 19:02:23.000 UTC,Withdrawal,0x89f4c6a8fd6d877d19b1116f07aba8176df2f0f887ca4ebd2dadd68e1e19fe65,0xec15c20015e72748f03065ed80c41cb882e3fb66,0x3564ee6ebcf696c5e9850d518ce59a8d699224d1,0.01,6.2e-05
0.01,2026-01-22 18:00:47.000 UTC,Withdrawal,0xa77051096e58a36786b90187ef6fbc89716541ef4e6fcc117eb3e21a1cc73003,0xec15c20015e72748f03065ed80c41cb882e3fb66,0xcbaea7af074b46be5232d20c686419f76c95d1e4,0.01,9.6e-05
1.0,2026-01-22 16:36:35.000 UTC,Withdrawal,0xd30333c740ca96cf6b483dd2745fef2417a39a4f17849e9adb8c161eaecb3d3d,0xec15c20015e72748f03065ed80c41cb882e3fb66,0xdd26c2bb087b80292d015342cfb7e3076309519b,1.0,0.0011
0.1,2026-01-22 16:25:35.000 UTC,Withdrawal,0xbab7eda5a86c587c714669f90af26a3ebf690d80691dd9021a3d88abebdcf9ce,0xec15c20015e72748f03065ed80c41cb882e3fb66,0x6ba3fde66acfaf19b42ada78836b05e1dfa10b07,0.1,0.00024
0.36049,2026-01-22 11:31:47.000 UTC,Withdrawal,0xc3376b291ab3d80a02c5fa47a3be525645e32996382246aa8549c1122435d6b4,0xec15c20015e72748f03065ed80c41cb882e3fb66,0xc9ad3ea179add6bd1330131a2b6122295ad65aa8,0.36049,0.000396539
0.00382,2026-01-22 09:59:23.000 UTC,Withdrawal,0x4ba0d0be81a6686d506f28802f3b7b97eac40952e0d7c0a645b1d1532b989e66,0xec15c20015e72748f03065ed80c41cb882e3fb66,0xe20f4adb4307818e9c9a321c7ea25e2fbcc20ded,0.00382,3.7054e-05
0.4,2026-01-22 09:40:11.000 UTC,Withdrawal,0x9265028c2b59dfa1a72ee80aeb292bc1590b1bfe7a972b32f4aecaf7bce55a3d,0xec15c20015e72748f03065ed80c41cb882e3fb66,0x767ac05f41e4a20de83e8c6968f8090687653ab0,0.4,0.0004
0.005,2026-01-22 09:31:23.000 UTC,Withdrawal,0x821c3cae944887f230249e516df6fff32efdfab2d289ed8d919dd6b5c16948a1,0xec15c20015e72748f03065ed80c41cb882e3fb66,0xebb37320d558fa7794b665922ee5fa3d7a43e3af,0.005,4e-05
0.1,2026-01-22 07:33:23.000 UTC,Withdrawal,0xfcbdedd020c5926b164351089f23b56446fec69d1f59aeb332beebb38a36170f,0xec15c20015e72748f03065ed80c41cb882e3fb66,0x767ac05f41e4a20de83e8c6968f8090687653ab0,0.1,0.00014
0.01,2026-01-22 03:30:59.000 UTC,Withdrawal,0x60ccc74dc42e79004af92e396428a4e26f14430181403170928c17312d74be1d,0xec15c20015e72748f03065ed80c41cb882e3fb66,0x9300583051ce99b0e7dc9bafe76b3c508750e944,0.01,3.1e-05
0.1,2026-01-22 03:00:59.000 UTC,Withdrawal,0xfb4f8279d48562191de5c91faa0755c255314b6200c6252719200a9ab48c4fe8,0xec15c20015e72748f03065ed80c41cb882e3fb66,0xfac87aae88cbf4b0b08276d71de69d8313bec716,0.1,0.00012
0.1,2026-01-22 00:42:35.000 UTC,Withdrawal,0x492f9194ef925039d1bb1d8dc70a2510661093320d0630765b10e8056a8cb797,0xec15c20015e72748f03065ed80c41cb882e3fb66,0xf584fa2fca469641b30484d5c28b38af7b1b787d,0.1,0.00012
0.1,2026-01-22 00:22:23.000 UTC,Withdrawal,0x7fd124bfdaa1d672a3cb246b320507eeccc74b316becd0409236364b11b1464a,0xec15c20015e72748f03065ed80c41cb882e3fb66,0x929a55c57699680c618c29226c5a07bd6d823e3c,0.1,0.00012
0.3,2026-01-22 00:18:35.000 UTC,Withdrawal,0x9842e670ed987d517712de1286fd84fb82c11710f03db4e285bc905ffbbbd3b4,0xec15c20015e72748f03065ed80c41cb882e3fb66,0x929a55c57699680c618c29226c5a07bd6d823e3c,0.3,0.0003
0.4,2026-01-22 00:17:23.000 UTC,Withdrawal,0x21dddfb4c87c39b9ef1aaadb8bed79de23d3c4f36bd63e33473af067d8bfce70,0xec15c20015e72748f03065ed80c41cb882e3fb66,0x929a55c57699680c618c29226c5a07bd6d823e3c,0.4,0.0004
0.1,2026-01-22 00:15:35.000 UTC,Withdrawal,0xc7ce8c79f37aee94fe14eb2eb9bd04887225d31306ffdcd87c6fdb7cb83945a7,0xec15c20015e72748f03065ed80c41cb882e3fb66,0xf584fa2fca469641b30484d5c28b38af7b1b787d,0.1,0.00012
1.0,2026-01-22 00:12:59.000 UTC,Withdrawal,0x1f494ef07b92f39c778ff6e33fee634dbf381148e0a9cd5ff1ecc2a304568963,0xec15c20015e72748f03065ed80c41cb882e3fb66,0xf584fa2fca469641b30484d5c28b38af7b1b787d,1.0,0.001
1.0,2026-01-22 00:12:23.000 UTC,Withdrawal,0x53c48ca5d170eef8091bf64c9fab88944913c3370bd5bb085ec8ee0f59a4a33a,0xec15c20015e72748f03065ed80c41cb882e3fb66,0xf584fa2fca469641b30484d5c28b38af7b1b787d,1.0,0.001
1.0,2026-01-22 00:10:59.000 UTC,Withdrawal,0xa33396b1e62ad768ff554bb2b8359c87fa35972cd5d9bd23d84c1d9408755349,0xec15c20015e72748f03065ed80c41cb882e3fb66,0xf584fa2fca469641b30484d5c28b38af7b1b787d,1.0,0.001
1.0,2026-01-22 00:10:23.000 UTC,Withdrawal,0x5cd29a94d2437f5b46ea1f21cdede984be6b3185b79961a0e30dcb96194e7ed1,0xec15c20015e72748f03065ed80c41cb882e3fb66,0xf584fa2fca469641b30484d5c28b38af7b1b787d,1.0,0.001
0.1,2026-01-21 22:12:47.000 UTC,Withdrawal,0xb6d5669785f8ed147ff6a12af42f575dc39a0ac6fa0dc2dd2300a5bc8621b776,0xec15c20015e72748f03065ed80c41cb882e3fb66,0xfac87aae88cbf4b0b08276d71de69d8313bec716,0.1,0.00014
0.05,2026-01-21 22:11:59.000 UTC,Withdrawal,0xe521a7fb5f148db6cf3148115ab726e957cd787b42d28339e5c518fdf296958e,0xec15c20015e72748f03065ed80c41cb882e3fb66,0x52d59525f3f7d11da1a8b85f27c779e25ad350f3,0.05,0.0001
0.0025,2026-01-21 22:10:47.000 UTC,Withdrawal,0x63d76c7534e667ab3d85febef1d017c85d95810bae389fefd12c2a79260fb492,0xec15c20015e72748f03065ed80c41cb882e3fb66,0x52d59525f3f7d11da1a8b85f27c779e25ad350f3,0.0025,5.25e-05
0.25,2026-01-21 22:09:35.000 UTC,Withdrawal,0x9b2850c2ade53b81e302b289986a26e1b61d8b0c89728c985a40b27faf0fbac2,0xec15c20015e72748f03065ed80c41cb882e3fb66,0x52d59525f3f7d11da1a8b85f27c779e25ad350f3,0.25,0.0003
0.003,2026-01-21 21:58:47.000 UTC,Withdrawal,0x6e2809ef9876419309f70ebcdc1b8fcd3c8f968a15186f61c9373f35dfccc950,0xec15c20015e72748f03065ed80c41cb882e3fb66,0x63c10896a5189db036d099a3511cae196aead8c4,0.003,5.22e-05
0.005,2026-01-21 21:56:47.000 UTC,Withdrawal,0x2c6d75bed1d0327f40cdbac95b8c217e4c1893bee5e69fdd2c4b99f0a949ae69,0xec15c20015e72748f03065ed80c41cb882e3fb66,0x63c10896a5189db036d099a3511cae196aead8c4,0.005,4.9e-05
0.01,2026-01-21 21:52:11.000 UTC,Withdrawal,0x804a6f51cb4348e050d20395deb8d2f64590483735e83584077cbeeefef9c8e4,0xec15c20015e72748f03065ed80c41cb882e3fb66,0x63c10896a5189db036d099a3511cae196aead8c4,0.01,5.5e-05
0.04,2026-01-21 21:50:59.000 UTC,Withdrawal,0x2ffeb83c8a5129d29cc36596c0dcdaf1808c69ce40efcf1adbccfc6534cdf924,0xec15c20015e72748f03065ed80c41cb882e3fb66,0x63c10896a5189db036d099a3511cae196aead8c4,0.04,8.8e-05
0.15,2026-01-21 21:46:35.000 UTC,Withdrawal,0x6cd9fb114edfa1cb5ed5fa312386ebe9afdc5558ff44bdbace5b9689ce3717d3,0xec15c20015e72748f03065ed80c41cb882e3fb66,0x63c10896a5189db036d099a3511cae196aead8c4,0.15,0.000195
0.05,2026-01-21 21:45:47.000 UTC,Withdrawal,0x8a738b502f8ca31ba27430e9f216ff5557a64c103217af2974703b92a9930935,0xec15c20015e72748f03065ed80c41cb882e3fb66,0x63c10896a5189db036d099a3511cae196aead8c4,0.05,9.5e-05
0.1,2026-01-21 19:23:11.000 UTC,Withdrawal,0x58fd4434f502e9322dc4116f25722a7d75a732aefab1b0dd0c255da41655a78b,0xec15c20015e72748f03065ed80c41cb882e3fb66,0x95d8ed63c102f12fd4fa277e88970b01fe870ee1,0.1,0.00017
0.01,2026-01-21 17:37:11.000 UTC,Withdrawal,0x50d44eba4a48d0d73dfcbf787aa41ce8e84163162fa52ec0a71f5bca6f2a98dd,0xec15c20015e72748f03065ed80c41cb882e3fb66,0x767ac05f41e4a20de83e8c6968f8090687653ab0,0.01,0.000989
0.4,2026-01-21 15:05:59.000 UTC,Withdrawal,0x73d4ca6621664fe788925e564d02b08bbb98771b530415eecd93aaeb0b63dd05,0xec15c20015e72748f03065ed80c41cb882e3fb66,0xb6f0b9eecdcee90b2732c507c17b16a7b33a61df,0.4,0.00064
0.1,2026-01-21 13:04:11.000 UTC,Withdrawal,0x52469591e90bf3e1438c1c7a197fba4afb4a92b1df18de1f2adef45045163009,0xec15c20015e72748f03065ed80c41cb882e3fb66,0x767ac05f41e4a20de83e8c6968f8090687653ab0,0.1,0.00021
0.1,2026-01-21 10:05:35.000 UTC,Withdrawal,0x18a4ea5200ddba0011d7543332428a28a651402fcb78c29f3a78b7e77cfc5125,0xec15c20015e72748f03065ed80c41cb882e3fb66,0x767ac05f41e4a20de83e8c6968f8090687653ab0,0.1,0.00018
0.2,2026-01-21 06:18:47.000 UTC,Withdrawal,0x00b2401cf108fdbe0855d416cc0f0536aedcd28b27956f753bbfe2e19ebf088f,0xec15c20015e72748f03065ed80c41cb882e3fb66,0x767ac05f41e4a20de83e8c6968f8090687653ab0,0.2,0.00022
0.03,2026-01-21 01:31:11.000 UTC,Withdrawal,0xad74ef431935330f288f108a44acf0de9b6c5618c039cbe6e627a9d9c46b3a0e,0xec15c20015e72748f03065ed80c41cb882e3fb66,0x7e42a6c92690a4336a0f1e9dac012f6be32e9528,0.03,5.7e-05
0.1,2026-01-21 00:13:11.000 UTC,Withdrawal,0x967ef2f3aa98e41967a10e09ea1f7c8d4e1d2263bb2e3a0b402511683f86ff42,0xec15c20015e72748f03065ed80c41cb882e3fb66,0xfac87aae88cbf4b0b08276d71de69d8313bec716,0.1,0.00017
0.1,2026-01-20 21:49:35.000 UTC,Withdrawal,0x200dfe918dfc78cbdeb0cb14357a04cee5fe2f62008e57fee08368eea4d55889,0xec15c20015e72748f03065ed80c41cb882e3fb66,0x767ac05f41e4a20de83e8c6968f8090687653ab0,0.1,0.00013
0.001,2026-01-20 21:40:35.000 UTC,Withdrawal,0xc28efbc2b014eb083352f7574781afca02de63099a6f22452a876d643e4c752d,0xec15c20015e72748f03065ed80c41cb882e3fb66,0x00f63453b2095a1401869949a45f626f572437c6,0.001,3.17e-05
0.002,2026-01-20 21:33:47.000 UTC,Withdrawal,0x2e6666c3bd1d82bb39febe3a7dd3c931acd29bca048961171c40031d919cd2ec,0xec15c20015e72748f03065ed80c41cb882e3fb66,0x16ce2dd27cac13409d69127456b11df0906476c4,0.002,3.68e-05
0.15,2026-01-20 21:32:59.000 UTC,Withdrawal,0xe5aeb9dee9b478d4ad34f47ab907c94d27f0c0ac7ac3213acdf163493aa432ff,0xec15c20015e72748f03065ed80c41cb882e3fb66,0x57ea0e46d967928ac615eb378bc3b78413afb1e7,0.15,0.00018
0.1,2026-01-20 21:29:23.000 UTC,Withdrawal,0x907e2fd27bdb94ebc8882e3c3ea70d6809cf96e744cbc51418578a30d5a563db,0xec15c20015e72748f03065ed80c41cb882e3fb66,0x57ea0e46d967928ac615eb378bc3b78413afb1e7,0.1,0.00013
0.002,2026-01-20 21:26:59.000 UTC,Withdrawal,0x941fbf324ecb6a2ab7ec8847c778cd952a3638a417da88aac269f9c3ab491945,0xec15c20015e72748f03065ed80c41cb882e3fb66,0x032af5471c5fbe1233e1024cf2ba6ff00aa41269,0.002,3.36e-05
0.002,2026-01-20 21:23:35.000 UTC,Withdrawal,0xa9c2c5e2bfa51db57b57ba457df96488d8c85688299588b0922dafc2c628dc4e,0xec15c20015e72748f03065ed80c41cb882e3fb66,0x28760868d093dda3d7c4fa198e13653915e4a63a,0.002,3.66e-05
0.05,2026-01-20 21:22:59.000 UTC,Withdrawal,0x8311a6296f3bc293d62be0070b3d12f211f284f926fd8a2993f9a807d4dc6617,0xec15c20015e72748f03065ed80c41cb882e3fb66,0xe979ee83b3d543e290379ba26719126557fa812c,0.05,8.5e-05
0.33,2026-01-20 21:15:59.000 UTC,Withdrawal,0xd981d9163f993a59d06dfbc354e623fad2458cbeb6e80889916a4ed0420c1cd1,0xec15c20015e72748f03065ed80c41cb882e3fb66,0x6481dc878de3efc6ba62191ff1e4db6a1f3da94d,0.33,0.00033
0.002,2026-01-20 21:11:47.000 UTC,Withdrawal,0x57a9d753c554fe529e92f8b920fcecac97d9a07a81fd84965025c3ada2b95c4c,0xec15c20015e72748f03065ed80c41cb882e3fb66,0xd06b25c5849f518e77f07778121bdc0cdccd2a02,0.002,3.78e-05
0.002,2026-01-20 21:09:35.000 UTC,Withdrawal,0x7365b4df4ccdc9458036dbc9d048cfcfbea43490095eb0106af2d6ad1dfbaad7,0xec15c20015e72748f03065ed80c41cb882e3fb66,0x40b601d6c327040d9cfa4faa629602a3b292ad4c,0.002,4.28e-05
1.0,2026-01-20 19:39:35.000 UTC,Withdrawal,0xdac26285351cdea1930e710630e64e6b6f2fbf36a2503beef49b90ba185b1858,0xec15c20015e72748f03065ed80c41cb882e3fb66,0x929a55c57699680c618c29226c5a07bd6d823e3c,1.0,0.0011
0.1,2026-01-20 19:37:35.000 UTC,Withdrawal,0x717b0cf9db6c824406d489437ab2fb658461d15b320ba3b754cf362e25eb40e9,0xec15c20015e72748f03065ed80c41cb882e3fb66,0x767ac05f41e4a20de83e8c6968f8090687653ab0,0.1,0.00023
0.2,2026-01-20 19:32:47.000 UTC,Withdrawal,0x6496977bf427ba693d50a28d358252c8699d9dce5b2ceb66c8b1455e9d1cb9cb,0xec15c20015e72748f03065ed80c41cb882e3fb66,0x767ac05f41e4a20de83e8c6968f8090687653ab0,0.2,0.0003
1.0,2026-01-20 18:31:35.000 UTC,Withdrawal,0xe4aac5125b302079c1dac6b373fe3f84c0e008462f053f92438fad9d1e451ff5,0xec15c20015e72748f03065ed80c41cb882e3fb66,0x929a55c57699680c618c29226c5a07bd6d823e3c,1.0,0.001
0.637845956458379,2026-01-20 18:29:23.000 UTC,Withdrawal,0x3582fdfff26026ad4ab3f8bc9afedb8dba335f706dace41992eab559f36c7ddd,0xec15c20015e72748f03065ed80c41cb882e3fb66,0x929a55c57699680c618c29226c5a07bd6d823e3c,0.637845956458379,0.000701630552104216
1.0,2026-01-20 18:25:23.000 UTC,Withdrawal,0x48eff23b928cc0a37fa723f762cbfc8a752caee1f6f6f300c8c11b0cdb10ea6b,0xec15c20015e72748f03065ed80c41cb882e3fb66,0x929a55c57699680c618c29226c5a07bd6d823e3c,1.0,0.0011
0.1,2026-01-20 18:22:59.000 UTC,Withdrawal,0x2d4ff66f949616ceb3d52eae538267335728ef45a0e17d83cd733c1f0a73c1e9,0xec15c20015e72748f03065ed80c41cb882e3fb66,0x767ac05f41e4a20de83e8c6968f8090687653ab0,0.1,0.0002
1.0,2026-01-20 18:03:47.000 UTC,Withdrawal,0x54a0c01f979918891f4133d33486cd3db25a4909971b57e84a8f8dd00b33eb1a,0xec15c20015e72748f03065ed80c41cb882e3fb66,0xfcc4aafe0c15fb5417c8b30bcfda61a49835e747,1.0,0.0011
0.1,2026-01-20 13:37:23.000 UTC,Withdrawal,0x3f9d4098ebfa28fe2c243f4e619f14dbc54de898a36d6423d880024a34879133,0xec15c20015e72748f03065ed80c41cb882e3fb66,0x767ac05f41e4a20de83e8c6968f8090687653ab0,0.1,0.00014
0.089,2026-01-20 09:00:11.000 UTC,Withdrawal,0x760317e3032c55bebc7ee22e6497eea01f27b512ebf9082e6fb94d8aba0739f5,0xec15c20015e72748f03065ed80c41cb882e3fb66,0x767ac05f41e4a20de83e8c6968f8090687653ab0,0.089,0.0001424
0.1,2026-01-20 07:34:11.000 UTC,Withdrawal,0xb16c0a37fe2cfaf29c350b1703143ac2e69cefa4a89855702982c6faad441566,0xec15c20015e72748f03065ed80c41cb882e3fb66,0xe20f4adb4307818e9c9a321c7ea25e2fbcc20ded,0.1,0.00017
0.1,2026-01-20 07:02:59.000 UTC,Withdrawal,0x929ac7988cc77e900b2c07b16ce61961b7b4e022b021c70b25c1c75aa382e609,0xec15c20015e72748f03065ed80c41cb882e3fb66,0x767ac05f41e4a20de83e8c6968f8090687653ab0,0.1,0.00015
0.01,2026-01-20 06:59:35.000 UTC,Withdrawal,0x9d84296f692251515b77568f2e45b6cdae8b7d740eb0b8d4713cebd2120e19e0,0xec15c20015e72748f03065ed80c41cb882e3fb66,0x4d60b90baf13eecb6aa28e5703b4fbfc7f8f8eff,0.01,6.6e-05
0.2,2026-01-19 23:18:47.000 UTC,Withdrawal,0xaf8cc02541a5beca09bd09a5a89a15c5955a2652294e766153a8267432b0ddf7,0xec15c20015e72748f03065ed80c41cb882e3fb66,0x767ac05f41e4a20de83e8c6968f8090687653ab0,0.2,0.00024
0.05,2026-01-19 22:01:35.000 UTC,Withdrawal,0xb6a040e95bbbf326f580240ca31e96b16cf6c65dd2345573698e7154a802bddf,0xec15c20015e72748f03065ed80c41cb882e3fb66,0xc8b6fc35e6fcf6d920b400b928e83e07bbf8face,0.05,8.5e-05
0.009,2026-01-19 21:56:35.000 UTC,Withdrawal,0xab2fe29cde8ceefb55a57214f7a7fcf09d772b0795a991fac28b7710d7345881,0xec15c20015e72748f03065ed80c41cb882e3fb66,0xc8b6fc35e6fcf6d920b400b928e83e07bbf8face,0.009,4.41e-05
0.01,2026-01-19 21:54:35.000 UTC,Withdrawal,0xfd8b8980f831739699516a6bc095e60a92f418d9d81e8e4bd3e9ac3dbebaf2ae,0xec15c20015e72748f03065ed80c41cb882e3fb66,0xc8b6fc35e6fcf6d920b400b928e83e07bbf8face,0.01,4.5e-05
0.1,2026-01-19 21:53:59.000 UTC,Withdrawal,0xe48385938be4e8aacddc02d5ece02b8765afc8d5ac89fa03db1c766561d11f63,0xec15c20015e72748f03065ed80c41cb882e3fb66,0xc8b6fc35e6fcf6d920b400b928e83e07bbf8face,0.1,0.00013
2.2755369713654834,2026-01-19 21:50:59.000 UTC,Withdrawal,0x6b712c6a0c7201f339e5d213f93961bf53fa4b423c760ce5fe540d84a2ea5eb6,0xec15c20015e72748f03065ed80c41cb882e3fb66,0x929a55c57699680c618c29226c5a07bd6d823e3c,2.2755369713654834,0.002275536971365483
1.0,2026-01-19 20:50:11.000 UTC,Withdrawal,0xb58e0965e6f7dd33a2366e9f1b88e54b1ee6cb70d284090e14917c7c0a75f061,0xec15c20015e72748f03065ed80c41cb882e3fb66,0x62ef28bb60dda694f563980d3b0a8d5acb387bec,1.0,0.001
0.0289846968468523,2026-01-19 19:22:35.000 UTC,Withdrawal,0x77503d00bba4b8072ef85e2d2d5c53f6727e0d4de969c6de2f372dab0fc6f052,0xec15c20015e72748f03065ed80c41cb882e3fb66,0x929a55c57699680c618c29226c5a07bd6d823e3c,0.02898469684685231,7.8258681486501e-05
0.094,2026-01-19 19:19:35.000 UTC,Withdrawal,0xc1f67972d21ea277207f1b196c0f08a9c0c129f3dfd229f99c7e85dcdf840aac,0xec15c20015e72748f03065ed80c41cb882e3fb66,0x929a55c57699680c618c29226c5a07bd6d823e3c,0.094,0.000141
2.6,2026-01-19 19:09:23.000 UTC,Withdrawal,0xdb8ab1f932c4d1a7fc52d59f70b67bd5bce5603900b7757d76f187e3dce1d9fd,0xec15c20015e72748f03065ed80c41cb882e3fb66,0xb6f0b9eecdcee90b2732c507c17b16a7b33a61df,2.6,0.0026
0.15,2026-01-19 18:15:59.000 UTC,Withdrawal,0xe86f1b7eef91b7dd0a5eb6cb414f0a9ee28f5068586f4de7a18997d6652928d8,0xec15c20015e72748f03065ed80c41cb882e3fb66,0xc8b6fc35e6fcf6d920b400b928e83e07bbf8face,0.15,0.000195
0.02,2026-01-19 18:09:23.000 UTC,Withdrawal,0xb3ea5287870928e7dea4884cb9aafd9e2db5076eff50052ed9741b7c6051f3b3,0xec15c20015e72748f03065ed80c41cb882e3fb66,0xc8b6fc35e6fcf6d920b400b928e83e07bbf8face,0.02,6e-05
0.18,2026-01-19 18:01:11.000 UTC,Withdrawal,0xdfed22efdc4b4f0c2063c41854cb13dfc41091d7b08680c2ccd0de1a04b6fff3,0xec15c20015e72748f03065ed80c41cb882e3fb66,0xc8b6fc35e6fcf6d920b400b928e83e07bbf8face,0.18,0.000234
0.001,2026-01-19 16:46:23.000 UTC,Withdrawal,0xdb38b59e2cbb565aeac85439d531447d2ebf173a172a1eb54f1f0311261cd4cb,0xec15c20015e72748f03065ed80c41cb882e3fb66,0x929a55c57699680c618c29226c5a07bd6d823e3c,0.001,3.06e-05
0.2,2026-01-19 16:05:35.000 UTC,Withdrawal,0xaec9e2e7bf9403dc1bee0a7e4f8f519180b0840528326b11dc8a904f8acee216,0xec15c20015e72748f03065ed80c41cb882e3fb66,0x767ac05f41e4a20de83e8c6968f8090687653ab0,0.2,0.00022
0.05,2026-01-19 14:34:47.000 UTC,Withdrawal,0x5b2f2fc5dec16b1f7b5a555e07cba3c8720961b088d82f8f13e24ae182795f88,0xec15c20015e72748f03065ed80c41cb882e3fb66,0x889d291c1727072b24d2971049c37e7f2e526ba8,0.05,0.0001
0.01,2026-01-19 14:31:59.000 UTC,Withdrawal,0x54f79d43ef8b35195fe65d864c19ee0b3ae86793b34056a2da25c266d0b98744,0xec15c20015e72748f03065ed80c41cb882e3fb66,0x651804df3b68eb592ec93af30d1739085ef3d5c8,0.01,5.8e-05
0.1,2026-01-19 14:22:35.000 UTC,Withdrawal,0xc0114a5b4ff12bf75633891dc17c7bc1c2311a61cc943e4aef52eb1ddb717032,0xec15c20015e72748f03065ed80c41cb882e3fb66,0x767ac05f41e4a20de83e8c6968f8090687653ab0,0.1,0.00014
0.1,2026-01-19 13:57:47.000 UTC,Withdrawal,0x72c322f6f2e73e5b28e9f4bf0f2434bca97daa63319f45a1b3c411f0e78cdfa9,0xec15c20015e72748f03065ed80c41cb882e3fb66,0xd190e4321806ae01d91ff9ac098bb8f1c3cc3473,0.1,0.00012
0.02,2026-01-19 13:55:59.000 UTC,Withdrawal,0xad1258d80ec3289b71bd2d6a3fecd8209fdcb85e7cf5b3b4f8b64253f024fb35,0xec15c20015e72748f03065ed80c41cb882e3fb66,0x767ac05f41e4a20de83e8c6968f8090687653ab0,0.02,4e-05
0.09,2026-01-19 13:46:47.000 UTC,Withdrawal,0xf9e132299a0e4d1292a2139eed2328560afcbe6e79da8133d84522b265b73725,0xec15c20015e72748f03065ed80c41cb882e3fb66,0xc2afbf4c3d7634e774636e92af525c8f4e2b357b,0.09,0.000108
0.1,2026-01-19 13:44:11.000 UTC,Withdrawal,0xddce666c03b6da8288dd67c07dfdc0048cec46d4090b9ba649367a58138e9a7b,0xec15c20015e72748f03065ed80c41cb882e3fb66,0xc2afbf4c3d7634e774636e92af525c8f4e2b357b,0.1,0.00012
0.1,2026-01-19 13:43:23.000 UTC,Withdrawal,0x613ff6886d93d3631f9126fd00ec6eadca90c01c338bf4e2e10375f60fb9c099,0xec15c20015e72748f03065ed80c41cb882e3fb66,0xc2afbf4c3d7634e774636e92af525c8f4e2b357b,0.1,0.00011
0.0034,2026-01-19 13:42:11.000 UTC,Withdrawal,0x73be97dfb89c9a9ea791c9cca31dd5c93dac198a32c4eb6a0a5a45a94244d769,0xec15c20015e72748f03065ed80c41cb882e3fb66,0xc2afbf4c3d7634e774636e92af525c8f4e2b357b,0.0034,2.244e-05
0.01,2026-01-19 12:26:35.000 UTC,Withdrawal,0xe3ee9cf1a9dbda47b42d5a3a9a58de3442a9baa7f5e779f11d77fb55c238821d,0xec15c20015e72748f03065ed80c41cb882e3fb66,0x5ccc895ef278cb5bd8ac76b4c1e3ff4816b710a4,0.01,3.9e-05
1.0,2026-01-19 12:25:23.000 UTC,Withdrawal,0x32048155dcaf3212feaaf426a1064a778e9edef45a94e40d32b4c128b18941c1,0xec15c20015e72748f03065ed80c41cb882e3fb66,0x54acf86ca26cefc79df48cffd2e72ec2b757eb15,1.0,0.001
0.005,2026-01-19 12:00:35.000 UTC,Withdrawal,0x197bbf93281b431c2b56497a6ad0aaff27d04f81d78a3c43afa6ca7e249acbeb,0xec15c20015e72748f03065ed80c41cb882e3fb66,0xbe07f77db7bc7c11a7a39929c8ca5d403351233a,0.005,3.15e-05
0.001,2026-01-19 11:42:23.000 UTC,Withdrawal,0x846767e29c185a6c85a0c44e55c1d3e4e64ab03c2393e9691f67efd725036393,0xec15c20015e72748f03065ed80c41cb882e3fb66,0x835682d3fb952c0e56811a9e9b7ee0d6926c58ed,0.001,3.57e-05
0.2,2026-01-19 10:34:11.000 UTC,Withdrawal,0xd3bb66922164c72544079d10c00bd8bc35acbee8666a75de4e6b569211359752,0xec15c20015e72748f03065ed80c41cb882e3fb66,0x7c41057540f3fcab6a4cafdc4df9341cddf7080b,0.2,0.00024
0.005,2026-01-19 10:18:59.000 UTC,Withdrawal,0xa82dbf9c4f559a1ee838d1753ba412a516091112c0e5fa5500a4a9e49bdd2301,0xec15c20015e72748f03065ed80c41cb882e3fb66,0x414776bc39e22529c1f6a1f1dbadf8ef29b88ade,0.005,3.65e-05
0.01,2026-01-19 10:04:23.000 UTC,Withdrawal,0xed8a2dc2fcaf954abbdff15f4ffdbb682db0cbb12abfd08edded7aed97f4ffad,0xec15c20015e72748f03065ed80c41cb882e3fb66,0xc36aa124a4b359734b1cd9b6ac407717f3159e66,0.01,4.2e-05
0.2,2026-01-19 09:56:59.000 UTC,Withdrawal,0x16abfd4b04af9adbe5f9d6fd7af91a2f523a6e8da3c3474f5f3c901ef5cc82b2,0xec15c20015e72748f03065ed80c41cb882e3fb66,0xba37dc594a9d709e4e417cc8aa09186c646cce80,0.2,0.00022
0.3,2026-01-19 09:34:11.000 UTC,Withdrawal,0xb28da076ef4a31804d4365d0c64525d981eb126d50f05560d51610585f84c347,0xec15c20015e72748f03065ed80c41cb882e3fb66,0x767ac05f41e4a20de83e8c6968f8090687653ab0,0.3,0.00033
0.1,2026-01-19 08:54:47.000 UTC,Withdrawal,0xd02e6cf5c8a6208bf0c66f4a74060daf7490d0e9c036bff2953f2abb303ff0fe,0xec15c20015e72748f03065ed80c41cb882e3fb66,0xc7926e5cb631bc3f1168e7b672399dc537d60374,0.1,0.00011
0.74269,2026-01-19 08:47:23.000 UTC,Withdrawal,0xc1742898a3644a3c67fc3cf2964b2621d469f63a3d415d3dd582d04bd0021b08,0xec15c20015e72748f03065ed80c41cb882e3fb66,0x0db66b0f32fd13c9a7d9fce4f92be162302c4fb5,0.74269,0.00074269
0.01,2026-01-19 08:19:35.000 UTC,Withdrawal,0x655701af7001473b939b35c9f18210b6d062012c581f94865cb4491531252bfe,0xec15c20015e72748f03065ed80c41cb882e3fb66,0x3932e488b9ddacc170d1e0262e36792ddcff984d,0.01,3e-05
0.07,2026-01-19 07:39:23.000 UTC,Withdrawal,0x15e332d321770520dfd4e9c15c7b66e89d2673cb39f967724cb4d2743684d128,0xec15c20015e72748f03065ed80c41cb882e3fb66,0xe20f4adb4307818e9c9a321c7ea25e2fbcc20ded,0.07,8.4e-05
0.1,2026-01-19 07:18:59.000 UTC,Withdrawal,0xf7ddd51bab43f3e71c961e13b6357583406060c209b776b44490baf8d033aa2e,0xec15c20015e72748f03065ed80c41cb882e3fb66,0xe20f4adb4307818e9c9a321c7ea25e2fbcc20ded,0.1,0.00011
0.2,2026-01-19 07:13:47.000 UTC,Withdrawal,0x8c820b263b083e1e34458d4876931e0c790109c3f1bf31cafa40903d5fd55dce,0xec15c20015e72748f03065ed80c41cb882e3fb66,0x767ac05f41e4a20de83e8c6968f8090687653ab0,0.2,0.0002
0.01,2026-01-19 06:26:47.000 UTC,Withdrawal,0x3f42f8a3e40806f21fa9ccef160e84d5cd09a9db8e92cea61166f441dfe5602c,0xec15c20015e72748f03065ed80c41cb882e3fb66,0xcc5e718c7c734f6bab14c6d87d3ef344a86ffc4f,0.01,3.1e-05
0.01001,2026-01-19 06:09:59.000 UTC,Withdrawal,0xe3af46aba2360461998cdc8fc28e66007b72738167b283d069368e245f8c1851,0xec15c20015e72748f03065ed80c41cb882e3fb66,0xb336bf27c82584023cc1f608bd33e29011357b77,0.01001,2.9029e-05
0.88,2026-01-18 23:51:23.000 UTC,Withdrawal,0x58ac2fbe919bed1d2ae86c5753ba562176add300cdb4095b360ccc8d65bb80bf,0xec15c20015e72748f03065ed80c41cb882e3fb66,0xb548cedc7fa594841ae62360aa6a5d521163c364,0.88,0.000968
0.035,2026-01-18 23:42:11.000 UTC,Withdrawal,0x76875e4c91d295c395e5f3be8d70dd5d388cdc2205194c26b190adaf0ab4a643,0xec15c20015e72748f03065ed80c41cb882e3fb66,0x2fb2c27516ed997d0af627ada6934ee84c3ee59f,0.035,0.000112
0.3,2026-01-18 23:08:11.000 UTC,Withdrawal,0x060df738bf2c65e025ef6e917dc76e626375d31e5fdd529a9b87583225af1c38,0xec15c20015e72748f03065ed80c41cb882e3fb66,0x767ac05f41e4a20de83e8c6968f8090687653ab0,0.3,0.0003
0.0009,2026-01-18 22:57:11.000 UTC,Withdrawal,0x045e00685c43d43db8c3c64237aaa58ba73fc6951fff9ac2f3b9c0b4eacc0d02,0xec15c20015e72748f03065ed80c41cb882e3fb66,0xc2afbf4c3d7634e774636e92af525c8f4e2b357b,0.0009,1.962e-05
0.4,2026-01-18 22:54:11.000 UTC,Withdrawal,0x8c7b3e15a10d7ad48ea6759b4f948c719c58fa5fa6964afacb22e94dc90f3f03,0xec15c20015e72748f03065ed80c41cb882e3fb66,0xc2afbf4c3d7634e774636e92af525c8f4e2b357b,0.4,0.0004
0.0513,2026-01-18 22:44:47.000 UTC,Withdrawal,0x213d8cdd2c3ef092d3cd660bd81e1257209f9cdc7aeeb1b9df46b2279b642099,0xec15c20015e72748f03065ed80c41cb882e3fb66,0xc2afbf4c3d7634e774636e92af525c8f4e2b357b,0.0513,6.669e-05
0.025,2026-01-18 22:41:23.000 UTC,Withdrawal,0x55c3fdc22e77e153bb3bcabd67fd3c8302856b817f2b90954e08b189905153f5,0xec15c20015e72748f03065ed80c41cb882e3fb66,0xc2afbf4c3d7634e774636e92af525c8f4e2b357b,0.025,4.25e-05
0.33,2026-01-18 22:21:23.000 UTC,Withdrawal,0x4f84f6a077b89c6fde6a113dabba03988947adbe02418327b4edadc6559d6cf9,0xec15c20015e72748f03065ed80c41cb882e3fb66,0xab446d5b281e49fada3f860641fa142d2c832fae,0.33,0.00033
0.087,2026-01-18 22:05:35.000 UTC,Withdrawal,0x87963e21f70fe71173879e6c7f8422231d742ff86860a92cf6d11bfc60887512,0xec15c20015e72748f03065ed80c41cb882e3fb66,0x54941ec2640e54564fdb0e7c1f876789f306edf1,0.087,0.0001044
0.072,2026-01-18 22:04:11.000 UTC,Withdrawal,0x61b398bc81195e9f9f1925e3319cf025ec4a49bf1a19bee32e677ff4f20355a7,0xec15c20015e72748f03065ed80c41cb882e3fb66,0x54941ec2640e54564fdb0e7c1f876789f306edf1,0.072,8.64e-05
0.5,2026-01-18 22:01:47.000 UTC,Withdrawal,0xf81c912311f0277d11519d6a1b84fb518bde3a7423ee1f3b346e1043f92b7bdb,0xec15c20015e72748f03065ed80c41cb882e3fb66,0x54941ec2640e54564fdb0e7c1f876789f306edf1,0.5,0.0005
0.096,2026-01-18 21:59:59.000 UTC,Withdrawal,0xe66f48debe7244a48f1208900725145a7facc06af566f9da84b6c044634ed76a,0xec15c20015e72748f03065ed80c41cb882e3fb66,0x54941ec2640e54564fdb0e7c1f876789f306edf1,0.096,0.0001056
0.05,2026-01-18 20:28:23.000 UTC,Withdrawal,0x1402e5d76f3a4488038263b87544eebd082e04e65a1ac4901312ec7f8c642610,0xec15c20015e72748f03065ed80c41cb882e3fb66,0x8356cbde57ff3112305abe76914870be2fbcd16b,0.05,6.5e-05
0.2,2026-01-18 20:25:47.000 UTC,Withdrawal,0x0182e69e8259d6354d8d6c018ee9270fa2c4ad86af8352f6d5799b78eb1f2b34,0xec15c20015e72748f03065ed80c41cb882e3fb66,0x767ac05f41e4a20de83e8c6968f8090687653ab0,0.2,0.0002
0.10921,2026-01-18 20:08:11.000 UTC,Withdrawal,0xec9ec48872d665705a3c31b0d8767aa75f04ae96128e3e9a1492d5fee4fbf131,0xec15c20015e72748f03065ed80c41cb882e3fb66,0xe25c3ce0938bd972ec63eb40efe99a49f4459f42,0.10921,0.000120131
0.058913,2026-01-18 20:02:11.000 UTC,Withdrawal,0x63d4de2edbd3cabbc3285ce380ca0ea9a58be3723a32510274a59c77477e3d50,0xec15c20015e72748f03065ed80c41cb882e3fb66,0xeb475abeea60c507425ae0aaa9479fe10190a351,0.058913,7.65869e-05
0.1,2026-01-18 18:12:23.000 UTC,Withdrawal,0x6f18bbdbf9bd25c9d7ad837f3c8fd637973429b1cda9c38831fbf375e8838e9e,0xec15c20015e72748f03065ed80c41cb882e3fb66,0x767ac05f41e4a20de83e8c6968f8090687653ab0,0.1,0.00011
0.77656,2026-01-18 15:58:23.000 UTC,Withdrawal,0xde99c340d520b633874dacd6257979c01c1dd852ec5dfc929a6a107635f54bb0,0xec15c20015e72748f03065ed80c41cb882e3fb66,0x735f0448e68f20035e01189b136d0770b6377278,0.77656,0.00077656
0.01,2026-01-18 15:33:23.000 UTC,Withdrawal,0x0b18625efc1b22e6130f193941eff760599ac858e1e69758f68fb7cd99bdb4be,0xec15c20015e72748f03065ed80c41cb882e3fb66,0x2df20a817a833082b7cf92fc3f20c75abfb5130e,0.01,3e-05
0.31,2026-01-18 10:43:23.000 UTC,Withdrawal,0x9dc1c7f6bf5e9ae58ffb67739c4b220d30f337a824cf62d39d68b83ef4f04ac0,0xec15c20015e72748f03065ed80c41cb882e3fb66,0xc2afbf4c3d7634e774636e92af525c8f4e2b357b,0.31,0.00031
0.1209,2026-01-18 10:24:11.000 UTC,Withdrawal,0x9b9e7215f823f56438d9e904d55cfeeb43804b261c5fc9e5b13cdbafdd2c54aa,0xec15c20015e72748f03065ed80c41cb882e3fb66,0x99d5b81cc809d80132a7c133fd209f5e2f5c4ad1,0.1209,0.00013299
0.1,2026-01-18 10:20:23.000 UTC,Withdrawal,0x1daa9cb29d7344fd1b6506fb7aa724b971c9c86b2c87c402993603004ac5583b,0xec15c20015e72748f03065ed80c41cb882e3fb66,0x99d5b81cc809d80132a7c133fd209f5e2f5c4ad1,0.1,0.00011
0.1,2026-01-18 07:37:35.000 UTC,Withdrawal,0x8508dc0fa3041cc2b5f30314ce7c912ed11cf7dca107ca48f04d3d8b0aedb5ed,0xec15c20015e72748f03065ed80c41cb882e3fb66,0xd190e4321806ae01d91ff9ac098bb8f1c3cc3473,0.1,0.00011
0.98,2026-01-18 04:24:47.000 UTC,Withdrawal,0x692675faaa866e920ae1474316fc7eec42cecf9d559039ddc5aae010fd155514,0xec15c20015e72748f03065ed80c41cb882e3fb66,0x2d0685130a764ba15b6926f7021a17c6f3864287,0.98,0.00098
0.1,2026-01-18 02:43:59.000 UTC,Withdrawal,0xacd297c53b26a28c35228ebbd601da9b836a4ced5882f9a895dad5d89ff71eb9,0xec15c20015e72748f03065ed80c41cb882e3fb66,0xfac87aae88cbf4b0b08276d71de69d8313bec716,0.1,0.00012
0.1,2026-01-18 00:06:35.000 UTC,Withdrawal,0xcf85cae1fd17f4a09f918977769a8289da7b3e40c7db4c742876ca8f81d3606d,0xec15c20015e72748f03065ed80c41cb882e3fb66,0x767ac05f41e4a20de83e8c6968f8090687653ab0,0.1,0.00012
0.7144,2026-01-17 23:29:59.000 UTC,Withdrawal,0xd87a9ab78113db8278c71cd32b56b1dfc993fe05e44eadf9fc1726b483535f38,0xec15c20015e72748f03065ed80c41cb882e3fb66,0x9dcaca774c56ddd28bdafd024c33543393ad6292,0.7144,0.0007144
0.2,2026-01-17 22:23:35.000 UTC,Withdrawal,0xd817754d7c3532b689f49ec55a2e72f13b5cf7bc5ecd5558fd72abba7d5a3af0,0xec15c20015e72748f03065ed80c41cb882e3fb66,0xd190e4321806ae01d91ff9ac098bb8f1c3cc3473,0.2,0.00022
0.2,2026-01-17 22:21:35.000 UTC,Withdrawal,0xc1dfe9c20450fdd4aa9eb473ce177ee75d3b13f9f87e9baec27fd7859ba8d214,0xec15c20015e72748f03065ed80c41cb882e3fb66,0xd190e4321806ae01d91ff9ac098bb8f1c3cc3473,0.2,0.00022
0.7,2026-01-17 20:50:59.000 UTC,Withdrawal,0xe669855f29cd3289283a7ec30679ac77d1b8e52b59ccc4db4721315272051e6e,0xec15c20015e72748f03065ed80c41cb882e3fb66,0x6cf1acd973bcf356e0ce65a7f1a03851ed67b7b3,0.7,0.0007
1.0,2026-01-17 20:46:35.000 UTC,Withdrawal,0x3a24826bf68bb2f521fca1d133d38058a07528b45a0f714c207e4c62dbb8da1f,0xec15c20015e72748f03065ed80c41cb882e3fb66,0xa3aa1874205ba53703a6a8d135ad18b32577261c,1.0,0.001
0.45,2026-01-17 20:44:59.000 UTC,Withdrawal,0x795e8d577492799cc150d79e9d883e869b990232949cf4b9490cb9bf627eede4,0xec15c20015e72748f03065ed80c41cb882e3fb66,0xd72c08a207b498694b6ed4a2432c4a2bc0e475d5,0.45,0.00045
1.3,2026-01-17 20:42:59.000 UTC,Withdrawal,0x209a2fafd377983ef1ed94b35a30ca39121a0cd42f7cdf53dfadf25bff459bf8,0xec15c20015e72748f03065ed80c41cb882e3fb66,0xa3aa1874205ba53703a6a8d135ad18b32577261c,1.3,0.0013
1.786,2026-01-17 20:36:11.000 UTC,Withdrawal,0xc80829d41381bfe8f644dde5bbe2c67179aaf0b490b1be9c8feb64b0159992d5,0xec15c20015e72748f03065ed80c41cb882e3fb66,0xa3aa1874205ba53703a6a8d135ad18b32577261c,1.786,0.001786
1.123,2026-01-17 20:33:23.000 UTC,Withdrawal,0xce6fb8a6a56cfb3a692100814ef5cf3ac4f0bb83fd96a40b214db1af6b658e59,0xec15c20015e72748f03065ed80c41cb882e3fb66,0x6cf1acd973bcf356e0ce65a7f1a03851ed67b7b3,1.123,0.001123
2.0,2026-01-17 20:30:35.000 UTC,Withdrawal,0xfbf8ca0852fa9639106b83ee71dfbd26b249e48c373868f4da7aa703c0849ec2,0xec15c20015e72748f03065ed80c41cb882e3fb66,0xd72c08a207b498694b6ed4a2432c4a2bc0e475d5,2.0,0.002
0.977,2026-01-17 20:25:11.000 UTC,Withdrawal,0xe3c36f440fc04ce83ad589a6ffce622c76a445dfda2844ee32282642c5661042,0xec15c20015e72748f03065ed80c41cb882e3fb66,0xd72c08a207b498694b6ed4a2432c4a2bc0e475d5,0.977,0.000977
3.0,2026-01-17 20:19:23.000 UTC,Withdrawal,0x81fa900baba8d9b5e6a58f8e66dd367276ac45760c1b466096777c040b6c23e1,0xec15c20015e72748f03065ed80c41cb882e3fb66,0x6cf1acd973bcf356e0ce65a7f1a03851ed67b7b3,3.0,0.003
4.0,2026-01-17 20:16:47.000 UTC,Withdrawal,0x3e46346eb61edeebdb77704cc89567dbe6f2a88d974849627ad4c0449cf7a1bf,0xec15c20015e72748f03065ed80c41cb882e3fb66,0xd72c08a207b498694b6ed4a2432c4a2bc0e475d5,4.0,0.004
0.0335,2026-01-17 20:15:59.000 UTC,Withdrawal,0x1041f9e9d25ce1a0a9e23ba6ff85aaa40c8370d43aec4a1efd7471cc45b22c9f,0xec15c20015e72748f03065ed80c41cb882e3fb66,0x6cf1acd973bcf356e0ce65a7f1a03851ed67b7b3,0.0335,5.36e-05
0.0126,2026-01-17 20:14:47.000 UTC,Withdrawal,0x7689d72fe14b4e3a276ae0d5e8d8ad2ec52e55b1ebffb57f325c37dd80210a51,0xec15c20015e72748f03065ed80c41cb882e3fb66,0x6cf1acd973bcf356e0ce65a7f1a03851ed67b7b3,0.0126,3.276e-05
5.0,2026-01-17 20:13:35.000 UTC,Withdrawal,0x37858063c31c42f531b97d445e6b5e154a2d8b2b6864791e340eb5b6d8a64d4c,0xec15c20015e72748f03065ed80c41cb882e3fb66,0xa3aa1874205ba53703a6a8d135ad18b32577261c,5.0,0.005
2.0,2026-01-17 20:12:23.000 UTC,Withdrawal,0xa96c933f16410d3c45983c3d8dfd31009665af0b35c8c1ac24df888cb35052bf,0xec15c20015e72748f03065ed80c41cb882e3fb66,0x6cf1acd973bcf356e0ce65a7f1a03851ed67b7b3,2.0,0.002
0.153,2026-01-17 17:24:35.000 UTC,Withdrawal,0x1bb0816417a32619b2c49b12036b413a4b21ea5af3e6d04688f09e428212ac58,0xec15c20015e72748f03065ed80c41cb882e3fb66,0xb1457ab648f1d37055847870981096cbea042d47,0.153,0.0001683
0.2344,2026-01-17 17:21:23.000 UTC,Withdrawal,0x3ff3bb9a1a9e3ba4d79bc4fd06c7db482ecbe25368f96cf1f4a876a287a7e3c4,0xec15c20015e72748f03065ed80c41cb882e3fb66,0x6cf1acd973bcf356e0ce65a7f1a03851ed67b7b3,0.2344,0.0002344
0.25,2026-01-17 14:38:35.000 UTC,Withdrawal,0x696aa54f6cebcd559b8af8cf1ba66924938824895b366090b123cc7964898146,0xec15c20015e72748f03065ed80c41cb882e3fb66,0x9dcaca774c56ddd28bdafd024c33543393ad6292,0.25,0.000275
0.01,2026-01-17 12:22:47.000 UTC,Withdrawal,0xe87bbdd2a648fd27daa0f6a5d73f0678bc0732944481304745a58d784bad5fea,0xec15c20015e72748f03065ed80c41cb882e3fb66,0x0a88bb7dbf2faeb5347f70186c0d889d34201047,0.01,4.1e-05
0.1141,2026-01-17 12:20:35.000 UTC,Withdrawal,0xc69a3cfbb81d804c7ca23fd8f13db2d09fe495365c44917a1cfb1d5697f5edd6,0xec15c20015e72748f03065ed80c41cb882e3fb66,0x9dcaca774c56ddd28bdafd024c33543393ad6292,0.1141,0.00014833
0.3,2026-01-17 11:02:35.000 UTC,Withdrawal,0xa4a31694eda4e4762eefd879be3cc84b54fc4f7176e5fd62d825c7e14e3ac061,0xec15c20015e72748f03065ed80c41cb882e3fb66,0x767ac05f41e4a20de83e8c6968f8090687653ab0,0.3,0.0003
0.1,2026-01-17 10:54:59.000 UTC,Withdrawal,0xbf8ab833a5db25e4e8ff7f7baa17c27d81b51d358a9d8648bcf67203331f6059,0xec15c20015e72748f03065ed80c41cb882e3fb66,0xd190e4321806ae01d91ff9ac098bb8f1c3cc3473,0.1,0.00012
1.0,2026-01-17 10:11:35.000 UTC,Withdrawal,0xdcad8e653edc40efbc4b2cd7ca770cd6b5040d2be33706f63542b5be9072cc90,0xec15c20015e72748f03065ed80c41cb882e3fb66,0x92e93bc6ea06665c0d20477ee636fa25e3ab83e3,1.0,0.001
0.19,2026-01-17 10:09:47.000 UTC,Withdrawal,0xaf685d6e6770032862ad52ead5031598aa2a2f83868e25b92f67bf29f5936211,0xec15c20015e72748f03065ed80c41cb882e3fb66,0x92e93bc6ea06665c0d20477ee636fa25e3ab83e3,0.19,0.000209
0.05,2026-01-17 09:51:47.000 UTC,Withdrawal,0xa05079304e321c347a0a2bcb0ae65419f4bdfc9e807196b6ca7f85338874231c,0xec15c20015e72748f03065ed80c41cb882e3fb66,0xdf84d39641abdb38c9a34120f4daf79912c4b437,0.05,7e-05
0.1,2026-01-17 08:41:47.000 UTC,Withdrawal,0xcdd6844e8379094c7a734ae300f7c7e0ba75a3d3eef323b30444d2632dfb6b09,0xec15c20015e72748f03065ed80c41cb882e3fb66,0xd190e4321806ae01d91ff9ac098bb8f1c3cc3473,0.1,0.00012
0.01,2026-01-17 07:46:47.000 UTC,Withdrawal,0x0adf46009a4b290adc8ba504e66a877613fd85d5213b75acacee1c29737a615f,0xec15c20015e72748f03065ed80c41cb882e3fb66,0xde9c7e01a1e16fc8736d6d073df455ab50053e5b,0.01,3.3e-05
0.01,2026-01-17 06:51:35.000 UTC,Withdrawal,0x297c816942b03a12b53fda1c63276843ca57d8e3bf8d9ee3df7fde1913eaa628,0xec15c20015e72748f03065ed80c41cb882e3fb66,0xb30ee82bbf749ddbcf256b10516bc6271585ea75,0.01,2.9e-05
0.031,2026-01-17 02:17:11.000 UTC,Withdrawal,0x47aa0d52f6a254b668951b3f470dc43b3adbc9a3acff3d1ebc493a3ba417c522,0xec15c20015e72748f03065ed80c41cb882e3fb66,0xb587d8a73f88ae8814a8ee450b66c16c16133589,0.031,5.27e-05
0.1,2026-01-16 18:12:59.000 UTC,Withdrawal,0xeb520c46649a1bb77ab2844daa412fe1cfcd219e394cdc757c708f71d750d051,0xec15c20015e72748f03065ed80c41cb882e3fb66,0x767ac05f41e4a20de83e8c6968f8090687653ab0,0.1,0.00016
0.1,2026-01-16 14:11:35.000 UTC,Withdrawal,0x287b8697165f984867a9202e42b685dc47ab480976586fd1718a3f629f7ed47a,0xec15c20015e72748f03065ed80c41cb882e3fb66,0xe20f4adb4307818e9c9a321c7ea25e2fbcc20ded,0.1,0.00015
0.01,2026-01-16 12:53:59.000 UTC,Withdrawal,0x5f5055370b80254e32e0edbe4f53818431aa2a9e4cfa0a2fa12adca26dee146b,0xec15c20015e72748f03065ed80c41cb882e3fb66,0xeac6a75e19beb1283352d24c0311de865a867dab,0.01,4.1e-05
0.0101,2026-01-16 11:48:35.000 UTC,Withdrawal,0x58d2212a19e3611fa68edc1af883a41ff7a9e0bbbd696f69b40242f0a0278244,0xec15c20015e72748f03065ed80c41cb882e3fb66,0x85b7bd0edea4994e87ea1ce792de61d144f427b6,0.0101,4.646e-05
0.1,2026-01-16 10:49:35.000 UTC,Withdrawal,0x66a0da3d07641e5732a9c7cc0e5bbc854dcda39f7fa1b25387c76e0c81307e9b,0xec15c20015e72748f03065ed80c41cb882e3fb66,0x767ac05f41e4a20de83e8c6968f8090687653ab0,0.1,0.00012
0.96,2026-01-16 09:07:59.000 UTC,Withdrawal,0x991522cae09d88d45703d67f4895088aa960d05d67100c245472ae7c3e66ec95,0xec15c20015e72748f03065ed80c41cb882e3fb66,0x09d93ffb83c5e9c0bb6e30071576db8d99a615f8,0.96,0.00096
0.1,2026-01-16 08:59:35.000 UTC,Withdrawal,0x51a4391462789b3ef4caff64523a0c4271328eb8aec34eeea27cf2fe9fef4d64,0xec15c20015e72748f03065ed80c41cb882e3fb66,0xe20f4adb4307818e9c9a321c7ea25e2fbcc20ded,0.1,0.00012
0.1,2026-01-16 08:24:35.000 UTC,Withdrawal,0x99aa815419e07582f862aeeec71a0f830d6dae25930e7cc6a28257fd2ec04f4b,0xec15c20015e72748f03065ed80c41cb882e3fb66,0x42e3b2b9969308c2fa6c4b71f6a13762e3136a1a,0.1,0.00012
0.2,2026-01-16 08:22:23.000 UTC,Withdrawal,0xcd73804be012b2ea2e89475f8667253975e8184dca472e2f984424813843a19d,0xec15c20015e72748f03065ed80c41cb882e3fb66,0xd190e4321806ae01d91ff9ac098bb8f1c3cc3473,0.2,0.00022
0.1,2026-01-16 07:12:23.000 UTC,Withdrawal,0x808d14c4f8a86dc085dbd09d20ed204186f849215a86fafd9fadcc8156ed7362,0xec15c20015e72748f03065ed80c41cb882e3fb66,0x767ac05f41e4a20de83e8c6968f8090687653ab0,0.1,0.00011
0.01,2026-01-16 07:11:11.000 UTC,Withdrawal,0xda204e2bd72e794ef551643b379bbc7c7af1b4929d03ab9b0eaf6f0ae52ca6f6,0xec15c20015e72748f03065ed80c41cb882e3fb66,0x5b32ea1bcee29fde609d777dd04b61b4da8a0ed1,0.01,3e-05
0.01,2026-01-16 04:32:35.000 UTC,Withdrawal,0xeaae4c0b047cc0fceadb06f5cb5981e3a71efac9b77a85f79c1913e87295a3b9,0xec15c20015e72748f03065ed80c41cb882e3fb66,0x3ce9399abe70002cf05a078dac54f87d40991c0c,0.01,3.4e-05
0.1,2026-01-16 02:12:11.000 UTC,Withdrawal,0x5d4f47b7377bbabf2f3f8910c9828b3b4850b8d20dccf169d32ace6551836c5e,0xec15c20015e72748f03065ed80c41cb882e3fb66,0xfac87aae88cbf4b0b08276d71de69d8313bec716,0.1,0.00012
0.1,2026-01-16 00:57:11.000 UTC,Withdrawal,0xec1c5da7f6c1a6033bb24a091fca3f447dfb4ee6304b8985252d8b930c7ffc67,0xec15c20015e72748f03065ed80c41cb882e3fb66,0x6cbb71fec9a32c4abdf02fbd08bc6e19503e711e,0.1,0.00012
0.1,2026-01-15 20:46:59.000 UTC,Withdrawal,0x49eec9f8436cd6c7f1d3fb03fa66d68ece467c054d9ba0059a104faa4f4fd0d4,0xec15c20015e72748f03065ed80c41cb882e3fb66,0xd190e4321806ae01d91ff9ac098bb8f1c3cc3473,0.1,0.00014
0.1,2026-01-15 19:59:59.000 UTC,Withdrawal,0x0d40a27f8d7f321b20786be7a6ec72bb437774e3ab413bab9e2a7ac56f92a7cc,0xec15c20015e72748f03065ed80c41cb882e3fb66,0xfac87aae88cbf4b0b08276d71de69d8313bec716,0.1,0.00014
0.03,2026-01-15 18:34:11.000 UTC,Withdrawal,0x34a1e113520180bbce30ba837e668b8613026c3c7780af5c75dee0e80f1f6c23,0xec15c20015e72748f03065ed80c41cb882e3fb66,0x91795369e887cf501153d9ced6f35c6d0c5b518d,0.03,0.000126
0.005,2026-01-15 16:25:11.000 UTC,Withdrawal,0xbfec261da3961999c76345a174b0a5c7c1e2e331e5f53fab176fefb08a957d89,0xec15c20015e72748f03065ed80c41cb882e3fb66,0xebb37320d558fa7794b665922ee5fa3d7a43e3af,0.005,0.0002935
0.1,2026-01-15 14:42:59.000 UTC,Withdrawal,0xe87c3424276df6e0b01a9b7bd37052035204d1b1f2681986e107d606da29b1ad,0xec15c20015e72748f03065ed80c41cb882e3fb66,0xe20f4adb4307818e9c9a321c7ea25e2fbcc20ded,0.1,0.00037
0.01,2026-01-15 08:56:59.000 UTC,Withdrawal,0x02840ee4a16a295402fb9cfadc2715521e03ea1d78cd65999bf7dc0bc7a776fb,0xec15c20015e72748f03065ed80c41cb882e3fb66,0x33850158f8cd1cd790cca985b209e1aaea7bb960,0.01,0.00012
0.1,2026-01-15 08:20:23.000 UTC,Withdrawal,0x86b60a54e7b507af61d7955d1ffa1b7b1f8ca926e8b27a235c8154dcc5cc6bb6,0xec15c20015e72748f03065ed80c41cb882e3fb66,0xe20f4adb4307818e9c9a321c7ea25e2fbcc20ded,0.1,0.00023
0.04,2026-01-15 02:25:11.000 UTC,Withdrawal,0xa8a47292cd5061c4c9c91b1f8b6db9397709dd2b1f61f3dfee41c306f6b8a0f3,0xec15c20015e72748f03065ed80c41cb882e3fb66,0x336d0e2d18ae1822b3d607ee3c0c684d9c35e4a5,0.04,0.0001
0.1,2026-01-15 01:31:23.000 UTC,Withdrawal,0x8a73c3602e14aed329437adb20a136dc1ed2df7ad874ff5f2283d187b3fef76b,0xec15c20015e72748f03065ed80c41cb882e3fb66,0xfac87aae88cbf4b0b08276d71de69d8313bec716,0.1,0.00015
0.1,2026-01-15 01:04:35.000 UTC,Withdrawal,0x275b98988964f8ad31500341a1a10daa1712cdeb3a98913f252ac5cb2111b7c9,0xec15c20015e72748f03065ed80c41cb882e3fb66,0xa42f79aeb2eca57c13e71e22be462c5e3928fb2e,0.1,0.00013
0.002,2026-01-15 00:00:47.000 UTC,Withdrawal,0x522620cc502fb6d6002b843a83558e9eae0299fa0826862dac5327203b4cb51d,0xec15c20015e72748f03065ed80c41cb882e3fb66,0xcabe4eb9c812c5622d65b98b0ec33f5eee7c7bcd,0.002,3.2e-05
0.01,2026-01-14 23:25:23.000 UTC,Withdrawal,0xbcdc5b05e9c056507322060eaec42065ac5bc226549f062fc374e17595b3b8f5,0xec15c20015e72748f03065ed80c41cb882e3fb66,0xf584fa2fca469641b30484d5c28b38af7b1b787d,0.01,4.4e-05
0.01,2026-01-14 22:46:11.000 UTC,Withdrawal,0xbaec363aca44e98515c198bffa3781cf0620248e5e42674d47afa9f7d0472329,0xec15c20015e72748f03065ed80c41cb882e3fb66,0xf584fa2fca469641b30484d5c28b38af7b1b787d,0.01,6.6e-05
0.2,2026-01-14 21:51:59.000 UTC,Withdrawal,0xaec6fcd67cfc885624eab160706abe61d8580823065ef3e766d717c659d7f9f3,0xec15c20015e72748f03065ed80c41cb882e3fb66,0xe20f4adb4307818e9c9a321c7ea25e2fbcc20ded,0.2,0.00024
0.1,2026-01-14 21:38:35.000 UTC,Withdrawal,0x7a59eada78504993a3904fed6720cfb23e01e2c77206d6f1ed3363bf19cd2b98,0xec15c20015e72748f03065ed80c41cb882e3fb66,0xd190e4321806ae01d91ff9ac098bb8f1c3cc3473,0.1,0.00014
0.10216,2026-01-14 20:45:11.000 UTC,Withdrawal,0x2fe6d2c1b163133d2c85be27141e93babaf26fe25235c0e951cc0c0b87beeaa8,0xec15c20015e72748f03065ed80c41cb882e3fb66,0x91795369e887cf501153d9ced6f35c6d0c5b518d,0.10216,0.000183888
0.1,2026-01-14 18:54:11.000 UTC,Withdrawal,0x119ee6fa2175cfd2dad4a9843f0141bc3e9a5e0ddbc1c58e188fe1ed44bbaffc,0xec15c20015e72748f03065ed80c41cb882e3fb66,0xd190e4321806ae01d91ff9ac098bb8f1c3cc3473,0.1,0.00023
0.5,2026-01-14 14:01:35.000 UTC,Withdrawal,0x8d32089f4533096bc23e8f94ba4d12e0e30324948431dcb6bc84678b1b1c4410,0xec15c20015e72748f03065ed80c41cb882e3fb66,0x8989da707eb34bdf45a038194f30fe8cae9ed3d2,0.5,0.00055
0.1,2026-01-14 11:24:47.000 UTC,Withdrawal,0x537e854fccabc496e83408bde50437b3e3d4836f33e80a1f20139be063875356,0xec15c20015e72748f03065ed80c41cb882e3fb66,0xd190e4321806ae01d91ff9ac098bb8f1c3cc3473,0.1,0.00016
0.01,2026-01-14 10:30:47.000 UTC,Withdrawal,0xe850b64e0ddf069967e3f6b4e85e59c07cb4e1481d78195eadae10f3ded30ebf,0xec15c20015e72748f03065ed80c41cb882e3fb66,0xb70039ca541094a8ea317c11c76ab3f4ad45926c,0.01,7e-05
0.1,2026-01-14 10:26:35.000 UTC,Withdrawal,0xdb87a6efae3d8ca3daa489ea7bc691fbc67da029a100fe38d85988c8894115b5,0xec15c20015e72748f03065ed80c41cb882e3fb66,0xd190e4321806ae01d91ff9ac098bb8f1c3cc3473,0.1,0.00016
0.01,2026-01-14 09:28:11.000 UTC,Withdrawal,0x29949fd1e8f66f8d826760c7c00fae64a330ad72f85f38940a8a48058034895f,0xec15c20015e72748f03065ed80c41cb882e3fb66,0x66cc129c0f758b52d561f0bd2ac8ecf37f19c052,0.01,7.4e-05
0.01,2026-01-14 08:07:35.000 UTC,Withdrawal,0x91e5852d12c1b106943e7ffd253a9936dddbd4d6e904c2b57a71bf11bd80b15b,0xec15c20015e72748f03065ed80c41cb882e3fb66,0x5ef8ac5b01fbc68a5ba4c3a007a1ea43552698f4,0.01,4.5e-05
0.0043,2026-01-13 21:01:59.000 UTC,Withdrawal,0x111cf30d7faee60a2393b2a84c37a6042fa07df2b46a53128ac8adb8adfea88b,0xec15c20015e72748f03065ed80c41cb882e3fb66,0xd190e4321806ae01d91ff9ac098bb8f1c3cc3473,0.0043,7.009e-05
0.22,2026-01-13 20:57:35.000 UTC,Withdrawal,0xcecfe23692cbd4a0ea678a3b21b4333b3fcb1e02990d45f5251d9c0473a4e1f2,0xec15c20015e72748f03065ed80c41cb882e3fb66,0x5d09525b883020c65a2b5cd017ffbe51b6b6c58f,0.22,0.000286
0.01,2026-01-13 15:38:47.000 UTC,Withdrawal,0x1e0c2887e5445979a34f3d69cb6e76bbee915277f53715206531bc707f22ccc7,0xec15c20015e72748f03065ed80c41cb882e3fb66,0x815ab68e13ac90bbbe4297b61fc20bccd40dfd4c,0.01,0.000214
1.0,2026-01-13 11:09:23.000 UTC,Withdrawal,0x5959997e071e9eb61ac474e50256bd92772e1b521c4948a030516649e679a4fc,0xec15c20015e72748f03065ed80c41cb882e3fb66,0xc324e7b66e4eed076dfdb3ce75ae4e69621afe34,1.0,0.001
0.02,2026-01-13 09:48:23.000 UTC,Withdrawal,0x2ed15a96f184923a25d486b203b5ff893444838d2162d5ef810c131bbcb9da1c,0xec15c20015e72748f03065ed80c41cb882e3fb66,0xfae179c1f53188d7fdcf96e5aa0f836b414c50bc,0.02,6.8e-05
0.045,2026-01-12 21:39:11.000 UTC,Withdrawal,0xf3eb9289b5e9d7a43630394351233f0abe73b097df274f3f20adb68c05e856fd,0xec15c20015e72748f03065ed80c41cb882e3fb66,0x487bf8912b3737422f06a8c6601c3420a0a0dac5,0.045,6.75e-05
0.68,2026-01-12 21:16:23.000 UTC,Withdrawal,0xa4b8574e2dd4a434d7742508a2589fb079e46b7a85d7287ecf5f2c1eccd9d998,0xec15c20015e72748f03065ed80c41cb882e3fb66,0x848e80dea4d5a41dd146cfc60fcaa5fbe17cca7f,0.68,0.00068
2.0,2026-01-12 19:38:35.000 UTC,Withdrawal,0x7e7d96e039a2aa37fef5e8461d4c07bb4fdb33e968d7030481c448f07d2d6298,0xec15c20015e72748f03065ed80c41cb882e3fb66,0xc324e7b66e4eed076dfdb3ce75ae4e69621afe34,2.0,0.002
0.7,2026-01-12 15:00:47.000 UTC,Withdrawal,0x618a6dcfb344ea89f9b5b80da143ab4f7df15862ae458f6842456ea64cadbcdd,0xec15c20015e72748f03065ed80c41cb882e3fb66,0xb5b1ad063bb57d11026d10fab191cae87da82351,0.7,0.00077
0.5,2026-01-12 14:55:47.000 UTC,Withdrawal,0x58c7535008d8afa3a93c272c64d6085402c73c9e3cab5d290739c23ae0745c05,0xec15c20015e72748f03065ed80c41cb882e3fb66,0xb5b1ad063bb57d11026d10fab191cae87da82351,0.5,0.0006
0.8,2026-01-12 14:43:11.000 UTC,Withdrawal,0x7b87948837a37ca3be35372f99bd7ba74128ab94b0f96c01f81120927f052bea,0xec15c20015e72748f03065ed80c41cb882e3fb66,0xb5b1ad063bb57d11026d10fab191cae87da82351,0.8,0.00088
0.1,2026-01-12 09:33:47.000 UTC,Withdrawal,0x44002d4f0fb96665750ff98c2ee5f337774b79c41f04f157e699100735d258ef,0xec15c20015e72748f03065ed80c41cb882e3fb66,0xd190e4321806ae01d91ff9ac098bb8f1c3cc3473,0.1,0.00012
0.97,2026-01-12 08:49:23.000 UTC,Withdrawal,0x805306190b09248c536e7d61788701468da599021d0e16ffa4c3f3ec50f84804,0xec15c20015e72748f03065ed80c41cb882e3fb66,0xc55f9c77826fc596f61bb537bd692843d7709317,0.97,0.00097
0.01,2026-01-12 08:19:35.000 UTC,Withdrawal,0x96e2ffc89a4594d7bc73519308b62a859aa83e86cedc016724d74190a1d8abd5,0xec15c20015e72748f03065ed80c41cb882e3fb66,0xd64a308b7dba2baac6d5ae0ce826a5ef7e359a71,0.01,3.3e-05
0.1,2026-01-12 01:31:59.000 UTC,Withdrawal,0x416fd7268052159a4fc69cd907e63fd8f48c6ecfd28bc37cd371717246c511aa,0xec15c20015e72748f03065ed80c41cb882e3fb66,0xb55b1e64e2a796ea4f8b75111975c33fcfcffa73,0.1,0.00012
0.05,2026-01-11 21:25:59.000 UTC,Withdrawal,0x7c776fad772a32e633098d1a7a321ffbabee0bdfe8c7907d513bcb54e4dff8d8,0xec15c20015e72748f03065ed80c41cb882e3fb66,0x8e5845128e29b90d92080ce61d4c52dc312c689f,0.05,7e-05
0.01,2026-01-11 18:50:35.000 UTC,Withdrawal,0xe1d55acf882b8e07e428dcf0a267778d93c43747dd5c52de668df2e46c5c15a5,0xec15c20015e72748f03065ed80c41cb882e3fb66,0x4f5ca001d712b5e162706be7996520e0fd8cbca1,0.01,3.6e-05
0.105,2026-01-11 15:17:47.000 UTC,Withdrawal,0x17c8726a193a411782a0c152d9141faccf6f0b247015655931d7bd1fe6b67d9a,0xec15c20015e72748f03065ed80c41cb882e3fb66,0x14934b9a2368eae2c6ec29eac2ffad513813e67b,0.105,0.0001365
0.024,2026-01-10 17:04:23.000 UTC,Withdrawal,0xe4aa88f3a63ed2103f73098360a5022fa3cd18a3ccb5a6625200e6cb0458e528,0xec15c20015e72748f03065ed80c41cb882e3fb66,0x2bcee8407b253a9c1186e20ad0fa5e9731c5453c,0.024,4.8e-05
0.1,2026-01-10 16:17:11.000 UTC,Withdrawal,0xa14ee8e3af5b2920405f820eb45a740249b06ee578467086eee3f3dfca92bbdf,0xec15c20015e72748f03065ed80c41cb882e3fb66,0xadea575af95ef3a28ec16c65e220a4271574e264,0.1,0.00013
0.1,2026-01-10 14:43:11.000 UTC,Withdrawal,0xbda49a634fe5033653753047acd014a3f1464eadfbabaa2de1e15cfd67d251bd,0xec15c20015e72748f03065ed80c41cb882e3fb66,0x2e2fb8b7dc0f58182a8f1316fab1a80318a7e49d,0.1,0.00012
0.005,2026-01-10 14:29:11.000 UTC,Withdrawal,0xd40274de1a0f789129db423539f535ce502fc4c777fb9ecd853b433873ccc681,0xec15c20015e72748f03065ed80c41cb882e3fb66,0x95fd98bdd08304f065548e4cfe9dfdfa2b1896c3,0.005,3.1e-05
0.0003,2026-01-10 14:13:23.000 UTC,Withdrawal,0x344af749c8a7ceadadcd978c82084d55d10b3cb1ff8ed4cb371ce6642670e2b9,0xec15c20015e72748f03065ed80c41cb882e3fb66,0x5583c3192cec31ea0ca6c2cce3bf86e67f53cece,0.0003,2.172e-05
2.0,2026-01-10 13:49:47.000 UTC,Withdrawal,0x21dd483e10b3cf48007415690b176aaca9c88406c5a45e3a3434ec1e558a1ec4,0xec15c20015e72748f03065ed80c41cb882e3fb66,0x6672985da5fe88b132876e33e03e4d0bcdc54237,2.0,0.002
1.0,2026-01-10 11:09:11.000 UTC,Withdrawal,0xcbe3966b4bbe39ced9f2c5336bc4f97e2fbbb0179f380aa13932a5ba6d1e4be4,0xec15c20015e72748f03065ed80c41cb882e3fb66,0x6caaa33ec28f5228d4cd375214ea431e1d4e0f9b,1.0,0.001
0.1,2026-01-09 20:49:35.000 UTC,Withdrawal,0x8c8e613d962b0b28b3531af1c602b21cc6242a3c1a4c9862eae010061371a4d6,0xec15c20015e72748f03065ed80c41cb882e3fb66,0xfac87aae88cbf4b0b08276d71de69d8313bec716,0.1,0.00011
0.05,2026-01-09 16:32:11.000 UTC,Withdrawal,0x4897b2d36f101203a53115566057709a52dc8e089ab9868a09354b14972668e8,0xec15c20015e72748f03065ed80c41cb882e3fb66,0xd9dffb316974ff85eae19beaefbb538272b60f58,0.05,0.00012
1.0,2026-01-09 15:06:47.000 UTC,Withdrawal,0x54402d5bc8ed04c7b0e0597d4801b62baa92c3760c5b0039e643d03e3371f9a3,0xec15c20015e72748f03065ed80c41cb882e3fb66,0xfc5202facd416259b837ad33553a0b919243b9a9,1.0,0.0011
0.115,2026-01-09 14:38:59.000 UTC,Withdrawal,0x36ce4df9ee3872cfe8ac35f779bb616c2e6abf6bcc212ba6d88b137edf32c3c4,0xec15c20015e72748f03065ed80c41cb882e3fb66,0x75042d7d7d36e891c14c462006af8213c3900707,0.115,0.0001725
0.2,2026-01-08 23:26:11.000 UTC,Withdrawal,0xcc77cfda15ba60ce66cdfb4109f648038942511eea229fffb831a4960f46492e,0xec15c20015e72748f03065ed80c41cb882e3fb66,0xfac87aae88cbf4b0b08276d71de69d8313bec716,0.2,0.00022
0.02,2026-01-08 22:47:23.000 UTC,Withdrawal,0x845696d3c76892fcabc8a8ee0b04ec9d1241b0b2df5aa3327560405f151b46f9,0xec15c20015e72748f03065ed80c41cb882e3fb66,0x08671b83c3df78d99f2f80e161c7ba5cd7f438fa,0.02,4.2e-05
0.04,2026-01-08 22:10:59.000 UTC,Withdrawal,0xd0d27522eef49731fbfef40dc6e2b4eb743e6c8dcf47565484a9cc79e064352d,0xec15c20015e72748f03065ed80c41cb882e3fb66,0xa8726c4153f2168e0a789dcb8de1e1f20a5c4930,0.04,6.4e-05
0.9,2026-01-08 17:14:11.000 UTC,Withdrawal,0xaed74d50530806adf19ffb645ca189b1332506b7b7ea47eb61d91ad690beb69f,0xec15c20015e72748f03065ed80c41cb882e3fb66,0x49d9c5a9019f563a65be22c0f211b201641ca03e,0.9,0.00099
2.0,2026-01-08 15:03:35.000 UTC,Withdrawal,0x0a07f0c8fe5596d1b52569fb0d1c113481aa41e94a35a1b0d1bab262ed166ee8,0xec15c20015e72748f03065ed80c41cb882e3fb66,0xc324e7b66e4eed076dfdb3ce75ae4e69621afe34,2.0,0.002
0.15,2026-01-08 11:21:47.000 UTC,Withdrawal,0x95d113c1e1db0c107bb574358b67caed479716b7dad73fcc8addc04373936a50,0xec15c20015e72748f03065ed80c41cb882e3fb66,0x25a254e18fb8b1208b24e6a2eff62d0809808811,0.15,0.00018
1.0,2026-01-08 11:19:59.000 UTC,Withdrawal,0xe6264089137176dfb2e15d6943c7c7fe7068e40a15bcbf3a551b949229779ebf,0xec15c20015e72748f03065ed80c41cb882e3fb66,0x75042d7d7d36e891c14c462006af8213c3900707,1.0,0.001
0.1,2026-01-08 07:15:23.000 UTC,Withdrawal,0xc892b8ead31b219a021f42f46407c6debfe183ce87b3bf8868e0a0dacc183da9,0xec15c20015e72748f03065ed80c41cb882e3fb66,0x6dc43be93a8b5fd37dc16f24872babc6da5e5e3e,0.1,0.00013
0.1,2026-01-08 07:12:47.000 UTC,Withdrawal,0x2725f12de9f20833da2987e588cd67135dfc3f19a355fa15b29662f6df13db76,0xec15c20015e72748f03065ed80c41cb882e3fb66,0x6dc43be93a8b5fd37dc16f24872babc6da5e5e3e,0.1,0.00014
0.97,2026-01-08 04:22:23.000 UTC,Withdrawal,0x1a23563f3bfbf0fef669b5397117e53aa4ee48c4e59c41f1bfb530ac28eb7bc6,0xec15c20015e72748f03065ed80c41cb882e3fb66,0x574844e7e17ee4ae592c9b3af4b211695bf8dbd6,0.97,0.00097
0.14831,2026-01-08 02:21:35.000 UTC,Withdrawal,0xeb753a47f438346b26245b131bc335f8529604bb751c2b4ddbe3e167e9d6054a,0xec15c20015e72748f03065ed80c41cb882e3fb66,0x1eed555d186a3a9835741a5c09c64bf458402817,0.14831,0.000177972
0.15597,2026-01-08 02:20:59.000 UTC,Withdrawal,0xdbe9eb0f248bf5d975f87e96b9efb0ccf9f3a42703047b00379b3f0d783b55f0,0xec15c20015e72748f03065ed80c41cb882e3fb66,0x1eed555d186a3a9835741a5c09c64bf458402817,0.15597,0.000187164
1.0,2026-01-08 00:18:59.000 UTC,Withdrawal,0xc6cf704a57235c502d4f8faaa43a25af36542d9bb1049fced377b64370ac44ff,0xec15c20015e72748f03065ed80c41cb882e3fb66,0x984c33f83c9404f58bbf789d79d39c846b2e6301,1.0,0.001
1.0,2026-01-08 00:17:23.000 UTC,Withdrawal,0x15b77e32d785b6d093745d218f6829da45ab5707eea3aab4674e346934e2b371,0xec15c20015e72748f03065ed80c41cb882e3fb66,0x984c33f83c9404f58bbf789d79d39c846b2e6301,1.0,0.001
0.1,2026-01-08 00:10:23.000 UTC,Withdrawal,0x72a4846585a0cfa9017f5a8553fc6b8a5fd8600e0aca22b3d966fc4a14610bb6,0xec15c20015e72748f03065ed80c41cb882e3fb66,0xdfdb06646e8d70a7e1fae013c58f07516fc56430,0.1,0.00013
0.055,2026-01-07 23:33:47.000 UTC,Withdrawal,0x7bf294b1db063cb997ca77b006d7404d1a70b4f6e6fb09cdcc9adc0fc461dddd,0xec15c20015e72748f03065ed80c41cb882e3fb66,0x866f19803cfa22aa7043d744edf7e281b69e693a,0.055,7.7e-05
0.5,2026-01-07 21:11:47.000 UTC,Withdrawal,0xc77de6f30c579b49524d8e3ee212e335b8ba26a358d600fbd0a31e4f4a3f4cc7,0xec15c20015e72748f03065ed80c41cb882e3fb66,0xc324e7b66e4eed076dfdb3ce75ae4e69621afe34,0.5,0.0005
0.003,2026-01-07 17:32:47.000 UTC,Withdrawal,0xbd4f7401e866847abb35f8309d7237b7dcce8dce59dcf74ce37285bfd46f9f0e,0xec15c20015e72748f03065ed80c41cb882e3fb66,0x3e86d4c83bbdbc7e5418c023c3d36e4d958fb8c2,0.003,7.65e-05
2.0,2026-01-07 09:08:11.000 UTC,Withdrawal,0x97152b8b8f081a499584bc746a09e02d1d9b45cb9b16711a2c5eb4b2bc2cd409,0xec15c20015e72748f03065ed80c41cb882e3fb66,0xc324e7b66e4eed076dfdb3ce75ae4e69621afe34,2.0,0.002
0.0175,2026-01-07 08:20:11.000 UTC,Withdrawal,0x648ec6a88a4ffd87e2071e0659356a29cafd96e340d94369c0c80f559198539d,0xec15c20015e72748f03065ed80c41cb882e3fb66,0xf0646d52d903fa32f405c3cf3cdc4d9c4ef78fbb,0.0175,5.25e-05
0.03,2026-01-07 07:38:47.000 UTC,Withdrawal,0x8fb627886aae98a0603cb5df50c1168b75870fd50e34f463d46a1073433f1bd3,0xec15c20015e72748f03065ed80c41cb882e3fb66,0x23c56e08171ea32b0aed36a08b6a17a13de47a14,0.03,7.8e-05
0.2,2026-01-07 06:08:35.000 UTC,Withdrawal,0x7146e28cbf596c0f55ba89041992fc7a2060c15fc476d714956beb9e32ab1bfa,0xec15c20015e72748f03065ed80c41cb882e3fb66,0x0a5f07eca94861d5804891cb9078171bbb0fd046,0.2,0.00022
0.158,2026-01-06 18:07:59.000 UTC,Withdrawal,0x89ab95db29dee7896ee25d93bcc1581cff68815d9438174f9635e38ab9dab84d,0xec15c20015e72748f03065ed80c41cb882e3fb66,0x19f27bb516115affe1a1288f47fe752c6dd84973,0.158,0.000474
1.0,2026-01-06 14:18:47.000 UTC,Withdrawal,0xb3064b9d078c3f260b1372dffa33559cbbc2e2812636bba61c5cc4cd8c08f103,0xec15c20015e72748f03065ed80c41cb882e3fb66,0xc324e7b66e4eed076dfdb3ce75ae4e69621afe34,1.0,0.0015
0.3,2026-01-06 14:06:59.000 UTC,Withdrawal,0xeca6d393d4d336f8d8e980a2d7144980067e2ff7639f733e8d1c562b1403a31a,0xec15c20015e72748f03065ed80c41cb882e3fb66,0xd9dffb316974ff85eae19beaefbb538272b60f58,0.3,0.00057
0.01,2026-01-06 09:44:47.000 UTC,Withdrawal,0x099085651eb8d8eac51fb2bc671f866f21dd8454e3cfe4b888e7c406676f136d,0xec15c20015e72748f03065ed80c41cb882e3fb66,0xb4ca556e656b19167fc4d856b1fea82138888888,0.01,6.3e-05
0.3,2026-01-06 09:15:59.000 UTC,Withdrawal,0x73c5e62f5c071d6c5582a5c326feb369d6a3dc5132b46fcb0147aa3361cd578c,0xec15c20015e72748f03065ed80c41cb882e3fb66,0xc324e7b66e4eed076dfdb3ce75ae4e69621afe34,0.3,0.0003
0.05,2026-01-05 21:35:59.000 UTC,Withdrawal,0xa3ed3fd554e5293bf44e926cf2b32e3f883a552959076d8bf046b5309005c7d6,0xec15c20015e72748f03065ed80c41cb882e3fb66,0x40dbedcfd78773b11298fc0c746d6d80e20bb38a,0.05,9e-05
0.5,2026-01-05 20:01:35.000 UTC,Withdrawal,0xf66665147e414a0569712bbeae1b5d32c05cd0b27e15ee330a6939a190eef81d,0xec15c20015e72748f03065ed80c41cb882e3fb66,0xc324e7b66e4eed076dfdb3ce75ae4e69621afe34,0.5,0.0005
0.5,2026-01-05 19:43:23.000 UTC,Withdrawal,0xd61cc98fb4bb1981549cbecd93af2021c8d5d8896dc793a8648b893b878703e0,0xec15c20015e72748f03065ed80c41cb882e3fb66,0xe7bbc4da3aa9c88b0c3c7813a69157ed420eb718,0.5,0.0005
0.15,2026-01-05 18:19:59.000 UTC,Withdrawal,0x54fc901ce5aabe1d983b4aa356f0ea4e4efaa80a55a338da879408103f775a12,0xec15c20015e72748f03065ed80c41cb882e3fb66,0x89e6d472d4f056bd4545d6a88245fe6e96584c2e,0.15,0.000285
2.0,2026-01-05 17:00:11.000 UTC,Withdrawal,0xdde5dce4923e8c15be6caf13105830388d2cf77531aef497be21547111b1be06,0xec15c20015e72748f03065ed80c41cb882e3fb66,0x6672985da5fe88b132876e33e03e4d0bcdc54237,2.0,0.002
0.012,2026-01-05 16:44:23.000 UTC,Withdrawal,0xd21a321784f5200e9c6e0ab13502acab0f8b53c00204b9fbae595efb14293017,0xec15c20015e72748f03065ed80c41cb882e3fb66,0x8982950864b5be2a1652a9a1826e30c55b723ded,0.012,0.0001872
2.0,2026-01-05 09:30:23.000 UTC,Withdrawal,0x3cc667e9362a76474cebee117269fe15225a703097e4cbdd7cb0e300c8b402dd,0xec15c20015e72748f03065ed80c41cb882e3fb66,0x6672985da5fe88b132876e33e03e4d0bcdc54237,2.0,0.002
0.3,2026-01-05 06:03:23.000 UTC,Withdrawal,0xef397c36b4e398395fe7ee0e89249b513052398366aba8e94606b5afe481296f,0xec15c20015e72748f03065ed80c41cb882e3fb66,0x6dc43be93a8b5fd37dc16f24872babc6da5e5e3e,0.3,0.0003
0.01,2026-01-05 04:38:47.000 UTC,Withdrawal,0x1ed2839093fe12110b32d9584a6d4641ca56a32ad0cce9ab742fa239a5c01550,0xec15c20015e72748f03065ed80c41cb882e3fb66,0x75042d7d7d36e891c14c462006af8213c3900707,0.01,5.5e-05
0.1,2026-01-04 22:03:47.000 UTC,Withdrawal,0x40a248aa0edccdbea62a1e03d83daaefd05dc12aeeace0b3a6f97a23d6462577,0xec15c20015e72748f03065ed80c41cb882e3fb66,0x97ae290c480c4abe925ddd4b1dfaacb87d2ab876,0.1,0.00012
0.06,2026-01-04 21:38:47.000 UTC,Withdrawal,0xb220bb44cdc51d32e5c7ce2e5d42b41ebee2a4790a73d79d5dac6934131f310d,0xec15c20015e72748f03065ed80c41cb882e3fb66,0xf28a3dd854d9b583cb98ef20378899150d106c74,0.06,8.4e-05
0.02339,2026-01-04 14:44:35.000 UTC,Withdrawal,0x61d66bc248d78e9902e5a07bc05e479382cf9e4a33d444c3aecc36d21985afb9,0xec15c20015e72748f03065ed80c41cb882e3fb66,0x79cef28a4b6aaa4cb2074564700da93f8e3b267e,0.02339,4.678e-05
0.02852,2026-01-04 12:05:23.000 UTC,Withdrawal,0x239f358892d098169151ee0667484c235eadf2a9b257288282d1fcbf61f3c633,0xec15c20015e72748f03065ed80c41cb882e3fb66,0xe20f4adb4307818e9c9a321c7ea25e2fbcc20ded,0.02852,4.8484e-05
1.0,2026-01-04 11:30:23.000 UTC,Withdrawal,0x3123c248464a8ffe2a33f4fdefa8c5f5ed5af4bd475d8dfc467918d13c61358c,0xec15c20015e72748f03065ed80c41cb882e3fb66,0xc324e7b66e4eed076dfdb3ce75ae4e69621afe34,1.0,0.001
0.1,2026-01-04 11:21:47.000 UTC,Withdrawal,0xc73549b03e8e28b08d6a53d6e8eafdd099cdba0f439aac81375fcb5cb63b605c,0xec15c20015e72748f03065ed80c41cb882e3fb66,0x9388a7724a7bca83a67234ab6fa42398f52dc1e1,0.1,0.00012
0.1,2026-01-04 11:14:11.000 UTC,Withdrawal,0x98d9387493c53e1765e1dfb1a89751e94495cdf01705238ac8b355d433a07271,0xec15c20015e72748f03065ed80c41cb882e3fb66,0xd1380d90c29391fd35b38172b45e54c16711f652,0.1,0.00012
0.07867,2026-01-04 10:51:47.000 UTC,Withdrawal,0x5269690f1659a3067088c33365b4048d4adf7e76769dcb1d7f8a3af9050e2359,0xec15c20015e72748f03065ed80c41cb882e3fb66,0xd190e4321806ae01d91ff9ac098bb8f1c3cc3473,0.07867,9.4404e-05
0.1,2026-01-04 09:26:59.000 UTC,Withdrawal,0xed9c0c878af6d670d29b9577b97af2ecc1ee1ba6136d738ccc68c0f2f364eade,0xec15c20015e72748f03065ed80c41cb882e3fb66,0xe20f4adb4307818e9c9a321c7ea25e2fbcc20ded,0.1,0.00012
0.6931,2026-01-04 03:52:11.000 UTC,Withdrawal,0x974dc7c121e05721e475b7888106ca5060ed33caae3c2f4d34d22a195ff46a96,0xec15c20015e72748f03065ed80c41cb882e3fb66,0xd190e4321806ae01d91ff9ac098bb8f1c3cc3473,0.6931,0.0006931
0.761,2026-01-03 22:28:11.000 UTC,Withdrawal,0xd829a80526b2f92147f9db1f213b8751113e64e0a382321c07306c78c6117d8c,0xec15c20015e72748f03065ed80c41cb882e3fb66,0xd190e4321806ae01d91ff9ac098bb8f1c3cc3473,0.761,0.000761
2.0,2026-01-03 17:03:47.000 UTC,Withdrawal,0x645ffd809cbc0e0309f11a20ef13a7d51f32708e4dfda2bda298f4e26532312b,0xec15c20015e72748f03065ed80c41cb882e3fb66,0xc324e7b66e4eed076dfdb3ce75ae4e69621afe34,2.0,0.002
0.761,2026-01-03 16:43:23.000 UTC,Withdrawal,0x9ea6b1ab93d372f97e3bca734ab178392fa148ebd91ee830ba737aaf0b74c342,0xec15c20015e72748f03065ed80c41cb882e3fb66,0xe20f4adb4307818e9c9a321c7ea25e2fbcc20ded,0.761,0.000761
1.0,2026-01-03 16:12:11.000 UTC,Withdrawal,0xf96ec227378db3979c2fd4dd91faf9ac256fdd5117b581e336c27eb5f1f94467,0xec15c20015e72748f03065ed80c41cb882e3fb66,0x6caaa33ec28f5228d4cd375214ea431e1d4e0f9b,1.0,0.001
0.7974,2026-01-03 15:52:23.000 UTC,Withdrawal,0x25fda679e8a58c3e6247c3df7fc38ce0d06969fc330f09d6d6b3e5a3f5083dfe,0xec15c20015e72748f03065ed80c41cb882e3fb66,0xd190e4321806ae01d91ff9ac098bb8f1c3cc3473,0.7974,0.0007974
1.0,2026-01-03 15:50:23.000 UTC,Withdrawal,0xe987ab1cfc55379620440f8eddaa679ceb4bf515ee97dd4f309efbb2fa8467a6,0xec15c20015e72748f03065ed80c41cb882e3fb66,0xe20f4adb4307818e9c9a321c7ea25e2fbcc20ded,1.0,0.001
1.803247,2026-01-03 15:43:23.000 UTC,Withdrawal,0x78f0ed59862b61fcac7985b6e5ffbdb295553fc1421f7c080d1c3fe1d81c1fd4,0xec15c20015e72748f03065ed80c41cb882e3fb66,0xadaf15b70c926871b9060b3f3386e91836259c4d,1.803247,0.001803247
0.76,2026-01-03 15:30:47.000 UTC,Withdrawal,0x3fa66e88b3159fe8c79f1cbe1f876690881a187f801e473d5d8977a36de8f67f,0xec15c20015e72748f03065ed80c41cb882e3fb66,0xadaf15b70c926871b9060b3f3386e91836259c4d,0.76,0.00076
10.0,2026-01-03 15:27:35.000 UTC,Withdrawal,0x2967b8b1093841cefb2a69b10c400731ddccd3050a07a9db5a5b8c2c55aa1270,0xec15c20015e72748f03065ed80c41cb882e3fb66,0x2e258fc04b9b39070c7276dfd242d9deb8da3e67,10.0,0.01
0.05,2026-01-03 14:09:11.000 UTC,Withdrawal,0x79d07dd2f076320e98f0fe57266578c64f327a3973e73b5c4cff73676e8b3ea7,0xec15c20015e72748f03065ed80c41cb882e3fb66,0x79cef28a4b6aaa4cb2074564700da93f8e3b267e,0.05,8e-05
0.10811,2026-01-03 11:53:35.000 UTC,Withdrawal,0x4b6e3862d5127a4b334c9439a7752a7746956b2314614b1edfd313b9e666691e,0xec15c20015e72748f03065ed80c41cb882e3fb66,0xe20f4adb4307818e9c9a321c7ea25e2fbcc20ded,0.10811,0.000129732
0.69332,2026-01-03 11:43:11.000 UTC,Withdrawal,0x827240198ff70e8389ffe34ba188133827c2f27ad64ff9b354a619747a029a67,0xec15c20015e72748f03065ed80c41cb882e3fb66,0xe20f4adb4307818e9c9a321c7ea25e2fbcc20ded,0.69332,0.00069332
2.0,2026-01-03 11:35:47.000 UTC,Withdrawal,0xe752a5faa7b8b0913684c8bc16aeb88a722b576e6d9b9c75a8d4ebf180c124cc,0xec15c20015e72748f03065ed80c41cb882e3fb66,0xc324e7b66e4eed076dfdb3ce75ae4e69621afe34,2.0,0.002
0.1,2026-01-03 07:53:59.000 UTC,Withdrawal,0x1ef0b04cff5e93d19111474bcbfab5d72fbe976802f081f9325cee3ccfb2246f,0xec15c20015e72748f03065ed80c41cb882e3fb66,0xe0e9b97e3c45b1820f5039c6a1db0c141b33c99a,0.1,0.00014
1.83,2026-01-03 00:29:47.000 UTC,Withdrawal,0x31f25f3793e4c1ed25892dae5ff9df5cbbddf3c127a3bb9ee5582b00e169971d,0xec15c20015e72748f03065ed80c41cb882e3fb66,0x9b96ec7848e67b7f706044cbb1687468a829f883,1.83,0.00183
1.0,2026-01-02 19:29:59.000 UTC,Withdrawal,0x4edf925d3cd010730f8f097f12b00ebdd0fc6df5ec950b78c5295c0d0d90aaf7,0xec15c20015e72748f03065ed80c41cb882e3fb66,0xc324e7b66e4eed076dfdb3ce75ae4e69621afe34,1.0,0.001
0.01,2026-01-02 17:36:59.000 UTC,Withdrawal,0xb92cad89c068cc25a6d3c174254f3b3433ccedeb24c6e461b289637c51617476,0xec15c20015e72748f03065ed80c41cb882e3fb66,0xe20f4adb4307818e9c9a321c7ea25e2fbcc20ded,0.01,0.00013
0.1,2026-01-02 17:35:47.000 UTC,Withdrawal,0x7683017ea08e5e4a2c84fc20c27270f181597d35768a5d8f35173b61e615bc35,0xec15c20015e72748f03065ed80c41cb882e3fb66,0x129a76ec1bf4ecb099e65f976273855a5d258ab5,0.1,0.00022
2.0,2026-01-02 17:26:11.000 UTC,Withdrawal,0xe682a46ade6b0dcd0af61c0fd0b7318b93b60b3b546609ae7834fa7c52a8c491,0xec15c20015e72748f03065ed80c41cb882e3fb66,0x6672985da5fe88b132876e33e03e4d0bcdc54237,2.0,0.002
0.012,2026-01-02 16:30:35.000 UTC,Withdrawal,0xf9567feeeb608a1ab2841044c7e3ec27ab3985f72063493c8f7c3dd5f0cd3563,0xec15c20015e72748f03065ed80c41cb882e3fb66,0xf012329f0fd4075981e0f77a7274a78065c7d37f,0.012,0.0001464
2.0,2026-01-02 15:26:59.000 UTC,Withdrawal,0xcedc7d5a99b13b785ebb645000b67547065e9467259039dcdc8780f131bad0a5,0xec15c20015e72748f03065ed80c41cb882e3fb66,0x97391a51149b68c638d189d5d7dc851f8764d149,2.0,0.002
0.2,2026-01-02 14:56:35.000 UTC,Withdrawal,0xef27aa2672622ccfb7ccb5fd7ed9580531c102792cb8f5a483776bccbde2659f,0xec15c20015e72748f03065ed80c41cb882e3fb66,0xf4c11fc7d31cb58274a77f5a4eefc432fe7e58a4,0.2,0.00038
2.0,2026-01-02 14:55:47.000 UTC,Withdrawal,0x40b404edf51fa74d07364011ecd233560f611aa351a01cd4daedcd2a74d796ba,0xec15c20015e72748f03065ed80c41cb882e3fb66,0xf4c11fc7d31cb58274a77f5a4eefc432fe7e58a4,2.0,0.0022
0.23,2026-01-02 14:54:35.000 UTC,Withdrawal,0x3f66569011f7749e256cc7ad2906c801c9b918f1bd7aa0603f96f4e6843bfbac,0xec15c20015e72748f03065ed80c41cb882e3fb66,0xf4c11fc7d31cb58274a77f5a4eefc432fe7e58a4,0.23,0.000391
1.0,2026-01-02 14:02:47.000 UTC,Withdrawal,0x13f6257d57003db1ebfb3300971a5d6fdecee7df4dad4df5d0d2824396fa752f,0xec15c20015e72748f03065ed80c41cb882e3fb66,0x6672985da5fe88b132876e33e03e4d0bcdc54237,1.0,0.001
2.0,2026-01-02 12:44:59.000 UTC,Withdrawal,0xe9fb2b377eaec1a79fc570c2aeb0f891e9a711d2d24495f252fe8022c1ade35f,0xec15c20015e72748f03065ed80c41cb882e3fb66,0xc324e7b66e4eed076dfdb3ce75ae4e69621afe34,2.0,0.002
0.0935,2026-01-02 11:21:59.000 UTC,Withdrawal,0x3c8b70a4d3d6b0309a2d779c445cc540f6ae558e3ed026ef8036e9fdef7aa907,0xec15c20015e72748f03065ed80c41cb882e3fb66,0x63f657c57ac65421425512c60778418f349dd4a2,0.0935,0.00015895
0.01,2026-01-02 07:38:35.000 UTC,Withdrawal,0x3b74fde351094ab706f59668d20e3b286e1ef81e0f6aa431ddc564d4619c6277,0xec15c20015e72748f03065ed80c41cb882e3fb66,0xe0e9b97e3c45b1820f5039c6a1db0c141b33c99a,0.01,3.3e-05
0.35,2026-01-01 21:40:59.000 UTC,Withdrawal,0x6b5b2ec290279d677bcdca2c7026098bf332e048678a313da317755c6bf4bb76,0xec15c20015e72748f03065ed80c41cb882e3fb66,0xbd950b25906e3dc3b656b2d274ea6a3f3eca34b3,0.35,0.00035
0.1,2026-01-01 20:23:59.000 UTC,Withdrawal,0xe9c537dd7d7c8c111547dedf925433b8de144c1ec811d91870226a8a384fd792,0xec15c20015e72748f03065ed80c41cb882e3fb66,0x2bbaaf06828caceff88393fbe720e09907c2fb08,0.1,0.00015
2.0,2026-01-01 17:23:23.000 UTC,Withdrawal,0x198f2bd9aacd681a9bd8bafe425e4b94c13cfe5764879728a2c20e0b73c852fa,0xec15c20015e72748f03065ed80c41cb882e3fb66,0xc324e7b66e4eed076dfdb3ce75ae4e69621afe34,2.0,0.002
0.115,2026-01-01 15:50:11.000 UTC,Withdrawal,0x61f17e9db664186d2005e172c977fc7ce4ff93d2321e2b4ac8018dbd92178a59,0xec15c20015e72748f03065ed80c41cb882e3fb66,0x2c1a8dddcd1d44ee50ea65da9ca328186e460b80,0.115,0.0001495
0.1,2026-01-01 10:26:23.000 UTC,Withdrawal,0xfee7594eefd0d6468ca65552ec6f79c705c7fa33de5ad98418b4ac359f609dad,0xec15c20015e72748f03065ed80c41cb882e3fb66,0x42e3b2b9969308c2fa6c4b71f6a13762e3136a1a,0.1,0.00011
0.0625,2025-12-31 23:24:59.000 UTC,Withdrawal,0x7b0a24b37b6096881928acef3c1ea12e03a50a3dd55b783d21b0445b29ebb56f,0xec15c20015e72748f03065ed80c41cb882e3fb66,0x263edec29543513366753a2ea005883a538a85fa,0.0625,7.5e-05
1.012,2025-12-31 22:45:23.000 UTC,Withdrawal,0x5309a23cf2a4a6a901efbc73f76d18fc82c8277bd773aaee212595cbd62d8364,0xec15c20015e72748f03065ed80c41cb882e3fb66,0x8e6baea214cbf8e3991bc09744f748619fb7c049,1.012,0.001012
0.02,2025-12-31 16:31:59.000 UTC,Withdrawal,0xda7d826c8d8a52f2e858391f0895d2aa05ab49d1e999f4fd22e800ced1a146d7,0xec15c20015e72748f03065ed80c41cb882e3fb66,0x3516006709b775e01b48dfb5fad355a4e793e347,0.02,9e-05
0.09476,2025-12-31 10:33:59.000 UTC,Withdrawal,0xd823cf05a5847375bd87eeb6a765c8a83ad92742d73652355bfd15138ed20896,0xec15c20015e72748f03065ed80c41cb882e3fb66,0x58d5d45c98d1b53d7f4ed1220e4063c11d59fc54,0.09476,0.000132664
0.03,2025-12-31 09:18:59.000 UTC,Withdrawal,0xd8497c4ab00507b71b29479ddfe92b6dd448bdbc36dfdee0bb64b5578e4651fe,0xec15c20015e72748f03065ed80c41cb882e3fb66,0x01c2e7b1de06da53bd0ec82fdb59e5767b8c6da1,0.03,8.4e-05
0.1,2025-12-31 06:13:23.000 UTC,Withdrawal,0x3f505126bd20a8b50f3cc8a96c33bd044b4db9cd97760cbc01e570be03506158,0xec15c20015e72748f03065ed80c41cb882e3fb66,0xae96546a0ebe6e8ff438fb1069db4ae2e4f07708,0.1,0.00011
1.012,2025-12-31 03:12:47.000 UTC,Withdrawal,0xfbd9f1d3ef2389fceeaa5f97176fd5c7439d305b285b9f773696dce4356914c7,0xec15c20015e72748f03065ed80c41cb882e3fb66,0x908c94de42e33a053b591d033a26e8b26b5e315a,1.012,0.001012
0.0271,2025-12-30 18:21:47.000 UTC,Withdrawal,0xb15f70a4322b2caa5dc3c04e2b3da11d6a878f893ca9db7d1233ec5315fa5844,0xec15c20015e72748f03065ed80c41cb882e3fb66,0xb347501e4cb0f8b4babd544da61d4b469f426520,0.0271,7.317e-05
0.05,2025-12-30 16:03:47.000 UTC,Withdrawal,0x1fedb281ec441680c684ca179f01c1fca9244bf5032ee5107dd350dfb472799f,0xec15c20015e72748f03065ed80c41cb882e3fb66,0x1a39c306361916af19d6c8607dc6bc9c9da39d61,0.05,0.000105
0.05,2025-12-30 16:01:59.000 UTC,Withdrawal,0xf8322d5d48e2273e75e28c1439f0a2f63e1a268a45fb7ba369422a69580da6e8,0xec15c20015e72748f03065ed80c41cb882e3fb66,0xe76431a79027c744799b5af2eddb7273f74ead2a,0.05,9.5e-05
0.508,2025-12-30 14:45:47.000 UTC,Withdrawal,0x029fb9f23558ef1f4d301d8f88c407aa01785b2fc485d5ea35d53cd98592a3a4,0xec15c20015e72748f03065ed80c41cb882e3fb66,0x32f08882c4cb0a8f28870e239905552fce26e860,0.508,0.000508
0.05,2025-12-30 10:24:35.000 UTC,Withdrawal,0x46fd9c83ee390f7b2e6c48bdaeeb584947241879eb9f907befe96f85bc22aeeb,0xec15c20015e72748f03065ed80c41cb882e3fb66,0x01c2e7b1de06da53bd0ec82fdb59e5767b8c6da1,0.05,0.00012
0.011,2025-12-30 08:50:59.000 UTC,Withdrawal,0x0dd20a1ec09afbe42fbbf0a53aebb3526669b4afd8372e82a8c179fa423e9ef8,0xec15c20015e72748f03065ed80c41cb882e3fb66,0x02c84f1e9812c45a08ab8612989581a69541c1a4,0.011,3.63e-05
0.1,2025-12-30 00:30:35.000 UTC,Withdrawal,0x446522da131cacf666973aa48eda9839b21975d7293a6f8cba73fecd779943e2,0xec15c20015e72748f03065ed80c41cb882e3fb66,0x2c1a8dddcd1d44ee50ea65da9ca328186e460b80,0.1,0.00012
0.05,2025-12-30 00:29:59.000 UTC,Withdrawal,0xeb92acf24386748da6a4f0a17b7af94f16f96daca4869e81d4a7dd18139f799c,0xec15c20015e72748f03065ed80c41cb882e3fb66,0x2c1a8dddcd1d44ee50ea65da9ca328186e460b80,0.05,7e-05
0.05,2025-12-29 20:06:47.000 UTC,Withdrawal,0xeea1a0a769ca52a88ff29b85d7fedf97bdb0cd9cc0f27eb8316cd5e8e76df4fe,0xec15c20015e72748f03065ed80c41cb882e3fb66,0x7e7989867a1ad730f9c4f160b5fbdca42799d498,0.05,9e-05
0.0281264565486426,2025-12-29 19:46:11.000 UTC,Withdrawal,0x6cd9f581470628c14e35c4d00d32db1d06638c986ba85d1e8e4068d4320fd292,0xec15c20015e72748f03065ed80c41cb882e3fb66,0x9125999734078b9325b919b04e9f832d288d52c1,0.028126456548642695,7.3128787026471e-05
1.0,2025-12-29 13:57:59.000 UTC,Withdrawal,0x3e30f4084d0cdca3472eeeb5a61a08b5596d7dcd3aed42bb6b44bc1232775c26,0xec15c20015e72748f03065ed80c41cb882e3fb66,0xdd23a8496e254d4dd472040310a61266c211660d,1.0,0.001
0.96,2025-12-29 12:30:23.000 UTC,Withdrawal,0xd9d1a31bd2ff606a42a1d45e54f44070e666a60862efc50c67a3ce6a7eb9b534,0xec15c20015e72748f03065ed80c41cb882e3fb66,0x1428406803c98de7a08fea98d75ff18c0d7d36f5,0.96,0.00096
0.125,2025-12-29 04:08:23.000 UTC,Withdrawal,0xb796fb37fb1eaac949a36ecc1ffc96285a00e17bd3f3a6b937202e58f5bed19c,0xec15c20015e72748f03065ed80c41cb882e3fb66,0x8ca9f4b2b405f72bfaa225fb58693d591f862ada,0.125,0.0001625
0.1,2025-12-28 17:53:23.000 UTC,Withdrawal,0xa2d1d8d943f943aa1c552cc83e81de41dd88715d569a29e54ac822190417af21,0xec15c20015e72748f03065ed80c41cb882e3fb66,0x6dc43be93a8b5fd37dc16f24872babc6da5e5e3e,0.1,0.00012
0.02,2025-12-27 18:05:11.000 UTC,Withdrawal,0xb11174d9e2f9e78ebddbef353e7d5a11314521048d3c31e4fba35a44ee44d61f,0xec15c20015e72748f03065ed80c41cb882e3fb66,0x2c1a8dddcd1d44ee50ea65da9ca328186e460b80,0.02,4e-05
0.05,2025-12-27 17:04:59.000 UTC,Withdrawal,0xdf61ad5d90597985ddf38a5f0d7f6107c9e989255f7943ed1f11e72f0e978640,0xec15c20015e72748f03065ed80c41cb882e3fb66,0x0dc4d4c7160349717abad0385012ad9eb2fcb334,0.05,7.5e-05
0.05,2025-12-27 17:03:35.000 UTC,Withdrawal,0x5ef3272b1363b1ccf28f172d2f284a31bdc3bedd6b09d8898fd7777d603cd9cb,0xec15c20015e72748f03065ed80c41cb882e3fb66,0xec121de69255ec108a51f8fea64c08d81f137d55,0.05,7.5e-05
0.05,2025-12-27 17:02:11.000 UTC,Withdrawal,0x1eb36e6bb583f1ba7a0b934b66bb43ec1c40120ae72670c28a577f99d342f07a,0xec15c20015e72748f03065ed80c41cb882e3fb66,0xb5df3dd045f0bbb9a67abe8abf0cad6b6302aabf,0.05,7e-05
0.05,2025-12-27 17:00:35.000 UTC,Withdrawal,0xc98ecb1f9c565b2756a0e5facc4b43c27070e2a087af0d6ad521188957a49114,0xec15c20015e72748f03065ed80c41cb882e3fb66,0x44b9b80cfd3c18770ea6a931cef6d337224100e5,0.05,7e-05
0.05,2025-12-27 16:55:23.000 UTC,Withdrawal,0x3b98dfbd82db05ef89d24784043574b5986c8450deb9f5c7c7afd556bd42b038,0xec15c20015e72748f03065ed80c41cb882e3fb66,0x9da8a845208c25a6edf92fae2715b8bd798f7ef5,0.05,6.5e-05
2.092478,2025-12-27 14:55:35.000 UTC,Withdrawal,0x66ca3402414ce91e538e6c302d2304e946d4d9905e303d540ebdd5a43dd401e9,0xec15c20015e72748f03065ed80c41cb882e3fb66,0x4a93db27ba30b7d97f16ff31a4f63ecdc81833c0,2.092478,0.002092478
0.0022,2025-12-27 12:24:35.000 UTC,Withdrawal,0x06260fcda71adbf4507694b252f7c48f713e74f68b60c4932c56c468c7e4d5b3,0xec15c20015e72748f03065ed80c41cb882e3fb66,0xf3f7de4c8d5c2f4afba80ca4081d29e4452817d8,0.0022,2.97e-05
2.0,2025-12-27 10:28:11.000 UTC,Withdrawal,0xc16546c0fc165846db757b172f03976522ce7d8b6ed54fd7d78b7e804c24ae61,0xec15c20015e72748f03065ed80c41cb882e3fb66,0xc324e7b66e4eed076dfdb3ce75ae4e69621afe34,2.0,0.002
0.01,2025-12-27 08:26:23.000 UTC,Withdrawal,0x319c0cba210d2bc8a55b162d8843756509d8b9a9775562cae2b8006c66504c8d,0xec15c20015e72748f03065ed80c41cb882e3fb66,0x5db9926c93085a92f14a85dabf6ff27b07362cae,0.01,2.8e-05
0.15,2025-12-27 01:06:59.000 UTC,Withdrawal,0x76f9fc4a46fd81ce59bfd230e5eaf3ab522f8e4691e3781032c452a31ed20119,0xec15c20015e72748f03065ed80c41cb882e3fb66,0xb02e0b8ca0f51b2da890245022788142c697f0d3,0.15,0.00018
0.01,2025-12-26 15:38:47.000 UTC,Withdrawal,0x9e64390a7a24e552d547a83585c7f7df5de4e320b83d084e58ba94d0cb412942,0xec15c20015e72748f03065ed80c41cb882e3fb66,0x2c1a8dddcd1d44ee50ea65da9ca328186e460b80,0.01,0.000232
1.0,2025-12-26 13:23:23.000 UTC,Withdrawal,0x2b255b623a61be23d7676f0b5742982cd872889c9806d7a05da4953fc5895a6b,0xec15c20015e72748f03065ed80c41cb882e3fb66,0xc324e7b66e4eed076dfdb3ce75ae4e69621afe34,1.0,0.001
0.97,2025-12-26 13:02:47.000 UTC,Withdrawal,0xecd3fda463bc5400249daa233ee8b75c48013fa3b988e1cdb1f06feea452df97,0xec15c20015e72748f03065ed80c41cb882e3fb66,0x7a8daf2f61fe5f584dbe2c3d40902894c6b9278c,0.97,0.00097
0.065,2025-12-26 04:42:23.000 UTC,Withdrawal,0x0aef51a43b1a23bc34971434ab07690d006653edef2de8375c481919a5668f6b,0xec15c20015e72748f03065ed80c41cb882e3fb66,0xabc9ca6802dd9427713efac78914368a1f5b7f10,0.065,7.8e-05
0.2,2025-12-26 00:53:59.000 UTC,Withdrawal,0xb82d5451f4fe29f7539c4f8ac7deff30b5d9817a792a8ed851e64ecc8483fbaa,0xec15c20015e72748f03065ed80c41cb882e3fb66,0x6dc43be93a8b5fd37dc16f24872babc6da5e5e3e,0.2,0.00022
0.2,2025-12-25 22:55:47.000 UTC,Withdrawal,0x3d2db2958fc63832097954a4db33ee4aa34606d0d2c54202b3db22569d77aa9d,0xec15c20015e72748f03065ed80c41cb882e3fb66,0x26efce1521c6d9a15358883bf1c09786706c5998,0.2,0.00022
0.01876,2025-12-25 18:20:23.000 UTC,Withdrawal,0x164740a2a2ca6eaec87ac2fee7d5cc81725ccbe0a133d456c7f856ff01488447,0xec15c20015e72748f03065ed80c41cb882e3fb66,0x7e1d4b82eb20006c9fa0aa1a80c23d86fccb5349,0.01876,3.9396e-05
0.01,2025-12-25 13:35:11.000 UTC,Withdrawal,0x84522e71a5db122e4e481bb438c84828a0cce1a011783e8edd92267a911aed73,0xec15c20015e72748f03065ed80c41cb882e3fb66,0x651d32ef1e944b264d392f2fe3054f669ac0c43a,0.01,3.5e-05
0.1,2025-12-25 05:42:35.000 UTC,Withdrawal,0xdb367013684e5b99eee18061d3b188f842e9feecc255942060aec0117ca93a75,0xec15c20015e72748f03065ed80c41cb882e3fb66,0xd9ff8caa5fdca73a714267d967b778373eb5219d,0.1,0.00011
0.1,2025-12-25 05:29:47.000 UTC,Withdrawal,0x9c91f56be084e28b83f63523dd06163ebead2f7106f9884cb5195fa9fb78b20f,0xec15c20015e72748f03065ed80c41cb882e3fb66,0x6dc43be93a8b5fd37dc16f24872babc6da5e5e3e,0.1,0.00011
0.1,2025-12-25 05:21:47.000 UTC,Withdrawal,0x70cddca13fb335075df27410a99dafaa49342d8a9d5fa1af06d8f2418cc1592f,0xec15c20015e72748f03065ed80c41cb882e3fb66,0x89b862fae7fd4b3634bfadf1e071505ac6e9a462,0.1,0.00011
0.1,2025-12-25 05:13:11.000 UTC,Withdrawal,0x2553dc91ffd33d64527571def95abb684dfec80d81c9f97d3783c29fd3ba0ff3,0xec15c20015e72748f03065ed80c41cb882e3fb66,0xab094704a4430bd59683889aa249fd135060f270,0.1,0.00011
0.1,2025-12-25 04:50:47.000 UTC,Withdrawal,0x02a74d5897c5a749077be0ee99dac870966c91d47fb236ea0c84110fa178a70f,0xec15c20015e72748f03065ed80c41cb882e3fb66,0x6dc43be93a8b5fd37dc16f24872babc6da5e5e3e,0.1,0.00011
0.07,2025-12-24 23:53:23.000 UTC,Withdrawal,0x57c214c13eee2538163dc64a3916ab22b6ba8d473cd0db78508812da105e8d01,0xec15c20015e72748f03065ed80c41cb882e3fb66,0x287440f7566f3db7f8a7995ee34bad6cab77e2bc,0.07,8.4e-05
0.1,2025-12-24 19:19:59.000 UTC,Withdrawal,0x0ba060c9cdeaf527232a766d630badf3f2cadd823b4379e820299b1e6f5d1750,0xec15c20015e72748f03065ed80c41cb882e3fb66,0xfac87aae88cbf4b0b08276d71de69d8313bec716,0.1,0.00011
0.1,2025-12-24 17:30:11.000 UTC,Withdrawal,0x11472bc8120943a5c0bf295bd9573ec047f68b20f63a5d942aaf5cc3961e81a8,0xec15c20015e72748f03065ed80c41cb882e3fb66,0x6dc43be93a8b5fd37dc16f24872babc6da5e5e3e,0.1,0.00012
0.15,2025-12-24 16:31:11.000 UTC,Withdrawal,0xb906bef5d8d11da6a2b635b54ebf1e29cd80af87285b475370ed404bc9d2bdad,0xec15c20015e72748f03065ed80c41cb882e3fb66,0x75fd62c3bcc93765802d44425d941cb22733ecd3,0.15,0.00018
0.01,2025-12-24 15:40:59.000 UTC,Withdrawal,0xf04ab434b06969e274e3b5dc88ea86ba131ae2f5c0073aec26211ad286c5f16a,0xec15c20015e72748f03065ed80c41cb882e3fb66,0x3e1fd889d4e61bab8df8700b3a1f73f917c8189a,0.01,8.5e-05
1.0,2025-12-24 11:42:23.000 UTC,Withdrawal,0xd0e25de3a5162cafd8e98aa331a6d525df8c130fa06a2d8c9e41b7828eb21143,0xec15c20015e72748f03065ed80c41cb882e3fb66,0x85831dc1748d096710e0b3210e5ad83be5e25306,1.0,0.001
0.01,2025-12-24 11:23:35.000 UTC,Withdrawal,0xd7b311cb42b3686b9b0f98892f71bb3803c0dcece8cb61fac920675c5f511734,0xec15c20015e72748f03065ed80c41cb882e3fb66,0x43f4fb17f92ea60ca6fac74ebf492ea6fe623c37,0.01,3.2e-05
0.0032,2025-12-24 08:23:35.000 UTC,Withdrawal,0x0e83189c4711df4a87a334842cb256e42edf1b79adde349483e9e901ae73c2de,0xec15c20015e72748f03065ed80c41cb882e3fb66,0xca699c38bde7d89f1ed71dd90247a6c10b9f9ff8,0.0032,2.368e-05
0.5,2025-12-24 05:50:59.000 UTC,Withdrawal,0x296f1da21f732c17fac07f015c373ab702c262545e09afa07d6326ca5dab5dd0,0xec15c20015e72748f03065ed80c41cb882e3fb66,0x8ca9f4b2b405f72bfaa225fb58693d591f862ada,0.5,0.0005
0.025,2025-12-24 05:35:11.000 UTC,Withdrawal,0x1ba176f9c5143ebf55ea767b5822c8ad1c1e826361f8d957deb22a5af6c69ebb,0xec15c20015e72748f03065ed80c41cb882e3fb66,0x8be1e2cc3b76299b1acd4e7f3ab0ed66c5c7168e,0.025,4.25e-05
0.05,2025-12-24 05:32:11.000 UTC,Withdrawal,0xeeb974d80c0a0e75af0739acf319c789c1316e417e2e4cdf88a6f7cd99129f4b,0xec15c20015e72748f03065ed80c41cb882e3fb66,0x5ec8a8045f42519d97f2d9e7cc73703961d8da0c,0.05,6.5e-05
0.05,2025-12-24 05:25:11.000 UTC,Withdrawal,0x5ac19c0aec70bde6017348677595e484e9a7edfab2861e3498d6196381a38c62,0xec15c20015e72748f03065ed80c41cb882e3fb66,0x3152fbb6102f1bc72a99df5476a146de9f343d1b,0.05,7e-05
0.025,2025-12-24 05:24:47.000 UTC,Withdrawal,0xcf20fd993dca1fb3510776edf45127eb8837635fcf771df2af41c6b887d82357,0xec15c20015e72748f03065ed80c41cb882e3fb66,0x8be1e2cc3b76299b1acd4e7f3ab0ed66c5c7168e,0.025,4.25e-05
0.05,2025-12-24 05:22:11.000 UTC,Withdrawal,0x9a40a7d9ad9c712703833a3da2358a945f48ba52aa397f28babd6470b6e0c3f7,0xec15c20015e72748f03065ed80c41cb882e3fb66,0xdfca527746ffc3cf17f45a6167d3ffc1f731110c,0.05,6.5e-05
0.05,2025-12-24 05:19:59.000 UTC,Withdrawal,0xdf16b9d0ca9629b6d6d299a3cf93be255b0e07b71477a50befe1f7995d7a1c51,0xec15c20015e72748f03065ed80c41cb882e3fb66,0x8b108e6ac64ca42c837dc7cf6904aaa13e3de0d9,0.05,6.5e-05
0.1,2025-12-24 03:15:47.000 UTC,Withdrawal,0x66a3a17eadc5f874071864df2dc9cf33345fa06a07a89b8524f85a082e2de363,0xec15c20015e72748f03065ed80c41cb882e3fb66,0xfac87aae88cbf4b0b08276d71de69d8313bec716,0.1,0.00012
0.5,2025-12-23 23:31:59.000 UTC,Withdrawal,0x55f6da7396fdc5b0e8a925340c4e72f5d0cec0e152e7d9ddacb9c62f2d571beb,0xec15c20015e72748f03065ed80c41cb882e3fb66,0x96ba6c16afe68b067c1f63b6ab1b21556096b431,0.5,0.0005
0.15,2025-12-23 11:03:35.000 UTC,Withdrawal,0x8aa6d8c47dd867636e6469c3caaf86e8dd738824dc4f3a543d6375fe7e44c39d,0xec15c20015e72748f03065ed80c41cb882e3fb66,0x9c303de078c7252964059cb252d0dce2bdaa568f,0.15,0.000165
0.11,2025-12-23 11:02:23.000 UTC,Withdrawal,0xeecb057cc6eba12e6cfd93ec0728b2a6e95f9ce61fa6506d74f65f58b9b2f317,0xec15c20015e72748f03065ed80c41cb882e3fb66,0x9c303de078c7252964059cb252d0dce2bdaa568f,0.11,0.000121
0.025,2025-12-23 09:11:59.000 UTC,Withdrawal,0xe35a0e914fd5cfb08ac958c08f0358f8b02fb14e11dd1fcd0b9fc034d89e9d9f,0xec15c20015e72748f03065ed80c41cb882e3fb66,0xea8604ac433291f363304c5dd4352d9b9899d2bc,0.025,4e-05
0.01,2025-12-23 08:53:59.000 UTC,Withdrawal,0x9538a8a3b6b21fb4522f87a226d69d9f73b65b4006d2230370468d0a7ca68170,0xec15c20015e72748f03065ed80c41cb882e3fb66,0x928ae47264516f403baf29871d8b43460f4f67aa,0.01,3.8e-05
0.004,2025-12-23 07:08:11.000 UTC,Withdrawal,0x2d29a2cee42464e419fe40b19d1772dfd05caa7b537856e117ca537a3bede201,0xec15c20015e72748f03065ed80c41cb882e3fb66,0xf2fa1ae7da3c4a56f7786f6931ec00e4b35099ad,0.004,3.64e-05
0.1,2025-12-23 06:49:23.000 UTC,Withdrawal,0xe39e37d85357d61ad6fb73d54308139dd8f7c6f92ae7479f781e0547dd1bafd3,0xec15c20015e72748f03065ed80c41cb882e3fb66,0x8d2f6dcacb7668f83e102fb1aec44ca19d40a130,0.1,0.00014
0.1,2025-12-23 06:43:23.000 UTC,Withdrawal,0x96ec76f57b57d6042cefa43e623705909d5b0ea948bd64864287e5a7c9541b06,0xec15c20015e72748f03065ed80c41cb882e3fb66,0x11373fd96f9fc0350ea1d30303058276c366c168,0.1,0.00013
0.1,2025-12-23 06:34:59.000 UTC,Withdrawal,0xa4dff323bfd6883b2d1395a25724818cb721f78f2dd29d0c4191a154274a96dc,0xec15c20015e72748f03065ed80c41cb882e3fb66,0x2dadfa008a22979c356a7df5f2b044bf269567d2,0.1,0.00012
0.5,2025-12-23 05:45:23.000 UTC,Withdrawal,0x63ba89ea420293f71d11df2c659c3596e966fcfb8f9b09344e488d7b2f75e194,0xec15c20015e72748f03065ed80c41cb882e3fb66,0x0ece91a322e1bc8c81e4a2ef94b7abe9c7209e4d,0.5,0.0005
0.1,2025-12-23 04:27:11.000 UTC,Withdrawal,0x96731aa3226cb9f549da30c78e338535a4cfca06d5f6711e3333a2636b81310e,0xec15c20015e72748f03065ed80c41cb882e3fb66,0xfac87aae88cbf4b0b08276d71de69d8313bec716,0.1,0.00012
5.0,2025-12-23 03:43:35.000 UTC,Withdrawal,0x3dd65c50f1da42c525575bff25fcef2e6e9bafbf11afaa03a56d5e91b5531b6f,0xec15c20015e72748f03065ed80c41cb882e3fb66,0x40e51f18f80e010f074b4ad87d84127960d14684,5.0,0.005
0.14,2025-12-22 20:39:23.000 UTC,Withdrawal,0xd86a740759951c241de9cf9e25f35936705c45d16c04c7ce61fd43655a7d9f4f,0xec15c20015e72748f03065ed80c41cb882e3fb66,0xfac87aae88cbf4b0b08276d71de69d8313bec716,0.14,0.000154
1.0,2025-12-22 17:40:59.000 UTC,Withdrawal,0xbcb13c3e9bf956a481dad2679f763065e3008cb18faeb1d9deeb3b73c1f0186e,0xec15c20015e72748f03065ed80c41cb882e3fb66,0x2c1a8dddcd1d44ee50ea65da9ca328186e460b80,1.0,0.001
0.02,2025-12-22 15:18:47.000 UTC,Withdrawal,0x7c152326b71d7529dfd50c105cfaf1a43e83b9505c661cff7eaaea849d0c8441,0xec15c20015e72748f03065ed80c41cb882e3fb66,0x4176d3b0053e650c0090087f86b74ff1a8c88410,0.02,8.2e-05
0.5,2025-12-22 12:48:47.000 UTC,Withdrawal,0xc340634df626f0dafa3734d4938cdd4e6378aca20a6d522ecd0ebf58db37c217,0xec15c20015e72748f03065ed80c41cb882e3fb66,0xdd23a8496e254d4dd472040310a61266c211660d,0.5,0.0005
0.375,2025-12-22 07:41:59.000 UTC,Withdrawal,0xfa8e526e9626dad1558ebf1912bfa0856ee84dd8876b967ee0605ea057c3859b,0xec15c20015e72748f03065ed80c41cb882e3fb66,0x0ece91a322e1bc8c81e4a2ef94b7abe9c7209e4d,0.375,0.000375
0.65,2025-12-21 22:26:11.000 UTC,Withdrawal,0x2d21f36d0062051f75c8c09636cd236443bf48dc950a20c0a57b10b29b075b11,0xec15c20015e72748f03065ed80c41cb882e3fb66,0xbd950b25906e3dc3b656b2d274ea6a3f3eca34b3,0.65,0.00065
1.0,2025-12-21 19:29:11.000 UTC,Withdrawal,0xf7638d4dba6009430a02867bffadd573596aaede4471da30da50af951e9250df,0xec15c20015e72748f03065ed80c41cb882e3fb66,0x54acf86ca26cefc79df48cffd2e72ec2b757eb15,1.0,0.001
1.0,2025-12-21 19:02:23.000 UTC,Withdrawal,0x19d6bee41c23e4130812c9f92db30bd5a1d2eeab36395bc89778d0873462a5b1,0xec15c20015e72748f03065ed80c41cb882e3fb66,0x6caaa33ec28f5228d4cd375214ea431e1d4e0f9b,1.0,0.001
0.60774,2025-12-21 03:13:35.000 UTC,Withdrawal,0x4f64ccb019d5a37ca9f16db6c51de07fc24daba8bf4ee712941f9683dbede7ab,0xec15c20015e72748f03065ed80c41cb882e3fb66,0xfbdc51c1ee3478490cb46cf15c61bbd4e50ff864,0.60774,0.00060774
0.6,2025-12-21 03:06:47.000 UTC,Withdrawal,0x754c173011c88963ea9ba7aeaf22919a3d77b3d40c63223848173f688f93754a,0xec15c20015e72748f03065ed80c41cb882e3fb66,0xc107aa455eff02cf9160fd551c1645738a318000,0.6,0.0006
0.1,2025-12-21 00:38:59.000 UTC,Withdrawal,0x821b44495354c3d868da801984e54cee1460e63d9a8114730bdb99b77bfd51ba,0xec15c20015e72748f03065ed80c41cb882e3fb66,0x01379a7171b1dcf3d3c34bd99a67e63ef5534b13,0.1,0.00011
0.01,2025-12-21 00:15:23.000 UTC,Withdrawal,0x14cf664866eb7b442568febefe644e80b28eb95557f158b133038efe72b7b48f,0xec15c20015e72748f03065ed80c41cb882e3fb66,0x96ba6c16afe68b067c1f63b6ab1b21556096b431,0.01,2.4e-05
0.1,2025-12-19 20:45:35.000 UTC,Withdrawal,0x73a24e92e88a7c1efa920c04c3e479033439bf7c8be801663c52b56265599c90,0xec15c20015e72748f03065ed80c41cb882e3fb66,0x2a537790a842bd6cfb3b920748d84c7abe307e76,0.1,0.00011
1.0,2025-12-19 19:24:23.000 UTC,Withdrawal,0x9eb02c953b235545acbfba3b78e12c85e89a01b8ad1896957412e841e50e262e,0xec15c20015e72748f03065ed80c41cb882e3fb66,0xfe3f9da417cc5ca989eb815faf29120b28f18fd3,1.0,0.001
0.341,2025-12-19 19:10:23.000 UTC,Withdrawal,0xdf81baa72b7046acb2dcabf6320cd372634d6452303ef257c982d4d81e80f198,0xec15c20015e72748f03065ed80c41cb882e3fb66,0xcba9d98890e4a1628295ed5231f379c73a0d8de6,0.341,0.000341
0.1,2025-12-19 16:12:47.000 UTC,Withdrawal,0x11f460baab6282dadb5dbe5bc26e000b3318543ddc90354d94d002eb96944fcb,0xec15c20015e72748f03065ed80c41cb882e3fb66,0x6dc43be93a8b5fd37dc16f24872babc6da5e5e3e,0.1,0.00031
0.1,2025-12-19 15:13:59.000 UTC,Withdrawal,0x6079801981788dff539750971c960be86b827a3e4d7413bf9fba540efa3700b8,0xec15c20015e72748f03065ed80c41cb882e3fb66,0x4038dbcb7b6c7edb07a35e7d4d10f7fd78917d98,0.1,0.00077
0.07341,2025-12-19 14:27:59.000 UTC,Withdrawal,0x62c5cc1dde155abac30107ddce6add0dda2e3bdbf5419b8ca7edff2858b9d7f7,0xec15c20015e72748f03065ed80c41cb882e3fb66,0xa29470aa5928f1a5eab684c69ab67e2bd18cba2b,0.07341,0.00036705
0.004,2025-12-19 13:09:23.000 UTC,Withdrawal,0xd0c5df7099e8cb2ffa4e17b505c52686b565228967f398f35043d2949f9ec50e,0xec15c20015e72748f03065ed80c41cb882e3fb66,0x7d7b8c8ea0a0ab66ab74f606035f253c6ab48b50,0.004,8.72e-05
0.006,2025-12-19 13:07:59.000 UTC,Withdrawal,0x0bd9ad8ee1a4b290c0a65440bc6ce3361ec80302a404492dd0b01494ff4bb4e7,0xec15c20015e72748f03065ed80c41cb882e3fb66,0x04d56f98c953acbc5d3202642b3c9b9c64f0b225,0.006,8.94e-05
0.01,2025-12-19 11:56:11.000 UTC,Withdrawal,0x77dc4ab0ce360c9d4215da16f9be5146e5aa05ce3e76f31b01bb8fb20a2cdbac,0xec15c20015e72748f03065ed80c41cb882e3fb66,0x5d51f0e83b76212a792e6167bfaf3cad06c11e74,0.01,3.1e-05
0.4,2025-12-19 07:19:59.000 UTC,Withdrawal,0xebb742506690600775741b7add06e4bb80823c51394ea9c2dc23d31ebd4b2d6d,0xec15c20015e72748f03065ed80c41cb882e3fb66,0x0ece91a322e1bc8c81e4a2ef94b7abe9c7209e4d,0.4,0.0004
0.5,2025-12-19 06:42:59.000 UTC,Withdrawal,0x243ed3f3a27212713595f78af4ee41f39247c3dbdb6e0538d22d438f31a4baba,0xec15c20015e72748f03065ed80c41cb882e3fb66,0x8ca9f4b2b405f72bfaa225fb58693d591f862ada,0.5,0.0005
0.002,2025-12-19 06:09:11.000 UTC,Withdrawal,0x08bc0ea4ab86140b35c3358c5a61d2eb7dc6cadda5f5e54408db9410c408cfb1,0xec15c20015e72748f03065ed80c41cb882e3fb66,0x0a3c5375dd80c8d01a11b4387463f4363a5ac045,0.002,2.26e-05
0.005,2025-12-19 05:19:47.000 UTC,Withdrawal,0xef6858d3884ac26adecb233b6008b31e8f3a86db8c56cdad8ac54db9262be5a2,0xec15c20015e72748f03065ed80c41cb882e3fb66,0x7d7b8c8ea0a0ab66ab74f606035f253c6ab48b50,0.005,2.15e-05
0.2,2025-12-18 19:58:11.000 UTC,Withdrawal,0xdca9bd2b84d0b7a9eb17510b5f27bf344434d909c8227b2065f9d5fee8b8f423,0xec15c20015e72748f03065ed80c41cb882e3fb66,0xd53188cbc12c54085a98a14ce83913f58df52fa2,0.2,0.00036
0.1,2025-12-18 18:16:23.000 UTC,Withdrawal,0xaaabbdf4ad73df42eeea693aa54b2e30c7b268758e688893e669e3da675f1cc0,0xec15c20015e72748f03065ed80c41cb882e3fb66,0xa6129b6beb8c1beebbd4014095c02e8b722dfa4c,0.1,0.00012
0.01,2025-12-18 06:52:47.000 UTC,Withdrawal,0xa6ddd247d226cd7e587157c487d80ca19304a2c87ba32d1029e3ffd4ed19d1d9,0xec15c20015e72748f03065ed80c41cb882e3fb66,0xd260188be682bc8ab098dc845a736f7921db9916,0.01,2.9e-05
0.1,2025-12-18 05:53:23.000 UTC,Withdrawal,0xa70c0fcafe37d698992e89e39d5ecb98b696b92ff7007db94c95630100da2049,0xec15c20015e72748f03065ed80c41cb882e3fb66,0x83628c2a8c534387067e41bc4725913c2dfd72e0,0.1,0.00011
0.0709,2025-12-17 23:10:11.000 UTC,Withdrawal,0x389244f71af0a82c4d20765cb1de21d339a8a6436200ef9f941009bb1611629b,0xec15c20015e72748f03065ed80c41cb882e3fb66,0x3adb4815dc8e8f41183f13e131a91583a0b4a81f,0.0709,8.508e-05
0.1,2025-12-17 18:49:11.000 UTC,Withdrawal,0x326a40038104be747d27b351d71c98b6b100a62db6e5b85c7f27fc4d016d6c97,0xec15c20015e72748f03065ed80c41cb882e3fb66,0xc2decb71d5ee1d687e3abdc281f9d1e0a9b43ce5,0.1,0.00017
0.1,2025-12-17 18:24:35.000 UTC,Withdrawal,0x47b2375f7f72e48ea4143c44639dc3519184f01e814b5c647f4dce07aa04a649,0xec15c20015e72748f03065ed80c41cb882e3fb66,0xc2decb71d5ee1d687e3abdc281f9d1e0a9b43ce5,0.1,0.00012
0.1,2025-12-17 18:22:59.000 UTC,Withdrawal,0xc0879a1a3c2d19a32245097aca7629e9c16453328bd56ca77dbcefd162439849,0xec15c20015e72748f03065ed80c41cb882e3fb66,0xc2decb71d5ee1d687e3abdc281f9d1e0a9b43ce5,0.1,0.00012
0.071,2025-12-17 18:16:11.000 UTC,Withdrawal,0x9973975165230a30f1903bdbb175d95a5e0738d0877945979313f25a03eba5ae,0xec15c20015e72748f03065ed80c41cb882e3fb66,0x83628c2a8c534387067e41bc4725913c2dfd72e0,0.071,8.52e-05
0.1,2025-12-17 18:14:11.000 UTC,Withdrawal,0x990f668fa440cff75db135d7f8cdf404f4c17e546da39ae4a6eada8b04c4d75f,0xec15c20015e72748f03065ed80c41cb882e3fb66,0xc2decb71d5ee1d687e3abdc281f9d1e0a9b43ce5,0.1,0.00011
0.005,2025-12-17 12:09:11.000 UTC,Withdrawal,0x06a7bc45abe4a5f6f55875cab026c86ca972509d3f03b6c4f9a8ac6dac866acb,0xec15c20015e72748f03065ed80c41cb882e3fb66,0xda9e4c9baca4c32e97c56cb04549b21032660fc2,0.005,3.45e-05
0.1,2025-12-17 10:17:23.000 UTC,Withdrawal,0xf6335be6f198857b86e785cad88d9925427a97cbe831c16ae94b2045f209ab63,0xec15c20015e72748f03065ed80c41cb882e3fb66,0x42e3b2b9969308c2fa6c4b71f6a13762e3136a1a,0.1,0.00012
0.03,2025-12-17 09:34:11.000 UTC,Withdrawal,0x62630d0e401482850d9cc93bfbc89d4167ea07e0a24871cf377d972ae67dc28b,0xec15c20015e72748f03065ed80c41cb882e3fb66,0xb24fcedc3231de915c3190b73ab6bdf39a138910,0.03,5.1e-05
0.01,2025-12-17 09:03:35.000 UTC,Withdrawal,0xb15770e50b2024457935930c7095f3c7273c3aca0f62a285912d69fb7d159d20,0xec15c20015e72748f03065ed80c41cb882e3fb66,0x42e3b2b9969308c2fa6c4b71f6a13762e3136a1a,0.01,3.1e-05
1.0,2025-12-17 08:04:35.000 UTC,Withdrawal,0x325c58c2f4912a9d79017175bef60a80af7c262616f67a59a979526d2a7dc07e,0xec15c20015e72748f03065ed80c41cb882e3fb66,0xa652ca2809c6eb7e340fff1be749a384787f1de3,1.0,0.001
0.2,2025-12-17 07:13:35.000 UTC,Withdrawal,0x09e39a46c1ee783926f3fe170a53061e687776f0c6c0d9e43aabfc862f5478fa,0xec15c20015e72748f03065ed80c41cb882e3fb66,0x0a5f07eca94861d5804891cb9078171bbb0fd046,0.2,0.00022
0.15,2025-12-17 06:15:11.000 UTC,Withdrawal,0xb3d12b76aaf3aa84f35b0b93c1e6b410b9590e1470aacd721880522d12b532f4,0xec15c20015e72748f03065ed80c41cb882e3fb66,0x1c95f0896d6d117bec10e5210bf8d253294a19c7,0.15,0.000165
5.0,2025-12-17 00:00:35.000 UTC,Withdrawal,0xa00524740c666b4d489ac95b2cf1c5abb6fc7b67338c0e0c6ee479836b15458c,0xec15c20015e72748f03065ed80c41cb882e3fb66,0x2cc822bbe443ed720e2f34ff9c58c37944917d88,5.0,0.005
1.0,2025-12-16 18:48:35.000 UTC,Withdrawal,0x25f3107d20d4c9b07a5f442b01e7ec684922cd50d1677ba3129adfcdbe4d6deb,0xec15c20015e72748f03065ed80c41cb882e3fb66,0x388f53e0c1544e6dc31f19aa57c8845020ec0cb5,1.0,0.001
0.101,2025-12-16 18:30:35.000 UTC,Withdrawal,0x13e3f9c9d80e154cd46a784615c23e468f29f890584b53af1f86a3ffdef1f3d6,0xec15c20015e72748f03065ed80c41cb882e3fb66,0xab155528373cfe1c179067b0945d3b424a3f9fb7,0.101,0.0001212
0.026,2025-12-16 09:15:11.000 UTC,Withdrawal,0x34e2b99c4f5862520a784ca3585a7dda64057b92e2a739788c7bbf728ca5306b,0xec15c20015e72748f03065ed80c41cb882e3fb66,0x19886aed98ac7a313649e06475b1beb9292520b6,0.026,4.94e-05
0.11,2025-12-16 05:22:35.000 UTC,Withdrawal,0x55946d99fc6efbce9bd9460f80eafd2a1c67c73333f54e9b1f3ce30445188050,0xec15c20015e72748f03065ed80c41cb882e3fb66,0xd38cc83e163df40b63abc09005698a7a3b5c70a2,0.11,0.000132
0.1,2025-12-16 04:26:23.000 UTC,Withdrawal,0xbe133a9ecdd0cc379ad22904454a951f7e974978e8b6d9c1d48f206ed2d84392,0xec15c20015e72748f03065ed80c41cb882e3fb66,0x017ddf4c8fd3ae33589e22ec2f0a4ed85a07ce12,0.1,0.00012
0.10597,2025-12-15 15:00:11.000 UTC,Withdrawal,0x6008a1ec75b0b59a604cc6216d3cda3c342db668f0530aab539f134917ceb92f,0xec15c20015e72748f03065ed80c41cb882e3fb66,0xfcc69aa87c56863d23fafc6cc95cc53942eaf154,0.10597,0.000381492
0.065,2025-12-15 14:43:23.000 UTC,Withdrawal,0x10a201ec87298dd1225960ce4c288715b2c40990183435b85d77ddd0188ac11a,0xec15c20015e72748f03065ed80c41cb882e3fb66,0x83628c2a8c534387067e41bc4725913c2dfd72e0,0.065,0.000117
0.01,2025-12-15 13:19:11.000 UTC,Withdrawal,0x3c9ea8fd21a956821d0ea29f3ce62b11f59240535bf822a998ef5064ea229e92,0xec15c20015e72748f03065ed80c41cb882e3fb66,0x147037f0d4805a7582c381424e1705b2f45cda89,0.01,4.7e-05
0.03436,2025-12-15 12:26:59.000 UTC,Withdrawal,0x44ef061c085d0e0e96804e70388140ecec08b16f76a3338a0bfd01c114d2aec9,0xec15c20015e72748f03065ed80c41cb882e3fb66,0x83628c2a8c534387067e41bc4725913c2dfd72e0,0.03436,8.9336e-05
0.1056,2025-12-14 22:20:47.000 UTC,Withdrawal,0x50b6f6b678b63828bbb9c31cb166f18b594c30cede8fcddb9a31104083f14db2,0xec15c20015e72748f03065ed80c41cb882e3fb66,0xdcec0c39b74b14fb65674c27f917114cd80f3a66,0.1056,0.00012672
0.3,2025-12-14 17:11:59.000 UTC,Withdrawal,0x4d53721e4f33160fc76caf628ba2db8b64de76795fe8821b8b3ac109c0f1da01,0xec15c20015e72748f03065ed80c41cb882e3fb66,0xb5b1ad063bb57d11026d10fab191cae87da82351,0.3,0.0003
0.2,2025-12-14 17:11:23.000 UTC,Withdrawal,0x84b14fe6574deca731f1dc2d6267c82acc23d4de3561c97cfef30f27ff64c26a,0xec15c20015e72748f03065ed80c41cb882e3fb66,0xb5b1ad063bb57d11026d10fab191cae87da82351,0.2,0.00022
0.3,2025-12-14 17:08:59.000 UTC,Withdrawal,0x880d4c8aa0ae27b41bc6dddab2697d470f4502f59fedf18b24695460d0836486,0xec15c20015e72748f03065ed80c41cb882e3fb66,0xb5b1ad063bb57d11026d10fab191cae87da82351,0.3,0.00033
0.1,2025-12-14 17:07:47.000 UTC,Withdrawal,0xe9478e4c2caa6f9cd27ce9f20ad0c551843aa5444f46f9500efb16fbcd063dff,0xec15c20015e72748f03065ed80c41cb882e3fb66,0xb5b1ad063bb57d11026d10fab191cae87da82351,0.1,0.00012
0.2,2025-12-14 17:00:47.000 UTC,Withdrawal,0xfbd5a4d0489e320dd2bb018ecc69d63454bf9c072cd120aad9267fdb15d1be20,0xec15c20015e72748f03065ed80c41cb882e3fb66,0xb5b1ad063bb57d11026d10fab191cae87da82351,0.2,0.00022
0.2,2025-12-14 16:57:59.000 UTC,Withdrawal,0xf0293705dabcc18b2f1653a24b5012b13a6f460ba37af55cd9e8f17cac047992,0xec15c20015e72748f03065ed80c41cb882e3fb66,0xb5b1ad063bb57d11026d10fab191cae87da82351,0.2,0.00022
0.30434,2025-12-14 16:01:23.000 UTC,Withdrawal,0xc6c038bd68e22ff0211344b7585e57080d8df86f37deb003f67722e22117f1dc,0xec15c20015e72748f03065ed80c41cb882e3fb66,0x894b7fdecadd6f9b76fab55d07f405b22e6b1089,0.30434,0.000334774
0.3,2025-12-14 15:57:59.000 UTC,Withdrawal,0x65c2f31999ff1953a00cf62ca8cab933e1f7176286e572e052025a4aebfa82a4,0xec15c20015e72748f03065ed80c41cb882e3fb66,0x894b7fdecadd6f9b76fab55d07f405b22e6b1089,0.3,0.0003
0.2,2025-12-14 15:54:59.000 UTC,Withdrawal,0x9bc8970e270d1c0129dea02d97524febc17fca2031346f97bdcc52c23bec0207,0xec15c20015e72748f03065ed80c41cb882e3fb66,0x894b7fdecadd6f9b76fab55d07f405b22e6b1089,0.2,0.00022
0.05,2025-12-14 15:08:23.000 UTC,Withdrawal,0x0247cb90d59611eabf91e598bcf0d5d8339d8d99793d4712a1d2e4c19f80cd3c,0xec15c20015e72748f03065ed80c41cb882e3fb66,0x894b7fdecadd6f9b76fab55d07f405b22e6b1089,0.05,8e-05
0.01,2025-12-13 17:13:23.000 UTC,Withdrawal,0xfe38f988c24a97a9b111a7f51eef7561ea798b4f925b579dfb661c24bac47b42,0xec15c20015e72748f03065ed80c41cb882e3fb66,0x2a407a15cbb71ae28ec10aad30b7f2e4ee4f3e1b,0.01,3.4e-05
0.35,2025-12-13 13:58:11.000 UTC,Withdrawal,0x96dc0aef93b64d98c25809dd6d3ea038cd4a13d47ee206e2f088987f32145ef7,0xec15c20015e72748f03065ed80c41cb882e3fb66,0x894b7fdecadd6f9b76fab55d07f405b22e6b1089,0.35,0.00035
0.0098,2025-12-13 03:31:47.000 UTC,Withdrawal,0xfdda6c18d91635f5e2a7dd1cb264ec71d58a90d9313a1aaaf343cf83574f95ff,0xec15c20015e72748f03065ed80c41cb882e3fb66,0xae27cdc71587ed382e402e5ffbfadba53bba24d8,0.0098,3.234e-05
0.05,2025-12-12 19:41:47.000 UTC,Withdrawal,0xc3a60e062f0e9df89bbac5b791a7118af395b119f1a8b5453a783ca1529ee367,0xec15c20015e72748f03065ed80c41cb882e3fb66,0xa6129b6beb8c1beebbd4014095c02e8b722dfa4c,0.05,6e-05
0.045,2025-12-12 13:25:11.000 UTC,Withdrawal,0xa4d8ef7cb1490eb1a148cf842d2160da67ee92e27c7114d355895318cea46a65,0xec15c20015e72748f03065ed80c41cb882e3fb66,0x7fa0599d2f36232090d161b39650a37e5d150170,0.045,0.0001035
0.13,2025-12-12 12:02:23.000 UTC,Withdrawal,0x856fb3cd132102888f3f1f13f85a0ff61d646e2a94cbfd9c9a4d1201ce3dd463,0xec15c20015e72748f03065ed80c41cb882e3fb66,0x83628c2a8c534387067e41bc4725913c2dfd72e0,0.13,0.000182
0.01,2025-12-12 11:09:59.000 UTC,Withdrawal,0xbfec7dde31978b36556c9e10c3ba9c10d21f8963fd592b4e7f1773e82be6c224,0xec15c20015e72748f03065ed80c41cb882e3fb66,0xce27868261093a11bb4591f9100fa7422cd49338,0.01,6.2e-05
0.1,2025-12-12 10:58:35.000 UTC,Withdrawal,0xf575d0fa1b62b0ad8943441ad49ba9cffaa59c9af9b979b75a87604b056cd2f3,0xec15c20015e72748f03065ed80c41cb882e3fb66,0xce27868261093a11bb4591f9100fa7422cd49338,0.1,0.00015
0.01,2025-12-12 09:30:11.000 UTC,Withdrawal,0xa67630adac440357ed7fcb390b90b295f7db0f0514271146ad4a591a3acdbc0b,0xec15c20015e72748f03065ed80c41cb882e3fb66,0x147037f0d4805a7582c381424e1705b2f45cda89,0.01,6.5e-05
0.01539,2025-12-11 20:59:23.000 UTC,Withdrawal,0xfcc597dc6324472f946fef508245813831107fa21f667424c602f9b834fb6133,0xec15c20015e72748f03065ed80c41cb882e3fb66,0xd97c317efd7e50b952103f610ca007dad92e6851,0.01539,9.0801e-05
0.049,2025-12-11 20:54:23.000 UTC,Withdrawal,0x24b9e574193cd0f8fd5a7dbc9b944793c161301f31ad77bd2df50b921cb3097d,0xec15c20015e72748f03065ed80c41cb882e3fb66,0xa6129b6beb8c1beebbd4014095c02e8b722dfa4c,0.049,0.0001127
0.166,2025-12-11 20:22:11.000 UTC,Withdrawal,0x8d080343922bb040f0504137316d8816b7ceab603dcf4d5acfa75dfcd18c47d0,0xec15c20015e72748f03065ed80c41cb882e3fb66,0x76c58a65aac8bea1ed2df8dca3384995328dca68,0.166,0.0002324
0.2,2025-12-11 15:43:11.000 UTC,Withdrawal,0x43e1ecb21ebb78c0f614022cbfafd0e442dd8ee9fd2df5167e4f90ada505b446,0xec15c20015e72748f03065ed80c41cb882e3fb66,0xb5b1ad063bb57d11026d10fab191cae87da82351,0.2,0.00028
0.4,2025-12-11 15:41:59.000 UTC,Withdrawal,0xd837b336acbe4e695ae8cf9e2500565a87972e147d2e3ac179b9412687b4af44,0xec15c20015e72748f03065ed80c41cb882e3fb66,0xb5b1ad063bb57d11026d10fab191cae87da82351,0.4,0.00048
0.3,2025-12-11 15:40:59.000 UTC,Withdrawal,0x789bc16c4fc901fb08c9cd2aea0809686846618f06abc7c7016f85c2e07f9974,0xec15c20015e72748f03065ed80c41cb882e3fb66,0xb5b1ad063bb57d11026d10fab191cae87da82351,0.3,0.00039
0.4,2025-12-11 15:39:47.000 UTC,Withdrawal,0x5c33148204cc29f4d01162da40e55aed017f264d47563e4b0ecc214067434bcb,0xec15c20015e72748f03065ed80c41cb882e3fb66,0xb5b1ad063bb57d11026d10fab191cae87da82351,0.4,0.00048
0.1,2025-12-11 15:23:23.000 UTC,Withdrawal,0xeb68d9a69be4e0c642518f2b81d2d8693ee1af316e94382252a2608f5fa4a1e8,0xec15c20015e72748f03065ed80c41cb882e3fb66,0xb5b1ad063bb57d11026d10fab191cae87da82351,0.1,0.00018
0.1,2025-12-11 15:21:11.000 UTC,Withdrawal,0x940349f26616107ca108df47328331ecaca1c6fbc320b05d6d0ff14fb64ef454,0xec15c20015e72748f03065ed80c41cb882e3fb66,0xb5b1ad063bb57d11026d10fab191cae87da82351,0.1,0.00019
0.1,2025-12-11 11:17:11.000 UTC,Withdrawal,0x7310aed825f3d367b107b79871ea3875384aa45e575af1151b95ab7e726796eb,0xec15c20015e72748f03065ed80c41cb882e3fb66,0x894b7fdecadd6f9b76fab55d07f405b22e6b1089,0.1,0.00018
0.1,2025-12-11 01:42:47.000 UTC,Withdrawal,0x74ec50b86648321483754bf936f65a9b43dd3bde98a0924fa1f5b9658424d682,0xec15c20015e72748f03065ed80c41cb882e3fb66,0x6dc43be93a8b5fd37dc16f24872babc6da5e5e3e,0.1,0.00018
0.08327,2025-12-10 22:54:59.000 UTC,Withdrawal,0x00a143b7800c4a48c8899d0d79fa344426e7d60ba2d6c6e543f700a7e0fdfd74,0xec15c20015e72748f03065ed80c41cb882e3fb66,0xb2d1d4d9bfdfaefe2e176895820d2c6969035a0b,0.08327,0.00016654
0.1,2025-12-10 15:53:23.000 UTC,Withdrawal,0x1b3f9cec37622de1c90c6479325b2c478b00e1ea5e416b62d34f7b7d5ee92a9a,0xec15c20015e72748f03065ed80c41cb882e3fb66,0xac508d403c5ff701ef7010e2dbb80dbf8acc3f74,0.1,0.0002
1.0,2025-12-10 13:27:23.000 UTC,Withdrawal,0xc0077371521b448e77d347a5462cf22f9b70492dc7d44dfd6aaf133b9521e93a,0xec15c20015e72748f03065ed80c41cb882e3fb66,0xdd23a8496e254d4dd472040310a61266c211660d,1.0,0.0011
0.016,2025-12-10 12:31:23.000 UTC,Withdrawal,0x4d1e898a9ae4d5a45a7a83e42c7d37af0f8d84450b6e865d31dc00d658c14631,0xec15c20015e72748f03065ed80c41cb882e3fb66,0x19886aed98ac7a313649e06475b1beb9292520b6,0.016,0.0001184
3.0,2025-12-09 22:16:59.000 UTC,Withdrawal,0xeb725f601cea4b5d8e8fd4cc126c9902772d84a9a737b442e441a02597b044fe,0xec15c20015e72748f03065ed80c41cb882e3fb66,0x82c1f5e930b9d5648474c821328915ef15cb295f,3.0,0.003
0.5,2025-12-09 22:15:47.000 UTC,Withdrawal,0xfa7d20b2eb105dc69ae248f08a2bb2806300c0221e468933bbda7c169caa47e9,0xec15c20015e72748f03065ed80c41cb882e3fb66,0x82c1f5e930b9d5648474c821328915ef15cb295f,0.5,0.0006
1.0,2025-12-09 21:13:59.000 UTC,Withdrawal,0x17896665d173a6de27d2fc0f42cd03bd8c3efbb7c61a431ae65ac21bb4700f87,0xec15c20015e72748f03065ed80c41cb882e3fb66,0x82c1f5e930b9d5648474c821328915ef15cb295f,1.0,0.0011
5.0,2025-12-09 21:12:59.000 UTC,Withdrawal,0x52d7c3cf40fc511235dfec70849c9ca162b91be774848dacb2f5e094affc22d4,0xec15c20015e72748f03065ed80c41cb882e3fb66,0x82c1f5e930b9d5648474c821328915ef15cb295f,5.0,0.005
0.01,2025-12-09 16:30:23.000 UTC,Withdrawal,0x68e3a34d7c70a3befe563386e2413fad7b3cde0ac99ad8447f126a4728f8c68c,0xec15c20015e72748f03065ed80c41cb882e3fb66,0x6caaa33ec28f5228d4cd375214ea431e1d4e0f9b,0.01,0.000392
1.0,2025-12-09 12:39:23.000 UTC,Withdrawal,0x2ce1fa922102afe9f7bc6c428228dff46f8aeed4a96fd30ae9ec8dbcf918e778,0xec15c20015e72748f03065ed80c41cb882e3fb66,0x8f76c907b52c1230a4a7a7bd131b3cbb8dd081fe,1.0,0.0011
0.1,2025-12-09 09:53:47.000 UTC,Withdrawal,0x2865b01585bb1dabc39cc95ee69c56047258d35806eb8cfb0f75a75ba9f3e5a6,0xec15c20015e72748f03065ed80c41cb882e3fb66,0xd3ae8dd903a0962dc63c2ce362426eb512e83bac,0.1,0.00025
0.04,2025-12-09 09:44:47.000 UTC,Withdrawal,0x918f0c8f375c157781bb7b56c014bea5c2b366987afdba18f6d720899614f941,0xec15c20015e72748f03065ed80c41cb882e3fb66,0xe2054c6fa2d6bebb04a96469757f037cddff0997,0.04,0.000192
0.11,2025-12-09 09:29:35.000 UTC,Withdrawal,0xc0c38e29194e26872a33a850b6c05e86e33896de334080e5aaf9f641fd112afe,0xec15c20015e72748f03065ed80c41cb882e3fb66,0x74f7b1c47a2d6ca9f4ff9b212c31b18812b0a7ed,0.11,0.000264
0.15,2025-12-09 09:26:35.000 UTC,Withdrawal,0xabf1b7379e121cce011a4a9dfa4a16374e2f1acdfb5cdd2c2f2bed972026c119,0xec15c20015e72748f03065ed80c41cb882e3fb66,0x04f9587243a33438121ecbc32a0cc1c5bf6afbd5,0.15,0.000285
0.2,2025-12-09 09:23:59.000 UTC,Withdrawal,0xd2949bd617d8cf0c0e76a22ce13fa5c0e0a8e76578b8ba56cb2f1e66d4270328,0xec15c20015e72748f03065ed80c41cb882e3fb66,0xce49e51e97cb4cd3a2ef1b7accc328b18221cf9c,0.2,0.00034
0.2,2025-12-09 09:13:59.000 UTC,Withdrawal,0x2fb20f09ab73f80326760032a7b93371a88754c5dd706462024fc0e873a3f741,0xec15c20015e72748f03065ed80c41cb882e3fb66,0x60b825087e300a99c22c55766b68b3d233a85e57,0.2,0.00036
0.35,2025-12-09 09:11:47.000 UTC,Withdrawal,0xa6523aa90f3ea111ebfb463994e42d0268c59358f2940223bda0838cbfb34d40,0xec15c20015e72748f03065ed80c41cb882e3fb66,0x0c57a67a43c9eef2860f451fb5c2e6d661dbe271,0.35,0.00049
0.011,2025-12-09 07:36:47.000 UTC,Withdrawal,0x61d3531930da50eff09f8946ff7320a4a87b8f59dfcedc9fc09bb66518ac1048,0xec15c20015e72748f03065ed80c41cb882e3fb66,0x2f7c3cd533652bd6a2dc7a3e4daa989e60295a40,0.011,0.0001661
1.0,2025-12-09 05:25:59.000 UTC,Withdrawal,0x338e0a664ce0dbdd841486b2a117026f1de18c6f4389f23f7df7711c5c65869e,0xec15c20015e72748f03065ed80c41cb882e3fb66,0x8ca9f4b2b405f72bfaa225fb58693d591f862ada,1.0,0.0011
1.35,2025-12-09 03:47:23.000 UTC,Withdrawal,0xd90c2d61d23f33914e118a21ff94feca2d37ec4f0b0a6024a38f99f47fe30084,0xec15c20015e72748f03065ed80c41cb882e3fb66,0xe3ad5182003b350db130829cae161dfc4bbb6b7a,1.35,0.001485
0.01,2025-12-09 02:51:23.000 UTC,Withdrawal,0x074347a12ab308cbe2800c0097e1b4186f754de77abb2f79ecca0662755202e7,0xec15c20015e72748f03065ed80c41cb882e3fb66,0x16d8b4b3ce51a4cffe932ea7f34ca072bc4ff844,0.01,0.000171
0.51,2025-12-08 23:21:23.000 UTC,Withdrawal,0xa1060bd02bb929efc23e77a24c14b62761103a4f8e3d452bfd92826ef91d7777,0xec15c20015e72748f03065ed80c41cb882e3fb66,0x0997e8bbf09440fdfaeb20405491b2e3543d50e0,0.51,0.000663
0.01,2025-12-08 23:13:23.000 UTC,Withdrawal,0x5c56371fcef2f6edc08fcd3bc016c62d0a7a697bbfaf40063cf044cadd73b867,0xec15c20015e72748f03065ed80c41cb882e3fb66,0x51dd8d286067919f72cc6ab7b7f4b71251c5a0a7,0.01,0.000183
0.01,2025-12-08 16:54:59.000 UTC,Withdrawal,0x3ade6a89986f9562a2627b269049b8e7597e01a4146f2669396a550d3497dbc3,0xec15c20015e72748f03065ed80c41cb882e3fb66,0xfcc69aa87c56863d23fafc6cc95cc53942eaf154,0.01,0.000242
0.10392,2025-12-08 16:50:59.000 UTC,Withdrawal,0xb585dfd8a3cc88a04f1899a5106cdd2d42d0077cddea3d9a0df54969faf4060b,0xec15c20015e72748f03065ed80c41cb882e3fb66,0xfcc69aa87c56863d23fafc6cc95cc53942eaf154,0.10392,0.00031176
0.49831,2025-12-08 13:02:47.000 UTC,Withdrawal,0xdd73bbdbd421a61fe3749b9f00c8dc50ce4f8b8262a9a450eb0203b5624974a2,0xec15c20015e72748f03065ed80c41cb882e3fb66,0x38989a1cfabbaffd25a4543ab0fe07a0470405ee,0.49831,0.000647803
0.01,2025-12-08 02:57:59.000 UTC,Withdrawal,0xecadee08cc2d38a29c0fdb3324b1cd68e220c57415de78feb28f81a168198112,0xec15c20015e72748f03065ed80c41cb882e3fb66,0x330c4fbda3b1a47088934289cf6039b5bab20e45,0.01,0.000151
0.1,2025-12-08 00:37:11.000 UTC,Withdrawal,0xd82c76c9b3d06039263f36077003c401cdaadaa389d0e2cc98df0fa783ad15cf,0xec15c20015e72748f03065ed80c41cb882e3fb66,0x78ee74911e7dcbf55840c029fb8796042b472032,0.1,0.0002
0.015,2025-12-07 20:05:47.000 UTC,Withdrawal,0x1e8010fcbf370f8728cb6ed0a3b0c963d5ad338545846722d8b292bb9f48cb30,0xec15c20015e72748f03065ed80c41cb882e3fb66,0x0b88fbab804e374db88984f9114fb7e41049b41a,0.015,0.0003375
0.01,2025-12-07 19:45:35.000 UTC,Withdrawal,0x049b5cf245cf7b0e6c9cefc15bb778aaa2d9d686d062904bff8368dc94190bcd,0xec15c20015e72748f03065ed80c41cb882e3fb66,0xa29470aa5928f1a5eab684c69ab67e2bd18cba2b,0.01,0.000301
0.05,2025-12-07 19:43:23.000 UTC,Withdrawal,0x96e0fd1e69886c557858da9f84751ffbe120a572f985e3a58253aa9e0c4709e0,0xec15c20015e72748f03065ed80c41cb882e3fb66,0xa29470aa5928f1a5eab684c69ab67e2bd18cba2b,0.05,0.000355
0.1,2025-12-07 19:42:35.000 UTC,Withdrawal,0xda5126e27a8256e80e8ef195d9fc3df45bd644733e21dd390138eaf4dfc76891,0xec15c20015e72748f03065ed80c41cb882e3fb66,0xa29470aa5928f1a5eab684c69ab67e2bd18cba2b,0.1,0.00041
0.1,2025-12-07 19:41:59.000 UTC,Withdrawal,0x2c64c454630d023ca4dbd4ee58c43f1d3e16b25d96793c5a1f928c8590e31906,0xec15c20015e72748f03065ed80c41cb882e3fb66,0xa29470aa5928f1a5eab684c69ab67e2bd18cba2b,0.1,0.00037
0.1,2025-12-07 19:41:11.000 UTC,Withdrawal,0x964772c273298e929fb89de480dc1aac10a3a0ff3f18e39e5319157131e282f7,0xec15c20015e72748f03065ed80c41cb882e3fb66,0xa29470aa5928f1a5eab684c69ab67e2bd18cba2b,0.1,0.00036
0.5,2025-12-07 19:39:59.000 UTC,Withdrawal,0x379616d7b4b78f989e25b650999a2810df24174e0a297e0bf6d093f8abf97ba9,0xec15c20015e72748f03065ed80c41cb882e3fb66,0xa29470aa5928f1a5eab684c69ab67e2bd18cba2b,0.5,0.00075
0.12,2025-12-07 18:33:59.000 UTC,Withdrawal,0x353c263a6148d4cb36cc98b4590b8f7b68b63eb8d7e75809109decf1598d46e6,0xec15c20015e72748f03065ed80c41cb882e3fb66,0x0954a11afb6a06e545399db4965101d1db7147eb,0.12,0.00042
0.11,2025-12-07 17:57:59.000 UTC,Withdrawal,0x9c946c16328390dca3aa3c338a5fe49d088df4106f25cace209b25f51d060523,0xec15c20015e72748f03065ed80c41cb882e3fb66,0xa00fb65fb1cfb7573ef5630b01433c7c64463310,0.11,0.000352
0.05,2025-12-07 17:13:23.000 UTC,Withdrawal,0xc86723e022b8b73a26477373a1905d277d4d9b547ebac342c41457089c3c9057,0xec15c20015e72748f03065ed80c41cb882e3fb66,0x98511e0d8aba94b131dc2984047a6ebdcc9306cb,0.05,0.00033
0.11,2025-12-07 16:42:11.000 UTC,Withdrawal,0x78a09a33b207d226d16a2db08b8988b7e68fb5f997451b8f9a17eae12c92696b,0xec15c20015e72748f03065ed80c41cb882e3fb66,0x2cf56caa7017c664388d8f605668600cdbeb8eec,0.11,0.000363
0.05,2025-12-06 23:35:35.000 UTC,Withdrawal,0xd58520f8966fe55d08ced77739f29097aec8c57addebf9247606575be0905fcd,0xec15c20015e72748f03065ed80c41cb882e3fb66,0xacb97a31d7792a0a08269cc9e72ec25dc57353fa,0.05,9e-05
0.03,2025-12-06 22:33:47.000 UTC,Withdrawal,0x7d8565f41bea66c144aac82a2538048abad2040b618f3bbf3f472f8ed2d0a0c4,0xec15c20015e72748f03065ed80c41cb882e3fb66,0x51c630d8eaa7c78fce55baf253e3d34bacdfdae0,0.03,6e-05
0.001,2025-12-06 18:37:59.000 UTC,Withdrawal,0xb226f2977e8c0edb6d7abb33c52151b90bab8bd14de28609c7245568534bde2d,0xec15c20015e72748f03065ed80c41cb882e3fb66,0xf857deb5b7e682da73cf0c457b9dcfafb2d527d6,0.001,1.79e-05
0.02,2025-12-06 16:53:47.000 UTC,Withdrawal,0xcc76d116c42a0c8503093adaf088a2187cb70b838eb5ffd6998f53b16f2288e1,0xec15c20015e72748f03065ed80c41cb882e3fb66,0x19886aed98ac7a313649e06475b1beb9292520b6,0.02,3.6e-05
0.011,2025-12-06 15:43:47.000 UTC,Withdrawal,0xbbe29e07239f048ea8c0d8e664e9340b1accc48da22a3c9f110d34a49da8cda1,0xec15c20015e72748f03065ed80c41cb882e3fb66,0x52980a53f79e295231ab24fa20628dfdf9f7feed,0.011,2.64e-05
0.66332,2025-12-06 13:22:47.000 UTC,Withdrawal,0xea992d4966b6cbac4695321107024171b7bb76e610ddc4363e1c1ffad5372c18,0xec15c20015e72748f03065ed80c41cb882e3fb66,0xcbe5c71993662ab6093bcb138a6dd4f4416c0e1d,0.66332,0.00066332
0.01,2025-12-06 07:42:11.000 UTC,Withdrawal,0xf668f494bd7514a12deee2f264c308d1109f9775f7170c606b0274ad850b7b8c,0xec15c20015e72748f03065ed80c41cb882e3fb66,0x0087b8616714e74d681430bf4f9a1189965bb16f,0.01,2.5e-05
0.018,2025-12-06 04:25:59.000 UTC,Withdrawal,0xa4630ba5a9caa3a966a0793f5417981fef5c7794096fb4dc8dd89f2350dd4333,0xec15c20015e72748f03065ed80c41cb882e3fb66,0x1778e8afabc248bb723e0287fc752f5f4b38add9,0.018,3.06e-05
0.2,2025-12-05 18:14:47.000 UTC,Withdrawal,0xbec23fa4bb1dd5ed36662122ac4f81d9c7522a165c14779a713027c4d789a21c,0xec15c20015e72748f03065ed80c41cb882e3fb66,0x2051d87d4390f7f26626908e6cbe22f0c50fb065,0.2,0.00022
0.01,2025-12-05 00:10:35.000 UTC,Withdrawal,0xb2d84f9ebca25c8a9773a9818ca72d6e68e640199410046a7d4f1fcb1bb34c9a,0xec15c20015e72748f03065ed80c41cb882e3fb66,0x147037f0d4805a7582c381424e1705b2f45cda89,0.01,2.1e-05
0.02852,2025-12-04 22:26:47.000 UTC,Withdrawal,0x5bceccd5ce2663f5c86f65c7867779f12395b08aeed446178dc98bd781c1d0a2,0xec15c20015e72748f03065ed80c41cb882e3fb66,0x98b015675e5a1c6c08d057ca193745e7c3d67d4f,0.02852,5.1336e-05
0.01,2025-12-04 17:36:59.000 UTC,Withdrawal,0xc1936ce6d206917f86e645d2f23c073d5034bd91b779321f37cc53ae5efb099c,0xec15c20015e72748f03065ed80c41cb882e3fb66,0x147037f0d4805a7582c381424e1705b2f45cda89,0.01,3.4e-05
0.01,2025-12-04 13:29:11.000 UTC,Withdrawal,0x754881da58151b6abd6fecf004a412e8432df7abdef8dfe36acd3346df435aed,0xec15c20015e72748f03065ed80c41cb882e3fb66,0x97b0351ef890312e5ebf68a85ded7aebdcc1f289,0.01,4.7e-05
0.01,2025-12-04 12:33:47.000 UTC,Withdrawal,0x2c6a3caeb6c9bdc9493737acf2144d6f4ca59975cfbb96fed97a587a4806fd0e,0xec15c20015e72748f03065ed80c41cb882e3fb66,0x47fb2c0e737c28bcb7abec64956ef694e7328116,0.01,3.2e-05
0.01,2025-12-04 09:47:23.000 UTC,Withdrawal,0x9ec6bfb5c2cee8e6d9a263eefce66171fe471c8455580832f32cac99408c2add,0xec15c20015e72748f03065ed80c41cb882e3fb66,0x147037f0d4805a7582c381424e1705b2f45cda89,0.01,2.9e-05
1.0,2025-12-04 08:58:11.000 UTC,Withdrawal,0xbfbc567785f0f407cfdb60c754947dccbbea5321a07214af0df99efb4706faa1,0xec15c20015e72748f03065ed80c41cb882e3fb66,0x8c769cd5505d049d25ad59b8f4404e8a5a4cd6e0,1.0,0.001
0.5,2025-12-04 08:53:35.000 UTC,Withdrawal,0x1bc75c105e196f3d94c1a9e66356f56dbf4c9164538897dd91a1a025875fc68c,0xec15c20015e72748f03065ed80c41cb882e3fb66,0xe986a0b6615c32fe23142ba208406687a73bf9ad,0.5,0.0005
0.965,2025-12-04 05:55:35.000 UTC,Withdrawal,0xfefcfbd2581aa21a904ad295d3a4763277739bf4cec2e981dd126b83f657996f,0xec15c20015e72748f03065ed80c41cb882e3fb66,0x96d851f9ce8244185b7dbca3e0e3feb6392eb7c3,0.965,0.000965
3.0,2025-12-04 05:30:59.000 UTC,Withdrawal,0xb06d5a5e7e2975bd0d2600e7452a7026c8f8747ab87d893bbdcf28b883f8689b,0xec15c20015e72748f03065ed80c41cb882e3fb66,0xdd23a8496e254d4dd472040310a61266c211660d,3.0,0.003
0.07,2025-12-04 03:21:47.000 UTC,Withdrawal,0x52ca142fb05ca2888e1907754c6d9e68144fb607e2a423ecfeea7986a20c70d7,0xec15c20015e72748f03065ed80c41cb882e3fb66,0xa6129b6beb8c1beebbd4014095c02e8b722dfa4c,0.07,8.4e-05
1.0,2025-12-04 02:33:59.000 UTC,Withdrawal,0x71f1e56f5b4940c04703bb36ad75d6025781c6188fdd68749a6ec6230e7ef3e7,0xec15c20015e72748f03065ed80c41cb882e3fb66,0x8ca9f4b2b405f72bfaa225fb58693d591f862ada,1.0,0.001
0.01,2025-12-04 00:59:11.000 UTC,Withdrawal,0x119a08e7c1380f4ff6fc456edc0869959b6de0732bf78785893b0aa26d19a1c7,0xec15c20015e72748f03065ed80c41cb882e3fb66,0xfc6990f20e9eaeeda99adc8e7e30dcd328199775,0.01,2.4e-05
0.09,2025-12-04 00:54:47.000 UTC,Withdrawal,0x89619e4e8492ecd846cbdd80fa966eb7dd8d8a59fb8ae94d200978db939bc0ab,0xec15c20015e72748f03065ed80c41cb882e3fb66,0xcbe5c71993662ab6093bcb138a6dd4f4416c0e1d,0.09,9.9e-05
0.01,2025-12-03 23:53:59.000 UTC,Withdrawal,0x83f65ea39a9b32a0dda6a5b79bd4d27f7aaf7e500caafa66e3b1d014bc2913ef,0xec15c20015e72748f03065ed80c41cb882e3fb66,0x554c5af96e9e3c05aec01ce18221d0dd25975ab4,0.01,2.7e-05
0.01,2025-12-03 23:46:59.000 UTC,Withdrawal,0x945a8b185ff42517cb7231074ca960ceb63f78aec313332222848e9ec751340a,0xec15c20015e72748f03065ed80c41cb882e3fb66,0x147037f0d4805a7582c381424e1705b2f45cda89,0.01,2.5e-05
0.05,2025-12-03 22:29:23.000 UTC,Withdrawal,0xd8e20e624623eeec0df0b341005674c26d922cc472725f42379a359d106ea446,0xec15c20015e72748f03065ed80c41cb882e3fb66,0x147037f0d4805a7582c381424e1705b2f45cda89,0.05,6.5e-05
0.11,2025-12-02 15:22:35.000 UTC,Withdrawal,0x449f5514e46e1a9a8f18dc0fd22cb1f544668aa55d16066f989a60f39970919d,0xec15c20015e72748f03065ed80c41cb882e3fb66,0x9c6ca9a5b23160691d4fe97ea0c8a684481c4393,0.11,0.000858
0.105,2025-12-02 13:38:59.000 UTC,Withdrawal,0x38021f8314019ba20c313c5bbf0c3f0496385ae201fb8c6648188c95778545e6,0xec15c20015e72748f03065ed80c41cb882e3fb66,0xfba844a727ef567bc13bbe4e37174512098e8adb,0.105,0.0001365
0.01,2025-12-02 12:45:59.000 UTC,Withdrawal,0x8578ae5a714267b9d6a9b389b47345102eb93126f91a1d0acf2baaccf0da8c13,0xec15c20015e72748f03065ed80c41cb882e3fb66,0xdf3422d7cba17c8447a34631193239f22dba47fe,0.01,4.4e-05
0.11,2025-12-02 11:15:59.000 UTC,Withdrawal,0x40d50de34330c9d4117e16a75192baaa5ecaed2c4dc16569ace7c9910dc2ba5d,0xec15c20015e72748f03065ed80c41cb882e3fb66,0xeb3fee22663888e3e0e1fc2a940f2cc3847a49f3,0.11,0.000132
1.0,2025-12-02 03:08:59.000 UTC,Withdrawal,0xca8db63d74b368ced10c1eed63119d74ad2ed62adb7ff06a7fab765e1260ccde,0xec15c20015e72748f03065ed80c41cb882e3fb66,0x0ece91a322e1bc8c81e4a2ef94b7abe9c7209e4d,1.0,0.001
0.15,2025-12-02 03:06:23.000 UTC,Withdrawal,0x56d5511e2625db140aa4603fb591574e96ddfe5f4649a0980210d2bd4fc185d9,0xec15c20015e72748f03065ed80c41cb882e3fb66,0x0ece91a322e1bc8c81e4a2ef94b7abe9c7209e4d,0.15,0.000165
0.10849,2025-12-01 22:39:11.000 UTC,Withdrawal,0xea73d1e685670370b9085436a529a716017ef505a3819b1fe5894b426efda937,0xec15c20015e72748f03065ed80c41cb882e3fb66,0xa48ddceea52468e8b00030573d6a2033c2015ea2,0.10849,0.000141037
0.08574,2025-12-01 22:36:23.000 UTC,Withdrawal,0x8c1376b7a3aeb61c96a44d7111dbee9eb0b1496ace1ff73cc6d35a41c641a15a,0xec15c20015e72748f03065ed80c41cb882e3fb66,0xe3dc8eba0b46ff2a1e67b4d5c9584c60c2b38535,0.08574,0.000111462
0.62868,2025-12-01 22:31:23.000 UTC,Withdrawal,0x6dcdbddb6dbc194488e73b1e87509168a26adbe1b542bed371dac5a4d25a533a,0xec15c20015e72748f03065ed80c41cb882e3fb66,0xdaa53fd9e54c4af8bb2aefaed42181d86bf84114,0.62868,0.00062868
1.45,2025-12-01 21:07:35.000 UTC,Withdrawal,0x57188a4b96059d87d5bfe6d4aa17c340e62ba6dbc2ba6909ab73f824659450eb,0xec15c20015e72748f03065ed80c41cb882e3fb66,0x3b82415b71e1f32b4a886c5bc37ddacaed2adac0,1.45,0.00145
0.1,2025-12-01 19:49:47.000 UTC,Withdrawal,0xe4c6977569c42a740ece03a4997e0127cca6e5d3fd910042b3c7c938a3654455,0xec15c20015e72748f03065ed80c41cb882e3fb66,0xab0ae2060f41d4c512a8b02273231578b140f938,0.1,0.00012
3.123,2025-12-01 19:09:23.000 UTC,Withdrawal,0xd679699e85a422ba6e6484703f201377f997789cc0f68663355109057ffa20aa,0xec15c20015e72748f03065ed80c41cb882e3fb66,0x3b82415b71e1f32b4a886c5bc37ddacaed2adac0,3.123,0.003123
0.1,2025-12-01 18:36:59.000 UTC,Withdrawal,0x34cf5b310761767c2fee1bea92519955780be3408f86aaf38c099c025371b639,0xec15c20015e72748f03065ed80c41cb882e3fb66,0xf76044a09130382b0dc1b64f97a5ca8bce26e372,0.1,0.00015
0.1,2025-12-01 18:24:47.000 UTC,Withdrawal,0x17f40864b7717c1e1b2ff72d882226cb655b61d8b8bf9faae86bae03be1de839,0xec15c20015e72748f03065ed80c41cb882e3fb66,0x5fb0e6b541603dffdc109e637e379a28e16cc5e5,0.1,0.00017
0.1,2025-12-01 17:03:59.000 UTC,Withdrawal,0x2fb4c59ffee830944572a240ae26b40ca484bc3e7a5160e1ebd916b8e4f1902f,0xec15c20015e72748f03065ed80c41cb882e3fb66,0x102913b942b33b55205cb5f1d91af18b4bfeae0a,0.1,0.00032
0.114,2025-12-01 15:02:59.000 UTC,Withdrawal,0x3c424d60f6503a033000dd75d8277e37f99588334eca781585584bcd3627533d,0xec15c20015e72748f03065ed80c41cb882e3fb66,0x4b6dc2062c9471dd11ef91a91167b64dc97da8cd,0.114,0.0006612
0.059,2025-12-01 14:20:47.000 UTC,Withdrawal,0xe3e095a12d1c9f31eea1a962695eff9e3d525323aaabfa934954ccf993c0f985,0xec15c20015e72748f03065ed80c41cb882e3fb66,0x06efd7ddb53a050991a500b78b5bbf86d86f82ea,0.059,0.0006726
0.09945,2025-12-01 14:10:35.000 UTC,Withdrawal,0xdd5ae9e64308d6dddae0f962bec2c9989da5c020c8c6358438e2e42ee2eb368e,0xec15c20015e72748f03065ed80c41cb882e3fb66,0x06efd7ddb53a050991a500b78b5bbf86d86f82ea,0.09945,0.00063648
0.09,2025-12-01 13:24:11.000 UTC,Withdrawal,0x6bbb65b47457f280244cf809284c67a8a5cea5f8f84a4b19b8626e3331ccf250,0xec15c20015e72748f03065ed80c41cb882e3fb66,0xdaa53fd9e54c4af8bb2aefaed42181d86bf84114,0.09,0.000234
0.91,2025-12-01 13:19:59.000 UTC,Withdrawal,0x41c84be6a708111b9cdfd58fb335f61349e67858b45297fccbbddc2151fc737e,0xec15c20015e72748f03065ed80c41cb882e3fb66,0x8baa5921db773b5ec3f46323666ee684ca666953,0.91,0.00091
0.1,2025-12-01 12:59:23.000 UTC,Withdrawal,0xacd8b95176bcabd85acd83d09f6205f12dbdba5232a6809dcad855812a48b122,0xec15c20015e72748f03065ed80c41cb882e3fb66,0x102913b942b33b55205cb5f1d91af18b4bfeae0a,0.1,0.00016
0.10146,2025-12-01 12:28:35.000 UTC,Withdrawal,0x3cb946640d8376a52e2c858884de7c8dffb42e743c064ea91634ea208ee1afbe,0xec15c20015e72748f03065ed80c41cb882e3fb66,0x808a07b98aeb8af51087710b75aef427bc84ffd1,0.10146,0.000121752
0.01,2025-12-01 11:17:47.000 UTC,Withdrawal,0xc669249fe7390ae285b41dab6f2ad61cb23f77a1defb5cef61abc315f075edd6,0xec15c20015e72748f03065ed80c41cb882e3fb66,0xe8c8f12ccb61fd25ecc5e391e99f69a971526c99,0.01,3.3e-05
0.01,2025-12-01 09:08:23.000 UTC,Withdrawal,0xd62e66b6083a15c832167de37b22d1c3f56459c16409d6282d000d3787931c3e,0xec15c20015e72748f03065ed80c41cb882e3fb66,0xf766698fbfc3cded2417b5244550a4293274e0f8,0.01,3.4e-05
1.0,2025-12-01 07:54:47.000 UTC,Withdrawal,0xdef3f89e0123fd871981564a2f93c45bb853eea378f3aef39fa5ea8ab58dc5ea,0xec15c20015e72748f03065ed80c41cb882e3fb66,0xd18d5ab353a08ed75466d85ac8ee015c3aa5251b,1.0,0.001
2.0,2025-12-01 05:12:11.000 UTC,Withdrawal,0xf880b55156f04994018eb32d00f9dde8349e197aa5af73e2cece0d53995165d0,0xec15c20015e72748f03065ed80c41cb882e3fb66,0x8ca9f4b2b405f72bfaa225fb58693d591f862ada,2.0,0.002
1.0,2025-12-01 05:04:59.000 UTC,Withdrawal,0x06af42191fe7acf7203f8e9ccdeb1f46173f3d5f6657dc1e6d7815f8c10dc79d,0xec15c20015e72748f03065ed80c41cb882e3fb66,0x8ca9f4b2b405f72bfaa225fb58693d591f862ada,1.0,0.001
0.01,2025-12-01 03:28:59.000 UTC,Withdrawal,0x867e8cced617cb26115965d20de88296c21f0f9863fc37cd3c93dc1a4250e7bf,0xec15c20015e72748f03065ed80c41cb882e3fb66,0xf0b1ab0b2407ddb16891fa38b94273319c5f0e48,0.01,4.1e-05
0.02,2025-11-30 20:20:11.000 UTC,Withdrawal,0x4e0b01d4f6c44f9cb98476d7a5d9d3d70c1ef3bd7d9dde955c64b9664dd04c92,0xec15c20015e72748f03065ed80c41cb882e3fb66,0x8c03c14826aa7458b1417c02cfcbc3e4cc2eb232,0.02,5e-05
0.02,2025-11-30 15:22:11.000 UTC,Withdrawal,0x5487c75e2f961a259e1492b1001e6b044b70432560f0139d190a81fac475aa87,0xec15c20015e72748f03065ed80c41cb882e3fb66,0x8c03c14826aa7458b1417c02cfcbc3e4cc2eb232,0.02,4.4e-05
0.01,2025-11-30 10:14:23.000 UTC,Withdrawal,0x1241133f033989e38773fd0d14b71ea975380c688839989e550338675a00ffc1,0xec15c20015e72748f03065ed80c41cb882e3fb66,0xf766698fbfc3cded2417b5244550a4293274e0f8,0.01,3.5e-05
0.02,2025-11-30 10:12:23.000 UTC,Withdrawal,0x18538ee45959f846b58801fccec0158d6b4b87eb4c357284caeba5d31f010c35,0xec15c20015e72748f03065ed80c41cb882e3fb66,0x53dd4285c27304436c288a8465fb1ba39a1ef912,0.02,4.8e-05
3.3,2025-11-30 02:47:35.000 UTC,Withdrawal,0xc1061a12de9680ebce8e31c12b13d39b111947d0c32b3775cc75d240c74b7985,0xec15c20015e72748f03065ed80c41cb882e3fb66,0x0db66b0f32fd13c9a7d9fce4f92be162302c4fb5,3.3,0.0033
0.01,2025-11-29 23:48:23.000 UTC,Withdrawal,0x9a952b90edac4c0b9abc508c4e65b80664eb6f65af095c79dbd68a813eb0c22f,0xec15c20015e72748f03065ed80c41cb882e3fb66,0xe7be66d0d4081d88a0676a4246d0e973dd456a8d,0.01,3.4e-05
0.15,2025-11-29 23:26:23.000 UTC,Withdrawal,0x4ff6f208da9de750341c4ced413e808c83165c8ca48877012a70d23ee39ddc87,0xec15c20015e72748f03065ed80c41cb882e3fb66,0xe17298cbadb659876345f652733f219cd5e2ae29,0.15,0.000165
0.01,2025-11-29 20:26:11.000 UTC,Withdrawal,0xa8be6ac64973fd7795bd8331e46e4e0eaefcd57c15bec2c7d4f702b86f93c316,0xec15c20015e72748f03065ed80c41cb882e3fb66,0x59c0d6fa58294bc4c08aef5a3f42af41e7045b23,0.01,3.4e-05
0.01,2025-11-29 19:05:47.000 UTC,Withdrawal,0xd1945a21bd6b75a440837f72fc4f509b27d3365748f185f4073f0abb64fbf538,0xec15c20015e72748f03065ed80c41cb882e3fb66,0xcbe5c71993662ab6093bcb138a6dd4f4416c0e1d,0.01,3.7e-05
0.1,2025-11-29 19:04:47.000 UTC,Withdrawal,0xf42c5a16c52090536b57bca70bdd72d1c1b466103d7bcf88b508adacaaf4a69f,0xec15c20015e72748f03065ed80c41cb882e3fb66,0xcbe5c71993662ab6093bcb138a6dd4f4416c0e1d,0.1,0.00012
0.05,2025-11-29 08:41:35.000 UTC,Withdrawal,0x5e3861bebe213d77948835c95461fe26f0d1bd8e30581b4e42d27c0af4ad69e5,0xec15c20015e72748f03065ed80c41cb882e3fb66,0xef2709ad20abac378e6390b0a9228eef7071b068,0.05,7.5e-05
0.05,2025-11-29 07:42:23.000 UTC,Withdrawal,0xd7a110fb879a9832e6f7849de9a535d2f44d74b0843fdd27e77a8a536d64d6cd,0xec15c20015e72748f03065ed80c41cb882e3fb66,0xcd9f8eaf8006ab4aa8be99b2f236fa7276b0fb36,0.05,7.5e-05
2.0,2025-11-28 22:50:35.000 UTC,Withdrawal,0x30eda6560779156165b52db4a35d52de30cd5c1bd3ba1513a8d41d20605f0dcd,0xec15c20015e72748f03065ed80c41cb882e3fb66,0xa2d3c0fa65bd75af303087aac6b91b65f5c53012,2.0,0.002
5.0,2025-11-28 22:36:23.000 UTC,Withdrawal,0xcd246eacdaa42a6a4197ac41475eed121c71cd2a15a64578a7c5dbf784d91a09,0xec15c20015e72748f03065ed80c41cb882e3fb66,0xa2d3c0fa65bd75af303087aac6b91b65f5c53012,5.0,0.005
0.0025,2025-11-28 11:54:59.000 UTC,Withdrawal,0x4a4f29c8e0991507a55b0032118d72fa4c0aa0bb9e4ad3ffcfa71cd9938f7704,0xec15c20015e72748f03065ed80c41cb882e3fb66,0x5dc9b9d2e808b542efdd8d85b090402245191ece,0.0025,3.225e-05
0.01,2025-11-28 10:54:35.000 UTC,Withdrawal,0x8187083effa27089a7a0e7ea57f55bd497f65d47c56ea68f08d6dfe70d95ef01,0xec15c20015e72748f03065ed80c41cb882e3fb66,0x5d7d9a7ffe7800a56880d7c5241c693adedf0f47,0.01,3.7e-05
0.017,2025-11-28 08:33:59.000 UTC,Withdrawal,0x7151b0b23f2457a7d08cd5b72e066834680a6f58f9b575973c18cd6abcccc9a2,0xec15c20015e72748f03065ed80c41cb882e3fb66,0xa944d637c50907a84d88d2e541ecc97cf3006c22,0.017,7.14e-05
0.5,2025-11-28 05:50:23.000 UTC,Withdrawal,0xe68d6c6dc1c178d004aa079f8fd5cacf0c43c2a3a45f553e7a8f300a8928672b,0xec15c20015e72748f03065ed80c41cb882e3fb66,0x0ece91a322e1bc8c81e4a2ef94b7abe9c7209e4d,0.5,0.0005
0.1,2025-11-28 04:43:47.000 UTC,Withdrawal,0xf703753aeb49f0f5152ecc6a152ca75a90fcc37bb1280a384cbf0eeadb168005,0xec15c20015e72748f03065ed80c41cb882e3fb66,0x8ca9f4b2b405f72bfaa225fb58693d591f862ada,0.1,0.00013
0.007,2025-11-28 01:28:35.000 UTC,Withdrawal,0x6e14b4375b5f4e930ff19ad19af66daec6e9676197ef002bdcce781fd84dac31,0xec15c20015e72748f03065ed80c41cb882e3fb66,0xe74b35c8da293ccec19a5b0128eeea3db86957c8,0.007,3.57e-05
0.02,2025-11-28 01:27:23.000 UTC,Withdrawal,0x29582977e20254b324144b6fb82bdf7c85ad35501509a92f8fd1463ae8830427,0xec15c20015e72748f03065ed80c41cb882e3fb66,0xf52a1da3e18174216184fb3013eefdae0ebac9b4,0.02,5e-05
0.01,2025-11-27 20:32:23.000 UTC,Withdrawal,0xa13940604b7e1b6a1d65884ea64e7bb662cc3e82daea7532be8e4f577fe81ddc,0xec15c20015e72748f03065ed80c41cb882e3fb66,0x1b71c7e670e3ca134a6211daf1c6e9ba75096453,0.01,3.5e-05
0.02,2025-11-27 18:45:59.000 UTC,Withdrawal,0xcba57874040e7e828ed23f8cc1c39f52e6be6bfa164d04aeb41a43f5c67b3146,0xec15c20015e72748f03065ed80c41cb882e3fb66,0xd2070713c2f7f30efdfc1518b6b4f07adbdca445,0.02,5e-05
0.01,2025-11-27 15:45:35.000 UTC,Withdrawal,0x4dc4e6ddbce7521e3a591de808340ee7be7c347cd2458b21edff9152920d38e1,0xec15c20015e72748f03065ed80c41cb882e3fb66,0x03826558668ba34e38ebfae35f88e38fa25c4b10,0.01,5.3e-05
0.15,2025-11-27 15:24:59.000 UTC,Withdrawal,0x3b4c99c432865b5b096092d35029f76463ed01da54b40a63a1c6827231b4af8e,0xec15c20015e72748f03065ed80c41cb882e3fb66,0xdf3fa5824cd5f0f0888c0bc628d0ae508b8eb823,0.15,0.00018
0.85,2025-11-27 14:59:35.000 UTC,Withdrawal,0x59fa4c1b51a7a0f9d19c555466aafb57784193339d9557942ce9fa2db635731c,0xec15c20015e72748f03065ed80c41cb882e3fb66,0x00fd556c59568bd99b34155cf21b809d9bb3a913,0.85,0.00085
0.01,2025-11-27 14:11:59.000 UTC,Withdrawal,0x93903d9ebb2662b1d521bfcabf0dc28ecde52af44cb951057f1993db1a2882b2,0xec15c20015e72748f03065ed80c41cb882e3fb66,0xdde2de0803821ff0e724bf6ae631314207f9e4d4,0.01,7.7e-05
0.1,2025-11-27 08:31:23.000 UTC,Withdrawal,0xf840f1b4aa3d778314934ecdcee33e41377e05c3208a050657533cb927516200,0xec15c20015e72748f03065ed80c41cb882e3fb66,0x61d7a81c788e9966cc44b4ee647a64515bad172f,0.1,0.00013
0.965,2025-11-27 06:20:47.000 UTC,Withdrawal,0x46f7a96fb6fb7c9e1488f00c73a5c6d325840ce1648ef15c848a5182431d2930,0xec15c20015e72748f03065ed80c41cb882e3fb66,0xc0e90e5a80ccbc497010c46a59ff2195b2c44cc3,0.965,0.000965
0.1032,2025-11-26 21:45:11.000 UTC,Withdrawal,0x9c90bb4765fd9ed2325b399028b65ce53d99f6d639d77a1238a315365f32dc11,0xec15c20015e72748f03065ed80c41cb882e3fb66,0xcbe5c71993662ab6093bcb138a6dd4f4416c0e1d,0.1032,0.00013416
2.5,2025-11-26 21:24:23.000 UTC,Withdrawal,0xee689dffc16895d37a2fe42b4d2df6e2ec484a5c22f98fc138bb2bd572c8d3dc,0xec15c20015e72748f03065ed80c41cb882e3fb66,0xdd23a8496e254d4dd472040310a61266c211660d,2.5,0.0025
0.05,2025-11-26 21:19:23.000 UTC,Withdrawal,0x2b3a6aec84d78d87a5f0367ee69f5b6e22feb03403a7495e6a2b6a8fb608cae0,0xec15c20015e72748f03065ed80c41cb882e3fb66,0x147037f0d4805a7582c381424e1705b2f45cda89,0.05,0.000165
0.05,2025-11-26 20:35:11.000 UTC,Withdrawal,0x61577fb2985396696ff6c5440fbcd9e498bfda0eaa65e61ed4a661f8a8692d0e,0xec15c20015e72748f03065ed80c41cb882e3fb66,0xfac87aae88cbf4b0b08276d71de69d8313bec716,0.05,0.0001
0.01051,2025-11-26 20:00:35.000 UTC,Withdrawal,0x7e89e6cbe419619ef84f830b1f801bc7239b4e9c6ac159188d143e0206d57f04,0xec15c20015e72748f03065ed80c41cb882e3fb66,0x17bf1bcef22ae216a6fd4c42945b13311380b2b2,0.01051,4.7295e-05
0.5,2025-11-26 08:54:11.000 UTC,Withdrawal,0xb11b18747c392657ac885276728701f86a4b7976daa4f92182b29545f10f70e5,0xec15c20015e72748f03065ed80c41cb882e3fb66,0xbd950b25906e3dc3b656b2d274ea6a3f3eca34b3,0.5,0.0005
0.25,2025-11-26 02:57:23.000 UTC,Withdrawal,0x1a9cf076e6a6cc0a0490a37941907c279f889df6b2f54815d872d95a34a72778,0xec15c20015e72748f03065ed80c41cb882e3fb66,0x3f89f6a97eb446e6d75438990e1e4b44ff898b30,0.25,0.000275
0.01,2025-11-25 21:43:35.000 UTC,Withdrawal,0x791c90f852aa81bb6ef5c7b6eb6e705c3e572e5ab0fe26499834fed10b4b749b,0xec15c20015e72748f03065ed80c41cb882e3fb66,0xeb1d3f2d20acf4b9007f01587d656ee498e88bb8,0.01,4.7e-05
0.1,2025-11-25 15:21:35.000 UTC,Withdrawal,0x97b1dead9e9d1cb333c5cafd6ab2e31bb60ee29b1c2bffde4a25d45eda320db5,0xec15c20015e72748f03065ed80c41cb882e3fb66,0x421896bb0dcf271a294bc7019014ee90503656fd,0.1,0.00042
0.29,2025-11-25 15:05:11.000 UTC,Withdrawal,0x7d66696830e7162f0557dc24bb0a5d860d249cff4a766ec83b2fb1a8e2e8b1d7,0xec15c20015e72748f03065ed80c41cb882e3fb66,0xe00895d707831f445ded0170f92ae3d00f039cc5,0.29,0.000783
0.02,2025-11-25 12:27:23.000 UTC,Withdrawal,0x0cd236839c4f8dd944290db9734b00087ae326250078ca6e3e89b44f54f3d0a3,0xec15c20015e72748f03065ed80c41cb882e3fb66,0x19886aed98ac7a313649e06475b1beb9292520b6,0.02,0.000396
0.025,2025-11-25 12:12:23.000 UTC,Withdrawal,0x189705630405f255b5d7c7d8be9c80c03f41b6bce23808474af71a42a8686380,0xec15c20015e72748f03065ed80c41cb882e3fb66,0x19886aed98ac7a313649e06475b1beb9292520b6,0.025,0.00018
0.01,2025-11-25 11:36:35.000 UTC,Withdrawal,0x27b29498fc4bba82a82da28b581826531426e3c5c9b5459bb75bdea5d1f038be,0xec15c20015e72748f03065ed80c41cb882e3fb66,0x4ac358f7903fce140e270a853ea2482585899b4f,0.01,6.4e-05
0.01,2025-11-25 11:34:47.000 UTC,Withdrawal,0xf34b9d2c775c781a495bb5bf96d18f2c1b2d8edd5ed8d5b0362377e469e1af3f,0xec15c20015e72748f03065ed80c41cb882e3fb66,0x14252edecd2406a876948650518a6c2ee0c3fd7c,0.01,6.6e-05
0.01,2025-11-25 11:31:23.000 UTC,Withdrawal,0xe5642f9e20eb65406fe878a4bbc46a38a869eda15c2c7a92930450f829aead06,0xec15c20015e72748f03065ed80c41cb882e3fb66,0x0c7ec9608bd72be08d208df68274c6c46e17890f,0.01,6e-05
0.01,2025-11-25 11:29:35.000 UTC,Withdrawal,0xa054abb22375010ce05218d0cda077b8a660a2f8ef01a782313f8592b0f371f5,0xec15c20015e72748f03065ed80c41cb882e3fb66,0xe51af89116374a07bee62bcce052c5e0029817ec,0.01,6.1e-05
0.01,2025-11-25 11:26:59.000 UTC,Withdrawal,0x36fdf6a0690b95cc826d9e0ddec676c22987d5747f5207442d7638adb34d2c76,0xec15c20015e72748f03065ed80c41cb882e3fb66,0x80b9921e66f8668a4918d867809da014cf77d302,0.01,6.4e-05
0.01,2025-11-25 11:24:11.000 UTC,Withdrawal,0x422476eb4c4f143408a44adda13449743dfd6ab057f1583193e0d9abda12a8a1,0xec15c20015e72748f03065ed80c41cb882e3fb66,0x45e7b19302726e8703071b233fad6659c8a04ba7,0.01,6.2e-05
0.01,2025-11-25 11:22:11.000 UTC,Withdrawal,0x2be569cee99ccb2313da5676549b7377f70d411ba082efff320e1ef0d6ecf722,0xec15c20015e72748f03065ed80c41cb882e3fb66,0x25f8c06549a77fcbd37b4ad6e2cd4fed54575779,0.01,6.3e-05
0.01,2025-11-25 11:20:23.000 UTC,Withdrawal,0xa2ef43ae15f1701d4e642856cf88b326a2f7f5d6e1013d309cd0e6c4ab9967e1,0xec15c20015e72748f03065ed80c41cb882e3fb66,0x3fa6dd1c0b90e03252a7be57720f05b9c3624dcb,0.01,6.6e-05
0.01,2025-11-25 11:18:11.000 UTC,Withdrawal,0xfdab1429758a4b3b95e49c432b0ed42a46675563dd62b8980284fc0c7e95adef,0xec15c20015e72748f03065ed80c41cb882e3fb66,0xab25f10dce739223cad7f1d5eb1463c8b053c3ec,0.01,6.3e-05
0.01,2025-11-25 03:06:47.000 UTC,Withdrawal,0xfb2c0ba880a4496b96ac40602476cfd0216c00b08559f2f0b07e28cefbd69fbf,0xec15c20015e72748f03065ed80c41cb882e3fb66,0xc0ad0fef0df1471dfe09958b7598f97ece1485fa,0.01,6.8e-05
0.05,2025-11-25 03:00:59.000 UTC,Withdrawal,0x5c032235fbafb42aeb267e6916c6d3745f0432d2ebd93464751be6770d05b25f,0xec15c20015e72748f03065ed80c41cb882e3fb66,0x88a920f293f179c2291c275b82c0d7e77ad91f59,0.05,0.00011
0.1,2025-11-25 01:49:23.000 UTC,Withdrawal,0x2836201590063dbcc452c21724da35c08e20ae99bf06014128147267a60c22a9,0xec15c20015e72748f03065ed80c41cb882e3fb66,0xfac87aae88cbf4b0b08276d71de69d8313bec716,0.1,0.00016
0.1,2025-11-24 21:31:47.000 UTC,Withdrawal,0xdfb0ed3339529d14314d4f33532993b512e8bab8f05cf33410279e6f0b2b1e3e,0xec15c20015e72748f03065ed80c41cb882e3fb66,0x79eef245981de82cc9dccb1de4bb2ca5928afe42,0.1,0.00018
0.01,2025-11-24 17:44:47.000 UTC,Withdrawal,0x35bcdae27de02f7d8aea6ce038ba6fb83b271a70f0fea57e8d8e5282c45ebd31,0xec15c20015e72748f03065ed80c41cb882e3fb66,0x147037f0d4805a7582c381424e1705b2f45cda89,0.01,0.000699
0.01,2025-11-24 12:17:35.000 UTC,Withdrawal,0x4bf688385035a11f97bfae0c421a80802e358c6bb577d57ac860e6a070109018,0xec15c20015e72748f03065ed80c41cb882e3fb66,0x0e141cb714fa659be84a0dda886dd96866dc6a59,0.01,7.5e-05
0.2,2025-11-24 11:47:47.000 UTC,Withdrawal,0x8ec33487e7d6070298e592a30be2dc76ae1beb7b22ebde8dcef28d5b219fa9b7,0xec15c20015e72748f03065ed80c41cb882e3fb66,0x55a16a377f1ad57f641c92c5c3b6307a86fcb8bf,0.2,0.00024
0.01,2025-11-24 08:02:59.000 UTC,Withdrawal,0x6ff6c6482094dd21ac1881b9de8a0599a39d39109117f8ee2d0550c353e74570,0xec15c20015e72748f03065ed80c41cb882e3fb66,0x05cd4623c48553a3070061f557bc38a1d00f716c,0.01,6.5e-05
0.2,2025-11-24 07:18:47.000 UTC,Withdrawal,0x9c1e54eac41e27efb82330b858127868b93467b59da8d1449bba859309a16167,0xec15c20015e72748f03065ed80c41cb882e3fb66,0x0a5f07eca94861d5804891cb9078171bbb0fd046,0.2,0.00024
0.5,2025-11-23 20:38:11.000 UTC,Withdrawal,0xff37b5cc81769f19584c5ec63d6198d2847b5978ec9e82486730559e93ddf8e3,0xec15c20015e72748f03065ed80c41cb882e3fb66,0xbd950b25906e3dc3b656b2d274ea6a3f3eca34b3,0.5,0.00055
5.5,2025-11-23 20:34:35.000 UTC,Withdrawal,0x0bcd7ade85bbeb814eff952ed344874c063cb240508920818ecb6bf7df7db71a,0xec15c20015e72748f03065ed80c41cb882e3fb66,0x6dfee0658db2105053be761e23633cca2fd39585,5.5,0.0055
0.5,2025-11-23 14:10:23.000 UTC,Withdrawal,0xa49c06c31b6eab4a814d7b7b0de0c49e5a2ad79a79812ab140b2cc83ef33261b,0xec15c20015e72748f03065ed80c41cb882e3fb66,0x97391a51149b68c638d189d5d7dc851f8764d149,0.5,0.00055
0.1,2025-11-23 00:01:23.000 UTC,Withdrawal,0x9387dc63740ee980019896c600c9734dff09cdda2585232ddccfaa4ef597d78a,0xec15c20015e72748f03065ed80c41cb882e3fb66,0xfac87aae88cbf4b0b08276d71de69d8313bec716,0.1,0.00014
0.003,2025-11-22 21:59:11.000 UTC,Withdrawal,0xeee6b5bfe381e81c3a1f5ae98102d9b82d7d26f8e164b095d4107e230b6c7330,0xec15c20015e72748f03065ed80c41cb882e3fb66,0x691b8720b4573d24ae49cd26a51a08979b4e86b6,0.003,4.44e-05
1.0,2025-11-22 20:27:47.000 UTC,Withdrawal,0x1b1f7b4426eb9982c45aa2ed90f7084c2c78310cf314f52a0776a45b3b1db15e,0xec15c20015e72748f03065ed80c41cb882e3fb66,0x9534272cc683de6eac0ea0c2c7c092159df4ebf0,1.0,0.001
0.1,2025-11-22 05:17:11.000 UTC,Withdrawal,0x96e34c44aa495990afee1a595b11f1dc39b2281c83391cdd189db799e52e7f17,0xec15c20015e72748f03065ed80c41cb882e3fb66,0x0a3f98a1a9f601ac3d8852ad9852d7245a8b3099,0.1,0.00017
0.11,2025-11-22 05:02:35.000 UTC,Withdrawal,0x1f5b98dc1fdb4de6b5f43d7214bcf7d8e714337d8a894f16464c2a5fccbe70cc,0xec15c20015e72748f03065ed80c41cb882e3fb66,0x8ae4c29c97a9dfba7a4440c6336a7d37eba0e12c,0.11,0.000187
0.05,2025-11-21 15:31:35.000 UTC,Withdrawal,0x65a860cdb7d285b68735fa0e0654fd892f658af6cf05513e193ce8e99e49c379,0xec15c20015e72748f03065ed80c41cb882e3fb66,0x147037f0d4805a7582c381424e1705b2f45cda89,0.05,0.00069
0.05,2025-11-21 14:45:59.000 UTC,Withdrawal,0x8d27c2862c65fd885ed763dffd24eee946679b4cefe9ec2b796b5876c58779a0,0xec15c20015e72748f03065ed80c41cb882e3fb66,0x147037f0d4805a7582c381424e1705b2f45cda89,0.05,0.001435
0.11629,2025-11-21 13:42:47.000 UTC,Withdrawal,0x33eda638ed6b51321c315667a2427ca855ff0d8e4c7e03ddb7c03553c73f8ad1,0xec15c20015e72748f03065ed80c41cb882e3fb66,0xcbe5c71993662ab6093bcb138a6dd4f4416c0e1d,0.11629,0.000988465
0.05,2025-11-21 12:19:59.000 UTC,Withdrawal,0x12706f60754d2439f810646ed29993d81400013382e90c30ee22729e87fbdb73,0xec15c20015e72748f03065ed80c41cb882e3fb66,0x147037f0d4805a7582c381424e1705b2f45cda89,0.05,0.001235
0.01,2025-11-20 20:39:23.000 UTC,Withdrawal,0x3c64d6bb69e2127787c71147c90811e710ce3edaeb89ddd4232005207220bd5f,0xec15c20015e72748f03065ed80c41cb882e3fb66,0xd7c3e89f7a42216a187effa0ee26c1492493b705,0.01,0.00025
0.092828067,2025-11-20 20:30:59.000 UTC,Withdrawal,0x8f1ba747dedc6a83991e4e095bd375be4abb7dfc7280dea552e33cf9852d5b27,0xec15c20015e72748f03065ed80c41cb882e3fb66,0x28b38b343fa7c9913d93e4513a53a5b0116dc936,0.092828067,0.0003620294613
3.0,2025-11-20 19:56:35.000 UTC,Withdrawal,0x990ae8c2b3eaf84eeb4336b041fc56d3f6b67f9a4c6b4472098cb328a3d046ca,0xec15c20015e72748f03065ed80c41cb882e3fb66,0xf4c11fc7d31cb58274a77f5a4eefc432fe7e58a4,3.0,0.0033
3.5,2025-11-20 18:42:11.000 UTC,Withdrawal,0x46a50145ae104dbf43bcda3ed62389ba739d255b8488750920b9bfbf527854a6,0xec15c20015e72748f03065ed80c41cb882e3fb66,0xf4c11fc7d31cb58274a77f5a4eefc432fe7e58a4,3.5,0.00385
0.05,2025-11-20 18:32:47.000 UTC,Withdrawal,0xefd0f3c663263a30e97649039397c16d06fab68e5a2a2192b5e5c7510d75a150,0xec15c20015e72748f03065ed80c41cb882e3fb66,0xf06731f301d18dc0070721938111f6dad87be4ec,0.05,0.00084
0.2,2025-11-20 18:27:23.000 UTC,Withdrawal,0xb55cf32b0f1dc6bce9649df01a9912864193755424173f25429e5590dd125d09,0xec15c20015e72748f03065ed80c41cb882e3fb66,0xf760b13fbb3420d6e4e3ee3fe43d25fb69b74475,0.2,0.00104
0.1,2025-11-20 18:10:11.000 UTC,Withdrawal,0xfd226b849345eef124eb78ffadcab7a8b317c2c223258bf245e0bd548ffcaca5,0xec15c20015e72748f03065ed80c41cb882e3fb66,0x72cef9603228c837925718701ad4e46a08652b61,0.1,0.0014
0.1,2025-11-20 18:09:23.000 UTC,Withdrawal,0x315463c98a771ec12132946c7daeacb0aeecb056f87edb5fb4e20921a9139f0e,0xec15c20015e72748f03065ed80c41cb882e3fb66,0xc79da71c3128796a312e871a277990a312eca01f,0.1,0.00152
0.1,2025-11-20 18:06:11.000 UTC,Withdrawal,0xc6ab8ac9b595eeccb936702a603baa0c43927a2334d93c0bd814086bbf9d0a7b,0xec15c20015e72748f03065ed80c41cb882e3fb66,0x8ab03b6f30af0b3113e009433b542da35992bd6b,0.1,0.00159
0.25,2025-11-20 09:42:59.000 UTC,Withdrawal,0xd7022762ab7ff930cd725f4f74336c23fb4e9a60f764d4ef4a28f878a9a8c7f4,0xec15c20015e72748f03065ed80c41cb882e3fb66,0xa0fd7b15498478845251bda6294bd9e8a3a27270,0.25,0.000325
0.1,2025-11-20 09:01:11.000 UTC,Withdrawal,0x531e574951b2059dc7072f392805b57efda5b973c2774624251901f5ec7d6eb5,0xec15c20015e72748f03065ed80c41cb882e3fb66,0x61135ca4ce6363f17392d5977908d55c7a9dbee6,0.1,0.00018
0.1,2025-11-19 20:43:47.000 UTC,Withdrawal,0x8e2974926dfcf0ec2ae66f1a201083dd5e123a5fe314e0b06f80d19dc5b5afc7,0xec15c20015e72748f03065ed80c41cb882e3fb66,0xfac87aae88cbf4b0b08276d71de69d8313bec716,0.1,0.00044
0.1889,2025-11-19 16:02:11.000 UTC,Withdrawal,0x2f157538df8d259bd0902a983e2cf820466f9770d2a37b4f553d5a10d13ea9e9,0xec15c20015e72748f03065ed80c41cb882e3fb66,0xcbe5c71993662ab6093bcb138a6dd4f4416c0e1d,0.1889,0.00160565
0.05,2025-11-19 15:21:47.000 UTC,Withdrawal,0xc4029a2098b14867432fe8d33d76063980649582f776226b4f3367f9cc648464,0xec15c20015e72748f03065ed80c41cb882e3fb66,0x147037f0d4805a7582c381424e1705b2f45cda89,0.05,0.00077
0.05,2025-11-19 13:58:11.000 UTC,Withdrawal,0x4986d785fcdccddeeb3095eec50eb3138ae09fff74b6addd41a7fe64192dab37,0xec15c20015e72748f03065ed80c41cb882e3fb66,0x147037f0d4805a7582c381424e1705b2f45cda89,0.05,0.000235
0.1,2025-11-19 12:15:47.000 UTC,Withdrawal,0xaeb377f1b77b3a61ce1d3fa6e817aa86bbba6d3c03ab933a066465c010be2484,0xec15c20015e72748f03065ed80c41cb882e3fb66,0x1234dcd9638371d5010ebeb3a23b898b6c168f29,0.1,0.00034
0.01,2025-11-19 06:53:59.000 UTC,Withdrawal,0x46ad797cc88045a2da4af50908bedb3e526e3c993baba30c361851de61e57431,0xec15c20015e72748f03065ed80c41cb882e3fb66,0x4ada521587105ea4e3bd87e946d9ab56ac9dea4f,0.01,6.6e-05
0.01,2025-11-19 06:45:47.000 UTC,Withdrawal,0x7d0f0e67ffea0682614f45a8ab01f1a0d4ac285c30599c295a7736ddde342bf6,0xec15c20015e72748f03065ed80c41cb882e3fb66,0xe6d349917c27b79d93794f79b4f2d00d22e28800,0.01,7e-05
0.01,2025-11-19 06:38:35.000 UTC,Withdrawal,0x1bab8fd2def4f1b509af1adf06fa4f49eca42af248fce64cce2872a6cd6fd2c8,0xec15c20015e72748f03065ed80c41cb882e3fb66,0xe6d349917c27b79d93794f79b4f2d00d22e28800,0.01,9e-05
0.01,2025-11-19 06:28:35.000 UTC,Withdrawal,0xb8b1d04396f2143b6bf695458cba066edcfc9d8431ed9209e9d2f7fcc4fd9f14,0xec15c20015e72748f03065ed80c41cb882e3fb66,0xe6d349917c27b79d93794f79b4f2d00d22e28800,0.01,8.5e-05
0.01,2025-11-19 06:23:11.000 UTC,Withdrawal,0x5bf4f7684f350e3fe481a6235ca4998eb7bc51641f0b5d45ac342559d145271c,0xec15c20015e72748f03065ed80c41cb882e3fb66,0xe3647b46028e7e667f58443cccb6cdf05b8390c5,0.01,0.000114
0.1,2025-11-19 01:55:11.000 UTC,Withdrawal,0x277346dd213a3736ffdc542b385dfa911c4f84e2314a5cc3615eaec460ecf543,0xec15c20015e72748f03065ed80c41cb882e3fb66,0x8b318423900036d6944fd7ca61e8fdd6868c797f,0.1,0.00014
0.5,2025-11-19 01:47:35.000 UTC,Withdrawal,0xc5ced98e49cea5a28388afcd92d106f64119e100dc98b1adb5c8f4b3b83a4e6d,0xec15c20015e72748f03065ed80c41cb882e3fb66,0x97391a51149b68c638d189d5d7dc851f8764d149,0.5,0.0005
0.1,2025-11-18 23:42:11.000 UTC,Withdrawal,0xd79b827c46a5809e8fad61b4d96a6ca59b590f4fea4a8e44f1bde935ebcfa7b9,0xec15c20015e72748f03065ed80c41cb882e3fb66,0xfac87aae88cbf4b0b08276d71de69d8313bec716,0.1,0.00014
0.101,2025-11-18 21:36:47.000 UTC,Withdrawal,0x3acb9ac79a63a9239a066b5f3eec7432eb7c337bd6ea917a43a33dcbdb8aa4a4,0xec15c20015e72748f03065ed80c41cb882e3fb66,0xecab583892b6a7663c37742d3bc683bbd1fe7175,0.101,0.0001717
0.5,2025-11-18 19:30:23.000 UTC,Withdrawal,0x0ff95dafc4c549d9c7bc687105c97016369ee1b8fcd0dd4fb363d914cadd1c81,0xec15c20015e72748f03065ed80c41cb882e3fb66,0xfac87aae88cbf4b0b08276d71de69d8313bec716,0.5,0.0006
0.05,2025-11-18 18:05:23.000 UTC,Withdrawal,0x66d0f0c42a03208f0cad23f58373e45977805dab07f5ac50248b560ab2d01031,0xec15c20015e72748f03065ed80c41cb882e3fb66,0x147037f0d4805a7582c381424e1705b2f45cda89,0.05,0.00032
0.1,2025-11-18 17:24:59.000 UTC,Withdrawal,0x08f96cf89d62972d24054e387b6362a0645fe3a28cb77c7d27a258ce97e4f534,0xec15c20015e72748f03065ed80c41cb882e3fb66,0x147037f0d4805a7582c381424e1705b2f45cda89,0.1,0.00061
1.0,2025-11-18 05:58:47.000 UTC,Withdrawal,0xd9ddc1442182ba29ab67f332846e0eded7e631fa290ad47e0a3e96a21f4a64de,0xec15c20015e72748f03065ed80c41cb882e3fb66,0x720703ef300380383c72fb38931357c3f63f2f70,1.0,0.001
2.0,2025-11-18 03:59:23.000 UTC,Withdrawal,0xaec3d8aae920d8d90ef57d99ab2cb4d0730fa2e57e9c60ebf2e45e8efa071eb4,0xec15c20015e72748f03065ed80c41cb882e3fb66,0xf273fb3a43aa6c455f5215a1996bbacd064df284,2.0,0.0022
0.1012,2025-11-17 18:16:11.000 UTC,Withdrawal,0x2868c24d6aee2b317f6ea450633e31dca7d9aff9feefb2b45e960f566cf9a3bb,0xec15c20015e72748f03065ed80c41cb882e3fb66,0x4ba4d4e9e3a6f395a0a17ba95b29dacb08d9fa76,0.1012,0.0004554
0.002,2025-11-17 12:12:23.000 UTC,Withdrawal,0xf05e558170eeafd7fc072ffc912d77a1f1e1166938a82f4a6b0e4986223fd3fa,0xec15c20015e72748f03065ed80c41cb882e3fb66,0x856588651056220b434aa77120bf0d9fe997375d,0.002,9.72e-05
0.65,2025-11-17 10:26:23.000 UTC,Withdrawal,0x8cfe19178789bfd8c04c851ff7b62a757903b2114a86ee967a95ff233d67ea68,0xec15c20015e72748f03065ed80c41cb882e3fb66,0x1cc70999b283cb618a67c8cbf957632c5fe19a8a,0.65,0.000715
0.1,2025-11-17 07:51:23.000 UTC,Withdrawal,0x160a1ef5c792450fd3de416cb092774bc9cf5c40fe0ce9911e00af8b53e8c42b,0xec15c20015e72748f03065ed80c41cb882e3fb66,0x00bacdf351719e19d1663cde8ab48ce5af41dd2c,0.1,0.00022
1.0,2025-11-16 22:02:59.000 UTC,Withdrawal,0x4769dbbab88ada75b6e3d569078eb06a3006162b956f6033559ba121d445d20c,0xec15c20015e72748f03065ed80c41cb882e3fb66,0x78c97c2d95911d1aee69d66b77d475cfc8941328,1.0,0.001
0.095,2025-11-16 10:45:47.000 UTC,Withdrawal,0xf7ea3ddf1d00a5436368c8538ecaada065d68eefdf2a23a9dd509f72749844be,0xec15c20015e72748f03065ed80c41cb882e3fb66,0xa2c57d3b7a714976998565f70a77b5e1e0264167,0.095,0.0001425
0.1,2025-11-16 03:58:59.000 UTC,Withdrawal,0x2a93674cc9a7dc667554578de24968a5a5e99c55ed81658dc548a1bb1a4e6120,0xec15c20015e72748f03065ed80c41cb882e3fb66,0x967fc44aad5444de351b8a9f09700c659fb282fa,0.1,0.00015
10.5,2025-11-15 20:08:23.000 UTC,Withdrawal,0xf96309ca91b27495ec3057174d132b9557973334537d9e65efad1a53c86fe97c,0xec15c20015e72748f03065ed80c41cb882e3fb66,0x42be0ed71bb0522e8fbbf8084f0ddd739f96e001,10.5,0.0105
1.5,2025-11-15 04:44:23.000 UTC,Withdrawal,0x8cca5560ec4cdcccdaf2de0bb94bee8abd66d7f01f7904013dd3f480d2919b9e,0xec15c20015e72748f03065ed80c41cb882e3fb66,0xa9303fdb06e7e3bd13bb89b83d8db970d08b6f82,1.5,0.0015
0.46,2025-11-15 04:42:47.000 UTC,Withdrawal,0xf39aab486805246b2eafba324012b7bb2991428771404088d32507d08f26b3a8,0xec15c20015e72748f03065ed80c41cb882e3fb66,0xd4b88f6142ab9dbd6656599fb060a8ff93402cbe,0.46,0.00046
1.0,2025-11-15 04:32:35.000 UTC,Withdrawal,0xd665a2d8690183879264a9cb45edbaca57b19e0322757efdd523f57560d376e6,0xec15c20015e72748f03065ed80c41cb882e3fb66,0xa9303fdb06e7e3bd13bb89b83d8db970d08b6f82,1.0,0.001
0.05,2025-11-14 20:55:59.000 UTC,Withdrawal,0xe18abbdbf94705414aad6a685e7184c94ff70da7f9d571a10ab8880f713bfb69,0xec15c20015e72748f03065ed80c41cb882e3fb66,0xebb34478837ea9c2515ba0ee223cf668da1963e5,0.05,0.000245
5.0,2025-11-14 16:47:47.000 UTC,Withdrawal,0x011a85e73e83fd122243097c6d2c8ca42f4198c3e086e81901a68cec443ffc6c,0xec15c20015e72748f03065ed80c41cb882e3fb66,0x7e89e885f4c49953b85145c07f821496c1ddc5fc,5.0,0.0055
2.03,2025-11-14 16:14:11.000 UTC,Withdrawal,0xdba732da7a564fedc613dba9056bd7984b76114cc4e2ad62848db2f6a9bae730,0xec15c20015e72748f03065ed80c41cb882e3fb66,0x7e89e885f4c49953b85145c07f821496c1ddc5fc,2.03,0.002436
1.5,2025-11-14 08:25:47.000 UTC,Withdrawal,0x43e1da9c3234b6f6799fdc6b9e9717187d0c74b816154e35b5ed3adbd9747ecf,0xec15c20015e72748f03065ed80c41cb882e3fb66,0x44c6db87051c7f30aa5a3d3b055df2bd19f1a0eb,1.5,0.00165
0.10437,2025-11-14 08:12:11.000 UTC,Withdrawal,0x623abc0dae4f7c50b6a4361586a947cb7720caea2e000c1a2741917c5960a079,0xec15c20015e72748f03065ed80c41cb882e3fb66,0xcbe5c71993662ab6093bcb138a6dd4f4416c0e1d,0.10437,0.000386169
0.1,2025-11-14 04:01:59.000 UTC,Withdrawal,0xd69baa002fb2017e1162dcd8ee2f02ae437d8f7afc036b64e4aa4d3531bd10c5,0xec15c20015e72748f03065ed80c41cb882e3fb66,0xd4b88f6142ab9dbd6656599fb060a8ff93402cbe,0.1,0.00017
0.1,2025-11-14 01:27:47.000 UTC,Withdrawal,0x325b43ecbb5b052e2e9c80ec48bff4fdcc9e489f37743ae6cf8f0afa9684447c,0xec15c20015e72748f03065ed80c41cb882e3fb66,0x9685d3786805afa9c6836159dc89e5f08e411255,0.1,0.00017
0.1,2025-11-13 17:43:47.000 UTC,Withdrawal,0x2f75f8a06f83b850c8976e60ffc88eb822ec942cccbc4acbe2216c946ecc9993,0xec15c20015e72748f03065ed80c41cb882e3fb66,0x87cf05d5aa64486bca4fcf597e2068ccd506fd7b,0.1,0.00091
0.16264,2025-11-12 18:55:47.000 UTC,Withdrawal,0x61893777d4c9fe6489ad1d1cd9278aeef6ad3476c72dc933d15c246e9dbad944,0xec15c20015e72748f03065ed80c41cb882e3fb66,0xcbe5c71993662ab6093bcb138a6dd4f4416c0e1d,0.16264,0.000390336
1.0,2025-11-12 03:53:11.000 UTC,Withdrawal,0x4013baac0415684587007666ab483f29495fc372b1b3535028e6b79a0d9c810d,0xec15c20015e72748f03065ed80c41cb882e3fb66,0x890926adb299908571097a7ba617cc8854662d46,1.0,0.001
0.1,2025-11-11 23:19:59.000 UTC,Withdrawal,0x4aa6cdc82c37b1fb366927a025930f351d29e64579fb6ee618b6349eacfde36c,0xec15c20015e72748f03065ed80c41cb882e3fb66,0x2f35c4b9870a1573b612f962481fc82a9a764864,0.1,0.00016
0.05,2025-11-11 23:01:23.000 UTC,Withdrawal,0xe5bc361004694d6361e46a13af40b2ae6a7f8f520c967e4d6caa8c7befbd0472,0xec15c20015e72748f03065ed80c41cb882e3fb66,0x2e981cd5e3580b37ab8539c9d092b0da808a58cd,0.05,0.000125
0.05,2025-11-11 18:04:35.000 UTC,Withdrawal,0xde1b9feb373982483156a6c98752bc2dff9175a12ed28d3188404534b6d1786b,0xec15c20015e72748f03065ed80c41cb882e3fb66,0xaddeb386a9995b3f02d161ee2649d99fb803c639,0.05,0.00052
0.11,2025-11-11 16:35:11.000 UTC,Withdrawal,0xd09f4c30049f791eef4531fcc3c86cdc2b211957d4f29ba09a8384c1c73a6095,0xec15c20015e72748f03065ed80c41cb882e3fb66,0x01ef2a55b0179a8b38de2d335a18866a086ad54b,0.11,0.000693
0.11,2025-11-11 16:33:11.000 UTC,Withdrawal,0x211152f467f82d3d295522ff35e134d5429a4fcac0fe2429e591b889fc110f16,0xec15c20015e72748f03065ed80c41cb882e3fb66,0xf68c93386307fdeb3f2f819e16b3280fbc015cd8,0.11,0.000759
0.101,2025-11-11 16:28:59.000 UTC,Withdrawal,0xd7474ae9ff6a0eaa77b443b9b6196145cae76a2d3a126fc7c77287c9ee1e1aff,0xec15c20015e72748f03065ed80c41cb882e3fb66,0xdc7998cc318d56f7a8a2fdb8233053b221568df4,0.101,0.000808
0.101,2025-11-11 16:04:11.000 UTC,Withdrawal,0x705ffdb154b060e89b2b574ae35f78270c476fc1e9bfcc7313e4334b08b00f1f,0xec15c20015e72748f03065ed80c41cb882e3fb66,0xa5528d0f072dbd37555780bf47c52f104339f359,0.101,0.0003232
0.101,2025-11-11 16:01:11.000 UTC,Withdrawal,0xfa27a420fa0e62517201a049292ffba2d4e0caf0a7465df3c77c4379114702d6,0xec15c20015e72748f03065ed80c41cb882e3fb66,0x81df47b6fe1af0d6ea2e6d7a09e1d7ab6f534550,0.101,0.0003232
0.101,2025-11-11 15:58:23.000 UTC,Withdrawal,0x3c61413ed67a67dc23cc76a872eb05596efa59c9c689d102320ada058cf2a1b7,0xec15c20015e72748f03065ed80c41cb882e3fb66,0x275154c5a3957574a11d9efcff6029eebde7a99c,0.101,0.0003232
0.101,2025-11-11 15:56:11.000 UTC,Withdrawal,0x53e91ecd1f4fb5e943fe5e4002e25d5cb97aae95e2cf92defd6bfb9abce24118,0xec15c20015e72748f03065ed80c41cb882e3fb66,0xfb9bc529294e12179beabfc391b94a8a82bfd17b,0.101,0.0003535
0.101,2025-11-11 15:54:11.000 UTC,Withdrawal,0x8a65208d2e31e1039d3b22c0954a9023a12f8fcb4f3562ac8f72b8779086b109,0xec15c20015e72748f03065ed80c41cb882e3fb66,0x9250827fd4c32fc4dfec6b6744092c41d919b215,0.101,0.0003838
0.101,2025-11-11 15:51:35.000 UTC,Withdrawal,0x77573c503344368406acfd37b64042e5e3041d93b524407f0b8601376074524f,0xec15c20015e72748f03065ed80c41cb882e3fb66,0x8c2ec1f5f76d3fb454804bd9f0210f837afab979,0.101,0.000404
0.101,2025-11-11 15:47:23.000 UTC,Withdrawal,0xb70c6457422bcb7a0b00573d3563a705a5c1cc18498894748761a468ffaa1334,0xec15c20015e72748f03065ed80c41cb882e3fb66,0x64ecf988110b520bc81b2c4dcfcb431afb4a1e76,0.101,0.0004646
0.101,2025-11-11 15:44:47.000 UTC,Withdrawal,0x32ed0050ce6d01c7ac93ac70bc47f556a3c5736997c6cd1697b5de4ad2abed3f,0xec15c20015e72748f03065ed80c41cb882e3fb66,0x678d46d386aaae703546d6df7937c04eb4bd8b94,0.101,0.0004545
0.101,2025-11-11 15:42:35.000 UTC,Withdrawal,0xb590b0784970e0a8d4ba9d7cc66651a6c881d565d959abd070de92072e237630,0xec15c20015e72748f03065ed80c41cb882e3fb66,0xd41dc8d75400ef444a4db448229fdcbb2c89f92e,0.101,0.0004444
0.101,2025-11-11 15:40:23.000 UTC,Withdrawal,0x1cdac4c78c612cb706acff311ffc698571dca26f23b894960c8f5d8d5212e9bd,0xec15c20015e72748f03065ed80c41cb882e3fb66,0xc61182e438c6a9e052470e20c27865498ee87001,0.101,0.0004747
0.101,2025-11-11 15:33:59.000 UTC,Withdrawal,0x0b7fcefd6ab218240f72bef818a5d698a5699729695caa255131cf2f79a1d848,0xec15c20015e72748f03065ed80c41cb882e3fb66,0x5d8b6e991d1caf93bd8ae179b359256ebf4b0796,0.101,0.0005151
0.101,2025-11-11 15:31:47.000 UTC,Withdrawal,0xd1c5ecb98b0c7fd6becd7cb2b6581ba0db7fbd6f52a5a620ff88aa99d7807588,0xec15c20015e72748f03065ed80c41cb882e3fb66,0x7cbaa8eb4a55d70a4e4b460bb45f43f53562a1d0,0.101,0.0004646
0.101,2025-11-11 15:29:35.000 UTC,Withdrawal,0x3d553ee4e319e28821988c0f9dea7fb333ac441bae8cc571716e17924dbdf304,0xec15c20015e72748f03065ed80c41cb882e3fb66,0xfe214011ed8fe89b97762b575d947671b5671763,0.101,0.0003636
0.101,2025-11-11 15:22:23.000 UTC,Withdrawal,0xa6229f3d3197a53e82243bf1eff59324bc980b185adc9ad19c6dcd4214ef2c61,0xec15c20015e72748f03065ed80c41cb882e3fb66,0xdebcadc3b7de2a4fc156421a307018d7ecfcc78d,0.101,0.0003434
0.11,2025-11-11 15:13:35.000 UTC,Withdrawal,0xc4f8af0b3ffadbb79bb17638ad6840d745a96b949a68b5da31b726d0756023e4,0xec15c20015e72748f03065ed80c41cb882e3fb66,0xeb57f7dbabf97423a7179e7cc629af22cdbccade,0.11,0.000539
0.11,2025-11-11 14:56:23.000 UTC,Withdrawal,0x59db720dca227b05679236217b9445ad87e14306bb5f160d06d2a0f5a831bccf,0xec15c20015e72748f03065ed80c41cb882e3fb66,0x5cbedad22eb2cb1d183e2de55eddc04679658444,0.11,0.000528
0.5,2025-11-10 11:28:59.000 UTC,Withdrawal,0x619df9e83ec49128f1f8082c311f5bb0f111737705acd29d58d8d41ea4c245b2,0xec15c20015e72748f03065ed80c41cb882e3fb66,0x97391a51149b68c638d189d5d7dc851f8764d149,0.5,0.00065
0.102,2025-11-09 21:52:59.000 UTC,Withdrawal,0x6db4c6eac9cfe596f340627dac509220865551817157cdad924c1629230369da,0xec15c20015e72748f03065ed80c41cb882e3fb66,0xd3a64a6eb2daf9222e4d29ad25313abc0fc7eceb,0.102,0.0001428
0.103,2025-11-09 21:49:23.000 UTC,Withdrawal,0x7572a6d39e0ffee6bc18360c3e405a3730712e0d0a2fa8635f551b163c2f5b00,0xec15c20015e72748f03065ed80c41cb882e3fb66,0xd3a64a6eb2daf9222e4d29ad25313abc0fc7eceb,0.103,0.0001545
0.173,2025-11-09 21:47:47.000 UTC,Withdrawal,0xf56e4656cb8d67e13d13b92062088e457a6d3e8b75f78abaddaef7a9330b5132,0xec15c20015e72748f03065ed80c41cb882e3fb66,0xd3a64a6eb2daf9222e4d29ad25313abc0fc7eceb,0.173,0.0002249
1.0,2025-11-09 21:45:59.000 UTC,Withdrawal,0x027f94f43c032379769b5f452a52f1f62ff3908d2d70a4523e9703fa49d743d8,0xec15c20015e72748f03065ed80c41cb882e3fb66,0xd3a64a6eb2daf9222e4d29ad25313abc0fc7eceb,1.0,0.001
0.7651,2025-11-09 21:43:23.000 UTC,Withdrawal,0x29d0b5e25fb5bc3dc58bda98cc1a5d633fd4d71361245f7439731ecdd5b74604,0xec15c20015e72748f03065ed80c41cb882e3fb66,0xd3a64a6eb2daf9222e4d29ad25313abc0fc7eceb,0.7651,0.0007651
0.002,2025-11-09 19:54:59.000 UTC,Withdrawal,0x17e7c434278b604bf5cda3628f8d6640974628a95752f1efa281b1ea6b6b3cea,0xec15c20015e72748f03065ed80c41cb882e3fb66,0x64d6a099a5a1019121fb25f256ff65d78b873694,0.002,8.54e-05
0.11144,2025-11-09 11:21:23.000 UTC,Withdrawal,0xc4fbba58f9461dc1f6a4b3314ba5e6090c52168b7d1ead751969510d618d8c37,0xec15c20015e72748f03065ed80c41cb882e3fb66,0x30154a20ab0d25eeae96c0baf8cca51ea6518586,0.11144,0.00016716
0.13914,2025-11-09 11:19:35.000 UTC,Withdrawal,0x2850d8c6f9ccfc6272ff1322368379c7ad1527220be01e398df3fab80c07834a,0xec15c20015e72748f03065ed80c41cb882e3fb66,0x5fd6036d56baed4f37df99f93985764ff68d3e44,0.13914,0.000180882
3.0,2025-11-08 19:39:59.000 UTC,Withdrawal,0x7f9405547474b201c60def0522e07d5a48b6d02ee0238cdf88361bd858760c2f,0xec15c20015e72748f03065ed80c41cb882e3fb66,0x714ce210b20a90c6265ed81e41b6ad6caca29099,3.0,0.003
18.32434,2025-11-07 22:07:47.000 UTC,Withdrawal,0x729b24239abb88fc0d95717f0948d63cb43206fd183749fbbc5e6dcab9cc16c9,0xec15c20015e72748f03065ed80c41cb882e3fb66,0xf8f74f2c34959f700f2617a71d19be13bc42beb9,18.32434,0.01832434
10.53033,2025-11-07 22:07:11.000 UTC,Withdrawal,0xb80ecf6272388a62d62bc37688372e9692988ade24d07996de90dab2d5cd1c0f,0xec15c20015e72748f03065ed80c41cb882e3fb66,0xf8f74f2c34959f700f2617a71d19be13bc42beb9,10.53033,0.01053033
20.62915,2025-11-07 22:06:11.000 UTC,Withdrawal,0xb5b2da001862b5c57e5514848be1841a49bba78ffc4c7d9c7ca24dd8ad67cf5b,0xec15c20015e72748f03065ed80c41cb882e3fb66,0xf8f74f2c34959f700f2617a71d19be13bc42beb9,20.62915,0.02062915
18.2407,2025-11-07 22:05:11.000 UTC,Withdrawal,0x935e4a65e8f1cc0589b2abb77f04b725677c2ad9d907a086d85fc200a9e0df28,0xec15c20015e72748f03065ed80c41cb882e3fb66,0xf8f74f2c34959f700f2617a71d19be13bc42beb9,18.2407,0.0182407
0.1,2025-11-07 22:03:11.000 UTC,Withdrawal,0x07b7d9d9fac88f1c4c8a46aea880b3f0ae90e436a9cb3b061fb7bfb89cb6057e,0xec15c20015e72748f03065ed80c41cb882e3fb66,0xf8f74f2c34959f700f2617a71d19be13bc42beb9,0.1,0.0005
0.2271,2025-11-06 17:53:23.000 UTC,Withdrawal,0xde114be8b3f708c715e543317393a5f5ad66413b622e6c43edcd8489e69a99e5,0xec15c20015e72748f03065ed80c41cb882e3fb66,0xcbe5c71993662ab6093bcb138a6dd4f4416c0e1d,0.2271,0.00131718
0.1,2025-11-06 17:29:35.000 UTC,Withdrawal,0x26d72a628dca5c854c97fd342e2d0e622c0d2d605cd2c8857cdf324fab36b7a0,0xec15c20015e72748f03065ed80c41cb882e3fb66,0x2a2412017bdd4b8c1ffe11f6d90db6456f306e80,0.1,0.00139
0.102,2025-11-06 10:40:35.000 UTC,Withdrawal,0x2f6ce77e3bd344baf4c00a9b66325d37860efe3eab7a9b6aa5eff87f41a870ce,0xec15c20015e72748f03065ed80c41cb882e3fb66,0x031781f40fe876469ca424ba06f657c0da539fc4,0.102,0.0006732
0.1,2025-11-06 10:34:23.000 UTC,Withdrawal,0x213a9a0a82767f267fa06699b0691da25bb3c90f4fd3f423726a430a6295e2d8,0xec15c20015e72748f03065ed80c41cb882e3fb66,0x4138336f5c001df0f711813a86a92395887aee6b,0.1,0.00067
0.1,2025-11-06 10:26:59.000 UTC,Withdrawal,0x5ae2fc74869c50d9868949f5c0c36b4786f91e8967946b909ef9e0d327aaf642,0xec15c20015e72748f03065ed80c41cb882e3fb66,0xf2d68f31377d8c4fbc17277e1f887ddc8c4599f2,0.1,0.0006
0.103,2025-11-05 21:55:47.000 UTC,Withdrawal,0x4db890c0ec592a0957c4ccf5bc091b5e30faa8801d260d9becf67e42d96f32c7,0xec15c20015e72748f03065ed80c41cb882e3fb66,0xc309966467f988e4837f5435822296267506ace1,0.103,0.0003193
0.10282,2025-11-05 14:31:35.000 UTC,Withdrawal,0xfeb66cf6ba9705349f201263a7d96de68fbc9b6dd07368a6b3642cfa27517c30,0xec15c20015e72748f03065ed80c41cb882e3fb66,0x9a76ed13636987dc03aada30d6510542bc100a95,0.10282,0.000730022
0.01,2025-11-05 12:50:35.000 UTC,Withdrawal,0xdba59ceec79b477d20594e5bd7a7629fdbdd7ee2e161788cea942b44f2d86bca,0xec15c20015e72748f03065ed80c41cb882e3fb66,0x8b4e5024ce949ff05084f211658719929e3bea71,0.01,0.000429
0.1,2025-11-05 11:08:59.000 UTC,Withdrawal,0x6d47f9b6dfef16c16b35157d65bc2d832be2a16b04d4d8f4314109c41cebd481,0xec15c20015e72748f03065ed80c41cb882e3fb66,0xc607b2a6ae9360d06912bfdcbcd1abc8fff9c1ca,0.1,0.00033
1.0,2025-11-05 00:24:47.000 UTC,Withdrawal,0x1e722d1469f1e19fa96d7373402b7f9886556456a19039687464f3d5b04fd8f3,0xec15c20015e72748f03065ed80c41cb882e3fb66,0xdd23a8496e254d4dd472040310a61266c211660d,1.0,0.0014
0.3358918918918919,2025-11-04 21:18:23.000 UTC,Withdrawal,0x526b190031984ef4bcc6c77cc134c01a21a45660bae5c16bfabf731913153ede,0xec15c20015e72748f03065ed80c41cb882e3fb66,0x814c3e58d8dff05732f314e463d0c6870efd42e7,0.3358918918918919,0.002955848648648648
0.5,2025-11-04 21:17:47.000 UTC,Withdrawal,0x42d74e1ccba236ba2832a56ed717fa17c05783154a558dc8ebbb4c1ce540f20e,0xec15c20015e72748f03065ed80c41cb882e3fb66,0x814c3e58d8dff05732f314e463d0c6870efd42e7,0.5,0.0033
0.1,2025-11-04 16:37:11.000 UTC,Withdrawal,0xcb4126951493c8023561d028369348efa417f08355aa72489dc73ffcaaf030aa,0xec15c20015e72748f03065ed80c41cb882e3fb66,0xa6129b6beb8c1beebbd4014095c02e8b722dfa4c,0.1,0.00164
0.25,2025-11-03 23:17:47.000 UTC,Withdrawal,0x04bad71d5ba700d5fac99dfa65d0be5f40eeab243cc9080d6c7e6d93962a3d5f,0xec15c20015e72748f03065ed80c41cb882e3fb66,0x664adbc36d25a82d85d56c9cbb7122c79103b0b4,0.25,0.000425
0.5,2025-11-03 23:15:23.000 UTC,Withdrawal,0x7abc38f285c5a009ec604f8c91062926435718103d5cefb6e1bb3720d7a3bd63,0xec15c20015e72748f03065ed80c41cb882e3fb66,0x664adbc36d25a82d85d56c9cbb7122c79103b0b4,0.5,0.0007
0.1,2025-11-03 22:06:35.000 UTC,Withdrawal,0xfd32d0de742be485975778dd7d5eccf6b9e88fcb3324d5f43a21db3233e05004,0xec15c20015e72748f03065ed80c41cb882e3fb66,0xfac87aae88cbf4b0b08276d71de69d8313bec716,0.1,0.00057
2.0,2025-11-03 21:50:23.000 UTC,Withdrawal,0x55dc24bdc0800af9bccc0d3f1fa39d54437dd442cf5f55596304347ba732969a,0xec15c20015e72748f03065ed80c41cb882e3fb66,0x89521c72e0619c2f3e012f6b2b0e0ed7ac217617,2.0,0.0022
0.10567,2025-11-03 21:03:11.000 UTC,Withdrawal,0x2aba401b30f6755aa1846c39644a4e935a8c096b20ef517348366a79be720a2a,0xec15c20015e72748f03065ed80c41cb882e3fb66,0x34fd56cb28dced50981b89c48e635eb478b7be36,0.10567,0.001141236
0.14669,2025-11-03 19:54:47.000 UTC,Withdrawal,0xe7144fe5839b2898e4c2e17b9c26256b4c1852aac5066f10c1ae7911a41ed0a7,0xec15c20015e72748f03065ed80c41cb882e3fb66,0xcbe5c71993662ab6093bcb138a6dd4f4416c0e1d,0.14669,0.000557422
0.10729,2025-11-03 19:53:35.000 UTC,Withdrawal,0xebc145236098b45211b054243dd2f048328711850b77e943e23061f7d0cfc76b,0xec15c20015e72748f03065ed80c41cb882e3fb66,0xcbe5c71993662ab6093bcb138a6dd4f4416c0e1d,0.10729,0.000504263
0.1,2025-11-03 12:17:59.000 UTC,Withdrawal,0xf7b2235d05927b60378628b691e90fc1b3f1fd5e88d739bd7c7f989cb07ae0ab,0xec15c20015e72748f03065ed80c41cb882e3fb66,0x8b291e420c71e67f012fccf524e2be212318ae1e,0.1,0.00061
0.11443,2025-11-03 01:07:35.000 UTC,Withdrawal,0x57b1ab7f7594f5772ded924e5e38af860744141f63d7fa610e5ac2c95dcaba46,0xec15c20015e72748f03065ed80c41cb882e3fb66,0x78d40f2ef9839d4ad73f594d23bccd5103a6e184,0.11443,0.000160202
0.1426,2025-11-03 01:03:47.000 UTC,Withdrawal,0x71f641c3d35377f4e7556f3324eb2e455cd54001fecbf1a3a26d1d4585547161,0xec15c20015e72748f03065ed80c41cb882e3fb66,0xd7f7617f4d8dd8eb8453a51d38cbda01250c922b,0.1426,0.00018538
0.2,2025-11-02 04:51:35.000 UTC,Withdrawal,0xcb880f385f78bc4744439c15a06c877fa90adf31da36b09c483ac3d3f2741c51,0xec15c20015e72748f03065ed80c41cb882e3fb66,0x0a5f07eca94861d5804891cb9078171bbb0fd046,0.2,0.00024
5.0,2025-11-01 15:30:47.000 UTC,Withdrawal,0x85f7c7bc48e26430014c7667f09de5d0b4b4589971e2a746a7f4dfcfdf13813c,0xec15c20015e72748f03065ed80c41cb882e3fb66,0x75b83529c9831259f6f75750c19b8a586577a436,5.0,0.005
0.19,2025-11-01 08:24:23.000 UTC,Withdrawal,0x78750b8f399b689c4514b87dfe01dee66565f84bb539c37af9d17456844325e2,0xec15c20015e72748f03065ed80c41cb882e3fb66,0x16a6f0827ad3b4ccb35c13f65a5e149571b9699a,0.19,0.000228
0.05,2025-10-31 07:48:23.000 UTC,Withdrawal,0x8004348303f35396b893de6631efc932e146c5271ba844e0ad10e82806c2811b,0xec15c20015e72748f03065ed80c41cb882e3fb66,0x96800936c83afc0b9b69a2e6897e7574387d0dcb,0.05,0.000105
0.05,2025-10-31 07:46:23.000 UTC,Withdrawal,0x178fbb42173280515cb726b57a39d2a3c57dc39b9f187c14008d85ca840d21aa,0xec15c20015e72748f03065ed80c41cb882e3fb66,0xd30e548c7f0d466dbc2da40ef81340ef8f6a4f3b,0.05,0.000105
0.7,2025-10-31 07:41:59.000 UTC,Withdrawal,0xa3ef1f7efc1e3f115e4cf7bbfaedd4d33a3dec473c4ba3f0e00d31945a3c220b,0xec15c20015e72748f03065ed80c41cb882e3fb66,0x1c6de2dec17ff91112a82ed81fc7dc8f974aaf8a,0.7,0.00077
0.10697,2025-10-30 21:44:59.000 UTC,Withdrawal,0x358ce6740dcd806cbff795df2dbbba80b62149e85628039868329a43490368fd,0xec15c20015e72748f03065ed80c41cb882e3fb66,0x44a689e56ea758a7e63bb45a172a6fc390104349,0.10697,0.000278122
0.5,2025-10-30 10:55:11.000 UTC,Withdrawal,0x94b20e461e18f3fd155c625bcd7110fc0dcfbf37a6cfd822d55cfb7dae8e55ff,0xec15c20015e72748f03065ed80c41cb882e3fb66,0x8289432acd5eb0214b1c2526a5edb480aa06a9ab,0.5,0.0008
0.1,2025-10-30 10:47:59.000 UTC,Withdrawal,0x1df9fc2684ff94a2afa4d52b626d19ce8b49dad3aaff91d82f2bfb19d70b8e2a,0xec15c20015e72748f03065ed80c41cb882e3fb66,0x8289432acd5eb0214b1c2526a5edb480aa06a9ab,0.1,0.00037
0.4,2025-10-30 02:40:23.000 UTC,Withdrawal,0x58ed155ebd26cb55cb1d5b3d470811d3004d9c63126e6ead086753c59d79e0c9,0xec15c20015e72748f03065ed80c41cb882e3fb66,0xfac87aae88cbf4b0b08276d71de69d8313bec716,0.4,0.00044
0.11749,2025-10-30 02:28:59.000 UTC,Withdrawal,0x9bc96060c75d1803ba040b481cc7e448303f3671aa29ae70edf21d416df06f22,0xec15c20015e72748f03065ed80c41cb882e3fb66,0xd5ea13b3914406f634bdfdec9732f1cbc494de38,0.11749,0.000176235
0.1,2025-10-30 02:24:47.000 UTC,Withdrawal,0x2d7ee44a991b47862dd6566a9d30373d433095c01335ea0944bc18a9fc9559f7,0xec15c20015e72748f03065ed80c41cb882e3fb66,0x40d966b4789d8ff8e7f13cfdf7786085771ad6d8,0.1,0.00017
0.05,2025-10-30 02:22:47.000 UTC,Withdrawal,0x734b32127bc67590cc1e67f5ecfbfaed0b604aefa333acbaec01db9178ac1fca,0xec15c20015e72748f03065ed80c41cb882e3fb66,0xc2decb71d5ee1d687e3abdc281f9d1e0a9b43ce5,0.05,0.00012
0.2,2025-10-29 21:32:47.000 UTC,Withdrawal,0xa66b05666d050e176e18c96c68e2548ca48c1b606ea64ceb5f9513c5f2b328f4,0xec15c20015e72748f03065ed80c41cb882e3fb66,0x6efc8a56bbb66006b92320117f941de246e10e88,0.2,0.00034
1.0,2025-10-29 21:11:47.000 UTC,Withdrawal,0x70207b0e90a121c2b4e6465e5ee3a0bf484f7089d216bd4df4e63858628cae31,0xec15c20015e72748f03065ed80c41cb882e3fb66,0x8289432acd5eb0214b1c2526a5edb480aa06a9ab,1.0,0.0011
0.1,2025-10-29 20:13:11.000 UTC,Withdrawal,0xf130170ebe1cdc33bb342185d4d021d5bbc745eb46ea3c5b2041476106f3c1d2,0xec15c20015e72748f03065ed80c41cb882e3fb66,0xd38a738b7584adbaf0a4f9a94132cbbfa816b640,0.1,0.00044
0.97,2025-10-29 10:38:47.000 UTC,Withdrawal,0x015aa188a60d0fcab89b69de6db28ab28926f42764f7b65f7930dabdaa3aa50f,0xec15c20015e72748f03065ed80c41cb882e3fb66,0x26d3da5e8e2046aaebac91a122c166903e31fb76,0.97,0.001067
0.1,2025-10-28 20:05:11.000 UTC,Withdrawal,0x3bcd55af540cccea4b454e4227e56710587384eedf0158a2bb32c1f57cad2110,0xec15c20015e72748f03065ed80c41cb882e3fb66,0xfac87aae88cbf4b0b08276d71de69d8313bec716,0.1,0.00024
0.46,2025-10-28 19:53:59.000 UTC,Withdrawal,0x36f89379020897a6c288207081fbf73926fe3c27842a9f51f782e3cf6f551f45,0xec15c20015e72748f03065ed80c41cb882e3fb66,0x6cd5cdbfe9e06b5383a18716faf7ac51a2797035,0.46,0.00069
0.1,2025-10-28 18:30:59.000 UTC,Withdrawal,0x6eb215b36f1cc12e1b55d1b3c117c6b84309a82a4bf13ad08688094b2fe3cc08,0xec15c20015e72748f03065ed80c41cb882e3fb66,0x94c8f673746542b7ab0e5a836deb5e6ae162f4bc,0.1,0.00023
0.1,2025-10-28 18:03:23.000 UTC,Withdrawal,0xf3bc397dcb65d1bc0ac9759c75eedb58500285140568ff7dcf29a75ebc4fe5ca,0xec15c20015e72748f03065ed80c41cb882e3fb66,0x6cd5cdbfe9e06b5383a18716faf7ac51a2797035,0.1,0.00025
0.5,2025-10-28 14:04:35.000 UTC,Withdrawal,0xaa90526e6a18764d7168017716d759103e21753ffce4aec38d750804b41ffaa8,0xec15c20015e72748f03065ed80c41cb882e3fb66,0x97391a51149b68c638d189d5d7dc851f8764d149,0.5,0.0008
0.11113,2025-10-28 06:03:11.000 UTC,Withdrawal,0xcd8eac2c1dfb5cbc98116fccd269d6669d9c4447ace3cbde7ef293e61e0c95ff,0xec15c20015e72748f03065ed80c41cb882e3fb66,0xc54c8fe43d69228a326705f0b026e5783d8f63b8,0.11113,0.000177808
3.0,2025-10-27 21:55:59.000 UTC,Withdrawal,0x8ba84f298241a2d186a526da92dea1da11a75b218496714ec1baa3c58dbda1b4,0xec15c20015e72748f03065ed80c41cb882e3fb66,0xbe7b413f164a6825694cf7cbf92f728ac47e8a53,3.0,0.003
3.1081081081081083,2025-10-27 20:06:59.000 UTC,Withdrawal,0x543c00089c81e0a339e602dc1aabcc55d7a2ec6a68b53afd9ff93a1b85b7c387,0xec15c20015e72748f03065ed80c41cb882e3fb66,0xe76a2fcb23258bb28402d75423dc3f934cfc7701,3.1081081081081083,0.003108108108108108
1.213,2025-10-27 19:58:35.000 UTC,Withdrawal,0xbdb15a862fa2fa3b066b5f886bccff07a0da958bc963641931e0b6c23287e8a6,0xec15c20015e72748f03065ed80c41cb882e3fb66,0x814c3e58d8dff05732f314e463d0c6870efd42e7,1.213,0.0013343
0.255,2025-10-27 17:15:11.000 UTC,Withdrawal,0x7cd70431fd0f9ce8f76f4a9af40981a96a42eefa29f3b3070afa17d76a0adeaa,0xec15c20015e72748f03065ed80c41cb882e3fb66,0x0ba907c480ae4bc1b152e79a2b96062f29c737a5,0.255,0.000561
0.252,2025-10-27 16:57:59.000 UTC,Withdrawal,0x90155a44749cbf5595afac626dfc287b7169331ad224d0d550853bf1305f525d,0xec15c20015e72748f03065ed80c41cb882e3fb66,0x759bdd56eaffde01322b982fea58f7e84fea5e21,0.252,0.00063
0.1,2025-10-27 16:32:47.000 UTC,Withdrawal,0x23e3749c44d2dba06a13f886519b4e22db1b5dcbedd5f1e941f676e631e6903f,0xec15c20015e72748f03065ed80c41cb882e3fb66,0x84d53204003b9becba1b267275b0dd99f72d6e36,0.1,0.00044
0.27,2025-10-27 16:21:35.000 UTC,Withdrawal,0x23d6adfc6cac5bf3924b56cc38725c44b46dd54f514ec746745ed789687db057,0xec15c20015e72748f03065ed80c41cb882e3fb66,0xea1ee6469342d231140f9d73c8728d1406f63fc2,0.27,0.000675
1.779045,2025-10-27 11:27:35.000 UTC,Withdrawal,0x3a2774aa5cb4012c9fb70f953e7f1d45837b7167837523c4131ab492dde0428e,0xec15c20015e72748f03065ed80c41cb882e3fb66,0x154ecc75abd3ff29d3de172c1f7ffb7581c48591,1.779045,0.001779045
0.265,2025-10-27 02:07:23.000 UTC,Withdrawal,0x90fb8ce85c4d7e74a8bb746f2211b1156255ad6c3e257412502eb178d710d4dc,0xec15c20015e72748f03065ed80c41cb882e3fb66,0x39f747e3a6d77efc08054aad8100f7012ca57946,0.265,0.0003445
0.26,2025-10-27 02:02:59.000 UTC,Withdrawal,0x64db017737fc666a6802beb6111e199356a646659e307429d9232c6f8462f173,0xec15c20015e72748f03065ed80c41cb882e3fb66,0x78dcf7f211f10dbb0334992ec2213b15a6e93c6a,0.26,0.000338
0.25,2025-10-27 01:57:35.000 UTC,Withdrawal,0x5f8003b62cfe05dfa7232b12eb8605966b532aff399f5f3004b4546c83015d5f,0xec15c20015e72748f03065ed80c41cb882e3fb66,0x0f99c9c02afbaee406d74e18c002a3398e761465,0.25,0.0003
0.26,2025-10-27 01:47:47.000 UTC,Withdrawal,0xf0fab2e4ae1841b907aa20c0e7d2bf97bcc3fc4ddd915ba9db8971beafad4d05,0xec15c20015e72748f03065ed80c41cb882e3fb66,0xd50c34f7c006953def07f40602b15d0d90e9f4aa,0.26,0.000312
0.5709,2025-10-26 18:37:35.000 UTC,Withdrawal,0x28009aa8da12034d597e0ee9195ac55d7aac1c555d17c386d6cfbea334dfa831,0xec15c20015e72748f03065ed80c41cb882e3fb66,0x5d4b5f1d816939dcf70885f6017fc75b40d2d9d6,0.5709,0.00062799
2.0,2025-10-26 17:53:23.000 UTC,Withdrawal,0x1538cfb1682b194c48265fc4ba890a7ab631101c95a4d910db0e4d8369af42e4,0xec15c20015e72748f03065ed80c41cb882e3fb66,0xc797ed3f4f77002c7e0077820914d960b1e3bc00,2.0,0.002
0.2,2025-10-26 15:53:11.000 UTC,Withdrawal,0x7564c68335341256e9d5ba78b94e251db7724c12c132b5b6a36ce4abc8ab403a,0xec15c20015e72748f03065ed80c41cb882e3fb66,0x97391a51149b68c638d189d5d7dc851f8764d149,0.2,0.00028
1.0,2025-10-26 15:12:11.000 UTC,Withdrawal,0xfbefbbb4ac0e536d7c5c309c5762861e8cf4db008986002ce62cc2f6ec20577c,0xec15c20015e72748f03065ed80c41cb882e3fb66,0xccff6cfb8e405948243383b9fc68b37e8b53568f,1.0,0.001
0.96,2025-10-26 14:44:11.000 UTC,Withdrawal,0x8fef1aaeb6552376a254c197a4c0d6ac5a06ae5d9954a75ca721dab1ce827bda,0xec15c20015e72748f03065ed80c41cb882e3fb66,0x48c404bf75a7153a1f76a0f0408a1c7f309ef6cc,0.96,0.00096
0.15,2025-10-26 13:24:35.000 UTC,Withdrawal,0x065b817beb10dac3d2797e335ce91668cfbbccc45717870aa9cd05394a06a494,0xec15c20015e72748f03065ed80c41cb882e3fb66,0xe4f6625557a8b40e1602e84c06fd787416d0b742,0.15,0.00024
1.0,2025-10-26 12:48:59.000 UTC,Withdrawal,0x8e6b313acb59f2f96f1b70d0630ca96311a75ec6d36025a7032e50ac4eb72a88,0xec15c20015e72748f03065ed80c41cb882e3fb66,0x2eba11c9d5b3f82b25934bcf1bc3bac15eaca87b,1.0,0.001
0.1,2025-10-26 03:10:59.000 UTC,Withdrawal,0xd0aa3cd9e02ab43af579051d1b30fbf7d4eabe37783b1f2fb1efcfea1ff631a1,0xec15c20015e72748f03065ed80c41cb882e3fb66,0xed7f7d3f161aa089044d92749c8d1ad6c1d36051,0.1,0.00015
0.963,2025-10-25 06:24:35.000 UTC,Withdrawal,0x6f2976404f855a7f77d3889aeb2741b401ef24c286bb7cf0646a72d10b0abaf3,0xec15c20015e72748f03065ed80c41cb882e3fb66,0xe9f81a2d57491565126e58ce891e9d1c2ad95126,0.963,0.000963
0.5,2025-10-25 01:43:11.000 UTC,Withdrawal,0x1a01328721ea4e0c2a66208b052e192bc4d09f7ff8ab6b789ea0c3ad3efdffdb,0xec15c20015e72748f03065ed80c41cb882e3fb66,0x5e4568c4d8343052a06ec8aab1e124af08b73248,0.5,0.00055
0.2,2025-10-24 18:27:23.000 UTC,Withdrawal,0xc91637b27840cff2fcf1767cdc775c446a5b29f667186a81ddf776d2428a3dd3,0xec15c20015e72748f03065ed80c41cb882e3fb66,0xfac87aae88cbf4b0b08276d71de69d8313bec716,0.2,0.00026
0.22,2025-10-24 16:15:35.000 UTC,Withdrawal,0x920fcbd15fb363b2cc97037efeaac008d124c57e73bc4d5433e80f70945f89dc,0xec15c20015e72748f03065ed80c41cb882e3fb66,0xac6689eef1c69f7425661d1e475544efb9ead122,0.22,0.000418
0.25,2025-10-24 16:13:35.000 UTC,Withdrawal,0x86ae6f779dd23cd322c047620f08f9cfd5c3e9bf23d8b7dde8058162d9697792,0xec15c20015e72748f03065ed80c41cb882e3fb66,0x8692b64cc53751440bf812aa83ff00231ca80d42,0.25,0.00045
0.18,2025-10-24 13:50:23.000 UTC,Withdrawal,0xe5aef4eead358d209b629a976eb2d9fe4fcf53f40189c5c494cdff17f6fd5a7c,0xec15c20015e72748f03065ed80c41cb882e3fb66,0x4fdea80fac4a7692a4eb61fa96ceeb592186ebd3,0.18,0.00054
0.2,2025-10-24 13:43:59.000 UTC,Withdrawal,0xe5db768b5bdb96d4e633334562fae4ebad6cd5cab99f014cfee580444a79d181,0xec15c20015e72748f03065ed80c41cb882e3fb66,0x7176357126d5bf260b7356f5e9605ac53ad59ec5,0.2,0.00044
0.1,2025-10-24 12:35:59.000 UTC,Withdrawal,0x9609c0e8a07ea848fc83793e4e7d9d31f58c080a36e70d361c42c46eae1962ea,0xec15c20015e72748f03065ed80c41cb882e3fb66,0xb6f2c2f576aa8143d9f534cca413d762b850e3a8,0.1,0.00035
0.01,2025-10-24 07:37:35.000 UTC,Withdrawal,0x2e978e858e583331ca8314c3e880ddeef62b7553f1fce41bad430ed375f52f32,0xec15c20015e72748f03065ed80c41cb882e3fb66,0x0a5f07eca94861d5804891cb9078171bbb0fd046,0.01,9.1e-05
0.24,2025-10-23 18:12:11.000 UTC,Withdrawal,0xf3d61f65fda2331979cc348443745d738b8d27ecaf6174363f6e9972d3250d67,0xec15c20015e72748f03065ed80c41cb882e3fb66,0x380665ad32981f6cdbef7a2dbdf810bda9ab0d95,0.24,0.00036
0.05,2025-10-23 16:27:47.000 UTC,Withdrawal,0xa1ff76aea110ae29b8c92ff7120c242fe109ca9241de8efdfa58e0053b80a690,0xec15c20015e72748f03065ed80c41cb882e3fb66,0x91795369e887cf501153d9ced6f35c6d0c5b518d,0.05,0.00017
3.105,2025-10-23 11:59:11.000 UTC,Withdrawal,0xd19e577182760b75cbf6e5aafceafb438c1e5c645421b9093ac084d9f0a0b36e,0xec15c20015e72748f03065ed80c41cb882e3fb66,0x91795369e887cf501153d9ced6f35c6d0c5b518d,3.105,0.003105
0.2179,2025-10-23 08:07:47.000 UTC,Withdrawal,0x59331cebac6b27bd68b2f0c24d3eddda0e3086feda802ca03273338585a02a76,0xec15c20015e72748f03065ed80c41cb882e3fb66,0xbd950b25906e3dc3b656b2d274ea6a3f3eca34b3,0.2179,0.00028327
0.1,2025-10-23 07:36:35.000 UTC,Withdrawal,0xa3401d2781a5759dcb81badab75fd529661ba815bbf187bcec4592e06cf0dc34,0xec15c20015e72748f03065ed80c41cb882e3fb66,0x777c47498b42dbe449fb4cb810871a46cd777777,0.1,0.00079
0.1,2025-10-22 20:13:35.000 UTC,Withdrawal,0xe4df94433c7175ac7c3f5f0cce619601634ed58c4efe42a30b5dc55419e4a513,0xec15c20015e72748f03065ed80c41cb882e3fb66,0x781132b4337bc33b11961abe48e59b7a4295b2c7,0.1,0.00019
0.1,2025-10-22 19:32:11.000 UTC,Withdrawal,0x637426a3c9983fd608c792ee096bc6cc93424e3504e210b9858756d84eb8ea5d,0xec15c20015e72748f03065ed80c41cb882e3fb66,0x2dd14f4f09a251a085495803008f1baf1c576c31,0.1,0.00016
0.19701,2025-10-22 07:29:59.000 UTC,Withdrawal,0x2068e79b3fd8ce36762689697b661e23915a86516f75ba9f74abedddae157f07,0xec15c20015e72748f03065ed80c41cb882e3fb66,0xe65cc0b0854c29abcbcc8aae3d217a79a9e25ef3,0.19701,0.000256113
0.1206,2025-10-22 07:27:59.000 UTC,Withdrawal,0x4f7ed57c5b7cb835528aa9632b8cb6377b2b5afbef1fb386da71c60c8f88c785,0xec15c20015e72748f03065ed80c41cb882e3fb66,0x44ee022ce52edda374516e93fb7a035f73e2f08d,0.1206,0.0001809
1.5,2025-10-22 04:53:23.000 UTC,Withdrawal,0xad844a31f78b29984045f2d584bd6bc6d232f3ff144f98cf7ef3aa14d4cb2ae9,0xec15c20015e72748f03065ed80c41cb882e3fb66,0x0ece91a322e1bc8c81e4a2ef94b7abe9c7209e4d,1.5,0.0015
0.01,2025-10-22 01:25:11.000 UTC,Withdrawal,0x4eb506d222cdf2d02411d478993159b619edb92ca5bec86217dab1204288a34d,0xec15c20015e72748f03065ed80c41cb882e3fb66,0x086e3f950ff9e40ce2e1f178310e85282ef5a1fc,0.01,7.7e-05
0.1,2025-10-22 00:03:47.000 UTC,Withdrawal,0x8c79c6745f9f8933ca6cfb0960b087252ff13ee500fe4b41424c305647672bfb,0xec15c20015e72748f03065ed80c41cb882e3fb66,0x3eca5eee06a42a11ae1bf3aba57f46a2906e9154,0.1,0.00017
0.1022,2025-10-21 23:59:23.000 UTC,Withdrawal,0xb4dfff51427c3f90d607bcf7a388d9c519d3418c35bcd979861c7aef3df7a477,0xec15c20015e72748f03065ed80c41cb882e3fb66,0x25a48d9ec7955f265c3a4374766875439fb80708,0.1022,0.00016352
0.1001,2025-10-21 23:50:35.000 UTC,Withdrawal,0x8a404bb29a900759a87b1087dc868b3f6778cd8e6ab1fb28c8c5800625fc199e,0xec15c20015e72748f03065ed80c41cb882e3fb66,0x2e654c0fb467ed84efcccfeadbfe680b8eace0f6,0.1001,0.00016016
0.1012,2025-10-21 23:46:59.000 UTC,Withdrawal,0x7039ff89399c49f60086b984c9e859ad38e2500772a67c4ac0fd9134230a37a3,0xec15c20015e72748f03065ed80c41cb882e3fb66,0xf8efa459f6a5bf3d17ad82b685b48abd6b48ec4d,0.1012,0.00017204
0.1011,2025-10-21 23:38:35.000 UTC,Withdrawal,0x8c3c2b5466659557b731cc89b432f1dcb57f699d47d9d949485c78dece8402f5,0xec15c20015e72748f03065ed80c41cb882e3fb66,0x27009f62b351c7c7c44468f0d345d1bef508c535,0.1011,0.00019209
0.1012,2025-10-21 23:36:59.000 UTC,Withdrawal,0xea1e76757811ff3a077809df6877aea05f2d254623c2168135d02a65b6f1f966,0xec15c20015e72748f03065ed80c41cb882e3fb66,0xe74f45b02281a199b28e2a4dd817f5b008b4727f,0.1012,0.00018216
0.10223,2025-10-21 23:31:59.000 UTC,Withdrawal,0xe70226db14c06d1882c2fb9b3d53a78c2566eba18f18829341bef52c5631e285,0xec15c20015e72748f03065ed80c41cb882e3fb66,0x50b62d4abdbdecce5cb242fe842c7987b07d58f0,0.10223,0.000163568
0.01,2025-10-21 21:55:23.000 UTC,Withdrawal,0x0d198ec8a5732c5a1787fe363297afc934051419d034b165f3acf316c8861f79,0xec15c20015e72748f03065ed80c41cb882e3fb66,0x380665ad32981f6cdbef7a2dbdf810bda9ab0d95,0.01,8.9e-05
0.22,2025-10-21 20:02:35.000 UTC,Withdrawal,0x0538fb0ab607fe17cc2bc19440b5d4e3b657d0b1cf0daa8b50d58c243682a6f9,0xec15c20015e72748f03065ed80c41cb882e3fb66,0x2e29c9d43c546c7bca16a706274ec2d9879fc142,0.22,0.000286
7.10869,2025-10-21 18:34:11.000 UTC,Withdrawal,0xc1d2d387405aa7e745841c884b0e43855f2c75e847b1c8dcd825146c0e8bc5e5,0xec15c20015e72748f03065ed80c41cb882e3fb66,0xf8f74f2c34959f700f2617a71d19be13bc42beb9,7.10869,0.00710869
0.225,2025-10-21 17:55:11.000 UTC,Withdrawal,0x6e498170531488707fcb5d140acc95fa8ecdf3a98ec3a18a6ef4ce285b0f4225,0xec15c20015e72748f03065ed80c41cb882e3fb66,0x759bdd56eaffde01322b982fea58f7e84fea5e21,0.225,0.0005175
0.25,2025-10-21 12:43:59.000 UTC,Withdrawal,0xdcf54a4cd85a05676aad94f25ad0dde98629627baf26826d350021da9c6d03bf,0xec15c20015e72748f03065ed80c41cb882e3fb66,0x4a1d9a444ffd2bc866f7ff5b9b8d218a203500f1,0.25,0.000425
0.96,2025-10-21 10:36:23.000 UTC,Withdrawal,0xe560c5fa75ad6cfbe9ecbc7a34e4aeb6672163f83662403b1798aabdb9da8b4d,0xec15c20015e72748f03065ed80c41cb882e3fb66,0xf311a17b56d1aa061722aaef7f17883e0b69c0ab,0.96,0.00096
1.5,2025-10-21 03:31:11.000 UTC,Withdrawal,0x346df6a30576f20b95efad29f1728864730c8bf6598b51ec51a5acf9b6f9882c,0xec15c20015e72748f03065ed80c41cb882e3fb66,0x8ca9f4b2b405f72bfaa225fb58693d591f862ada,1.5,0.0015
0.26,2025-10-20 23:54:11.000 UTC,Withdrawal,0x3e8454da4628a896b732ac7f2a344333bd6488e192161f977c6ff5355b5f92ec,0xec15c20015e72748f03065ed80c41cb882e3fb66,0x78dcf7f211f10dbb0334992ec2213b15a6e93c6a,0.26,0.000312
0.1,2025-10-20 22:36:35.000 UTC,Withdrawal,0xb4d26c49e94d12e349081259126989fac942c48e17703f219717bb83b10c1a56,0xec15c20015e72748f03065ed80c41cb882e3fb66,0xa6129b6beb8c1beebbd4014095c02e8b722dfa4c,0.1,0.00016
0.264,2025-10-20 20:40:35.000 UTC,Withdrawal,0x43fd3b7a4cf1dd1dcfad9a97a5fed71c4204abb9918ddd026812ab49da4ad190,0xec15c20015e72748f03065ed80c41cb882e3fb66,0x39f747e3a6d77efc08054aad8100f7012ca57946,0.264,0.0003168
0.25,2025-10-20 20:37:23.000 UTC,Withdrawal,0xa6e58755c25021c44482e5a9a34bf8d0a5fe22a6785bf0b75cc74b5e79c5a105,0xec15c20015e72748f03065ed80c41cb882e3fb66,0x0ba907c480ae4bc1b152e79a2b96062f29c737a5,0.25,0.0003
0.27,2025-10-20 20:26:59.000 UTC,Withdrawal,0x74a6fe2c79ba8b4ebd66ba87c1d64c60fe7696e938f4639a13c85d75612238ed,0xec15c20015e72748f03065ed80c41cb882e3fb66,0xea1ee6469342d231140f9d73c8728d1406f63fc2,0.27,0.000351
0.248,2025-10-20 15:36:47.000 UTC,Withdrawal,0xe6986faaf17757d3f817070fcf07e3b3e4ef304422b80d19964efc09634be54c,0xec15c20015e72748f03065ed80c41cb882e3fb66,0x19feee0dff8bf9df19655c3b945a0203676a8f4b,0.248,0.000372
0.2,2025-10-20 15:25:59.000 UTC,Withdrawal,0x85876794bfccae30e94434eddced498968a2128a7413ed512e82cf8edd1fca78,0xec15c20015e72748f03065ed80c41cb882e3fb66,0x23fe783b04700a1555c91c8ef229655bfb964dfb,0.2,0.0004
0.05,2025-10-20 15:06:35.000 UTC,Withdrawal,0x1d3a6c99a98a6e04717cedd2df3ac7c8c1c339994edd40d48fbf9771b74c2822,0xec15c20015e72748f03065ed80c41cb882e3fb66,0x2e981cd5e3580b37ab8539c9d092b0da808a58cd,0.05,0.000285
8.79084,2025-10-20 14:56:11.000 UTC,Withdrawal,0x9730e53deca4e8978a704fca92e111398acb413901da721442725b6f28ad709b,0xec15c20015e72748f03065ed80c41cb882e3fb66,0xf8f74f2c34959f700f2617a71d19be13bc42beb9,8.79084,0.00879084
2.23988,2025-10-20 14:55:35.000 UTC,Withdrawal,0x878ce62e483aea33a89c8f974798ce43c41a8741dbf7239de0d64911ced0070b,0xec15c20015e72748f03065ed80c41cb882e3fb66,0xf8f74f2c34959f700f2617a71d19be13bc42beb9,2.23988,0.002463868
2.27935,2025-10-20 14:54:59.000 UTC,Withdrawal,0xd3eb451b578a6a0e2edfea13bbf012209d5455bd10304691bbab9ed81793ee56,0xec15c20015e72748f03065ed80c41cb882e3fb66,0xf8f74f2c34959f700f2617a71d19be13bc42beb9,2.27935,0.002507285
6.73455,2025-10-20 14:53:59.000 UTC,Withdrawal,0x1d8c0d21a89f3c81d3073b4dff69e8a1fbce1fa4b44da647fe960160bc6046a4,0xec15c20015e72748f03065ed80c41cb882e3fb66,0xf8f74f2c34959f700f2617a71d19be13bc42beb9,6.73455,0.00673455
10.0,2025-10-20 14:52:11.000 UTC,Withdrawal,0xf817216625d59a6e0caf3a1089a1736fa7bb3914011ba0fa98ceab98b2a4fb50,0xec15c20015e72748f03065ed80c41cb882e3fb66,0xf8f74f2c34959f700f2617a71d19be13bc42beb9,10.0,0.01
4.3986,2025-10-20 14:51:23.000 UTC,Withdrawal,0xda8bcdce63368c1fbb7e3a388de74314fac9e6ee73bdd6e6b6c6331289662c18,0xec15c20015e72748f03065ed80c41cb882e3fb66,0xf8f74f2c34959f700f2617a71d19be13bc42beb9,4.3986,0.0043986
2.30498,2025-10-20 14:50:47.000 UTC,Withdrawal,0x16e7a72c849a9d8883152058d341fb11fdfd10a17d946fe2851528983b718899,0xec15c20015e72748f03065ed80c41cb882e3fb66,0xf8f74f2c34959f700f2617a71d19be13bc42beb9,2.30498,0.002535478
6.56695,2025-10-20 14:45:11.000 UTC,Withdrawal,0x87276459d2a13ff91241197d3d276f1393db3606610ed43b49d4549ab8b0932b,0xec15c20015e72748f03065ed80c41cb882e3fb66,0xf8f74f2c34959f700f2617a71d19be13bc42beb9,6.56695,0.00656695
10.8808,2025-10-20 14:43:59.000 UTC,Withdrawal,0xdd9255313f07dbb270560c56b208c1bf081534070a9797e77f9a59e05c937c34,0xec15c20015e72748f03065ed80c41cb882e3fb66,0xf8f74f2c34959f700f2617a71d19be13bc42beb9,10.8808,0.0108808
1.5,2025-10-20 14:40:47.000 UTC,Withdrawal,0x813c8deac8e923b5d3f90c840e56f029d9d182b472fd7c55e689172c93ec9750,0xec15c20015e72748f03065ed80c41cb882e3fb66,0xf8f74f2c34959f700f2617a71d19be13bc42beb9,1.5,0.00225
0.21,2025-10-20 13:55:59.000 UTC,Withdrawal,0x7601f5060e4f881d1b503aabe6c06791dc43dabcc5a9b5f0a48b0e9ec2b096b1,0xec15c20015e72748f03065ed80c41cb882e3fb66,0x20e788c4b1dc2e6e8ad7119b802f86fbca692b48,0.21,0.000441
5.0,2025-10-20 12:40:23.000 UTC,Withdrawal,0xfa36bdcf8d1f640398a94e61122fb8c87bbe247da13d2b598b075d9613470511,0xec15c20015e72748f03065ed80c41cb882e3fb66,0xc797ed3f4f77002c7e0077820914d960b1e3bc00,5.0,0.005
0.5,2025-10-20 12:39:23.000 UTC,Withdrawal,0xb67856695bc58996d8591b87bbeca5ddb76d0d0594022c90ecb37efc9e65485d,0xec15c20015e72748f03065ed80c41cb882e3fb66,0xc797ed3f4f77002c7e0077820914d960b1e3bc00,0.5,0.00055
1.0351,2025-10-20 07:38:11.000 UTC,Withdrawal,0xca6215c5e72aeb28680df15a6294c491108df1586178c9856bb7ec914dd1dd2a,0xec15c20015e72748f03065ed80c41cb882e3fb66,0x8ca9f4b2b405f72bfaa225fb58693d591f862ada,1.0351,0.0010351
0.4,2025-10-20 07:36:23.000 UTC,Withdrawal,0x2103bfaa543f558a5fedb265ef2d5a4c12b830fe997b3b097756f3924aa0af44,0xec15c20015e72748f03065ed80c41cb882e3fb66,0x8ca9f4b2b405f72bfaa225fb58693d591f862ada,0.4,0.00044
1.0,2025-10-20 03:48:47.000 UTC,Withdrawal,0x86e858275194b760955945300ea592c1b3c625792af5a1de474e3c0a07978933,0xec15c20015e72748f03065ed80c41cb882e3fb66,0x17c98bf921f5bc6a3f0c27c8a5de4dc44dfb08ac,1.0,0.001
0.20149,2025-10-20 00:41:11.000 UTC,Withdrawal,0x1cceeefa70d6fb837c9b9f81a84d5150f995622a38ed26009a0217b3d0aeed8c,0xec15c20015e72748f03065ed80c41cb882e3fb66,0xccfbf0fc6c88a80bc04eb6eeb4fbbd5e2d327962,0.20149,0.000261937
0.08,2025-10-19 23:16:35.000 UTC,Withdrawal,0x395c10cd54d73daaac1f193d4149c243644ee64bcf492212af06d528eb405b40,0xec15c20015e72748f03065ed80c41cb882e3fb66,0x99758478c660d48abf6ea0741b0fa34c91c6cf9a,0.08,0.000136
0.236,2025-10-19 23:06:35.000 UTC,Withdrawal,0x0c38f3b8b1c2eeadfa781896650d200c7dadec9fedbcb385ba45c9aafac01de7,0xec15c20015e72748f03065ed80c41cb882e3fb66,0x050c3fb238f27ef4b6755069daf214a7bb169bc7,0.236,0.0002832
0.16,2025-10-19 23:04:11.000 UTC,Withdrawal,0x0f05963a0cf4784d90a62f2d83900a6432938870629e71d3ddea9792688fd15c,0xec15c20015e72748f03065ed80c41cb882e3fb66,0x3a9f9c4a304b9e5fef0ea617dbca6df2803dbf71,0.16,0.000224
0.215,2025-10-19 22:59:59.000 UTC,Withdrawal,0x325b1671ba299c5f30e99e787a4c5f2f593971ed4933f660ca829813d14b6c9a,0xec15c20015e72748f03065ed80c41cb882e3fb66,0x9f07ae56a5c346240a643625b7c6dc083b211b0f,0.215,0.0002795
0.722,2025-10-19 19:11:59.000 UTC,Withdrawal,0x8d6a600abf435172a76448e701a79522431431d60e56da74c6fde4c2a0eb2fcd,0xec15c20015e72748f03065ed80c41cb882e3fb66,0x0f9e954b8301c2a41716aa7f7cb303c1472cbe3a,0.722,0.0007942
0.202,2025-10-19 18:50:11.000 UTC,Withdrawal,0x877e5caa60cdaf253e6ca9d0292eff095a74220f580fbc2323e24bc37df66689,0xec15c20015e72748f03065ed80c41cb882e3fb66,0xdf23dac6e9200b091e8f494d918db41ecec3e543,0.202,0.0002626
0.165,2025-10-19 18:49:23.000 UTC,Withdrawal,0x6c1a4d63bf5884b3d799597ff2764806d6943933c3306653e16838c3c58a3997,0xec15c20015e72748f03065ed80c41cb882e3fb66,0xe3716e4639ab74c1e5e5e70d4e2a4be14e08374e,0.165,0.000231
0.2,2025-10-19 18:29:47.000 UTC,Withdrawal,0xc4aae64e63cf8118e9aea3d3093f84b0213b8a85c5ef032d19394af3c51c7232,0xec15c20015e72748f03065ed80c41cb882e3fb66,0x0f99c9c02afbaee406d74e18c002a3398e761465,0.2,0.00028
1.0,2025-10-19 17:30:23.000 UTC,Withdrawal,0x31b46a9741f991e4b13244b898a223f29e78b7c4990bda91f89278c2eb46b36e,0xec15c20015e72748f03065ed80c41cb882e3fb66,0x2eba11c9d5b3f82b25934bcf1bc3bac15eaca87b,1.0,0.0011
0.491,2025-10-19 13:51:23.000 UTC,Withdrawal,0x3f16f1c7c1719aa56621b4dc754fa7b0bcd56a2e5e5e39a3fcb1e1a909a80117,0xec15c20015e72748f03065ed80c41cb882e3fb66,0xc797ed3f4f77002c7e0077820914d960b1e3bc00,0.491,0.0005892
0.15,2025-10-19 13:48:23.000 UTC,Withdrawal,0x0398bed55c48146778cab9027cfd2aa062ecaccdc9db068290782acca6217086,0xec15c20015e72748f03065ed80c41cb882e3fb66,0xc797ed3f4f77002c7e0077820914d960b1e3bc00,0.15,0.000285
1.3222,2025-10-19 12:37:59.000 UTC,Withdrawal,0xe567605df55ce63146e9b11e07e4b12f4da4c8b73aea164853f469c13a58eccb,0xec15c20015e72748f03065ed80c41cb882e3fb66,0xc797ed3f4f77002c7e0077820914d960b1e3bc00,1.3222,0.0013222
0.55,2025-10-19 12:35:59.000 UTC,Withdrawal,0x84939809467a18a41a155c91ecc1627b5a56406c7e28d1934cfe28294b31f8f8,0xec15c20015e72748f03065ed80c41cb882e3fb66,0xc797ed3f4f77002c7e0077820914d960b1e3bc00,0.55,0.000605
0.1238,2025-10-18 23:32:35.000 UTC,Withdrawal,0x74bfcbd826d9899b3602f57ed3a452d23533946d803aca80fc395fd0806d7064,0xec15c20015e72748f03065ed80c41cb882e3fb66,0x207cd69230c6c0f917db89872b34a19f05a38b02,0.1238,0.00021046
0.48,2025-10-18 13:45:23.000 UTC,Withdrawal,0xae3b3118c1a0dfa7af82ec56bed7cfe6250d5c427e0e872e8e92cedb31c3b7aa,0xec15c20015e72748f03065ed80c41cb882e3fb66,0xb26beaad93bfee2e09e2cbe9228bd0b1843ca0e3,0.48,0.000624
2.5,2025-10-18 09:36:47.000 UTC,Withdrawal,0x77f4eb95c8b39432c176345cf1972c5e4731fff674c16b4d43f1131f47958c8f,0xec15c20015e72748f03065ed80c41cb882e3fb66,0xfa2a38d80ec343891b0b11670304b8f0807b7ce7,2.5,0.0025
0.1261,2025-10-17 14:49:35.000 UTC,Withdrawal,0x55d5c33b1884c590fa16e9e7820cb4dff7fc9b860a44e8e36cf7d85a2f6db1bf,0xec15c20015e72748f03065ed80c41cb882e3fb66,0xfc62409080da3326f78789b09161021dafeeef7f,0.1261,0.00133666
0.2,2025-10-17 14:34:47.000 UTC,Withdrawal,0x6a620789f2cc999430e106787391c1c569d38dd0bc0de2fe1be82a89df6dc8d0,0xec15c20015e72748f03065ed80c41cb882e3fb66,0xa2b7cb4adb27e6885008ffbd7a5257bec86a257b,0.2,0.00138
0.965,2025-10-17 07:38:47.000 UTC,Withdrawal,0xaa514072dd2fe538ca71f669a42a3d518ceefede292816293caaa2ce5745b4c5,0xec15c20015e72748f03065ed80c41cb882e3fb66,0xe8dc12e246fdf31e6ed48ac495372613e48b0690,0.965,0.0027985
0.10624,2025-10-17 03:47:59.000 UTC,Withdrawal,0xe1e4513b87ecf4d7df61b200ec36de3171e4e29cde8353af6dcf33f8fe6ce11f,0xec15c20015e72748f03065ed80c41cb882e3fb66,0xbaf33c6f1fd80c18c0bd485c4ff9ee09be571140,0.10624,0.000180608
0.1,2025-10-16 22:49:35.000 UTC,Withdrawal,0x2c2e2c1c53540c722dfaa1f74d2e7b8bf7daa12c33e617c9935cae553d676f43,0xec15c20015e72748f03065ed80c41cb882e3fb66,0xf8f74f2c34959f700f2617a71d19be13bc42beb9,0.1,0.00022
0.1,2025-10-16 20:27:59.000 UTC,Withdrawal,0x1ebb50f6685f92a8ace873165d397bcde1ed7290648a71405aaa8337b4179791,0xec15c20015e72748f03065ed80c41cb882e3fb66,0xd8a0ff2e25b5e7cfcd63e929652972d19d8a9f9b,0.1,0.00031
0.22,2025-10-16 15:52:47.000 UTC,Withdrawal,0xee5e3246c4f7fd87c58056e8aebf5155b125c61fdbb2e6a1790471395d7b219e,0xec15c20015e72748f03065ed80c41cb882e3fb66,0xa6c411838c02425ee3b5b3478c305ac422d210f9,0.22,0.001408
0.19,2025-10-16 15:10:59.000 UTC,Withdrawal,0xd0254fae09f7761b417482b9835e1953161dd0ef784ae49527e79f205fd96a4b,0xec15c20015e72748f03065ed80c41cb882e3fb66,0xe8db7bf8138aa77982f329c3523e5ba3f0d4c1c0,0.19,0.000798
0.245,2025-10-16 15:05:47.000 UTC,Withdrawal,0x90444d9173820f7946757c288d27036fe3b5e47e99fc5eeb684f8efae6a5e7d9,0xec15c20015e72748f03065ed80c41cb882e3fb66,0xfd96efc35167788de4bda7ea61bfcd37ab207dfd,0.245,0.000882
0.25,2025-10-16 14:24:11.000 UTC,Withdrawal,0x5cce984bf885e0e39fb1a223ac6f308f472137e0e4826fd1a7b842508bc588bc,0xec15c20015e72748f03065ed80c41cb882e3fb66,0xd50c34f7c006953def07f40602b15d0d90e9f4aa,0.25,0.000825
0.195,2025-10-16 12:13:11.000 UTC,Withdrawal,0x3c4eb39c570ca3f0b662aa7e7708ea131043e696a001b03106d150c89581ca21,0xec15c20015e72748f03065ed80c41cb882e3fb66,0xd7c59c8f0d0612ca60107ad11710b04a51b96247,0.195,0.00039
0.11,2025-10-16 09:11:47.000 UTC,Withdrawal,0xd27ae11f2bd0cf83212b9f7326919f7a4ef6320f3d813447a5edeca3b54121b8,0xec15c20015e72748f03065ed80c41cb882e3fb66,0xd8a0ff2e25b5e7cfcd63e929652972d19d8a9f9b,0.11,0.000198
0.12704,2025-10-16 07:17:11.000 UTC,Withdrawal,0x8576ada4aed5eefe69355944e07814c2c6978774517ce2f415dd4bba9464ec42,0xec15c20015e72748f03065ed80c41cb882e3fb66,0x8b70625a8190aff3965a677b54d7d6b533372320,0.12704,0.000203264
0.10405,2025-10-16 07:16:11.000 UTC,Withdrawal,0x1342028fca1b76c92c9bed20ef7ae6bdc4ee3decbe4bccb45885ea788ef374bd,0xec15c20015e72748f03065ed80c41cb882e3fb66,0x65b5b9e489e90c641c69742f5ea805146795d681,0.10405,0.00018729
0.1,2025-10-16 05:34:47.000 UTC,Withdrawal,0x8738d85781d43100511320b702cca95067b62b55b613a6462e10bb820a20b07b,0xec15c20015e72748f03065ed80c41cb882e3fb66,0xb035f132292cfac6ba300f34f5280adda9fd17ca,0.1,0.00018
0.05498067258,2025-10-15 23:33:35.000 UTC,Withdrawal,0x70b6ac1c7eaca5b0391b165abc91708b37c793836065839d17eb9745677d369f,0xec15c20015e72748f03065ed80c41cb882e3fb66,0xbed94c8420edc9abbd83f6a7e4b9a094db0218bc,0.05498067258,0.000197930421288
1.5087,2025-10-15 21:56:47.000 UTC,Withdrawal,0x93a5599654c7bfecadb97d4b0d591266fffa035de2dc47ef5c0a9f0bdf1a1b03,0xec15c20015e72748f03065ed80c41cb882e3fb66,0xf8f74f2c34959f700f2617a71d19be13bc42beb9,1.5087,0.0015087
1.5133,2025-10-15 21:55:59.000 UTC,Withdrawal,0xf4832cfb09065b5c5d213528d25f2f45f631668c96b17f71534f2861b9ef9b68,0xec15c20015e72748f03065ed80c41cb882e3fb66,0xf8f74f2c34959f700f2617a71d19be13bc42beb9,1.5133,0.0015133
1.6737,2025-10-15 21:55:23.000 UTC,Withdrawal,0xf98437a6ed389b228e65c0800bd44a258cf4bc6d783923fac53a1e0201225698,0xec15c20015e72748f03065ed80c41cb882e3fb66,0xf8f74f2c34959f700f2617a71d19be13bc42beb9,1.6737,0.0016737
1.7282,2025-10-15 21:52:11.000 UTC,Withdrawal,0x59a78747be29c8e6df4d36ff466416ddb23eff73c990bc59527852154caa9093,0xec15c20015e72748f03065ed80c41cb882e3fb66,0xf8f74f2c34959f700f2617a71d19be13bc42beb9,1.7282,0.0017282
3.465,2025-10-15 21:51:23.000 UTC,Withdrawal,0xae09bd3fcf47645e442e66f1639ce0c3ea0c2a0588a71df06d6c22129591d9d1,0xec15c20015e72748f03065ed80c41cb882e3fb66,0xf8f74f2c34959f700f2617a71d19be13bc42beb9,3.465,0.003465
1.731,2025-10-15 21:35:11.000 UTC,Withdrawal,0x4dfe2d0e6574804187e0c9d0876a511db74d16a4c2ac9236c77ebcff564c0028,0xec15c20015e72748f03065ed80c41cb882e3fb66,0xf8f74f2c34959f700f2617a71d19be13bc42beb9,1.731,0.001731
1.7376,2025-10-15 21:34:11.000 UTC,Withdrawal,0x955452af0e89e0a37baefd45e106d6966fad17de2b8a2d853b9b9372dee2bff8,0xec15c20015e72748f03065ed80c41cb882e3fb66,0xf8f74f2c34959f700f2617a71d19be13bc42beb9,1.7376,0.0017376
1.7302,2025-10-15 21:33:23.000 UTC,Withdrawal,0xf5f962562787925213aafe53cb02b1b2701b522a673ec62685aa1484e8409627,0xec15c20015e72748f03065ed80c41cb882e3fb66,0xf8f74f2c34959f700f2617a71d19be13bc42beb9,1.7302,0.0017302
1.7344,2025-10-15 21:30:59.000 UTC,Withdrawal,0xd7b9f7631741d207ce14630051d802a250ffb879057e6293bc75e9161fc82608,0xec15c20015e72748f03065ed80c41cb882e3fb66,0xf8f74f2c34959f700f2617a71d19be13bc42beb9,1.7344,0.0017344
1.7838,2025-10-15 21:29:11.000 UTC,Withdrawal,0x250428439ebfa4001564a25ebcd71eb02f9d3332e74b77bff7ca73e774e31da7,0xec15c20015e72748f03065ed80c41cb882e3fb66,0xf8f74f2c34959f700f2617a71d19be13bc42beb9,1.7838,0.0017838
1.7889,2025-10-15 21:27:35.000 UTC,Withdrawal,0x9dd2588f2fa1820dbb926b730b743e87904f34f6418c282869733e67c63be114,0xec15c20015e72748f03065ed80c41cb882e3fb66,0xf8f74f2c34959f700f2617a71d19be13bc42beb9,1.7889,0.0017889
3.6061,2025-10-15 21:25:35.000 UTC,Withdrawal,0x61b567b0c8312d2efa4ed32c7cd721944290a9e0bf808473cbc2c8e6f6ed3ee8,0xec15c20015e72748f03065ed80c41cb882e3fb66,0xf8f74f2c34959f700f2617a71d19be13bc42beb9,3.6061,0.0036061
1.6941,2025-10-15 21:24:35.000 UTC,Withdrawal,0x607239f37e3fd459caffd02d24a00562bd0efd7990b08b506bc3dd5f2d0ba0ac,0xec15c20015e72748f03065ed80c41cb882e3fb66,0xf8f74f2c34959f700f2617a71d19be13bc42beb9,1.6941,0.0016941
0.1,2025-10-15 21:20:59.000 UTC,Withdrawal,0x9cf16e13ab9530c3024f838dd5f9556cf01b09089596c8e5608949e96bf51352,0xec15c20015e72748f03065ed80c41cb882e3fb66,0xf8f74f2c34959f700f2617a71d19be13bc42beb9,0.1,0.00022
1.0,2025-10-15 20:17:35.000 UTC,Withdrawal,0x3f3dd2179fd71d7c198b0ed9f85b3b7afc5866b8fa983bcb27d95e81c772c1a8,0xec15c20015e72748f03065ed80c41cb882e3fb66,0xbe1ac0a579176b844a4327eecd3cb014ed7e0169,1.0,0.0011
0.235,2025-10-15 11:01:59.000 UTC,Withdrawal,0x68f91e13d27aab4bc5452b9a48f54db63e6321d9d78a57566203e38b78b16e1d,0xec15c20015e72748f03065ed80c41cb882e3fb66,0x990f8b00ae3f8c40f8837419bea94eab48be5c14,0.235,0.000658
0.1,2025-10-15 08:58:47.000 UTC,Withdrawal,0xa0e5248595f5572257ab1b58752680f827357ffeb55143e64f43a4422e759ae0,0xec15c20015e72748f03065ed80c41cb882e3fb66,0x753570cf9240422492efa838a96e0b50ca7887ea,0.1,0.00039
0.1,2025-10-15 06:45:23.000 UTC,Withdrawal,0x804b2a58175cbfe7ab70c58b4b486a0e41c441c6733972ce76fa64badd0f8b18,0xec15c20015e72748f03065ed80c41cb882e3fb66,0xbaf33c6f1fd80c18c0bd485c4ff9ee09be571140,0.1,0.00018
0.3,2025-10-14 21:56:59.000 UTC,Withdrawal,0x829a434f79d96d8b97d11cd4e4dda96e38a29fefde081bf7e19f339f127ebd38,0xec15c20015e72748f03065ed80c41cb882e3fb66,0x79aa9ec6befab2bdc065fc4346038825f9e18b83,0.3,0.00036
0.11,2025-10-14 21:29:47.000 UTC,Withdrawal,0x1302910fd570233a04526dc2daf3ee55f3acad371950c737abf27263a890c0a8,0xec15c20015e72748f03065ed80c41cb882e3fb66,0xd8a0ff2e25b5e7cfcd63e929652972d19d8a9f9b,0.11,0.000253
1.1,2025-10-14 20:43:35.000 UTC,Withdrawal,0xed14c5a7a8db38fcf567a4b03ef043ce4aecb2a00012b64ee24974092f51851f,0xec15c20015e72748f03065ed80c41cb882e3fb66,0x79aa9ec6befab2bdc065fc4346038825f9e18b83,1.1,0.00121
0.02,2025-10-14 19:32:47.000 UTC,Withdrawal,0x55ef7851673efd4eb2120a3245f6bb5fcbd0a9633ff91cf4caa903bb0e4abe23,0xec15c20015e72748f03065ed80c41cb882e3fb66,0x983d2a6b8349739b25885eec4147bc1bd8410524,0.02,0.000238
0.06,2025-10-14 11:49:35.000 UTC,Withdrawal,0x27ae6b4650166f99b5a83f3d80bd8b92cb9b633c52b65785043002a68b37dbcc,0xec15c20015e72748f03065ed80c41cb882e3fb66,0x292d99b8255af8bb0895220b67c4af21c3e114f4,0.06,0.0009
0.1,2025-10-13 18:28:59.000 UTC,Withdrawal,0x9ff8a7f01f93b07decc5fed04c44771c2801763bc5151eeaace65c5cb59c40f7,0xec15c20015e72748f03065ed80c41cb882e3fb66,0xbfc4b712daff361061e63bfdd1ce88c691edd61e,0.1,0.00054
2.0,2025-10-13 17:47:23.000 UTC,Withdrawal,0xff407159bdc0a582b7fcf0366a8d86a9bb331fec3ab208334b8f24b314502797,0xec15c20015e72748f03065ed80c41cb882e3fb66,0xafbb2d9a703a46597f052cf139c5951b73a5f985,2.0,0.0022
0.1,2025-10-13 14:45:23.000 UTC,Withdrawal,0x3dd72c2c49f9addf78019032cac5f5d5bb9054454460ba075cc52f2c64b502ae,0xec15c20015e72748f03065ed80c41cb882e3fb66,0xf8411958377139a33c56a9b365daf4e2c5b56419,0.1,0.0007
0.1,2025-10-13 08:35:35.000 UTC,Withdrawal,0xb01611b7162438a863a281a7214f561bb9abeb3cb7732099f9f608bd1fd86d8d,0xec15c20015e72748f03065ed80c41cb882e3fb66,0xd07e8691635dec3d8313240fa7e311ba6f8949e4,0.1,0.00026
0.1012,2025-10-13 08:17:23.000 UTC,Withdrawal,0xa2536d914d3d98877ea30f743bec13953fad01c8a7c971023632094da9f1758d,0xec15c20015e72748f03065ed80c41cb882e3fb66,0xfa986b39549c6afc9508ca6ae2f77cc22a863875,0.1012,0.00023276
0.1,2025-10-13 08:15:59.000 UTC,Withdrawal,0xd3234dff2b0ef259a95cad3786cdd8396220c57f26931b1f21486a081db4aa7b,0xec15c20015e72748f03065ed80c41cb882e3fb66,0xd8a0ff2e25b5e7cfcd63e929652972d19d8a9f9b,0.1,0.00023
0.1,2025-10-13 04:24:35.000 UTC,Withdrawal,0x63ce239a6405471ac4a0cbd5096ebbc085357a12926ca4cdbe3f9b5b0bac605e,0xec15c20015e72748f03065ed80c41cb882e3fb66,0x320921c90270251e686062abd6f547f4c451d0ad,0.1,0.00017
0.04,2025-10-13 03:11:59.000 UTC,Withdrawal,0x51cbe7152164a1e756658ac06064488e511d0c8fc2c4ed1b9df15e3cb8b5a6dc,0xec15c20015e72748f03065ed80c41cb882e3fb66,0x292d99b8255af8bb0895220b67c4af21c3e114f4,0.04,0.000124
0.965,2025-10-13 03:08:23.000 UTC,Withdrawal,0x2527e968b1ebac2cc4c36a15d088cd420b39c1ec1bb9a85cc638b746b25c97d8,0xec15c20015e72748f03065ed80c41cb882e3fb66,0x157fb578dcf502c0652768ec5f1bf7c4c6109c77,0.965,0.000965
0.1,2025-10-13 02:04:35.000 UTC,Withdrawal,0x8237ec5d8e045c2cab583b4ee5536115891d2a9441ceae996fe6052841c211a7,0xec15c20015e72748f03065ed80c41cb882e3fb66,0x27da2c4828e629767d952c46ec7e297263ae83ad,0.1,0.00019
0.7,2025-10-13 00:53:23.000 UTC,Withdrawal,0xdc70fa7896e5ae78c2ee54aafd8fef5ae6d563bcdd6e4cfd92233a810e2c0dec,0xec15c20015e72748f03065ed80c41cb882e3fb66,0xa25794b711c54b780605ff5479483a7de9f69481,0.7,0.00077
0.02,2025-10-12 09:36:35.000 UTC,Withdrawal,0x3897d5e27eea0d55c8f333d0c479e2586c5ea4351b8c9610436f0d21e7cb0874,0xec15c20015e72748f03065ed80c41cb882e3fb66,0x3a1bb9a434d4ce28ba39f5946112369315d88db6,0.02,9e-05
0.11,2025-10-12 08:40:47.000 UTC,Withdrawal,0x232cdfbeea517bf06ea44057a423acb73ddd0c44fe123e6d4c8d589d32883df0,0xec15c20015e72748f03065ed80c41cb882e3fb66,0xd8a0ff2e25b5e7cfcd63e929652972d19d8a9f9b,0.11,0.000176
0.2,2025-10-12 00:50:11.000 UTC,Withdrawal,0x33a4d7d697d8301e7222e6f1753857375a0ca786d6c6facee6411df3a65a6b93,0xec15c20015e72748f03065ed80c41cb882e3fb66,0xfac87aae88cbf4b0b08276d71de69d8313bec716,0.2,0.00036
1.0,2025-10-11 22:09:59.000 UTC,Withdrawal,0x5e191fc398fcad56b4c49b78ee38de538312722b2631c4b0096f8f84a7905bd2,0xec15c20015e72748f03065ed80c41cb882e3fb66,0x6dc43be93a8b5fd37dc16f24872babc6da5e5e3e,1.0,0.0012
0.1,2025-10-11 22:08:59.000 UTC,Withdrawal,0x619a4ed1ac68905b8f01f9a41f6112b190a4506af191ae7774e41258fc56a4f6,0xec15c20015e72748f03065ed80c41cb882e3fb66,0x6dc43be93a8b5fd37dc16f24872babc6da5e5e3e,0.1,0.00039
0.1,2025-10-11 16:56:59.000 UTC,Withdrawal,0x455c5a9f60458d2f17ebf5ff01e230e762703a33517b488c6d1c4396bbab1461,0xec15c20015e72748f03065ed80c41cb882e3fb66,0xbaf7ecb75ece05dc586f1acd1f46724c50b6aa01,0.1,0.00043
0.963,2025-10-11 07:15:23.000 UTC,Withdrawal,0x44ed6feea4839cc494f7239d594c61727eb90a34ed18395699f088729f97f798,0xec15c20015e72748f03065ed80c41cb882e3fb66,0x788b39726915dc1e45a62ae55aaf2b029e509184,0.963,0.0016371
0.1,2025-10-10 10:10:59.000 UTC,Withdrawal,0x9dcd72ca2f0a8378f97e18c70eb9d9b0831d74347f382c0d795f097f628bfb86,0xec15c20015e72748f03065ed80c41cb882e3fb66,0xd8a0ff2e25b5e7cfcd63e929652972d19d8a9f9b,0.1,0.00022
0.1,2025-10-10 05:15:47.000 UTC,Withdrawal,0x784b6c20babaa5acec7b0b584a45e90a41e7fc08280b5fecaed9b2b131e8e6a9,0xec15c20015e72748f03065ed80c41cb882e3fb66,0xcad035245a7faac6af2ac3f996ff9e54555c458c,0.1,0.00017
0.101,2025-10-10 05:04:59.000 UTC,Withdrawal,0x7d8970e8e003ea94aa0c2c68ead3dc07d6f7d2731de52f65b4615598f2acd0dd,0xec15c20015e72748f03065ed80c41cb882e3fb66,0x5fee64e614e411c1c8080fbd37a67670515ddc51,0.101,0.0001717
0.1,2025-10-10 04:11:11.000 UTC,Withdrawal,0xb0e7ee0e213a0c115cf6cd9822dabb5c8a358f4e9b31997f4afaf064b19df37c,0xec15c20015e72748f03065ed80c41cb882e3fb66,0x50cc94f72428cf189b894c28c00dc34ea7f4413a,0.1,0.00019
0.1025,2025-10-10 04:02:23.000 UTC,Withdrawal,0xac227664c47ce74b7ef63b89bd064292d7f309d3527351c46df6ca35d3b88e23,0xec15c20015e72748f03065ed80c41cb882e3fb66,0x727cf80eb2483f7a2a743d2683c9d22cb1310420,0.1025,0.00023575
0.11,2025-10-10 03:38:59.000 UTC,Withdrawal,0x3ad3f5fd53f260032ed267db6eecd45be7040ee2529d9dd6fa35d7a53c305b5c,0xec15c20015e72748f03065ed80c41cb882e3fb66,0x26000c7b8623d75a136b696efb24d20035422875,0.11,0.000242
0.1,2025-10-09 20:32:35.000 UTC,Withdrawal,0xd6dc6c7bc9c7b3e95f6a7d522bd93dcbdbeac4a28098308365e92b67d2deee64,0xec15c20015e72748f03065ed80c41cb882e3fb66,0x97391a51149b68c638d189d5d7dc851f8764d149,0.1,0.00038
0.11,2025-10-09 13:13:59.000 UTC,Withdrawal,0x17657f17796be59bc9443bf1e6649ebab4863d5aaffabb2e0db0b66ce2ac8c7e,0xec15c20015e72748f03065ed80c41cb882e3fb66,0xd8a0ff2e25b5e7cfcd63e929652972d19d8a9f9b,0.11,0.000308
0.97,2025-10-09 10:59:59.000 UTC,Withdrawal,0x8ba1bd78c0660e769a4b5c895dfde3db8d00ebed88cb099ba26358d3bdf569c0,0xec15c20015e72748f03065ed80c41cb882e3fb66,0x384ab696b574040bbe22443c43971e6c0eb8e75b,0.97,0.001067
0.1,2025-10-09 10:50:59.000 UTC,Withdrawal,0x939661a738544f488d2ec5c09c206803bd20fd2d5808292c83a0b891fb21db69,0xec15c20015e72748f03065ed80c41cb882e3fb66,0x97391a51149b68c638d189d5d7dc851f8764d149,0.1,0.00022
0.1,2025-10-09 07:37:23.000 UTC,Withdrawal,0x505f2e2c66a295f6be576f505fb9f475c11d5aa4783e8682a5c174ca854d23aa,0xec15c20015e72748f03065ed80c41cb882e3fb66,0x1c8f4658b51c93b578d897142233418e17ceed6e,0.1,0.00017
0.1,2025-10-09 05:32:35.000 UTC,Withdrawal,0x120ebccb8c7a8649bc80f8be9ad2131c69b7a4f0d9a4c9c12bd32a84668a4d8c,0xec15c20015e72748f03065ed80c41cb882e3fb66,0x0a5f07eca94861d5804891cb9078171bbb0fd046,0.1,0.00017
0.1304,2025-10-08 21:40:23.000 UTC,Withdrawal,0x785ecbe8ada839be381f325f93b4bbf4b6783d4ca511bd2959ecdffbbf6b40cd,0xec15c20015e72748f03065ed80c41cb882e3fb66,0x65b5b9e489e90c641c69742f5ea805146795d681,0.1304,0.0002608
0.10703,2025-10-08 21:39:23.000 UTC,Withdrawal,0x457eaa74dc48d43aa0a384a5845d544cb91883d132611f31c959fe4f0dfbe24d,0xec15c20015e72748f03065ed80c41cb882e3fb66,0x81039559adb9e85e2bef030144c594684bb494f0,0.10703,0.000246169
0.1,2025-10-08 19:40:47.000 UTC,Withdrawal,0x5c7aab290bd6014575ffb6b65dc5bd5ce77be43f2dc78629ec7f9672399cd709,0xec15c20015e72748f03065ed80c41cb882e3fb66,0x97391a51149b68c638d189d5d7dc851f8764d149,0.1,0.00033
1.1137,2025-10-08 19:17:47.000 UTC,Withdrawal,0x145a8e697051e677da63f30b9c06c6cc78129c71cceb5b9dc4e32155e02bc44d,0xec15c20015e72748f03065ed80c41cb882e3fb66,0x7fc7121a91e72722d3c02446e44ccf710daf889e,1.1137,0.00122507
0.1,2025-10-08 19:14:47.000 UTC,Withdrawal,0xa39f631d5439dd2bb47c972e4820b048bcaaa679b6ff7c10538610f0a285243c,0xec15c20015e72748f03065ed80c41cb882e3fb66,0x7fc7121a91e72722d3c02446e44ccf710daf889e,0.1,0.00031
0.1,2025-10-08 18:54:59.000 UTC,Withdrawal,0x9c78c016bcef55f40cf370a1729c95775779cf0c0731f21167a0f3714f668ba7,0xec15c20015e72748f03065ed80c41cb882e3fb66,0xfac87aae88cbf4b0b08276d71de69d8313bec716,0.1,0.00036
0.1,2025-10-08 17:35:59.000 UTC,Withdrawal,0x6377f2246481d27ab47767ac4201b06a1e54d5c1d75c9f3354ef6fe6067bfe73,0xec15c20015e72748f03065ed80c41cb882e3fb66,0x99875fb5c4f2fb426949ad0fd9485aa5f7e788f1,0.1,0.00083
0.04,2025-10-08 15:29:11.000 UTC,Withdrawal,0x8859c8ac010d5b4814b905eb5c09ceb709936b29e3a657422d1b2a6040319287,0xec15c20015e72748f03065ed80c41cb882e3fb66,0xfdba5c5dd92829bcbaf75e6a39bcbbf866c324b9,0.04,0.000504
0.1,2025-10-08 09:56:23.000 UTC,Withdrawal,0xe7315d749beffd8746e8bccf7a3f8d54539accf2b16213559038ff30fe1854db,0xec15c20015e72748f03065ed80c41cb882e3fb66,0xe5c10a346afab61c65fe140a24dc42c6d0a53a8f,0.1,0.00026
0.1,2025-10-08 09:55:11.000 UTC,Withdrawal,0x6c8e1b2728b0218686ca097b861e5841c816a4a4d40b0ceec129d48f9d9edc33,0xec15c20015e72748f03065ed80c41cb882e3fb66,0xe5c10a346afab61c65fe140a24dc42c6d0a53a8f,0.1,0.00027
0.1,2025-10-08 09:10:23.000 UTC,Withdrawal,0x85fa302688784d21315b6648ee8783dd18e607c052f207e7bb6639121db1081e,0xec15c20015e72748f03065ed80c41cb882e3fb66,0xd8a0ff2e25b5e7cfcd63e929652972d19d8a9f9b,0.1,0.0002
0.1,2025-10-08 05:12:11.000 UTC,Withdrawal,0x04df86b36644e6e94fff2b87a2e18919320d64245c2773c8464430af692bdc4b,0xec15c20015e72748f03065ed80c41cb882e3fb66,0x97391a51149b68c638d189d5d7dc851f8764d149,0.1,0.00018
0.1,2025-10-07 20:44:47.000 UTC,Withdrawal,0x49d87de9654d98393c4f61390350fba7ee8bb9d0b5dd2fd01d95104b1e76007e,0xec15c20015e72748f03065ed80c41cb882e3fb66,0x97391a51149b68c638d189d5d7dc851f8764d149,0.1,0.00028
0.1,2025-10-07 18:39:59.000 UTC,Withdrawal,0x2e285a024b03b35c9dbf7eecc1c62402f34bd1068fe3f60d6c978baf0436b504,0xec15c20015e72748f03065ed80c41cb882e3fb66,0x5f069914aa87c3f96b863d8cb1e57c2e8e1d2317,0.1,0.00072
0.1,2025-10-07 18:12:47.000 UTC,Withdrawal,0x97831348050c7c7e9e4f58dcbb03399e6cd7b8ce0e93ad07005a2e73fb00089e,0xec15c20015e72748f03065ed80c41cb882e3fb66,0x1bcadcd1b82f63919b6fd5e63434b03bd45ee58e,0.1,0.00056
0.151,2025-10-07 11:30:11.000 UTC,Withdrawal,0x9c361c2ef94b8968eaacb2efd86714a223c417db50ccc7e68c70432a683d10a8,0xec15c20015e72748f03065ed80c41cb882e3fb66,0x8aba19a6a144342d25ba4259db74190cfd0b467a,0.151,0.000302
1.0,2025-10-07 10:40:35.000 UTC,Withdrawal,0x60f26c0f65c6f2f70cf6b6add8f7836a8eb12b94182cee4fe9c55d64b17f302f,0xec15c20015e72748f03065ed80c41cb882e3fb66,0x2eba11c9d5b3f82b25934bcf1bc3bac15eaca87b,1.0,0.0011
0.11,2025-10-07 09:14:35.000 UTC,Withdrawal,0x5937b6f256004a2dd514072c91126ee6f96e539d040a7841fae7addfb8eb9c18,0xec15c20015e72748f03065ed80c41cb882e3fb66,0xd8a0ff2e25b5e7cfcd63e929652972d19d8a9f9b,0.11,0.000209
0.35,2025-10-07 07:07:47.000 UTC,Withdrawal,0xf2135224bd1ef45d719c9e5672f4c7fdc0f44ea2c0bb9572ae4c31850b776559,0xec15c20015e72748f03065ed80c41cb882e3fb66,0x86e9fb71205a344baf5bbaedd0af5aa6f9b1ba27,0.35,0.00042
0.1491,2025-10-07 07:04:59.000 UTC,Withdrawal,0x888df0734c948f41fa0c71ffb9b630d79a7b5334c256e21e6437dcf1870d62d7,0xec15c20015e72748f03065ed80c41cb882e3fb66,0x86e9fb71205a344baf5bbaedd0af5aa6f9b1ba27,0.1491,0.00022365
0.1338,2025-10-06 23:29:47.000 UTC,Withdrawal,0xdec997008d5f20965022331868dcbb3c65e492fe1fe5be7776e9e4586aa92381,0xec15c20015e72748f03065ed80c41cb882e3fb66,0x263a46b68219ce63da8f7e12a984ac5e0637d9ca,0.1338,0.00024084
0.1,2025-10-06 23:15:59.000 UTC,Withdrawal,0x20803c147eb2cfd5a1ecc17c50122c9fe7cdbbedfb64a1b9e406d991a5b8af95,0xec15c20015e72748f03065ed80c41cb882e3fb66,0xfac87aae88cbf4b0b08276d71de69d8313bec716,0.1,0.00023
0.1,2025-10-06 21:38:59.000 UTC,Withdrawal,0x76a4d3d252fbaa281c402b57dc680ee39be622d10fb6206b53409fceb1f3a72a,0xec15c20015e72748f03065ed80c41cb882e3fb66,0x9919a144b9be7931558412e211db99fda4d3a781,0.1,0.00046
0.6604,2025-10-06 20:33:23.000 UTC,Withdrawal,0xa7253b2b6f6f0d64a5dc81eed01dfe5db5feda7ecf5f8c5ef7c2c5b713c86b1f,0xec15c20015e72748f03065ed80c41cb882e3fb66,0xf8f74f2c34959f700f2617a71d19be13bc42beb9,0.6604,0.00118872
0.74,2025-10-06 20:29:23.000 UTC,Withdrawal,0x3b3da3f7abf1b06cf8a4214faf8c3f3c458d0ba74be042bda62f72db9fbb274b,0xec15c20015e72748f03065ed80c41cb882e3fb66,0xf8f74f2c34959f700f2617a71d19be13bc42beb9,0.74,0.001258
1.1931,2025-10-06 20:28:47.000 UTC,Withdrawal,0xf1b81f5d92d32f63d3e723ebaba672feaf7fc7462f806ca347f49b8d923b46e8,0xec15c20015e72748f03065ed80c41cb882e3fb66,0xf8f74f2c34959f700f2617a71d19be13bc42beb9,1.1931,0.00167034
0.6588,2025-10-06 20:26:59.000 UTC,Withdrawal,0x6cd1d8674e1f40718ddb0e3d62e7e787d028f4e5f9ff74b95c6c2dd28a05da0e,0xec15c20015e72748f03065ed80c41cb882e3fb66,0xf8f74f2c34959f700f2617a71d19be13bc42beb9,0.6588,0.00118584
0.101,2025-10-06 11:22:59.000 UTC,Withdrawal,0xfd82315299876a10daefccdf7e341a868debf6d5c3260b54f0308677d102882d,0xec15c20015e72748f03065ed80c41cb882e3fb66,0xb921259d57ca53cc837bedf1a0b55a5b95b11743,0.101,0.0002222
0.1,2025-10-06 10:36:11.000 UTC,Withdrawal,0x9f5f5d896a6830a43aca69ebcf2220f4b180de617a23c3a8e46084236d4cbe34,0xec15c20015e72748f03065ed80c41cb882e3fb66,0xae129eb0efa1aa83c08e2a3f14f6cc76c2593f96,0.1,0.00017
0.1,2025-10-06 10:09:11.000 UTC,Withdrawal,0xa28295c64b236f052fcc853cc50f9488e8231682af8cb960a39822fd7fb65de7,0xec15c20015e72748f03065ed80c41cb882e3fb66,0xd8a0ff2e25b5e7cfcd63e929652972d19d8a9f9b,0.1,0.00019
0.1444,2025-10-06 08:30:23.000 UTC,Withdrawal,0xe37978740d76069c792103d8b87830428b382f82112a88bdc66e537954b41df1,0xec15c20015e72748f03065ed80c41cb882e3fb66,0x6e91973dee716ed6859e7bb689c9bd2955bdb96e,0.1444,0.0002166
0.025,2025-10-06 08:28:59.000 UTC,Withdrawal,0xc354a16b5c8c5b1c22a8639bebd5b01862dfb84b67f4fe604fdc29ac17d913d1,0xec15c20015e72748f03065ed80c41cb882e3fb66,0x8f592dd9b51d04b875694436c1e00962d376be5a,0.025,0.0001025
0.1,2025-10-05 18:27:23.000 UTC,Withdrawal,0x2e46c6448f7690ad997d40878de8756b9b3e2cab6333cd892177e171d92e303d,0xec15c20015e72748f03065ed80c41cb882e3fb66,0xcf13d7bb78abd0f69cb66da991d869570ea63e2a,0.1,0.00018
0.2,2025-10-05 15:10:35.000 UTC,Withdrawal,0xdb048d4e2529e7bb542e76d881b6c25fa8fef4a2e49110ea10b7416cd0e1f00d,0xec15c20015e72748f03065ed80c41cb882e3fb66,0x2d4d0851ab4fd7b62b72a809eed037c9d52f6d47,0.2,0.00032
0.1,2025-10-05 15:10:23.000 UTC,Withdrawal,0x6724d410553c59b83a61df00339e8d2daa3ca90cf460e3e86e87b3b759421289,0xec15c20015e72748f03065ed80c41cb882e3fb66,0xbdfba2b846de2884cbbfe6b87ced95df14154d5b,0.1,0.0002
0.2,2025-10-05 11:27:35.000 UTC,Withdrawal,0xc5aea563f32024834da6afbbd655fd7701182fa274249a8dbd1d8445e98fffeb,0xec15c20015e72748f03065ed80c41cb882e3fb66,0x2d4d0851ab4fd7b62b72a809eed037c9d52f6d47,0.2,0.00026
0.1155,2025-10-05 09:35:59.000 UTC,Withdrawal,0xc3c38e41c9ca0b7d394ddda6b5b1496c029295ee64142accaae21540ea89e415,0xec15c20015e72748f03065ed80c41cb882e3fb66,0xfd8426ad0d5eafe55e69a946c7fa4e462d075027,0.1155,0.0002079
0.1,2025-10-05 08:10:11.000 UTC,Withdrawal,0x41a785c41b6d64caaedb6680e0c02deb104686fb08a2019591976ef54346208d,0xec15c20015e72748f03065ed80c41cb882e3fb66,0xd8a0ff2e25b5e7cfcd63e929652972d19d8a9f9b,0.1,0.00023
0.1,2025-10-05 04:52:23.000 UTC,Withdrawal,0xa6b41d7541d274c7cd5206e8ccbde7036155c9213d9dedf8eb9cb33ad4169afc,0xec15c20015e72748f03065ed80c41cb882e3fb66,0xfb2904ab8cbde0e9d9f1f3aca84e513afe3fe430,0.1,0.00024
0.11,2025-10-05 02:41:59.000 UTC,Withdrawal,0x5a4d1cc4094e4aca3a3c235783aaab10e4203d474ffa4025884edc14c7571a56,0xec15c20015e72748f03065ed80c41cb882e3fb66,0x4b4c91c9ce7229a2a6dac82b6b507ed823d46ec0,0.11,0.000187
0.1003,2025-10-05 02:29:47.000 UTC,Withdrawal,0x95f7d4054abb24b4e9515d66bd11cf417e2e826245d99d20270ab2452b30d84c,0xec15c20015e72748f03065ed80c41cb882e3fb66,0xb4860fc4eb858ee4b604ecf521634162cdbab325,0.1003,0.00018054
0.66,2025-10-05 00:21:23.000 UTC,Withdrawal,0xf78a75e318e9e4c38e79b8f8b866722c924a0d2540deb2d87c4d8bf6d86d0ec1,0xec15c20015e72748f03065ed80c41cb882e3fb66,0x93e05804b0a58668531f65a93abfa1ad8f7f5b2b,0.66,0.00066
3.0,2025-10-04 18:31:23.000 UTC,Withdrawal,0xad4be20f7b389aa32a632473cf015c195d688d52292546373ca1041b54088a92,0xec15c20015e72748f03065ed80c41cb882e3fb66,0xbfc4b712daff361061e63bfdd1ce88c691edd61e,3.0,0.003
0.1,2025-10-04 12:24:11.000 UTC,Withdrawal,0xe82476a78621f3cc7b950bedbff38ede23cecd60e2f41b366302641ed6e2577d,0xec15c20015e72748f03065ed80c41cb882e3fb66,0x6eaae8e67372c9b4351ca1f959903edb2491fab6,0.1,0.00018
10.0,2025-10-04 10:27:11.000 UTC,Withdrawal,0xe11d84b210defe24e4294d0e2e9a5d54b4e38915b96eb2257b1c25f05959111e,0xec15c20015e72748f03065ed80c41cb882e3fb66,0x4459850e90ea824fe88748c3ac73b566dbf3369e,10.0,0.01
0.11,2025-10-04 07:43:23.000 UTC,Withdrawal,0xf5eb8e82b05c82e2042e95e68e290c2e689911ec8d7a1c5f7435b75bc3b9426a,0xec15c20015e72748f03065ed80c41cb882e3fb66,0xd8a0ff2e25b5e7cfcd63e929652972d19d8a9f9b,0.11,0.000187
4.75,2025-10-04 03:17:47.000 UTC,Withdrawal,0x87bf46842b9441d47f4dfde802ed1bfc51d61363a9599563257b7b662e6c10d7,0xec15c20015e72748f03065ed80c41cb882e3fb66,0x6e6557458e7861161db728f0b4d9c69b1289e1bf,4.75,0.00475
0.97,2025-10-04 01:56:59.000 UTC,Withdrawal,0x6f9c0ba5426652f52f1930a8933530dcfef601fd0d2d0bfec8d9db19b90ab73b,0xec15c20015e72748f03065ed80c41cb882e3fb66,0x6e6557458e7861161db728f0b4d9c69b1289e1bf,0.97,0.00097
5.72,2025-10-04 01:55:47.000 UTC,Withdrawal,0xf67060ca8f2376d058500af5b97a3bc7d3ff221da33d02580493ced895e13037,0xec15c20015e72748f03065ed80c41cb882e3fb66,0xf2daab8cbcfd14bad4e466048b9fe877386180b8,5.72,0.00572
11.44,2025-10-03 23:41:59.000 UTC,Withdrawal,0xc974549a75a452b55acf2df232f477f0d24b3a80fed0dbbb4268cfa2f9890cfd,0xec15c20015e72748f03065ed80c41cb882e3fb66,0x2aec2fddde7be7ea59e403b36f8c7b892fec368b,11.44,0.01144
0.9,2025-10-03 21:22:47.000 UTC,Withdrawal,0x14e51b7f57f32532aa06f38ad710c7a0c7d481f20c71c508db7f93569824fddc,0xec15c20015e72748f03065ed80c41cb882e3fb66,0x4459850e90ea824fe88748c3ac73b566dbf3369e,0.9,0.00108
0.9,2025-10-03 21:19:59.000 UTC,Withdrawal,0xd5aa1d803ea736f65234792558b7a7d141c5cf91fcd24bc381411e704bb0d8ec,0xec15c20015e72748f03065ed80c41cb882e3fb66,0x4459850e90ea824fe88748c3ac73b566dbf3369e,0.9,0.00108
0.5,2025-10-03 19:25:59.000 UTC,Withdrawal,0xec35cc3b985db46271f29aae6f132bf4d3788f29f1607b6e76552fb0b4b63004,0xec15c20015e72748f03065ed80c41cb882e3fb66,0x4031b186882b66d519397db4056c0b83e982d224,0.5,0.0007
0.5,2025-10-03 19:24:35.000 UTC,Withdrawal,0xacbf9e891e8990b59e7f52f8c844af516716dc384e136f8aac8b7517d19549f9,0xec15c20015e72748f03065ed80c41cb882e3fb66,0x4031b186882b66d519397db4056c0b83e982d224,0.5,0.0007
0.1,2025-10-03 19:09:23.000 UTC,Withdrawal,0xf7b02cea0165688ead69a4a0397380c77ad812edb83389249662de4c932f27f3,0xec15c20015e72748f03065ed80c41cb882e3fb66,0x4031b186882b66d519397db4056c0b83e982d224,0.1,0.00036
0.1,2025-10-03 15:34:11.000 UTC,Withdrawal,0xf77ef5dbd47218826d3ded78d46962e652e817a5d767ad959a094b873338483b,0xec15c20015e72748f03065ed80c41cb882e3fb66,0xbc8daddca2dcd52be0d4e71aaa9db88189178500,0.1,0.00068
0.2,2025-10-03 15:16:59.000 UTC,Withdrawal,0x66af174b5a90da128d2648e35eb35c5668c4e4c5eebb12618ded4e40e11dc73e,0xec15c20015e72748f03065ed80c41cb882e3fb66,0x9d7c054ea6b76103f7d94acca7ee0348b9e4b6d6,0.2,0.00076
3.0,2025-10-03 15:13:47.000 UTC,Withdrawal,0xd5bae77e13579b59cf4601dcaa284109afd36a98eb395177e2abd7a6bd038adb,0xec15c20015e72748f03065ed80c41cb882e3fb66,0xbfc4b712daff361061e63bfdd1ce88c691edd61e,3.0,0.0033
0.1,2025-10-03 14:54:11.000 UTC,Withdrawal,0x6a253e45fd1a2fe379cfc83d7973fdfdc8a0c6ba3499b467c4b9609d90a90577,0xec15c20015e72748f03065ed80c41cb882e3fb66,0x338fb349c9521d1b9baea437bf07a43fe1165556,0.1,0.00101
0.11,2025-10-03 11:19:23.000 UTC,Withdrawal,0xe3d8f2a5c977cbc7fd8a510aac5db9e5b9424e2aa54f8de041501e0d3fce0aa6,0xec15c20015e72748f03065ed80c41cb882e3fb66,0xd8a0ff2e25b5e7cfcd63e929652972d19d8a9f9b,0.11,0.000242
0.01,2025-10-03 08:32:11.000 UTC,Withdrawal,0xbb2fe6f23f5fe6c040d931a7bff0ae16d1df71e165cf8a24c31ae723165cd5f7,0xec15c20015e72748f03065ed80c41cb882e3fb66,0x0a5f07eca94861d5804891cb9078171bbb0fd046,0.01,0.000154
0.5,2025-10-03 08:19:23.000 UTC,Withdrawal,0x4afe97e3be71f56d192f277830c336c5d1f20992b0c83b48c54af765239337b5,0xec15c20015e72748f03065ed80c41cb882e3fb66,0x8ca9f4b2b405f72bfaa225fb58693d591f862ada,0.5,0.00065
0.1,2025-10-03 07:18:11.000 UTC,Withdrawal,0x8cc92ece147590523a5508472dadb844ee0d0a708c7a12ff58b932fdc63fbced,0xec15c20015e72748f03065ed80c41cb882e3fb66,0x88ad968630680986c05c6a297a4bcaaeaba21634,0.1,0.00019
0.96,2025-10-03 05:01:47.000 UTC,Withdrawal,0x488bdcfea2548457da21df9c8cb8a441241d274b1c582704d3af430a2486f090,0xec15c20015e72748f03065ed80c41cb882e3fb66,0xbc4eb4bd4dd8cfe7564adf85cb4ae41d75be3aff,0.96,0.001056
2.0,2025-10-03 01:08:23.000 UTC,Withdrawal,0x2e392e67f8f5205226f2f1b6057740f2f8187fbd8acb41c8c974e04dfc38671b,0xec15c20015e72748f03065ed80c41cb882e3fb66,0xbfc4b712daff361061e63bfdd1ce88c691edd61e,2.0,0.002
0.05,2025-10-02 23:06:47.000 UTC,Withdrawal,0x9291b6bfe281c4ac517e1d4cd362043833fb673a128bf4d95f7be4d1f5d67437,0xec15c20015e72748f03065ed80c41cb882e3fb66,0x16d713941a254708fe733f992d8285bc510e3093,0.05,0.000165
11.2478,2025-10-02 22:44:47.000 UTC,Withdrawal,0xb0c32d0482eeed32d9ecb568c762a9fa1869aabdc776ebc4847df75d298dc828,0xec15c20015e72748f03065ed80c41cb882e3fb66,0x98123840d1bb0f866098def88534ef7bb6856862,11.2478,0.01237258
22.78,2025-10-02 22:41:23.000 UTC,Withdrawal,0x13b9f0d8b8e4e11487166fe8331a35d81ba31a18307d90fbfe42fd20bc23efd0,0xec15c20015e72748f03065ed80c41cb882e3fb66,0x2660f4f0154784eb5606e253c854a28048a819cd,22.78,0.02278
0.199,2025-10-02 22:38:11.000 UTC,Withdrawal,0xab03ec2436dd9a6fd07e789d88222f74e298666899ce951718b6cc3f14905a9d,0xec15c20015e72748f03065ed80c41cb882e3fb66,0x98123840d1bb0f866098def88534ef7bb6856862,0.199,0.0003383
0.141,2025-10-02 21:58:11.000 UTC,Withdrawal,0xc5890fe716bef4ffa560466aa58c032044027293033eeff4650910a127f741b0,0xec15c20015e72748f03065ed80c41cb882e3fb66,0xe5c10a346afab61c65fe140a24dc42c6d0a53a8f,0.141,0.0003384
0.1,2025-10-02 21:53:11.000 UTC,Withdrawal,0x9d36f820fbdc16eb38aee05f4d1e76659e2f4869c67742beb813ea8e64bf2344,0xec15c20015e72748f03065ed80c41cb882e3fb66,0xd8a0ff2e25b5e7cfcd63e929652972d19d8a9f9b,0.1,0.00031
2.6,2025-10-02 21:48:11.000 UTC,Withdrawal,0x3e64886d245058cbe943098704b3a1bbc0b5209c82d6961fad5e8cf7ccbd4511,0xec15c20015e72748f03065ed80c41cb882e3fb66,0xa7f10e3200c6ae89ee47bf2e3a0fc9e1f99da345,2.6,0.0026
0.1,2025-10-02 19:07:11.000 UTC,Withdrawal,0xe986735ffb2deaa51e696633b1248ddb8326f1fa5a405bda67f5212c40289fe5,0xec15c20015e72748f03065ed80c41cb882e3fb66,0xa6129b6beb8c1beebbd4014095c02e8b722dfa4c,0.1,0.0007
0.1,2025-10-02 19:05:11.000 UTC,Withdrawal,0xc7b320b6e7a037097b84c63a0e3abdd7cc6a8a9f707d2aadfc946fb548ba9dc5,0xec15c20015e72748f03065ed80c41cb882e3fb66,0xa6129b6beb8c1beebbd4014095c02e8b722dfa4c,0.1,0.00067
0.1212,2025-10-02 15:24:11.000 UTC,Withdrawal,0x89462e68f02f92b32e28bbc3776d1c6fc692e3f9dafb6e8cfae752d4d8c6ab61,0xec15c20015e72748f03065ed80c41cb882e3fb66,0xdbd6084b88667fcd5bb71c4dd238743f84b2bb6d,0.1212,0.00092112
0.11,2025-10-02 10:42:47.000 UTC,Withdrawal,0x266f7a16174f1d1c06aeff0cb70f6d02ef618af2f3fad54a183e7780ac48756a,0xec15c20015e72748f03065ed80c41cb882e3fb66,0xd8a0ff2e25b5e7cfcd63e929652972d19d8a9f9b,0.11,0.000286
0.1,2025-10-02 08:18:35.000 UTC,Withdrawal,0xc8523292195fd1f9af44413654c108aca612a5170da3415c100ac4f29a1ba0b1,0xec15c20015e72748f03065ed80c41cb882e3fb66,0x45c332f288c8b1feaf0c3bc40b1f01a5fe3fb7ca,0.1,0.00029
0.1,2025-10-02 07:53:35.000 UTC,Withdrawal,0x5a197614ea0fe412cf8e472d0984b292752a7c86d010827dda7e0cd0385ce324,0xec15c20015e72748f03065ed80c41cb882e3fb66,0xbb51a82f2862a93c570810a043dd5c576cd985c9,0.1,0.00035
0.10027,2025-10-02 07:47:11.000 UTC,Withdrawal,0x3d098dd938f57e7ba9175e52de7f0a4845294ce7d0940d1ce4022f5897004a7b,0xec15c20015e72748f03065ed80c41cb882e3fb66,0x2660f4f0154784eb5606e253c854a28048a819cd,0.10027,0.000260702
0.15,2025-10-01 23:13:59.000 UTC,Withdrawal,0x76b36925466c5b4f17ed004ee7b85c580a42185f151def6d925647b709117eab,0xec15c20015e72748f03065ed80c41cb882e3fb66,0xb0a9887f1af1afc1debcc80d28a5eddfa6313a8b,0.15,0.000255
0.111,2025-10-01 21:56:47.000 UTC,Withdrawal,0x6cad7c17caf1397cc96f8e8108eeaa49a9052e967cea3d2db3434eab0ee0f85a,0xec15c20015e72748f03065ed80c41cb882e3fb66,0xe17ecffc227075c99d0a6d00264d00bca6b31b49,0.111,0.0002442
0.2486,2025-10-01 21:40:47.000 UTC,Withdrawal,0xd65d8d626ef70911f671ca3cbfc0aa62778929b1d69e08445bd746f041c2dc98,0xec15c20015e72748f03065ed80c41cb882e3fb66,0x45b40589a2ee74231f6d065e6909aa660257c8f8,0.2486,0.00044748
0.1033,2025-10-01 21:38:59.000 UTC,Withdrawal,0x25e4c637fcc7a100edf0b207983666c38c838086473ea20f2e7666ee12b366a7,0xec15c20015e72748f03065ed80c41cb882e3fb66,0xfb238196eb838a2384ed33129e3bd85513a3dba4,0.1033,0.00029957
0.4,2025-10-01 21:12:59.000 UTC,Withdrawal,0x9d5a299f68d2fdfabe6443f3e2622a60559aab1c81839ffa8dd28f4bf1231d72,0xec15c20015e72748f03065ed80c41cb882e3fb66,0xf370bbe999d911c7309f3ff859604088d30ac711,0.4,0.00064
0.3,2025-10-01 12:55:35.000 UTC,Withdrawal,0x54e7be17d2761bbfc0b49dbfb65990f3185bc0716f9d2e0ab8e364d13729787d,0xec15c20015e72748f03065ed80c41cb882e3fb66,0x0ade8e4001192f67d679e43c882d378d7a02679e,0.3,0.00081
0.11,2025-10-01 09:50:59.000 UTC,Withdrawal,0x98a1222abb5012627c07ff73c631642645a42bfffcdf2322c14c7d74581fa4ff,0xec15c20015e72748f03065ed80c41cb882e3fb66,0xd8a0ff2e25b5e7cfcd63e929652972d19d8a9f9b,0.11,0.000517
0.1,2025-10-01 07:22:59.000 UTC,Withdrawal,0x1fc4a4e22528d69c83a8f5dd743e0396d06f007f3af9b6aece52650e52042234,0xec15c20015e72748f03065ed80c41cb882e3fb66,0x3c55e15b21ccbd1f13881761fc5461101c9807c3,0.1,0.00018
0.2,2025-10-01 06:39:59.000 UTC,Withdrawal,0x19afe05b43c6d9d3f1796f74879d2ead62b29c8419523bc670c63a2f02b7885c,0xec15c20015e72748f03065ed80c41cb882e3fb66,0xf370bbe999d911c7309f3ff859604088d30ac711,0.2,0.0003
0.2,2025-10-01 04:28:35.000 UTC,Withdrawal,0x71f1e057c8c80916b49b37d05417842d883c3d82d367c7cac9997437346109cb,0xec15c20015e72748f03065ed80c41cb882e3fb66,0xf370bbe999d911c7309f3ff859604088d30ac711,0.2,0.00028
0.4,2025-10-01 03:49:47.000 UTC,Withdrawal,0x6be63da93be80386ab73385bf1e2d14c1836fa82c77a213f754bfa5e60bbb3ac,0xec15c20015e72748f03065ed80c41cb882e3fb66,0x0a9dfa663aea67000af0ccffa2e7231bb8a09201,0.4,0.00048
0.1,2025-09-30 22:44:23.000 UTC,Withdrawal,0xe9a85b694afd72176946983d9a4605ad35580f9c2f35fb3b47f96e827d444c28,0xec15c20015e72748f03065ed80c41cb882e3fb66,0x9dbc2d0715f28b9a5193e651d1bd73bcda161662,0.1,0.00025
0.1,2025-09-30 20:25:23.000 UTC,Withdrawal,0xb6215f5b2120c37da70c65509422358b1ddfa8d73ca073fba615e4a2f71aad6d,0xec15c20015e72748f03065ed80c41cb882e3fb66,0x073a5d7da0db994a6c54ae8a90cbe175c6161781,0.1,0.00034
0.32,2025-09-30 20:19:23.000 UTC,Withdrawal,0xb8551c9e1b996a22bda793979a92b3f8d770bdeef28d63b0008d448b38626711,0xec15c20015e72748f03065ed80c41cb882e3fb66,0xbd950b25906e3dc3b656b2d274ea6a3f3eca34b3,0.32,0.000544
0.1375,2025-09-30 15:06:23.000 UTC,Withdrawal,0x558c1f0e87e43518245a3ac54e8c0560f2807869bc8a01a34960c29cbcb056d8,0xec15c20015e72748f03065ed80c41cb882e3fb66,0xddf38adac8fbe4662274947fa80ac1c48f55bafc,0.1375,0.0007425
0.105,2025-09-30 10:13:11.000 UTC,Withdrawal,0x45588c1e3740a42af283c6e40c775daaa41e62a0f5e681fac440c21fc42cc10f,0xec15c20015e72748f03065ed80c41cb882e3fb66,0x669c9af178c142bce14d09e9f730ad385205e478,0.105,0.000483
1.5,2025-09-30 08:59:35.000 UTC,Withdrawal,0x8e1cb6356d111878e02480f43ecc798c1852ba8a76b5c05b5fc87c2baf384710,0xec15c20015e72748f03065ed80c41cb882e3fb66,0x1b1f256431150e81924aa7f7073a78ec2fdf9508,1.5,0.0018
0.2,2025-09-30 05:39:11.000 UTC,Withdrawal,0x57971678427cc707468c256eb1fce764b2df1f402ba834be4cacf27ed2da9d18,0xec15c20015e72748f03065ed80c41cb882e3fb66,0xd8a0ff2e25b5e7cfcd63e929652972d19d8a9f9b,0.2,0.00034
0.2543,2025-09-30 00:30:23.000 UTC,Withdrawal,0x9e823042150015b3973a5328eba09776ce57d20b1aaa50faf066dac3e92706fc,0xec15c20015e72748f03065ed80c41cb882e3fb66,0xb9d0a5f811859a35280a242eaf1a8735fa1d80ff,0.2543,0.00053403
0.1066,2025-09-30 00:24:47.000 UTC,Withdrawal,0x0236d037167d7ad6f94cb6a6785b2588562ace9b44edfc6f1cb30772794f7f60,0xec15c20015e72748f03065ed80c41cb882e3fb66,0x40ce783bbe724e9db59a221c3ccdced3b2b657aa,0.1066,0.0004797
0.1,2025-09-29 19:31:59.000 UTC,Withdrawal,0x9c8facaf8a905573686886791bfff731a01383724190d4b31d4942dc78c14bf8,0xec15c20015e72748f03065ed80c41cb882e3fb66,0x89d78a39640eb92df46a440605de40a7420b782f,0.1,0.00089
0.1,2025-09-29 19:31:11.000 UTC,Withdrawal,0x6e46392d6e089129bc56d966bfc2a5904338fc4008318e73b3fa8ac4de6ec119,0xec15c20015e72748f03065ed80c41cb882e3fb66,0x89d78a39640eb92df46a440605de40a7420b782f,0.1,0.00086
0.1,2025-09-29 19:30:23.000 UTC,Withdrawal,0x3719e33538b1d37b0e96a4e980cea8840d0bcbac2d7181ebd2dd9a6e5c358221,0xec15c20015e72748f03065ed80c41cb882e3fb66,0x89d78a39640eb92df46a440605de40a7420b782f,0.1,0.00086
0.1,2025-09-29 19:29:59.000 UTC,Withdrawal,0xe0e5efcaf3360810068695a14b5f15fa22c8ab32d2b7fb79ce29aabeb73dba50,0xec15c20015e72748f03065ed80c41cb882e3fb66,0x89d78a39640eb92df46a440605de40a7420b782f,0.1,0.00087
0.05,2025-09-29 19:07:47.000 UTC,Withdrawal,0x8f7e77c83734289b368f7d3dafb4010560bb4beded0065fa19fb7fefcd700645,0xec15c20015e72748f03065ed80c41cb882e3fb66,0x89d78a39640eb92df46a440605de40a7420b782f,0.05,0.000895
0.5,2025-09-29 19:05:35.000 UTC,Withdrawal,0x36c1c7502634e05c4003108d39d00899f02f2c8b1e307954dc99abd08012929a,0xec15c20015e72748f03065ed80c41cb882e3fb66,0x89d78a39640eb92df46a440605de40a7420b782f,0.5,0.0012
3.0,2025-09-29 15:15:11.000 UTC,Withdrawal,0xb6c17a5793ca7c74ee2994ae6eb1e0fb3f6c9e5400dfca50b29b1100f9e62d01,0xec15c20015e72748f03065ed80c41cb882e3fb66,0xbfc4b712daff361061e63bfdd1ce88c691edd61e,3.0,0.0081
3.0,2025-09-29 14:20:47.000 UTC,Withdrawal,0x0ccac65cb3018cbcf005b66e5c094daf84d4c66fe17d4d8993c5e7ff77a60bb4,0xec15c20015e72748f03065ed80c41cb882e3fb66,0x969f3ae75ba7973a7dce9a33b028623cfdf1c5b5,3.0,0.0105
0.35,2025-09-29 03:54:59.000 UTC,Withdrawal,0xccaee829c23c503987db1c016587a5db86ccfefc179c891d0f891221c9d00496,0xec15c20015e72748f03065ed80c41cb882e3fb66,0x4d966945128cc5757702fe2195772200090fe1e1,0.35,0.000455
2.0,2025-09-29 00:48:11.000 UTC,Withdrawal,0x4eaa71f71bca228dfa44d95521e02004de0131eb041132f260f9824abe2a4069,0xec15c20015e72748f03065ed80c41cb882e3fb66,0x59de8535a80791c522cf64e6bb3e961d9781d279,2.0,0.002
1.5,2025-09-28 13:36:35.000 UTC,Withdrawal,0xc6aec01fda725fcdf5c6b670587edb604c9a9d352a036fa4ddf6e82821157c3d,0xec15c20015e72748f03065ed80c41cb882e3fb66,0x70c5074d25f943db19185850ea16e4a22b5fd9f3,1.5,0.0015
3.49,2025-09-28 11:23:35.000 UTC,Withdrawal,0x03b448deb3204712db3eeb6a525cd2ef29e6fc2ea3fe11cb8114cf9d9bf3c806,0xec15c20015e72748f03065ed80c41cb882e3fb66,0x2279061065cbb0c827d34b2734d37036dda7f224,3.49,0.00349
2.0,2025-09-28 01:26:35.000 UTC,Withdrawal,0xc5e331fd135d0ebb2438abd9525da22b6095712101970e8d863c5ba47173f408,0xec15c20015e72748f03065ed80c41cb882e3fb66,0x969f3ae75ba7973a7dce9a33b028623cfdf1c5b5,2.0,0.002
0.11,2025-09-27 20:29:35.000 UTC,Withdrawal,0xc5284d0165a40bb0c1df2f85372e2360b0addd068d7f10c39ed4c97007c2df0f,0xec15c20015e72748f03065ed80c41cb882e3fb66,0xd8a0ff2e25b5e7cfcd63e929652972d19d8a9f9b,0.11,0.000176
2.9,2025-09-27 12:07:47.000 UTC,Withdrawal,0xba92431c0e7afe2842ba64b4179167521bb123a136d7a1054c4840561e704cb0,0xec15c20015e72748f03065ed80c41cb882e3fb66,0x59de8535a80791c522cf64e6bb3e961d9781d279,2.9,0.0029
0.2598,2025-09-27 03:08:11.000 UTC,Withdrawal,0x6a7ecc81d9807b637b2abe47b3c98bd2b9e970ce1bed2004988e878f5bc163f8,0xec15c20015e72748f03065ed80c41cb882e3fb66,0x2a1a67980fafc3d536f39a7a17b3b0e90a000f07,0.2598,0.00033774
3.0,2025-09-27 01:18:59.000 UTC,Withdrawal,0x581316d1a54911de7496bcc2b8436088d26c9f312055808f2d50f8bc43d9353b,0xec15c20015e72748f03065ed80c41cb882e3fb66,0xbfc4b712daff361061e63bfdd1ce88c691edd61e,3.0,0.003
0.11,2025-09-26 22:07:59.000 UTC,Withdrawal,0x936f05b6d2cabf08953ef21a6b9d8a832756c90bb8250c56a38ebe08292d9dea,0xec15c20015e72748f03065ed80c41cb882e3fb66,0xd8a0ff2e25b5e7cfcd63e929652972d19d8a9f9b,0.11,0.000209
0.017,2025-09-26 20:57:23.000 UTC,Withdrawal,0x76bd200fe5a8cfa00806f171afe999452887efcfa471e920766de3affbad61cc,0xec15c20015e72748f03065ed80c41cb882e3fb66,0xa397b2a06ba33c1eba8a66175db6596aa3df2f1f,0.017,0.0001394
3.0,2025-09-26 13:01:35.000 UTC,Withdrawal,0x6efaba9e37578d62553461b4f8a6384d794de88206fd6f76e529afe0290fedf4,0xec15c20015e72748f03065ed80c41cb882e3fb66,0x1b1f256431150e81924aa7f7073a78ec2fdf9508,3.0,0.0033
0.09,2025-09-26 08:21:47.000 UTC,Withdrawal,0x426ffb25bcc102d22cef4c4ca96fd015ab5ae944a32718bf4e6c56676d035b05,0xec15c20015e72748f03065ed80c41cb882e3fb66,0xa532e49953f5a3122081e96476945fba036de278,0.09,0.00036
0.35,2025-09-26 04:31:11.000 UTC,Withdrawal,0x12cddab8ecbbd8710ae16a8e624934bd327f6a29dc5dd6269308ce54bd15a0d9,0xec15c20015e72748f03065ed80c41cb882e3fb66,0x11aa09e8134bfd9b7a42c591a3b87021c9748e56,0.35,0.000455
0.34,2025-09-25 16:08:35.000 UTC,Withdrawal,0x20e16f14752968db975045d9079cab630facce1c6e66abbfb8ebe999693486fa,0xec15c20015e72748f03065ed80c41cb882e3fb66,0x512e07a093aaa20ba288392eadf03838c7a4e522,0.34,0.001938
0.5,2025-09-25 14:13:23.000 UTC,Withdrawal,0x7fd482b163d6639cf1bc9b75e21c3ebb446f8d46de8da646094d7418850342eb,0xec15c20015e72748f03065ed80c41cb882e3fb66,0x1fe4176263d2277a884414bb4b9066ae62f491fa,0.5,0.00345
0.4,2025-09-25 10:00:11.000 UTC,Withdrawal,0x9f3b6bda01144e73345727607f974e0d2749d625c3694cc651a62b4ff69cf47c,0xec15c20015e72748f03065ed80c41cb882e3fb66,0xf8571e1ed6b2f09f9153523f2664d68c4b342798,0.4,0.0006
0.1,2025-09-25 09:49:59.000 UTC,Withdrawal,0xd3a563e18d35408a318b5e58cf35694adce800b95c1ed85340593fc1c904f42d,0xec15c20015e72748f03065ed80c41cb882e3fb66,0xbc8daddca2dcd52be0d4e71aaa9db88189178500,0.1,0.0003
2.0,2025-09-25 07:42:35.000 UTC,Withdrawal,0x41418da92a9f1ae8bc4b0da7c694765f2d9388860e2e0f72c6ad24b4504c3fbd,0xec15c20015e72748f03065ed80c41cb882e3fb66,0xdff4e5fde172e1e0a3d0f8b5056647feea8a511c,2.0,0.0022
1.75,2025-09-25 01:52:23.000 UTC,Withdrawal,0xb47639ca90a8b85a1b2c5a9b42758a9a4a6f0134a705fe4b50fb93d644098666,0xec15c20015e72748f03065ed80c41cb882e3fb66,0xd45afaa22975bb5200c758151412df92942973f8,1.75,0.001925
5.0,2025-09-25 01:51:47.000 UTC,Withdrawal,0x93d77a8b2127bb305e3c91dfc5f5ac5cff9440eab688e9cde6e76654d7f53cda,0xec15c20015e72748f03065ed80c41cb882e3fb66,0xd45afaa22975bb5200c758151412df92942973f8,5.0,0.005
1.6628,2025-09-24 14:52:59.000 UTC,Withdrawal,0xb2c59bd149a9a2d7587ce73547d65b80636c05451932b1959398e9e2f8814730,0xec15c20015e72748f03065ed80c41cb882e3fb66,0xf8f74f2c34959f700f2617a71d19be13bc42beb9,1.6628,0.00232792
1.6916,2025-09-24 14:51:59.000 UTC,Withdrawal,0x104a27e87d4752630a776a6fa6950b8ba81b8d690a764c105ad66fc0dc414ee2,0xec15c20015e72748f03065ed80c41cb882e3fb66,0xf8f74f2c34959f700f2617a71d19be13bc42beb9,1.6916,0.00219908
1.73,2025-09-24 14:50:59.000 UTC,Withdrawal,0xb3a4e5a5c374fa9662330ee7f741741123e034a655ea0550bc410ae7af7ba9d2,0xec15c20015e72748f03065ed80c41cb882e3fb66,0xf8f74f2c34959f700f2617a71d19be13bc42beb9,1.73,0.002249
1.733,2025-09-24 14:50:23.000 UTC,Withdrawal,0x90aeb86ceb1b720634eda1e83e6b24baca3992128c605ff55f71580324d937b7,0xec15c20015e72748f03065ed80c41cb882e3fb66,0xf8f74f2c34959f700f2617a71d19be13bc42beb9,1.733,0.0022529
1.6725,2025-09-24 14:49:47.000 UTC,Withdrawal,0x9f49ee80eb1183aef10a749ac70c7b29d7a604f61c1999e671a21ae6d5fe1d5a,0xec15c20015e72748f03065ed80c41cb882e3fb66,0xf8f74f2c34959f700f2617a71d19be13bc42beb9,1.6725,0.00217425
1.74,2025-09-24 14:48:23.000 UTC,Withdrawal,0xf228c9b4547d95e8c19ea0a368e22aebf7e6349b043ad4a6d6bdb314e6b63733,0xec15c20015e72748f03065ed80c41cb882e3fb66,0xf8f74f2c34959f700f2617a71d19be13bc42beb9,1.74,0.002262
1.6958,2025-09-24 14:46:47.000 UTC,Withdrawal,0xfe0b35692e7ae50feeeeab525a2f865228aa6247866e14f7347052c67fca93b2,0xec15c20015e72748f03065ed80c41cb882e3fb66,0xf8f74f2c34959f700f2617a71d19be13bc42beb9,1.6958,0.00220454
1.735,2025-09-24 14:45:59.000 UTC,Withdrawal,0x461b5c82df0e062d2fa93b15e07fbed868344c9db616c3cb6b5e9322f6071fcd,0xec15c20015e72748f03065ed80c41cb882e3fb66,0xf8f74f2c34959f700f2617a71d19be13bc42beb9,1.735,0.0022555
1.71,2025-09-24 14:45:35.000 UTC,Withdrawal,0x9228681a8e8a1c060a0d88b3f59b2b5f77c87dd3166905dcfb2e854f99828bf3,0xec15c20015e72748f03065ed80c41cb882e3fb66,0xf8f74f2c34959f700f2617a71d19be13bc42beb9,1.71,0.002223
1.734,2025-09-24 14:44:59.000 UTC,Withdrawal,0x851db5382a33150a05d02b02d2f840fcfa071f10f6faabe555b02bbe06562da5,0xec15c20015e72748f03065ed80c41cb882e3fb66,0xf8f74f2c34959f700f2617a71d19be13bc42beb9,1.734,0.0022542
1.741,2025-09-24 14:44:11.000 UTC,Withdrawal,0x79398be071b3b5ee63cfc9fadd4ed77e740753554f5a4e89ac8f2cd960ec3dfa,0xec15c20015e72748f03065ed80c41cb882e3fb66,0xf8f74f2c34959f700f2617a71d19be13bc42beb9,1.741,0.0020892
1.6606,2025-09-24 14:42:35.000 UTC,Withdrawal,0xab769eab0a00949fdd5def2a3ce77dca9f190de0d8487485fb1970bfece3a056,0xec15c20015e72748f03065ed80c41cb882e3fb66,0xf8f74f2c34959f700f2617a71d19be13bc42beb9,1.6606,0.00199272
1.6994,2025-09-24 14:41:23.000 UTC,Withdrawal,0xee85bbb75bc5a96baf29bdaf33cf1712cd94c7ff87f0fc9a89936da4ae75fcd3,0xec15c20015e72748f03065ed80c41cb882e3fb66,0xf8f74f2c34959f700f2617a71d19be13bc42beb9,1.6994,0.00203928
1.0,2025-09-24 14:40:35.000 UTC,Withdrawal,0xe3b4fa582e73e35f9630a31592d635ceee3fc62d0a574a7fb2632573a5bdb124,0xec15c20015e72748f03065ed80c41cb882e3fb66,0xf8f74f2c34959f700f2617a71d19be13bc42beb9,1.0,0.0014
2.0,2025-09-24 14:39:47.000 UTC,Withdrawal,0x21b54bdac53beaf2bcdc6510f4f6b370e927e8f361796821030a6fe265b5d896,0xec15c20015e72748f03065ed80c41cb882e3fb66,0xf8f74f2c34959f700f2617a71d19be13bc42beb9,2.0,0.0024
1.0,2025-09-24 14:38:23.000 UTC,Withdrawal,0x59d0da633d4b057fa6b9fe88b1f19b79d51b6df5d0849040ef816e6de53ecb1b,0xec15c20015e72748f03065ed80c41cb882e3fb66,0xf8f74f2c34959f700f2617a71d19be13bc42beb9,1.0,0.0015
1.0,2025-09-24 14:37:47.000 UTC,Withdrawal,0x88b81dbf0143ae792e755f8a47ecccb04251d96018bcfc7541ce6632ffb2c6d7,0xec15c20015e72748f03065ed80c41cb882e3fb66,0xf8f74f2c34959f700f2617a71d19be13bc42beb9,1.0,0.0015
0.1462,2025-09-24 14:34:23.000 UTC,Withdrawal,0x895713ba74d7443bb67ba9544aa3d70c5ed1a829b8c84279d4be060f22236460,0xec15c20015e72748f03065ed80c41cb882e3fb66,0xf8f74f2c34959f700f2617a71d19be13bc42beb9,0.1462,0.000731
0.11,2025-09-24 12:10:35.000 UTC,Withdrawal,0x6a4feaf5154b51eda41a626df1b2d750a2571db180517c77eb2ac4687cb92b7d,0xec15c20015e72748f03065ed80c41cb882e3fb66,0x349746ab142b5d0d65899d9bcb6f2cd53ab084d8,0.11,0.000297
0.1,2025-09-24 11:05:47.000 UTC,Withdrawal,0x344604a050ff0aa76af0e2b616894cdfa7afbb504b99f6d54a903d5f4d47cb20,0xec15c20015e72748f03065ed80c41cb882e3fb66,0xa33c9e687cc3c2b4785550a5b85f9e7b4186b7e7,0.1,0.00024
0.1,2025-09-24 07:29:47.000 UTC,Withdrawal,0xb6549690ec0f80a2f0a6044beb260b80056abbd123c231f90364477ac3f4dfb2,0xec15c20015e72748f03065ed80c41cb882e3fb66,0x969f3ae75ba7973a7dce9a33b028623cfdf1c5b5,0.1,0.00019
0.1,2025-09-24 06:50:59.000 UTC,Withdrawal,0x5873ab7ef23b4d384ae5d56718b3c4116b48fbc5dab26e35a09c17c07f41ecaa,0xec15c20015e72748f03065ed80c41cb882e3fb66,0x1b1f256431150e81924aa7f7073a78ec2fdf9508,0.1,0.00017
0.1,2025-09-24 05:42:47.000 UTC,Withdrawal,0x2ec6d21ae4d08f02c1a8530bf30f0eea1e04189de6286657c708e6f96954793d,0xec15c20015e72748f03065ed80c41cb882e3fb66,0x8ca9f4b2b405f72bfaa225fb58693d591f862ada,0.1,0.00018
0.1,2025-09-23 22:27:59.000 UTC,Withdrawal,0x1ce8bf657b7d0fe2dbd02018b203535db2fdb4cc2a8890d6347714bf49e773fa,0xec15c20015e72748f03065ed80c41cb882e3fb66,0xffa49d8caa83b9637038d21c99e8b7177f8cee25,0.1,0.00019
0.9848,2025-09-23 07:54:11.000 UTC,Withdrawal,0x164ad35613e346939f2e9cb7391731ad243ac872bc05ca4d41660f0cb107866f,0xec15c20015e72748f03065ed80c41cb882e3fb66,0xfcc6867536990d080f084bc2899b270bb1840870,0.9848,0.00108328
0.1,2025-09-22 21:08:11.000 UTC,Withdrawal,0x2f369e933939aebcda0af826654a39069aecf8aeaa1c62e074bbb7760407f685,0xec15c20015e72748f03065ed80c41cb882e3fb66,0xd8a0ff2e25b5e7cfcd63e929652972d19d8a9f9b,0.1,0.00025
0.1505,2025-09-22 09:00:23.000 UTC,Withdrawal,0xfaaf046ebea6257a407dc1dbf50e7946c3cb39eb8ee7d582f97f397284a05744,0xec15c20015e72748f03065ed80c41cb882e3fb66,0xed196d365e255b8333c8b61da3fa301379f02dde,0.1505,0.0004515
0.1892,2025-09-22 08:10:11.000 UTC,Withdrawal,0x0b1aaa2f70ed34dc6c9bf291ed774a351d5a33157e72941d73934df4e8d63b1b,0xec15c20015e72748f03065ed80c41cb882e3fb66,0xb66e57412f82e1f7751440bc1d022dabb438ab54,0.1892,0.00060544
0.11,2025-09-22 08:08:35.000 UTC,Withdrawal,0x7668160f42f126f3b1dec631df232af4fbbf062b556afef31accb9ed95e400cb,0xec15c20015e72748f03065ed80c41cb882e3fb66,0xe3c23102f47fe45d353a6a9d2f3ac92fe8aee5d9,0.11,0.000605
0.1,2025-09-22 07:35:47.000 UTC,Withdrawal,0xbd4e1a2ac387172efcdd8b00efe302b164996acd1b74b918206304e3914941ed,0xec15c20015e72748f03065ed80c41cb882e3fb66,0xd951327a9d820d34d9ce55432dcf315b5eb9923e,0.1,0.00057
1.0,2025-09-21 22:45:47.000 UTC,Withdrawal,0xfc5bd588ef18f1fd7f263307a7e0846e6e9a90a5d442f3f5b854cf9c9645c9d0,0xec15c20015e72748f03065ed80c41cb882e3fb66,0x1adba24b6c0568a7fca6d300ed16539208030342,1.0,0.001
0.6,2025-09-21 18:26:47.000 UTC,Withdrawal,0xcd1826e2cd01527027c06cd272b3a3ccd35bbf8330ec5f7e594f92924864b45e,0xec15c20015e72748f03065ed80c41cb882e3fb66,0x40f37d0623112e809024f8740d5db2f357acbc31,0.6,0.00066
0.1,2025-09-21 15:12:35.000 UTC,Withdrawal,0x8b12c9d1a2b0e8dc8390d961852c2c8aee17692b1918f2db1300671aefa7c394,0xec15c20015e72748f03065ed80c41cb882e3fb66,0x1c9bdb32acb93c56b6cf5aadcd5decb4cc9d7bb2,0.1,0.0002
0.11,2025-09-20 22:09:11.000 UTC,Withdrawal,0x551df1f41b0d3fdd377e38316c819a17bf808bb89e7f41bb2c18f811d94bfd7a,0xec15c20015e72748f03065ed80c41cb882e3fb66,0xd8a0ff2e25b5e7cfcd63e929652972d19d8a9f9b,0.11,0.000209
0.17,2025-09-20 18:58:35.000 UTC,Withdrawal,0xd8bb987e1ee303e00a60e0f6f3a71e39bb8914c02c40f92db3b62c9ea37ecb1d,0xec15c20015e72748f03065ed80c41cb882e3fb66,0x37e0f91223e01312d63330fc0dd5f0e62a86e333,0.17,0.000391
0.1,2025-09-20 17:04:59.000 UTC,Withdrawal,0xbd381361eefab897f3bf3e2902134fc6aac2195304012370f650617a79d70750,0xec15c20015e72748f03065ed80c41cb882e3fb66,0xc675d19a72c8830805fadd22c920ab1a3a6d96ae,0.1,0.00027
0.4,2025-09-20 14:50:35.000 UTC,Withdrawal,0x73bc03a816fbce5d14e69fd9188569b71f163010708575cdac86b66f2c97b595,0xec15c20015e72748f03065ed80c41cb882e3fb66,0x40f37d0623112e809024f8740d5db2f357acbc31,0.4,0.00056
0.18,2025-09-20 10:13:59.000 UTC,Withdrawal,0x780e50368810911e01d67b65827dd50c126abcbe3dec377ff12517ff53994010,0xec15c20015e72748f03065ed80c41cb882e3fb66,0x2bea13f5ad4e6fcfe74bf37d6f17d97f6a7723cf,0.18,0.000306
2.0,2025-09-20 01:21:11.000 UTC,Withdrawal,0x507c04688ce7e2b1f0ea57f93138889c29ac57841586f138c233d579f9e9f106,0xec15c20015e72748f03065ed80c41cb882e3fb66,0xfff4a8a72de99fbfc9338f70d83b75e1bf7186a3,2.0,0.002
1.33,2025-09-19 21:08:59.000 UTC,Withdrawal,0xf0f19ae4cd07cb9d5c1c7e76616763012e931e93c473e2fc84370b4a273aadc0,0xec15c20015e72748f03065ed80c41cb882e3fb66,0x9534272cc683de6eac0ea0c2c7c092159df4ebf0,1.33,0.001596
0.1,2025-09-19 19:02:35.000 UTC,Withdrawal,0x4637c47c93919ca114e91a6b013a1825ad2ecb82ed4942688e5fc42f7b205035,0xec15c20015e72748f03065ed80c41cb882e3fb66,0xa7f10e3200c6ae89ee47bf2e3a0fc9e1f99da345,0.1,0.00053
0.2,2025-09-19 14:54:23.000 UTC,Withdrawal,0x7c3c7b76f3898445533700b413ff56bda349a5fc44bfef10b1b5c3e7c47e75d0,0xec15c20015e72748f03065ed80c41cb882e3fb66,0x984614ef695c7f5074b741b505fccd9e4fda55c2,0.2,0.00134
0.2316,2025-09-19 13:46:47.000 UTC,Withdrawal,0xd8e70f2cac704175008d081ad7b325419eacf59d9c0463ef332f4a1e7fd60b11,0xec15c20015e72748f03065ed80c41cb882e3fb66,0x237974dc727eab72b8f15211a88ab6a21abaefbc,0.2316,0.00048636
0.1,2025-09-18 07:15:59.000 UTC,Withdrawal,0xf49c05c20ae3a001ed8cb0b4fed041b45383f408035b6277cbd6d84a4fd7eb15,0xec15c20015e72748f03065ed80c41cb882e3fb66,0x9534272cc683de6eac0ea0c2c7c092159df4ebf0,0.1,0.00021
0.11,2025-09-17 12:53:47.000 UTC,Withdrawal,0xad9d2514f713c9126736bfe7255d24a6b9a08875981f4b897b49c52677dfdf3f,0xec15c20015e72748f03065ed80c41cb882e3fb66,0xd8a0ff2e25b5e7cfcd63e929652972d19d8a9f9b,0.11,0.000363
0.1,2025-09-17 11:36:59.000 UTC,Withdrawal,0x51e0d079d753a418b7e00fa513ecbbd2bfba91bb1375015e78eca6439d6c640b,0xec15c20015e72748f03065ed80c41cb882e3fb66,0xbc8daddca2dcd52be0d4e71aaa9db88189178500,0.1,0.0003
0.1,2025-09-17 11:35:59.000 UTC,Withdrawal,0x224697dce83036480f256af2795bffe82b647e31baad8d67c11e680a97946fa7,0xec15c20015e72748f03065ed80c41cb882e3fb66,0xbc8daddca2dcd52be0d4e71aaa9db88189178500,0.1,0.0003
0.1,2025-09-16 20:21:59.000 UTC,Withdrawal,0xe54e5fd6a9b3694d2ff5fbed364ec739463e82ba8417fc78feda7db656511385,0xec15c20015e72748f03065ed80c41cb882e3fb66,0xe6520ab25b899840487e6fd4257a7c98b3a7371c,0.1,0.00029
0.1,2025-09-16 11:59:47.000 UTC,Withdrawal,0x576fc0c069c118c5cfb9a6d9f78fcf48a8d7b13ab80d8087670bc55065c64b95,0xec15c20015e72748f03065ed80c41cb882e3fb66,0x642c7f7040c656d633a9267284b338ff41051541,0.1,0.00058
0.3,2025-09-16 09:48:59.000 UTC,Withdrawal,0x5f4360c8b37daf17af0bf360a47c8eb38d0379ef31c9f6d171674af1c15bf015,0xec15c20015e72748f03065ed80c41cb882e3fb66,0x115ff71b91d2679ccea6aa55ac8e6721e4417d35,0.3,0.00072
0.15,2025-09-16 07:02:35.000 UTC,Withdrawal,0x833f15a2b1a48f81c906a1bee17e8d00ceac8a9f1df977619f933d5939cb1963,0xec15c20015e72748f03065ed80c41cb882e3fb66,0x0a5f07eca94861d5804891cb9078171bbb0fd046,0.15,0.00048
0.5,2025-09-16 02:26:47.000 UTC,Withdrawal,0x6eccd05866ccfddd81a5a3a5e37b8183cf68dc295750b2ef1f515a120ab93082,0xec15c20015e72748f03065ed80c41cb882e3fb66,0xeed7e1c7c9c68611584e8f6230178ce0a48eef7f,0.5,0.00065
0.102,2025-09-15 23:33:47.000 UTC,Withdrawal,0xe993bddfce5353ba14f9398083d0afa5dfe667f11af8c860f97b1aef343802c5,0xec15c20015e72748f03065ed80c41cb882e3fb66,0xc797ed3f4f77002c7e0077820914d960b1e3bc00,0.102,0.0002754
1.15,2025-09-15 14:02:11.000 UTC,Withdrawal,0xe0319949206b879ff2ff33146bb8b838e0a37ae4e70c62093735f85d8bfcee74,0xec15c20015e72748f03065ed80c41cb882e3fb66,0x2279061065cbb0c827d34b2734d37036dda7f224,1.15,0.002875
0.2798,2025-09-15 02:12:35.000 UTC,Withdrawal,0x7745ec5a491f52eb4928e989a492f40e369f24d581e381a881f9316a58c2f98b,0xec15c20015e72748f03065ed80c41cb882e3fb66,0x5c9c4f2ca0262f6d9b2c5c03e11b12fc2a9d3bd1,0.2798,0.00036374
2.3,2025-09-14 19:24:35.000 UTC,Withdrawal,0xf07ea36d34fab61e4f93532a2c03a33bed87b892f432f0381c97779a07563f83,0xec15c20015e72748f03065ed80c41cb882e3fb66,0x2279061065cbb0c827d34b2734d37036dda7f224,2.3,0.0023
0.11,2025-09-14 17:21:11.000 UTC,Withdrawal,0x2caa2e89a01c17bb3032769afaa2c5f633b3551023822147125c79b7e8ffe2c3,0xec15c20015e72748f03065ed80c41cb882e3fb66,0xd8a0ff2e25b5e7cfcd63e929652972d19d8a9f9b,0.11,0.00022
0.2049,2025-09-14 08:10:11.000 UTC,Withdrawal,0x817c8186ebe753c13723c650bdc5b92932640d0f8453d22c018b5eb276945aab,0xec15c20015e72748f03065ed80c41cb882e3fb66,0x853bd9e8654dce9576d920023c36ad482cb6cdfd,0.2049,0.00028686
0.1,2025-09-13 23:39:11.000 UTC,Withdrawal,0x0652fa2eac9aaf4812ddf0e27019c3f615b5249f0bdff707620369d1f9470983,0xec15c20015e72748f03065ed80c41cb882e3fb66,0xbfc4b712daff361061e63bfdd1ce88c691edd61e,0.1,0.00018
4.0,2025-09-13 19:00:59.000 UTC,Withdrawal,0xc084bbad5990f3296d9ad4ac047943fccb4d395dba53d1077ffb1f285f76aad1,0xec15c20015e72748f03065ed80c41cb882e3fb66,0x073a5d7da0db994a6c54ae8a90cbe175c6161781,4.0,0.004
0.5,2025-09-13 18:59:11.000 UTC,Withdrawal,0x57224a62223df7357ce10dbc6db6962a46db1aca69518e3551a4919d6aeb01ab,0xec15c20015e72748f03065ed80c41cb882e3fb66,0xbd950b25906e3dc3b656b2d274ea6a3f3eca34b3,0.5,0.00055
0.15,2025-09-13 18:46:47.000 UTC,Withdrawal,0xe73e3087f07f772cc411020733b4611902c3724fde017864374a8116b5b5dd67,0xec15c20015e72748f03065ed80c41cb882e3fb66,0x232b8bfe580470c393ef926ade2cb8f2ba84c090,0.15,0.00027
0.33,2025-09-13 18:17:59.000 UTC,Withdrawal,0x96418cbf63e63d327a95ed2aaa39bce8a74dab5324537a7f7456209a072ec165,0xec15c20015e72748f03065ed80c41cb882e3fb66,0xd510859762950b499df3561bff6fb4b5fa7d583e,0.33,0.000462
2.12,2025-09-13 18:16:11.000 UTC,Withdrawal,0x745a37bfdacbbe77fa05a7a35e82475b6f655c1afd087e8fc5d8268aff7ef17d,0xec15c20015e72748f03065ed80c41cb882e3fb66,0x7d6a001640418af99c988d11d98dfe90f2055f26,2.12,0.00212
4.0,2025-09-13 17:54:23.000 UTC,Withdrawal,0x9db1275d2a7d200dfa7748817b74a1fca71f18d8b079338ea4d252e1e2d59578,0xec15c20015e72748f03065ed80c41cb882e3fb66,0xba32b62f3c1a1f02f06f913e8dad561b9b98be99,4.0,0.004
8.0,2025-09-13 17:36:11.000 UTC,Withdrawal,0x912c416ea945825402082009760fdbd200d99ea3b6f1a2605bc7018348481a97,0xec15c20015e72748f03065ed80c41cb882e3fb66,0xcdcaa4ea1dc3bf87cac7f97ac1c181e5a1d434af,8.0,0.008
7.0,2025-09-13 17:28:23.000 UTC,Withdrawal,0x9e2ccd0e414b0604ad541c654dd460ac337a3c430e8bff270c68dba1ab2dd5b8,0xec15c20015e72748f03065ed80c41cb882e3fb66,0xdbd7d4e88a0f800ab4d056e3745565e7baa71130,7.0,0.007
10.0,2025-09-13 17:08:11.000 UTC,Withdrawal,0xfac381f34e918c433127762910181f8b4c545a490df565eb0082e5229f240bef,0xec15c20015e72748f03065ed80c41cb882e3fb66,0x7d577bb4c0cba812c262fe06fb3a078a83944f4c,10.0,0.01
0.1,2025-09-13 17:05:47.000 UTC,Withdrawal,0xaafbff62cda59802630e797bbecdc42758021b44a0bd1e927927f5bb258446a9,0xec15c20015e72748f03065ed80c41cb882e3fb66,0xcdcaa4ea1dc3bf87cac7f97ac1c181e5a1d434af,0.1,0.00039
1.157171933,2025-09-13 15:08:11.000 UTC,Withdrawal,0x9653e346ae20d5c755177f4a370fdd3522d2152d4b7abe60097a1b365e70d1bc,0xec15c20015e72748f03065ed80c41cb882e3fb66,0xefed54866930acfe69ce15fbcfac605fefb6ef54,1.157171933,0.0012728891263
0.1,2025-09-13 03:45:47.000 UTC,Withdrawal,0x264cbfcb75e430d502dba3dd27bdb4c2accc36cc7f7d6822bb90470837dbb1d9,0xec15c20015e72748f03065ed80c41cb882e3fb66,0xd19982f720c31839f2fb693e9299b4b37b47d6fa,0.1,0.00024
0.1,2025-09-13 03:44:23.000 UTC,Withdrawal,0x30363e2f646e039889832135e5e9a554377d58a5e21d791a8cc12fc6f7f59525,0xec15c20015e72748f03065ed80c41cb882e3fb66,0x03bc6a4139b18b4077a479c4696951e58fb5c1dd,0.1,0.00022
0.1,2025-09-13 03:42:47.000 UTC,Withdrawal,0xd38e8ddd3bc4d5f5dcc52e5ac6fdcca1134c48bfb2fe0d534e6621c97a071d62,0xec15c20015e72748f03065ed80c41cb882e3fb66,0xaf0357502f80bedea537b2f7d0591cd3e2e4088d,0.1,0.00021
0.1,2025-09-13 03:35:47.000 UTC,Withdrawal,0xc986c26a4f82ffe6ebc510e759a98d4b0bab3206062294b1a2013a236a5ac9e2,0xec15c20015e72748f03065ed80c41cb882e3fb66,0x134ee6416f4caac646e5c1ca1f1bfe9fdd76e495,0.1,0.00021
0.1,2025-09-12 04:56:23.000 UTC,Withdrawal,0x8af1a0beb8092f93628316c202236fdabbe0d5ed26d91bb927179efe580d8b39,0xec15c20015e72748f03065ed80c41cb882e3fb66,0x9534272cc683de6eac0ea0c2c7c092159df4ebf0,0.1,0.0002
0.2,2025-09-11 21:59:23.000 UTC,Withdrawal,0x83ff92e72018d3e4c44abf9bd5af22b4676d6bc7207bc0d9f972fbb0539b6d86,0xec15c20015e72748f03065ed80c41cb882e3fb66,0xe43e93b596eabe0e7d2ac8e56c94b92ec8a2a43b,0.2,0.00032
0.5,2025-09-11 10:17:47.000 UTC,Withdrawal,0xf6fc49be18a892919c1cc5359352a03273385a60d6f7597265268fa91ab6f6c8,0xec15c20015e72748f03065ed80c41cb882e3fb66,0xe4d31ac2bf5e673c513f38baeb3a7365fbd12179,0.5,0.00065
0.1102,2025-09-10 23:13:47.000 UTC,Withdrawal,0x024da401894fadf1d9ea918c0a180c44b708a39ea53fe5e694fdf6e91b70447e,0xec15c20015e72748f03065ed80c41cb882e3fb66,0xd10cf0969f6034e9819aa7220d63d740862144e1,0.1102,0.00019836
0.1,2025-09-10 22:30:59.000 UTC,Withdrawal,0xcaba81f4e807091f507d7a67c3cc10dcc542e93061aa21334827534e21973601,0xec15c20015e72748f03065ed80c41cb882e3fb66,0x654e2e2c7ccd3f6452d58788004b365099569790,0.1,0.0002
0.1,2025-09-10 19:07:23.000 UTC,Withdrawal,0xc6c7db9f536358596e30570439b9effc7fea101496f2dc77522ffe571a498410,0xec15c20015e72748f03065ed80c41cb882e3fb66,0x80c5366862889242ff6bca71fbb49a12ef348aec,0.1,0.00049
0.25,2025-09-10 17:57:47.000 UTC,Withdrawal,0x2be680dadfe3818aa8021fc567a7ce7416bc02eb0f257b3dc41ebd505ecc3611,0xec15c20015e72748f03065ed80c41cb882e3fb66,0x05e8cbdafb164f526bc910aa940f1e8e3efdef74,0.25,0.000625
0.1,2025-09-10 13:03:47.000 UTC,Withdrawal,0x2a50f34896de625301ee7e33e96e227129ba2e1563f1a7eb4194935caa3eba9b,0xec15c20015e72748f03065ed80c41cb882e3fb66,0xdeaf1a89c0c7b8157bcbc89e917e73f4268c861e,0.1,0.00046
0.1,2025-09-10 02:22:47.000 UTC,Withdrawal,0x0a17b5c8f0e74a2c42225229877c98b29ca381e1730727530db2b40e0188d695,0xec15c20015e72748f03065ed80c41cb882e3fb66,0xc35a490c6d7a37203b02f461be30cc71a4724b01,0.1,0.00019
0.1,2025-09-09 10:36:59.000 UTC,Withdrawal,0x816ff4a97f417375f7521861e8a54df2cbde61c72a6078479bfd079b4b4c8874,0xec15c20015e72748f03065ed80c41cb882e3fb66,0xd8a0ff2e25b5e7cfcd63e929652972d19d8a9f9b,0.1,0.00031
0.1,2025-09-09 09:00:47.000 UTC,Withdrawal,0x94e2164c657a977e008fdf7a43f73f71f8ca1aa76d80f886436bb053d15e0d00,0xec15c20015e72748f03065ed80c41cb882e3fb66,0xbc8daddca2dcd52be0d4e71aaa9db88189178500,0.1,0.00031
0.3,2025-09-09 05:42:59.000 UTC,Withdrawal,0xd95cfb903a5b447217a25023164f0dff48cc95693bc880e2ed6a8828fdaf25ed,0xec15c20015e72748f03065ed80c41cb882e3fb66,0x40f37d0623112e809024f8740d5db2f357acbc31,0.3,0.00036
0.2,2025-09-08 08:52:11.000 UTC,Withdrawal,0xb223bd260e0a543f7c0b21aa8d0cba9dceb10ef787f4c461f4735563fd54d7d7,0xec15c20015e72748f03065ed80c41cb882e3fb66,0xbd950b25906e3dc3b656b2d274ea6a3f3eca34b3,0.2,0.00036
1.0,2025-09-07 16:32:35.000 UTC,Withdrawal,0x0ce3c1133973570549a50abe075ea06692f4b12d018022c6810211b7f0e8b319,0xec15c20015e72748f03065ed80c41cb882e3fb66,0x440664c00cc177786d76d1c57427dbde7f393e60,1.0,0.0011
0.1,2025-09-07 11:15:47.000 UTC,Withdrawal,0x0819b6729c2a4cb0cf545c7960a79b203d4ddf415e764e88f574a9d246e9f4d8,0xec15c20015e72748f03065ed80c41cb882e3fb66,0xd8a0ff2e25b5e7cfcd63e929652972d19d8a9f9b,0.1,0.00019
0.1,2025-09-07 09:44:23.000 UTC,Withdrawal,0x8919987474ecc899b1bf0f38fdd1df7f099479531cc4945f89ab23abd71441e6,0xec15c20015e72748f03065ed80c41cb882e3fb66,0x853bd9e8654dce9576d920023c36ad482cb6cdfd,0.1,0.00019
0.1207,2025-09-07 04:57:23.000 UTC,Withdrawal,0x4e1627cf43e21186fe43f3cc14c1362aa439e0d60daae2705261112516b94b48,0xec15c20015e72748f03065ed80c41cb882e3fb66,0x80e890f6b8473e82f81b3f66db2d3479a3ada082,0.1207,0.00020519
1.0,2025-09-07 04:35:11.000 UTC,Withdrawal,0x33c952028b119e3b99c33e31704522b4cd86ebbd11ee321aeba230a856abb0b1,0xec15c20015e72748f03065ed80c41cb882e3fb66,0x9835e3f9c21dea13bf75b1540ea152537f6ee45c,1.0,0.001
0.104,2025-09-06 10:32:11.000 UTC,Withdrawal,0xeda9104946c99e35f6de85827d11ef24aec61de5e2fe4a382dd62ba5f4a84e45,0xec15c20015e72748f03065ed80c41cb882e3fb66,0xbee92aa73f2c2a1c73d78774f59b6060258fdeb7,0.104,0.0001872
0.103,2025-09-06 10:30:35.000 UTC,Withdrawal,0x9e5b71b6219fe02e6c5548132d405e9d2c2bff9cb729f48ae2c1dfcafd57244b,0xec15c20015e72748f03065ed80c41cb882e3fb66,0x4fd75ad11816374ceb8aa5f2723c7e7ccf3abc3b,0.103,0.0001854
0.105,2025-09-06 10:28:23.000 UTC,Withdrawal,0xb536ca8c487e73b4a0f65fa9cdd557523c27560789476726530bfebb55046ea0,0xec15c20015e72748f03065ed80c41cb882e3fb66,0x7fd2dcb7bfdc0f5cd87b0cad37ff3653eaf2b077,0.105,0.0001995
0.11,2025-09-06 10:26:11.000 UTC,Withdrawal,0xe52c2f89fa50bbf119c98a521262de94a97af7b7cb0fb15adee442ac2692d2b0,0xec15c20015e72748f03065ed80c41cb882e3fb66,0xf5e4eba73d3520c38868cdba40d26ae8240fcb84,0.11,0.000198
0.101,2025-09-06 10:23:47.000 UTC,Withdrawal,0x297179f67af36835a450d3d46123e325e092b9e960006a08319c882b44743223,0xec15c20015e72748f03065ed80c41cb882e3fb66,0x35dbe2553de7f469b0290a1139d70c9713e31fc3,0.101,0.0002121
0.11,2025-09-06 08:14:23.000 UTC,Withdrawal,0xc10fd176facc9abff57e2ce34772db63483ded19d9bb9a3445799ed256a172c4,0xec15c20015e72748f03065ed80c41cb882e3fb66,0xd8a0ff2e25b5e7cfcd63e929652972d19d8a9f9b,0.11,0.000198
0.1,2025-09-06 00:59:11.000 UTC,Withdrawal,0xa5d6ae14e244d0541815f1bdfe3237dc96c2e6b06d125cdfde1aec166a609185,0xec15c20015e72748f03065ed80c41cb882e3fb66,0xe7d54e7ff42a375c886dd81da17b73633fe3bbe1,0.1,0.00023
2.9615,2025-09-05 21:23:59.000 UTC,Withdrawal,0x56391485b6e055c0866b612a644c77bb7d031056798f3c617b5b22d3f47f1b14,0xec15c20015e72748f03065ed80c41cb882e3fb66,0xb0e3f40be498202853ef181b22f21ddf3d6764da,2.9615,0.0029615
0.5,2025-09-05 15:52:47.000 UTC,Withdrawal,0x9dfa4f89d793217212aeac91fca40a8a6a40734bb8e4ac8c7d0bac530decbf49,0xec15c20015e72748f03065ed80c41cb882e3fb66,0x30e720d7d1a9e1dbc1277049d3aca21d144e9648,0.5,0.001
22.0,2025-09-05 10:30:35.000 UTC,Withdrawal,0xc86495d0c318a873c9e2359575245f18cb48af4eb3474ec88dde90e51a4f7058,0xec15c20015e72748f03065ed80c41cb882e3fb66,0xf52eb48ceda9988b3a0492778cffa3bd32c6ff59,22.0,0.022
1.0,2025-09-05 10:28:11.000 UTC,Withdrawal,0xe828e606b22bd908a08d6482261148a5ae82c777055cf708377eddd4292edcbe,0xec15c20015e72748f03065ed80c41cb882e3fb66,0xf52eb48ceda9988b3a0492778cffa3bd32c6ff59,1.0,0.0011
0.1012,2025-09-05 10:18:35.000 UTC,Withdrawal,0x09f8c04c018ea725c8baff30a93edcb92f6003e461652b6b0753842e207b4e51,0xec15c20015e72748f03065ed80c41cb882e3fb66,0xa63d5f935d06b3685357757ad6ea16a81810bf0d,0.1012,0.00023276
0.1041,2025-09-05 09:52:47.000 UTC,Withdrawal,0x88efac6c4c101194f0d2961e753444de201d73fc5277b21c4ce9e0ee4e6432e3,0xec15c20015e72748f03065ed80c41cb882e3fb66,0xe5a0ea5b3167728e81bba5f08a533adad6743501,0.1041,0.00024984
0.108,2025-09-05 09:51:59.000 UTC,Withdrawal,0xc3493ac0d41ee36d015da4c0fe71a17b19905df10f746c072b2443d5fe4fcbc3,0xec15c20015e72748f03065ed80c41cb882e3fb66,0x61adeb152fb4f2945ddd7cbdee73d5c083d72377,0.108,0.0002484
0.106,2025-09-05 09:42:59.000 UTC,Withdrawal,0x2dfdf5d5dd6553bd4d06b5d6eea5ab3ed75ef4988ff5a356802b3964022317ba,0xec15c20015e72748f03065ed80c41cb882e3fb66,0xf6e2e2c7f3fbffdca2c3188eb08350c494d22d86,0.106,0.0002862
0.104,2025-09-05 09:28:23.000 UTC,Withdrawal,0x4e7b5f2ff2a9ab72e5f46fde265d585c521ec8d33386d9a89a20205d2b28f2c1,0xec15c20015e72748f03065ed80c41cb882e3fb66,0x85147b19c39b8d1e9e5a5fcf08e4fabf76aef79b,0.104,0.0002704
2.0,2025-09-05 08:32:11.000 UTC,Withdrawal,0x2d2749445bedc5bf5a2a53307c920c518992fc82094c48322a5f3782d47665a0,0xec15c20015e72748f03065ed80c41cb882e3fb66,0xfcdd6def42ab52240ab3138a6e962f1b11723edd,2.0,0.0022
0.1435,2025-09-05 08:15:35.000 UTC,Withdrawal,0x3d5348b197c18d27e79213d79d01fe2d11f07ceba10c3a86be6d0af8c3ccc886,0xec15c20015e72748f03065ed80c41cb882e3fb66,0xfcdd6def42ab52240ab3138a6e962f1b11723edd,0.1435,0.00061705
1.16,2025-09-05 08:09:11.000 UTC,Withdrawal,0x818086a388c4cba8ba8c9922c03a180183a45b789f7659e06bc7ef99e75a9737,0xec15c20015e72748f03065ed80c41cb882e3fb66,0xfcdd6def42ab52240ab3138a6e962f1b11723edd,1.16,0.001508
0.1,2025-09-05 07:49:35.000 UTC,Withdrawal,0xd85ed1f6ffaa45b4b83bb6d65e252bf1fda8f57c64f28ccc54a093ddb3f5917d,0xec15c20015e72748f03065ed80c41cb882e3fb66,0xfcdd6def42ab52240ab3138a6e962f1b11723edd,0.1,0.00054
2.5,2025-09-05 07:46:23.000 UTC,Withdrawal,0x434983655ba49a841e574a467783ca74e4e259a223af28380bf3e1b36bacfa42,0xec15c20015e72748f03065ed80c41cb882e3fb66,0xfcdd6def42ab52240ab3138a6e962f1b11723edd,2.5,0.00275
0.2147,2025-09-05 07:29:35.000 UTC,Withdrawal,0x795ee5b1a05795e0a1301eb650fcd1a527d3012e84878fc1db432d6a7b01878d,0xec15c20015e72748f03065ed80c41cb882e3fb66,0x41a10bdd337a1a18d8267cfc9c438434e832a123,0.2147,0.00051528
0.109,2025-09-04 21:49:35.000 UTC,Withdrawal,0x70fd8c51213c192c9b66636c5cee11af8403959a9d5687a4e6f6cf13cc77c24e,0xec15c20015e72748f03065ed80c41cb882e3fb66,0xcc1767b0a3b44b946b14274a093dd6ca9a77d743,0.109,0.0003052
0.1,2025-09-04 21:45:47.000 UTC,Withdrawal,0x14cfd57fbf9e7cb11ddd43b4172fd0ffa5c51dfafa6193b1d4876326410881f2,0xec15c20015e72748f03065ed80c41cb882e3fb66,0xd72e3bdebabe0040233dbbc2567911dde5dac126,0.1,0.00028
0.11,2025-09-04 13:12:59.000 UTC,Withdrawal,0x799930a2963a8047d379883d351059a735e94f135137f8e9f6dace4ae0c4bb36,0xec15c20015e72748f03065ed80c41cb882e3fb66,0xd8a0ff2e25b5e7cfcd63e929652972d19d8a9f9b,0.11,0.000649
0.1,2025-09-04 07:56:47.000 UTC,Withdrawal,0x3ec66b0c03470b303ba832493cdd8a82e1449fb4c9d746276beab0fee4cc8cc3,0xec15c20015e72748f03065ed80c41cb882e3fb66,0x727752abbf7a9ef2f3c15e322dd43bf642d26eb7,0.1,0.00028
0.4,2025-09-04 06:26:59.000 UTC,Withdrawal,0xf31dd5752e80373ec3484b192166a1d6a25e28f2ff3b132ab7284c72db1e82f7,0xec15c20015e72748f03065ed80c41cb882e3fb66,0xfcdd6def42ab52240ab3138a6e962f1b11723edd,0.4,0.00056
0.12,2025-09-04 00:04:11.000 UTC,Withdrawal,0x473db97dc4a0a2b5df19564fed0fe169c62b1ed1458ac3ca795f8a129455596b,0xec15c20015e72748f03065ed80c41cb882e3fb66,0xe6a7b314a4f2bdbe0db25b22403e552646ff121f,0.12,0.000336
0.1,2025-09-03 22:23:59.000 UTC,Withdrawal,0x8d72828424aaef79696c7b3fb994b20fea824c40513aec4b5e136eac2bd03d8a,0xec15c20015e72748f03065ed80c41cb882e3fb66,0xe6a7b314a4f2bdbe0db25b22403e552646ff121f,0.1,0.00031
0.8,2025-09-03 13:25:59.000 UTC,Withdrawal,0x7eee14a0ed03b82c6065fbf3d6e8d09b421d314d575242075334c832612bb5cb,0xec15c20015e72748f03065ed80c41cb882e3fb66,0x2bee312842c2c45d3405bdee8d145fcc503dc10b,0.8,0.0012
0.1,2025-09-03 09:44:23.000 UTC,Withdrawal,0xe7c412bee6fb7269af71acd288e7389f18cd02d618461d2322502128476bce4f,0xec15c20015e72748f03065ed80c41cb882e3fb66,0x80c48ef03af0a383fb888b97e0dba029329cfd89,0.1,0.00025
0.1,2025-09-03 05:10:47.000 UTC,Withdrawal,0x737c8f0c28db13e0bd15e41ceb2c97bcbe7c12820ae8482ff296f62ceab3baa8,0xec15c20015e72748f03065ed80c41cb882e3fb66,0x0a5f07eca94861d5804891cb9078171bbb0fd046,0.1,0.0002
0.1262,2025-09-02 15:07:59.000 UTC,Withdrawal,0x1164c4021415f5867ca4f96398ed88358a3212f2074eb3abd038bed22cb6faf5,0xec15c20015e72748f03065ed80c41cb882e3fb66,0xb2e099e2c748ce80a7cad5077f53e005db623a0c,0.1262,0.00079506
0.1,2025-09-02 14:56:59.000 UTC,Withdrawal,0x901af8631b4aa9d963c0673c5d39560dccc5e11a1966b28d49e154bac3956135,0xec15c20015e72748f03065ed80c41cb882e3fb66,0xd10cf0969f6034e9819aa7220d63d740862144e1,0.1,0.00067
0.2,2025-09-01 19:38:23.000 UTC,Withdrawal,0x56ee28dd5810057ad7ab72af5f4453c55093e4184b28aed8d53e777e9cd38b98,0xec15c20015e72748f03065ed80c41cb882e3fb66,0xd8a0ff2e25b5e7cfcd63e929652972d19d8a9f9b,0.2,0.00088
0.1,2025-09-01 06:53:35.000 UTC,Withdrawal,0x1e0bc8e383e2aec0a1a21997c31824314c0972466925596a03282703dda5e2a0,0xec15c20015e72748f03065ed80c41cb882e3fb66,0x01c2e7b1de06da53bd0ec82fdb59e5767b8c6da1,0.1,0.00021
0.4,2025-09-01 00:31:59.000 UTC,Withdrawal,0xbe4414b19276e60aac53b349c67b05a5ebed52d8e4f1228169dd9039a4e403fb,0xec15c20015e72748f03065ed80c41cb882e3fb66,0xb66e57412f82e1f7751440bc1d022dabb438ab54,0.4,0.00052
2.0,2025-08-31 11:17:11.000 UTC,Withdrawal,0x727d587c4963e569f3b7c87010f7faec6b10fbf511854e9eb2899132ccf45809,0xec15c20015e72748f03065ed80c41cb882e3fb66,0x96fca496dd46dddd5a0fc313c4826acaaece876a,2.0,0.002
0.2,2025-08-31 11:12:47.000 UTC,Withdrawal,0xf786f6f89b465d3760886a36d8b7487a2b506e6e353e72087021e0546da2359e,0xec15c20015e72748f03065ed80c41cb882e3fb66,0x96fca496dd46dddd5a0fc313c4826acaaece876a,0.2,0.0003
0.1,2025-08-31 10:50:23.000 UTC,Withdrawal,0xb201e8459965f8874b9b7fdd441111309de0a4af5d5efe19e6ef50134d08a6a1,0xec15c20015e72748f03065ed80c41cb882e3fb66,0xd8a0ff2e25b5e7cfcd63e929652972d19d8a9f9b,0.1,0.00017
0.1,2025-08-30 12:54:59.000 UTC,Withdrawal,0xfb8c28ce47c87596ae570e4e999c093c404315a01cdac5ceb2f139b969fe807d,0xec15c20015e72748f03065ed80c41cb882e3fb66,0xa4b423909c829b1a040e7e1a012fccefa90116a7,0.1,0.00026
0.11,2025-08-30 08:43:35.000 UTC,Withdrawal,0x9452b068305ac766b67a2aa7548ccbf83d08613d797d4122cc94c0f2427148d7,0xec15c20015e72748f03065ed80c41cb882e3fb66,0xd8a0ff2e25b5e7cfcd63e929652972d19d8a9f9b,0.11,0.000209
0.1,2025-08-30 05:23:59.000 UTC,Withdrawal,0x6854d5282206e4a8a4dcba2533a8a9eed66257b2f18526d44180cec9c5e0fe6c,0xec15c20015e72748f03065ed80c41cb882e3fb66,0x66b0d13bff4a3a72a277c0443d1d19445c93065e,0.1,0.00021
0.11,2025-08-30 01:59:11.000 UTC,Withdrawal,0xd498da5d369e50d73d62ceab59e62b2a77650a5b94050bd119263b8c6db7d369,0xec15c20015e72748f03065ed80c41cb882e3fb66,0xcf889754a0f0551c7ca1c8b1b6b20945337e7cba,0.11,0.000308
0.1,2025-08-29 18:46:59.000 UTC,Withdrawal,0xd612d058bd7b39e22a8b32afbfd07be20c824822f5b7bff70d053842752222d4,0xec15c20015e72748f03065ed80c41cb882e3fb66,0xe7d4cc665140e041bad28ebba6552d13df208e9d,0.1,0.00029
0.1,2025-08-29 15:32:11.000 UTC,Withdrawal,0xaca072cb1d6e1577b9687dbb55c957030a18766a35f6882316f878dd87c264fb,0xec15c20015e72748f03065ed80c41cb882e3fb66,0x4bcfd2d2d6ff6f86d2e012e62cf90649f05f4713,0.1,0.00076
1.5,2025-08-29 14:36:11.000 UTC,Withdrawal,0xc04885590ee919b27667d97eb39431476c26b53d7f030c6d3205abcf9929aa1b,0xec15c20015e72748f03065ed80c41cb882e3fb66,0xfc8e8f975bd4928b26d751ae8a578c9db5a785bf,1.5,0.00345
0.1,2025-08-29 14:34:35.000 UTC,Withdrawal,0xecc63b01b9d088868649e7ade81b8a6d803c916ff2983be861c0b0d396ebed43,0xec15c20015e72748f03065ed80c41cb882e3fb66,0xfc8e8f975bd4928b26d751ae8a578c9db5a785bf,0.1,0.00206
0.11,2025-08-29 05:09:35.000 UTC,Withdrawal,0xa56255758677c1e9867ea3d932f56c1e65631ead1aed868f802f8954c2fd3997,0xec15c20015e72748f03065ed80c41cb882e3fb66,0xcc0faf87e664966715627c78981010b5334ac823,0.11,0.000231
0.1,2025-08-29 00:39:35.000 UTC,Withdrawal,0x161fbf87a616c5647a2eaef7f5dd1f43f089e798e3de902080d589dda7fde4f9,0xec15c20015e72748f03065ed80c41cb882e3fb66,0xa6129b6beb8c1beebbd4014095c02e8b722dfa4c,0.1,0.00029
0.15,2025-08-28 21:50:59.000 UTC,Withdrawal,0x201e6ed281bbd852f48edbc4dafa8f0f930797bc0daf910faf591a3bb6a7758c,0xec15c20015e72748f03065ed80c41cb882e3fb66,0x6dc43be93a8b5fd37dc16f24872babc6da5e5e3e,0.15,0.000345
0.1,2025-08-28 17:08:59.000 UTC,Withdrawal,0xa7c7d586bdd0c94050e8deec88a6d2525b9e55a63006f0e9928240de6f0e592b,0xec15c20015e72748f03065ed80c41cb882e3fb66,0x30e720d7d1a9e1dbc1277049d3aca21d144e9648,0.1,0.0009
0.7,2025-08-28 10:30:59.000 UTC,Withdrawal,0xd23141ff867e0e658173ed81925e02d074efe5288c41606caeccc12a90ef185d,0xec15c20015e72748f03065ed80c41cb882e3fb66,0x6a2a7733f13cd6ddd54e42d56b7492680bc2b70e,0.7,0.00084
0.1,2025-08-28 09:43:23.000 UTC,Withdrawal,0xda3bb7badb16a96b9222c4bf973189f1d6260fdaf9c2db7597d40d1f34ae5631,0xec15c20015e72748f03065ed80c41cb882e3fb66,0xe7d4cc665140e041bad28ebba6552d13df208e9d,0.1,0.0003
0.1,2025-08-28 09:27:23.000 UTC,Withdrawal,0x1832b76322cf403bef4ae62bdbd61d98f47f5a65b2ee7a8339a90184e891e86d,0xec15c20015e72748f03065ed80c41cb882e3fb66,0xe7d4cc665140e041bad28ebba6552d13df208e9d,0.1,0.00028
0.1,2025-08-28 04:35:23.000 UTC,Withdrawal,0xcc5e1e4c1cd5bace40e142d38fe3880ba2c835466cc57d4d59e648de2311414b,0xec15c20015e72748f03065ed80c41cb882e3fb66,0xd30373335c6d71499ee6cdcf832b5bcb731bae8d,0.1,0.00027
0.45,2025-08-27 23:57:35.000 UTC,Withdrawal,0x683b3e11db14851fde892377906ea271705f33748371eb5c8c8f8e6cd981c1c7,0xec15c20015e72748f03065ed80c41cb882e3fb66,0x55eb3271eaed59b82849cf673374d0120b1cf661,0.45,0.000855
1.0,2025-08-27 13:48:23.000 UTC,Withdrawal,0xe65e5b067c428543aee126ff7b9f19f0d3cf4c986904b3174354ff793c650f7a,0xec15c20015e72748f03065ed80c41cb882e3fb66,0x6a2a7733f13cd6ddd54e42d56b7492680bc2b70e,1.0,0.0019
0.3,2025-08-27 12:11:59.000 UTC,Withdrawal,0xfbd2c6f380d54822931ac577d7232d13b6b99fd8173d74f7f08b574731b64ae8,0xec15c20015e72748f03065ed80c41cb882e3fb66,0x9dbc2d0715f28b9a5193e651d1bd73bcda161662,0.3,0.00072
0.1,2025-08-27 11:34:23.000 UTC,Withdrawal,0xa4230402a099ffc8c540b0730b3c033527cb7ae86f5bf8e0d401b5e7e98fd91c,0xec15c20015e72748f03065ed80c41cb882e3fb66,0xe7d4cc665140e041bad28ebba6552d13df208e9d,0.1,0.00036
0.1,2025-08-27 11:29:11.000 UTC,Withdrawal,0x242d6e648a5d2867f74e15c680a32aaf37f24fd2bff1d2d7ccfda1ba44a9e8a6,0xec15c20015e72748f03065ed80c41cb882e3fb66,0xe7d4cc665140e041bad28ebba6552d13df208e9d,0.1,0.00036
0.1,2025-08-27 11:28:11.000 UTC,Withdrawal,0xbd95bd46b0bac7eb1e2b59f1870256de984c25393aedc80c47e42837131721d1,0xec15c20015e72748f03065ed80c41cb882e3fb66,0xe7d4cc665140e041bad28ebba6552d13df208e9d,0.1,0.00036
1.0,2025-08-27 11:07:11.000 UTC,Withdrawal,0xb1bfd16e725a002bd114a9c6605bf4813e98ee51e7dc78b6116fdec762f117d2,0xec15c20015e72748f03065ed80c41cb882e3fb66,0x129a76ec1bf4ecb099e65f976273855a5d258ab5,1.0,0.0013
2.0,2025-08-27 11:05:35.000 UTC,Withdrawal,0x2044ec4b5bb53c7f78d2aca30d92ea128c2f7a11ded786d01d932a09f516999a,0xec15c20015e72748f03065ed80c41cb882e3fb66,0x129a76ec1bf4ecb099e65f976273855a5d258ab5,2.0,0.0022
3.05,2025-08-27 11:04:11.000 UTC,Withdrawal,0x8532e9bfac31d6f9a90188e79e2994b25a0611ce5642ed1a4fd0ed13bc9cc0dc,0xec15c20015e72748f03065ed80c41cb882e3fb66,0x129a76ec1bf4ecb099e65f976273855a5d258ab5,3.05,0.00305
0.1,2025-08-27 09:36:23.000 UTC,Withdrawal,0xc39ca3b503de0fcf6d11f7ba20e50c02c2c90ae759d6389d2e7fc23aa45278f2,0xec15c20015e72748f03065ed80c41cb882e3fb66,0xbc8daddca2dcd52be0d4e71aaa9db88189178500,0.1,0.00031
0.1,2025-08-27 07:30:59.000 UTC,Withdrawal,0xffd425eeb5bfd17cdfa468b26dbda83e38bae75a17f15029ff917e1762204886,0xec15c20015e72748f03065ed80c41cb882e3fb66,0xd8a0ff2e25b5e7cfcd63e929652972d19d8a9f9b,0.1,0.00029
0.1,2025-08-27 06:50:59.000 UTC,Withdrawal,0x4f1c9dc27fdb5780cfe7e4166d1014495a4ad9effaed4285cda048e66b5a5e65,0xec15c20015e72748f03065ed80c41cb882e3fb66,0x569bc59507560392fd115c8a2461bbfe9581e69a,0.1,0.00022
0.12,2025-08-27 01:07:35.000 UTC,Withdrawal,0x00a65cb9ff8726d8d042d1289b47e16654ae0c247789a0c92e34d34d8d1a1840,0xec15c20015e72748f03065ed80c41cb882e3fb66,0x140301c8a64af85c467ffea4ab7625a35897cbbe,0.12,0.000264
0.1028,2025-08-26 22:06:47.000 UTC,Withdrawal,0x2722bf04cdbcbca11b41b6d5a8c34e550b0ec1c35861c3c5021e6a3e003290b4,0xec15c20015e72748f03065ed80c41cb882e3fb66,0xc9f0e7e64e321cde421d5742b7c02c56a6908331,0.1028,0.0003598
0.1001,2025-08-26 22:03:11.000 UTC,Withdrawal,0xa821491db8fb91cf836756fc3548e7ec8243c9f893e5415cc26757659b78633c,0xec15c20015e72748f03065ed80c41cb882e3fb66,0x51aebc79a3e41bd321b0314115fe0893d672f725,0.1001,0.00037037
0.1,2025-08-26 20:48:47.000 UTC,Withdrawal,0x15f2a9fee342398fa4bbee574b48648eaf799dc005cfa02ddff56fdb87087c53,0xec15c20015e72748f03065ed80c41cb882e3fb66,0x0cc6e8b1706c45a613101b3ae725bd9b0597f3b0,0.1,0.00039
0.1045,2025-08-26 20:44:23.000 UTC,Withdrawal,0x4ebddaf33e7837332a6b2b20743d1c68fcf836bb0daf7226fc559c1d523826bd,0xec15c20015e72748f03065ed80c41cb882e3fb66,0x80ceea106a8b5f0c5f8b3fb4f87c2b8290469b07,0.1045,0.0004598
0.1,2025-08-26 20:40:23.000 UTC,Withdrawal,0x47d065d3579ef61f8f62c0608dcf83168886882da1f6ead4edf33b243794fea3,0xec15c20015e72748f03065ed80c41cb882e3fb66,0xb2b576da0a63dfac8ad5f119172b73efedd35aac,0.1,0.00046
0.101,2025-08-26 20:39:11.000 UTC,Withdrawal,0x48339cb31b11393cb2507793430e736379a70f1b4daa7c7955070fa5bef0bb3a,0xec15c20015e72748f03065ed80c41cb882e3fb66,0x52dbcc408c0624909d3a8df578534e4f584cf493,0.101,0.0004747
0.1,2025-08-26 20:16:23.000 UTC,Withdrawal,0x9f145bf12bf8f62a0db1fff385e26fe5cb628b04d1b9435d80082866dab7a131,0xec15c20015e72748f03065ed80c41cb882e3fb66,0x5243090fda471f357c898d95e78c6b7ea6a72f41,0.1,0.00057
0.1,2025-08-26 14:10:23.000 UTC,Withdrawal,0xf272508255da3db6c561468b3fc4470b9776401ddae02281d8fa2dfc34469a91,0xec15c20015e72748f03065ed80c41cb882e3fb66,0xe7d4cc665140e041bad28ebba6552d13df208e9d,0.1,0.00098
0.1,2025-08-26 14:09:35.000 UTC,Withdrawal,0xb4b95fe0eb7da882fcf38f7b9634ba5beb71f27c001c9ea1ec8577c22a2ac8e5,0xec15c20015e72748f03065ed80c41cb882e3fb66,0xe7d4cc665140e041bad28ebba6552d13df208e9d,0.1,0.00105
0.25,2025-08-26 14:05:35.000 UTC,Withdrawal,0x1573c18262180061c1919d70abd3e82d08f04439980766ce59e1805605322821,0xec15c20015e72748f03065ed80c41cb882e3fb66,0xd8a0ff2e25b5e7cfcd63e929652972d19d8a9f9b,0.25,0.00105
0.5,2025-08-26 13:22:23.000 UTC,Withdrawal,0x632e0ce3b34e7b1cad5ade31e43fdab56469c0e3506ca0295efa92b0eadda495,0xec15c20015e72748f03065ed80c41cb882e3fb66,0x1aa1e103ab8f4071a13bdf05b216790e1e4cfab5,0.5,0.0012
0.5,2025-08-26 09:46:59.000 UTC,Withdrawal,0x50c377e071168493fc1596e5f8d7d150877a52cd71ac0e2d905a0c38cf5e3656,0xec15c20015e72748f03065ed80c41cb882e3fb66,0x1aa1e103ab8f4071a13bdf05b216790e1e4cfab5,0.5,0.0006
0.25,2025-08-25 20:31:35.000 UTC,Withdrawal,0xeed1e93ec792171de7a48be15874dd9e49de60a2b77ff9c1f010f1adf5e3828e,0xec15c20015e72748f03065ed80c41cb882e3fb66,0xefed54866930acfe69ce15fbcfac605fefb6ef54,0.25,0.002475
2.0,2025-08-25 15:51:35.000 UTC,Withdrawal,0x67eebad2857e34201ac6c35a71ce308782d89cbf0b20f093bc4cdc784701966c,0xec15c20015e72748f03065ed80c41cb882e3fb66,0xe7d4cc665140e041bad28ebba6552d13df208e9d,2.0,0.0024
0.1,2025-08-25 13:40:23.000 UTC,Withdrawal,0x0a2b6f6f2ba81eafa5a621ad8745c7d2f1e4d17c6aadd22700d81e6b2d187257,0xec15c20015e72748f03065ed80c41cb882e3fb66,0xe7d4cc665140e041bad28ebba6552d13df208e9d,0.1,0.00043
0.15,2025-08-25 13:27:11.000 UTC,Withdrawal,0x02a4c0964730f3beedfdd0cfbaacff65206bc1b5e75a9177ae081aaa200d321c,0xec15c20015e72748f03065ed80c41cb882e3fb66,0x1aa1e103ab8f4071a13bdf05b216790e1e4cfab5,0.15,0.00048
0.2,2025-08-25 13:26:11.000 UTC,Withdrawal,0xcd7cbe2d7ca72bca774d33bca2e2c99b977d995c6cb9cc8e3c1aa5d0904ed245,0xec15c20015e72748f03065ed80c41cb882e3fb66,0x1aa1e103ab8f4071a13bdf05b216790e1e4cfab5,0.2,0.00048
0.4,2025-08-25 13:25:47.000 UTC,Withdrawal,0xeec4233ac9f0c106aeb87cdbd4b53f2c240255b8f41f826ebc83f140c69ce83a,0xec15c20015e72748f03065ed80c41cb882e3fb66,0x1aa1e103ab8f4071a13bdf05b216790e1e4cfab5,0.4,0.00068
0.17,2025-08-25 13:25:23.000 UTC,Withdrawal,0xc855157532dcda9a2cf4cfb05edcce918eee7cf7e57fa6fb43773ce9ec446590,0xec15c20015e72748f03065ed80c41cb882e3fb66,0x1aa1e103ab8f4071a13bdf05b216790e1e4cfab5,0.17,0.000629
0.2,2025-08-25 12:46:59.000 UTC,Withdrawal,0x252169eb0b863b9feb005dd6bd37437ed48f8cadf73a481cf2a0456bdc94517f,0xec15c20015e72748f03065ed80c41cb882e3fb66,0xd8a0ff2e25b5e7cfcd63e929652972d19d8a9f9b,0.2,0.00042
0.45,2025-08-25 12:21:23.000 UTC,Withdrawal,0x375c0ff5b587899e8457ddfda9dd1c68b746cfd4921b16f5728c5830353ba068,0xec15c20015e72748f03065ed80c41cb882e3fb66,0xd45afaa22975bb5200c758151412df92942973f8,0.45,0.00063
0.63,2025-08-25 12:05:11.000 UTC,Withdrawal,0x7337f2a773eb857fba13765384d411af3061704da9bbcfba0a844ef8ddf07757,0xec15c20015e72748f03065ed80c41cb882e3fb66,0x1aa1e103ab8f4071a13bdf05b216790e1e4cfab5,0.63,0.000882
0.45,2025-08-25 12:04:35.000 UTC,Withdrawal,0x0646a9769b3f71ed133f640b50c2dace3ee3ed09c03722a55a8fd2ceef60345e,0xec15c20015e72748f03065ed80c41cb882e3fb66,0x1aa1e103ab8f4071a13bdf05b216790e1e4cfab5,0.45,0.000675
0.2014,2025-08-25 11:41:47.000 UTC,Withdrawal,0x43f885774a2e25c13e91dcc7b864656313af6fb4f5c3050ac06c06bbee0b892e,0xec15c20015e72748f03065ed80c41cb882e3fb66,0xd45afaa22975bb5200c758151412df92942973f8,0.2014,0.00038266
1.95,2025-08-25 11:40:59.000 UTC,Withdrawal,0x6032efc5b7da006a3a8d1d6cc1fdfe91bac61113ef0cdb23292b357e33161d0a,0xec15c20015e72748f03065ed80c41cb882e3fb66,0xd45afaa22975bb5200c758151412df92942973f8,1.95,0.002145
2.0,2025-08-25 11:38:11.000 UTC,Withdrawal,0x4fb542f344ddd6ca9fb8d25db02a955a5d0bc0c2b07d543bc04e8633eed16c53,0xec15c20015e72748f03065ed80c41cb882e3fb66,0xd45afaa22975bb5200c758151412df92942973f8,2.0,0.0022
2.0,2025-08-25 11:24:59.000 UTC,Withdrawal,0x77d608f5ae89fc12d6cfe9149c1d2ce5969e8d72ec0b82dc3df5c2de5a25573c,0xec15c20015e72748f03065ed80c41cb882e3fb66,0xd45afaa22975bb5200c758151412df92942973f8,2.0,0.002
0.11,2025-08-25 03:23:23.000 UTC,Withdrawal,0x45f2bbc7245a00ccf6c5a95f0a936cc7efd50ec56ebf7d72469f89f01c4c1b8e,0xec15c20015e72748f03065ed80c41cb882e3fb66,0x40c1f5ad96da1bce5d50df974b86aa49fc713434,0.11,0.000209
0.1,2025-08-24 22:50:11.000 UTC,Withdrawal,0x41bb8dec063e97e8accd8a1fa999f3b68db5e00c21df0f9a590a6274a5e75d92,0xec15c20015e72748f03065ed80c41cb882e3fb66,0x489c4925dbab16a5231029fb0f683b85736af726,0.1,0.00027
0.1,2025-08-24 20:52:59.000 UTC,Withdrawal,0x30681e1e5973f93cae1d69afe0b367556f204f36523ce14d7cb44f567cc91815,0xec15c20015e72748f03065ed80c41cb882e3fb66,0x89dc1bd8d7dafb67830f1a2248512bb1b6f3e710,0.1,0.00055
0.11,2025-08-24 19:26:59.000 UTC,Withdrawal,0x6391073dcca6a55b967d797211c36ec0786d71a0524c88136c9be2e4aae51f79,0xec15c20015e72748f03065ed80c41cb882e3fb66,0x1aa1e103ab8f4071a13bdf05b216790e1e4cfab5,0.11,0.000979
0.11,2025-08-24 15:42:47.000 UTC,Withdrawal,0x0b63e70a7829cda1fc99fd273c6739a485cb28791225d64115d27fad51e036b7,0xec15c20015e72748f03065ed80c41cb882e3fb66,0xd8a0ff2e25b5e7cfcd63e929652972d19d8a9f9b,0.11,0.000407
0.12,2025-08-24 10:08:35.000 UTC,Withdrawal,0x750918afd01fb0ef551987df3c9440e4f502a714679aa7e057f2089c9d2190aa,0xec15c20015e72748f03065ed80c41cb882e3fb66,0xe9ec83e7636a49d06f87b229868ec8bb3f6f7c3c,0.12,0.000204
0.13,2025-08-24 09:44:35.000 UTC,Withdrawal,0xc493cd28ad76af8f9109224372dc1578073532c22a714454113c6055680bad9a,0xec15c20015e72748f03065ed80c41cb882e3fb66,0x9600474901bf5d13d761058964e4e4cc66e1ec72,0.13,0.000234
0.15,2025-08-24 09:27:11.000 UTC,Withdrawal,0x55b1232101396d812ba204ab41c625c22b4f711f5e606a78bc38b6bc2c39c855,0xec15c20015e72748f03065ed80c41cb882e3fb66,0x2ff85e15833751457c2f673000619988aa09b4e8,0.15,0.00027
0.1,2025-08-24 08:04:35.000 UTC,Withdrawal,0xf831a25aa29b9715899ab511813d173b541d3ffcf4c62e965db650ca353d6f92,0xec15c20015e72748f03065ed80c41cb882e3fb66,0x4434fb4f08eed9fff4cdf633c2135f640dab3cee,0.1,0.0002
0.1,2025-08-24 07:49:23.000 UTC,Withdrawal,0x1470d336ea85466d786f9d5d177c10e785b34526d7fe83035b959e507a430b37,0xec15c20015e72748f03065ed80c41cb882e3fb66,0xf667837f30a6b0cc30751c3ca70e76a63dd95157,0.1,0.00019
0.13,2025-08-24 06:28:47.000 UTC,Withdrawal,0x2c07bf95132bc396a19fa8e4346c8f50caf2beac641cb0591e38714f0e4b791a,0xec15c20015e72748f03065ed80c41cb882e3fb66,0x779b68b5242ba089ca8b3564180b7ff04fb817b1,0.13,0.000221
0.2,2025-08-23 23:51:59.000 UTC,Withdrawal,0xf84c038329969b8d7eb63846694f4748b47b8e99681e9e90e2751e2f3e6bd58d,0xec15c20015e72748f03065ed80c41cb882e3fb66,0x959337911a3847d4ca34ffcab688d57078689e97,0.2,0.00028
0.1,2025-08-23 13:14:23.000 UTC,Withdrawal,0x486f6c8a6607744186eb4e045df48fb755c331da769311519ff419c34d5ed0c2,0xec15c20015e72748f03065ed80c41cb882e3fb66,0xce92095a8cce2547d86b5bdca894f5be45ae2bd2,0.1,0.00029
0.2,2025-08-23 12:05:11.000 UTC,Withdrawal,0xdae0f9ea1792dae7f86bbfaf6eb918c7c56a272e9c8300310eab44afcfb358e0,0xec15c20015e72748f03065ed80c41cb882e3fb66,0x9066b0e08eb580f7390c3bf1376a752410f6bea4,0.2,0.00044
0.1,2025-08-23 10:27:23.000 UTC,Withdrawal,0xf8e30c84ae26c382e4aacab6693819a73e6a13bb99a9ad70fe950eefe109ece1,0xec15c20015e72748f03065ed80c41cb882e3fb66,0xbc8daddca2dcd52be0d4e71aaa9db88189178500,0.1,0.00028
0.1,2025-08-22 22:46:11.000 UTC,Withdrawal,0x4a791deeeaa43f0c4f3ac93efbb6be8116a548d518bd3164609c4268c67822c3,0xec15c20015e72748f03065ed80c41cb882e3fb66,0x8655dcc566a6c234e3762ec56dbcff80fd2acff1,0.1,0.00071
0.8,2025-08-22 21:19:35.000 UTC,Withdrawal,0xa9cb36fd3a79a4316e4f831240cb2d5fc3f87f900d703d953a3d6f9bf85b13e9,0xec15c20015e72748f03065ed80c41cb882e3fb66,0x93a07b93a40bddd2e87b552164e9ea98f89e052e,0.8,0.00224
1.0,2025-08-22 21:17:35.000 UTC,Withdrawal,0xa66d34bf1e8dee42498fae50416f07204dd7e65a1a49364f13862c7dd9fcb69d,0xec15c20015e72748f03065ed80c41cb882e3fb66,0x93a07b93a40bddd2e87b552164e9ea98f89e052e,1.0,0.0025
0.4,2025-08-22 21:14:23.000 UTC,Withdrawal,0x31e298269c52c4d89e1990dceb9793534e986fbda039871b6dcde5938e33df9e,0xec15c20015e72748f03065ed80c41cb882e3fb66,0x93a07b93a40bddd2e87b552164e9ea98f89e052e,0.4,0.00196
0.5,2025-08-22 21:07:35.000 UTC,Withdrawal,0x27c3eee095258bfb234566b6252e3da488b0634e364e8823e2348fc6a64d9b9a,0xec15c20015e72748f03065ed80c41cb882e3fb66,0x93a07b93a40bddd2e87b552164e9ea98f89e052e,0.5,0.00165
0.22,2025-08-22 20:56:47.000 UTC,Withdrawal,0x1b73c4771b75a5dc453430cf56603ad0deea4be6930281d4ceb172416e862ef6,0xec15c20015e72748f03065ed80c41cb882e3fb66,0xd8a0ff2e25b5e7cfcd63e929652972d19d8a9f9b,0.22,0.001144
1.326,2025-08-22 20:20:47.000 UTC,Withdrawal,0x452a8ac91177bc28c47af4590dfda80e2679440f4d772e0bf69dbe9583fbc51d,0xec15c20015e72748f03065ed80c41cb882e3fb66,0x129a76ec1bf4ecb099e65f976273855a5d258ab5,1.326,0.0022542
1.0,2025-08-22 20:19:35.000 UTC,Withdrawal,0x8786031eabd94d1b51399e2dcd439d7c587dac1636491124c4919729579ccc9f,0xec15c20015e72748f03065ed80c41cb882e3fb66,0x129a76ec1bf4ecb099e65f976273855a5d258ab5,1.0,0.002
0.1,2025-08-22 19:00:23.000 UTC,Withdrawal,0x256ad41f204d2b4bf8734bbfa0d850c8e59543ab26c82321cf0107824558cc99,0xec15c20015e72748f03065ed80c41cb882e3fb66,0xc55d1c696b1ecd953923cc566e7d18968869b985,0.1,0.00156
0.1389,2025-08-22 18:19:59.000 UTC,Withdrawal,0xa0b4e6b53cfe8db33a43ec0eebb0b6ad8031bdb80ee40642a30d1812ebb2860c,0xec15c20015e72748f03065ed80c41cb882e3fb66,0x5d4b5f1d816939dcf70885f6017fc75b40d2d9d6,0.1389,0.00275022
1.0,2025-08-22 02:33:23.000 UTC,Withdrawal,0xeb9282842167b0f6c748fc1715b3b394620c64e25213e6f30bfbd31aa98e3ed1,0xec15c20015e72748f03065ed80c41cb882e3fb66,0x129a76ec1bf4ecb099e65f976273855a5d258ab5,1.0,0.0011
0.115,2025-08-22 01:47:23.000 UTC,Withdrawal,0xd5eeb4456ec83e981db92c00cce8e7a6b9418f94eb2b6b2a062f1c3d452c2706,0xec15c20015e72748f03065ed80c41cb882e3fb66,0xf6fc6666eaaa37b6b19a3a8373ff87305a7de43a,0.115,0.00023
0.3,2025-08-21 20:54:23.000 UTC,Withdrawal,0x84fa6a16b510bcd6e475c9343eda33b82fc3732b2f7d48e7ac8a4701b3b9a9f2,0xec15c20015e72748f03065ed80c41cb882e3fb66,0xd8a0ff2e25b5e7cfcd63e929652972d19d8a9f9b,0.3,0.00057
0.5,2025-08-21 14:46:23.000 UTC,Withdrawal,0x388144777669fc5ba0e2acab18a4ba20501cea2308a993201649fc02ceea5b85,0xec15c20015e72748f03065ed80c41cb882e3fb66,0xe2524daf81354005c7abe3164fb29ccf0bf96380,0.5,0.0012
2.0,2025-08-21 11:46:11.000 UTC,Withdrawal,0xe83a55069be2e57e6adee83c4f82a537f1d91ae1418f9a1ac148906f2298aec2,0xec15c20015e72748f03065ed80c41cb882e3fb66,0x129a76ec1bf4ecb099e65f976273855a5d258ab5,2.0,0.002
2.0,2025-08-21 11:45:23.000 UTC,Withdrawal,0xc2c2b7bad7f474637fd240598c669f0b3c869ef1e9d9dad7d4ebb05cd36eb926,0xec15c20015e72748f03065ed80c41cb882e3fb66,0x129a76ec1bf4ecb099e65f976273855a5d258ab5,2.0,0.002
0.4701,2025-08-21 11:42:35.000 UTC,Withdrawal,0x0512801ad0cac0c3b17301ea402affb91c812bd6c9e2b5186f2d314ea11871c0,0xec15c20015e72748f03065ed80c41cb882e3fb66,0x129a76ec1bf4ecb099e65f976273855a5d258ab5,0.4701,0.00061113
0.5503,2025-08-21 11:41:23.000 UTC,Withdrawal,0x65f0699b6b69e81c45ac75e71dfd8ed414c2535657cec280443622e2982769d7,0xec15c20015e72748f03065ed80c41cb882e3fb66,0x129a76ec1bf4ecb099e65f976273855a5d258ab5,0.5503,0.00071539
0.105,2025-08-20 23:29:11.000 UTC,Withdrawal,0x53436f74d0700e8656f5b973b738b97d726ca4026e8af19331f8f8983e246a90,0xec15c20015e72748f03065ed80c41cb882e3fb66,0xae5915051c6221b7447896b6bda4b9084ba54bad,0.105,0.000231
0.135,2025-08-20 21:45:47.000 UTC,Withdrawal,0xe77f0eb28b569bf694feefe47676272e08f4bc69998a76ec9e2174f68f12cd9c,0xec15c20015e72748f03065ed80c41cb882e3fb66,0x5d4b5f1d816939dcf70885f6017fc75b40d2d9d6,0.135,0.0004455
0.3,2025-08-20 21:06:59.000 UTC,Withdrawal,0x88185a49520bd71b7c0aceed6356c9f6f3bebc8dbee629a69971e045f011ff00,0xec15c20015e72748f03065ed80c41cb882e3fb66,0x129a76ec1bf4ecb099e65f976273855a5d258ab5,0.3,0.00066
1.0,2025-08-20 21:06:23.000 UTC,Withdrawal,0x23eaebb8ba3f73bb701c8c01d521f641bf5ef0a4694c6690d82bb712d8a0cb83,0xec15c20015e72748f03065ed80c41cb882e3fb66,0x129a76ec1bf4ecb099e65f976273855a5d258ab5,1.0,0.0013
0.8,2025-08-20 21:05:47.000 UTC,Withdrawal,0xac80530cb47623dc9dc5f2b38a8038430e5c34283904c68e4dee4af7a36d6dd2,0xec15c20015e72748f03065ed80c41cb882e3fb66,0x129a76ec1bf4ecb099e65f976273855a5d258ab5,0.8,0.00112
0.105,2025-08-20 21:05:11.000 UTC,Withdrawal,0x561c0da18a9150f0bd4f23d76ac4c09fd27b81019d83267ad0d245c93feee989,0xec15c20015e72748f03065ed80c41cb882e3fb66,0x129a76ec1bf4ecb099e65f976273855a5d258ab5,0.105,0.000462
0.17,2025-08-20 21:04:35.000 UTC,Withdrawal,0x56db77bde261a6e25584a6b51796f147fc4e27fbd2cdbb12341313f762732c48,0xec15c20015e72748f03065ed80c41cb882e3fb66,0x129a76ec1bf4ecb099e65f976273855a5d258ab5,0.17,0.000527
1.0,2025-08-20 21:03:59.000 UTC,Withdrawal,0x3311914b02cc7291529886cca8fb8ae782ddc8376675014e0483d32d388bb426,0xec15c20015e72748f03065ed80c41cb882e3fb66,0x129a76ec1bf4ecb099e65f976273855a5d258ab5,1.0,0.0013
1.0,2025-08-20 19:55:35.000 UTC,Withdrawal,0xaf320acb9fd77449eea6da8b1cea9de5ba51ddb6e31270933d323242b9e36c63,0xec15c20015e72748f03065ed80c41cb882e3fb66,0xd45afaa22975bb5200c758151412df92942973f8,1.0,0.0013
1.6,2025-08-20 19:54:47.000 UTC,Withdrawal,0x66ed4372b943fe39316d1538f08adc8eeec1221218a40eff2ef5d741333f649e,0xec15c20015e72748f03065ed80c41cb882e3fb66,0xd45afaa22975bb5200c758151412df92942973f8,1.6,0.00192
0.2,2025-08-20 12:53:47.000 UTC,Withdrawal,0x5db5e295e45ae0dfe528850a8f3d0ba472e1bcf9011fecaaf127c8173dfd2367,0xec15c20015e72748f03065ed80c41cb882e3fb66,0x11c4da3fe5dd1a7510e9a37be0d29561be9836e2,0.2,0.00054
2.0,2025-08-20 12:44:11.000 UTC,Withdrawal,0x24b3e0fa0abfc0e7647303a21d14889a2a21b90a8639f09b15d43eadff894b6d,0xec15c20015e72748f03065ed80c41cb882e3fb66,0x129a76ec1bf4ecb099e65f976273855a5d258ab5,2.0,0.0022
1.1,2025-08-20 12:42:35.000 UTC,Withdrawal,0xe7817c3573234c9f0cc4f02e0baf033272f9de33b69b6ba2b8e0f4fb7b90ad2c,0xec15c20015e72748f03065ed80c41cb882e3fb66,0x129a76ec1bf4ecb099e65f976273855a5d258ab5,1.1,0.00132
1.4,2025-08-20 12:40:59.000 UTC,Withdrawal,0x6217d442a2df161e7a1dc220125e45e4eca21ea419ce8ae4bbdd56859bd3b8fc,0xec15c20015e72748f03065ed80c41cb882e3fb66,0x129a76ec1bf4ecb099e65f976273855a5d258ab5,1.4,0.00168
1.4,2025-08-20 12:39:47.000 UTC,Withdrawal,0xdc2d3bf59ebe167ac71da6e55d46c9d195845078c62e8244229361280c146bb2,0xec15c20015e72748f03065ed80c41cb882e3fb66,0x129a76ec1bf4ecb099e65f976273855a5d258ab5,1.4,0.00168
1.1,2025-08-20 12:37:59.000 UTC,Withdrawal,0x1120b3ea4543e12742d0b18f5eb05a0e5a66081a7a2ea2206e7f88a6cfcc2abf,0xec15c20015e72748f03065ed80c41cb882e3fb66,0x129a76ec1bf4ecb099e65f976273855a5d258ab5,1.1,0.00132
0.12,2025-08-20 12:36:35.000 UTC,Withdrawal,0xb15ad5629509390ec698abeb7e45d69a559f06fa245617705450bedcbaacb933,0xec15c20015e72748f03065ed80c41cb882e3fb66,0x8764b308202ac6174eeb540ec70c91130de2fb67,0.12,0.000468
1.0,2025-08-20 12:35:47.000 UTC,Withdrawal,0x57907bdc6d2921f58ec620f5c06efcb8ad2188bb6aecfce397abf342d7b1ecc0,0xec15c20015e72748f03065ed80c41cb882e3fb66,0x129a76ec1bf4ecb099e65f976273855a5d258ab5,1.0,0.0013
0.12,2025-08-20 12:26:23.000 UTC,Withdrawal,0x1f6cea43a44099c5dc7b5d169e9c695556cadf07631a4cb7778640c068ba005b,0xec15c20015e72748f03065ed80c41cb882e3fb66,0x8086836b5b93ae110d37bb68085bf72879e4366e,0.12,0.000468
0.14,2025-08-20 05:24:23.000 UTC,Withdrawal,0xa9da1b90f25603e6e0dfec3390512141b864f1c5362e471d81addd21eac04438,0xec15c20015e72748f03065ed80c41cb882e3fb66,0x0a5f07eca94861d5804891cb9078171bbb0fd046,0.14,0.000238
0.1,2025-08-20 02:09:23.000 UTC,Withdrawal,0xc3085f5cd48d1284a2fd124cb09b6e24297ad0cc71fc306a2e5b9c44ece66865,0xec15c20015e72748f03065ed80c41cb882e3fb66,0xc33117a7a1a6f8e136a6d7e7bf2f075b5b9db949,0.1,0.00022
0.1,2025-08-19 15:56:59.000 UTC,Withdrawal,0x6aacd0c39e6536abb7f3d5f3c6098b2664e9af19e8fd95162217573324f56e67,0xec15c20015e72748f03065ed80c41cb882e3fb66,0xbc50798accd184f413c18814e4e72f77c2cdd41a,0.1,0.00059
0.12,2025-08-19 04:58:11.000 UTC,Withdrawal,0x62a8c6de3b55e46279d3bb67ef50eb9729df21ae6c29f0ad439b2273eeff476d,0xec15c20015e72748f03065ed80c41cb882e3fb66,0x5d4b5f1d816939dcf70885f6017fc75b40d2d9d6,0.12,0.000228
0.1,2025-08-18 22:37:59.000 UTC,Withdrawal,0xf33134f1cf5b68eba1aeb7bbf77a91d62127dc3b97383a6c743bd33f19624262,0xec15c20015e72748f03065ed80c41cb882e3fb66,0xe16a4752e80ed5444ce6e8bb4534b7f0ba8f5723,0.1,0.00029
0.1,2025-08-18 10:03:47.000 UTC,Withdrawal,0xd3f2f2c8e0d45d13243a693bfab332d898c4bc620096479541fa246fc8aeca19,0xec15c20015e72748f03065ed80c41cb882e3fb66,0x2f48db34997ecb18fd50ab398f51a4e06744f0ec,0.1,0.00047
0.105,2025-08-18 10:01:35.000 UTC,Withdrawal,0x844f0828989306c4b0bafc33006de35e05e35dda55efb9f096f56e71811de747,0xec15c20015e72748f03065ed80c41cb882e3fb66,0xf2d1fd0e9212c103f96fd237d7ccb853d9bb1de5,0.105,0.0005145
0.103,2025-08-18 10:00:35.000 UTC,Withdrawal,0x9c1e16d381f1fbf0b3454b2b4a4a78a9530ba59e4ca592c3e21e967b40b04ef4,0xec15c20015e72748f03065ed80c41cb882e3fb66,0xf2d1fd0e9212c103f96fd237d7ccb853d9bb1de5,0.103,0.000515
0.101,2025-08-18 09:59:23.000 UTC,Withdrawal,0xd815239f450967f7e11b064167cae2017da7ca447297ef39b000dc7c0dcd71b0,0xec15c20015e72748f03065ed80c41cb882e3fb66,0xf2d1fd0e9212c103f96fd237d7ccb853d9bb1de5,0.101,0.0003838
0.1,2025-08-18 09:57:11.000 UTC,Withdrawal,0x43624da297f2fee507a030d8aaa7be255a074aa6a627c0aa89a2b31dcfb370a3,0xec15c20015e72748f03065ed80c41cb882e3fb66,0xf2d1fd0e9212c103f96fd237d7ccb853d9bb1de5,0.1,0.00047
0.12,2025-08-18 09:55:59.000 UTC,Withdrawal,0xf27acba573e1c529c0e06ee4b5fd859a13148a81ffbc04f59a80137a1ad2df09,0xec15c20015e72748f03065ed80c41cb882e3fb66,0xf2d1fd0e9212c103f96fd237d7ccb853d9bb1de5,0.12,0.00054
0.1,2025-08-18 09:52:35.000 UTC,Withdrawal,0x1e3920e0a13d0d03cd912ac513b6365d31937c884b5a7303798b3a60af313175,0xec15c20015e72748f03065ed80c41cb882e3fb66,0xf2d1fd0e9212c103f96fd237d7ccb853d9bb1de5,0.1,0.00061
0.11,2025-08-18 09:50:23.000 UTC,Withdrawal,0x2b0a058cb330b1cdedb3b058657e6d5d898aad1e5793a3d20b9f91170d0883da,0xec15c20015e72748f03065ed80c41cb882e3fb66,0xf2d1fd0e9212c103f96fd237d7ccb853d9bb1de5,0.11,0.000605
1.0,2025-08-17 11:13:35.000 UTC,Withdrawal,0x303c2c8f02e1441e9a352dd30444596135c4ab47b376ff294b9d58a68f5fd990,0xec15c20015e72748f03065ed80c41cb882e3fb66,0x413642cafe68f1fe718d46ec32136e209fd7ee5b,1.0,0.0011
0.503,2025-08-17 06:48:47.000 UTC,Withdrawal,0x7245a053b285449dbebe3cab1038d7d7c6877da942d1ad073abe0edd4dd128f6,0xec15c20015e72748f03065ed80c41cb882e3fb66,0xbcc2fda7d8b28a415226db01cacd8a7cb51233d5,0.503,0.0006036
0.1,2025-08-16 17:24:35.000 UTC,Withdrawal,0x9fcfa42c441b41c61bdd6164f690639ae4841382966d4da73bbfe9e970ef3083,0xec15c20015e72748f03065ed80c41cb882e3fb66,0xe570eb045aaa94ad1ced74c8f493a952a001c9de,0.1,0.00023
0.103,2025-08-16 01:58:23.000 UTC,Withdrawal,0x202fef1ce83833d33119edf598132231cce3ff7278ed12728d94a67e2ca95dd0,0xec15c20015e72748f03065ed80c41cb882e3fb66,0xfd897dcb57940399cb2e5f4c1e5336e09d8859b5,0.103,0.0002781
1.1,2025-08-15 14:40:11.000 UTC,Withdrawal,0x2b8109eb37a5996a094303c24b7fe2d472a68aee1a030553a8bd55544deff721,0xec15c20015e72748f03065ed80c41cb882e3fb66,0x129a76ec1bf4ecb099e65f976273855a5d258ab5,1.1,0.00187
1.4,2025-08-15 14:29:35.000 UTC,Withdrawal,0x9a1bf9ea15647a8e72036a7504e24125853a9742c334430c8298c0c9bb56ae51,0xec15c20015e72748f03065ed80c41cb882e3fb66,0x129a76ec1bf4ecb099e65f976273855a5d258ab5,1.4,0.0021
2.0,2025-08-15 14:27:11.000 UTC,Withdrawal,0xd53605801afef76645a13989b7563a1753ba9519bf8bf2eab218c04b2cb12c3e,0xec15c20015e72748f03065ed80c41cb882e3fb66,0x129a76ec1bf4ecb099e65f976273855a5d258ab5,2.0,0.0028
0.5,2025-08-15 14:26:23.000 UTC,Withdrawal,0x6fa63169647bf7e0cf59bdd95875f612e417e35f7aacfd77dfe323993b0dadc7,0xec15c20015e72748f03065ed80c41cb882e3fb66,0x129a76ec1bf4ecb099e65f976273855a5d258ab5,0.5,0.0013
1.5,2025-08-15 14:25:47.000 UTC,Withdrawal,0x47c0a28340b88eef56651be5f1e0dad38a0a436df7e30ca1206618e11c47732c,0xec15c20015e72748f03065ed80c41cb882e3fb66,0x129a76ec1bf4ecb099e65f976273855a5d258ab5,1.5,0.00225
1.0,2025-08-15 14:24:59.000 UTC,Withdrawal,0x78aa6c40e7b58e2d8390d93e19a6dc39911deeb863bffd670cd939551570c266,0xec15c20015e72748f03065ed80c41cb882e3fb66,0x129a76ec1bf4ecb099e65f976273855a5d258ab5,1.0,0.0019
1.5,2025-08-15 14:23:35.000 UTC,Withdrawal,0xe9a55f8ed456bef683624b4781702ccdabcb9f18fd2a690d1c365125060edd11,0xec15c20015e72748f03065ed80c41cb882e3fb66,0x129a76ec1bf4ecb099e65f976273855a5d258ab5,1.5,0.0024
0.15,2025-08-15 14:08:23.000 UTC,Withdrawal,0x5c30822c4928b9ac67205b4579d80c0e2aa7cb15992d0f15e2ad05bc4cc7a21b,0xec15c20015e72748f03065ed80c41cb882e3fb66,0xae0b3b28d701f169ae3710de7a7e119e20ca3254,0.15,0.002055
0.11,2025-08-14 21:39:11.000 UTC,Withdrawal,0xe62a2ac22c2b1749cc59fd7fc2975b6ba4954f108a0f43566195a329491e20cf,0xec15c20015e72748f03065ed80c41cb882e3fb66,0xd8a0ff2e25b5e7cfcd63e929652972d19d8a9f9b,0.11,0.001012
0.1,2025-08-14 21:35:35.000 UTC,Withdrawal,0x5eca5616a3059c85a7fb3ebc38d31a5c36132335ed00d93250face4056bab89d,0xec15c20015e72748f03065ed80c41cb882e3fb66,0x3c37dc9b5d4c60d404ec834987c106510d03442f,0.1,0.00083
1.0,2025-08-14 15:08:11.000 UTC,Withdrawal,0x1b686ef1f81b20f2cc06300b67736ab8108eb7cfdcf6872f0fe5fbef1576a1a0,0xec15c20015e72748f03065ed80c41cb882e3fb66,0xae0b3b28d701f169ae3710de7a7e119e20ca3254,1.0,0.0032
0.2,2025-08-14 06:48:23.000 UTC,Withdrawal,0xcc853e1d86baa550a88efbcf5775f1420b06f72ce76be11aa3b9410961689f2d,0xec15c20015e72748f03065ed80c41cb882e3fb66,0x04dee270fc8ca8d35d2e5914be54d05168dc1377,0.2,0.00072
0.5,2025-08-13 15:15:59.000 UTC,Withdrawal,0x4859474375706d4414c7491b28fd874e1f32372bcf2a63633152a8604c6219d9,0xec15c20015e72748f03065ed80c41cb882e3fb66,0x129a76ec1bf4ecb099e65f976273855a5d258ab5,0.5,0.0042
1.0,2025-08-13 15:14:47.000 UTC,Withdrawal,0x9da09f2b80269c8bec49f07a21c8feb63091c1a58340f124e20038caa29b2ff5,0xec15c20015e72748f03065ed80c41cb882e3fb66,0x129a76ec1bf4ecb099e65f976273855a5d258ab5,1.0,0.0048
1.4,2025-08-13 13:45:59.000 UTC,Withdrawal,0x8ed225318e7b58e3d8bf67db9ae52dd3030ae7ffc06b7145655ba1c363b31e90,0xec15c20015e72748f03065ed80c41cb882e3fb66,0xd45afaa22975bb5200c758151412df92942973f8,1.4,0.0035
0.295,2025-08-13 13:41:35.000 UTC,Withdrawal,0xa8bc3ef23a9b19fd5c142943d649867c3ebbbde2e89837175bfce28c570a363e,0xec15c20015e72748f03065ed80c41cb882e3fb66,0xd45afaa22975bb5200c758151412df92942973f8,0.295,0.003009
1.0,2025-08-13 13:40:23.000 UTC,Withdrawal,0x993a7a421961fc572059174eea2128f76d73b862fed7115a05c90a7405f8328c,0xec15c20015e72748f03065ed80c41cb882e3fb66,0xd45afaa22975bb5200c758151412df92942973f8,1.0,0.0026
0.52,2025-08-13 13:12:35.000 UTC,Withdrawal,0x14bb79c8d66eedff63db4d773701c526e8aa8de684472e7ba3727e2083af135b,0xec15c20015e72748f03065ed80c41cb882e3fb66,0x3094c7928e035f0f57d5e93e4133c5037e427193,0.52,0.001976
0.28,2025-08-13 13:11:59.000 UTC,Withdrawal,0x24e2eb167b2bcc5543ea8e0506971dd7cd6a27856474ee58295f11678e88b756,0xec15c20015e72748f03065ed80c41cb882e3fb66,0x3094c7928e035f0f57d5e93e4133c5037e427193,0.28,0.001624
1.0,2025-08-13 13:03:23.000 UTC,Withdrawal,0xcbb9d657633c041777f7cb32c18e62ac693f23a3d5c9584075350e39a455e63f,0xec15c20015e72748f03065ed80c41cb882e3fb66,0x93a07b93a40bddd2e87b552164e9ea98f89e052e,1.0,0.0023
1.0,2025-08-13 13:02:59.000 UTC,Withdrawal,0xfc4088cfb2af84af385c9ad2ab61b5dad0f7d523ba3c9b19b6a03c52b7969d92,0xec15c20015e72748f03065ed80c41cb882e3fb66,0xd45afaa22975bb5200c758151412df92942973f8,1.0,0.0023
0.1,2025-08-13 05:48:59.000 UTC,Withdrawal,0x2ff24e5f8e4bcf3b994b0992ac0a56ab1219fb5b6038bbe67fdc08967d29a17a,0xec15c20015e72748f03065ed80c41cb882e3fb66,0x5f19021618af1ceb5de7ca112b505f51f813ae18,0.1,0.00051
0.1,2025-08-12 13:37:47.000 UTC,Withdrawal,0xe28eb1f203ba015ac71e79b5014fd6f5635f1ef1c1f3dba9d86d7a2b6e49db35,0xec15c20015e72748f03065ed80c41cb882e3fb66,0x9d21cb28093e157d2f6f1fe3abd6f21f230ba829,0.1,0.00179
0.47,2025-08-12 12:07:47.000 UTC,Withdrawal,0x6b2cfa3d905a226149a529406a618c53b7880496b3b229bc6c54bb073f5a3108,0xec15c20015e72748f03065ed80c41cb882e3fb66,0xd45afaa22975bb5200c758151412df92942973f8,0.47,0.000846
1.0,2025-08-12 11:21:35.000 UTC,Withdrawal,0x01789a304397be85e46bf73c7f692bfdb9e0ae7024fd98164d40e18873f59317,0xec15c20015e72748f03065ed80c41cb882e3fb66,0xd45afaa22975bb5200c758151412df92942973f8,1.0,0.0012
0.5,2025-08-12 11:08:11.000 UTC,Withdrawal,0xddceb751392ffca0232a65bdebdc99f6abba1592424377c17e3ef9406c0ebece,0xec15c20015e72748f03065ed80c41cb882e3fb66,0xd45afaa22975bb5200c758151412df92942973f8,0.5,0.00075
0.2,2025-08-12 10:58:23.000 UTC,Withdrawal,0x2d6adae9181dbb4f8a6712371e3ca762f933f04b0ae92dda77ee965ecb3fcb4f,0xec15c20015e72748f03065ed80c41cb882e3fb66,0xd8a0ff2e25b5e7cfcd63e929652972d19d8a9f9b,0.2,0.00046
0.1,2025-08-12 10:14:23.000 UTC,Withdrawal,0x4339390a7a2bb30386301a206781709199fa11d9852d527c5de7ed7d4df75d9a,0xec15c20015e72748f03065ed80c41cb882e3fb66,0x4249a725111a1e795d4db4b1843190432717e02b,0.1,0.00044
0.1,2025-08-12 07:32:23.000 UTC,Withdrawal,0x6814947efa28d6bac296ee6926b9655744fc5190ef36ae84b8ce95fc452fee24,0xec15c20015e72748f03065ed80c41cb882e3fb66,0x1ac22c36c5683e244d7e239da8359d2b1e3eebf2,0.1,0.00031
0.115,2025-08-12 07:25:11.000 UTC,Withdrawal,0x99d5993b072f899a27940d665be913b1919de599799b92fa0f6fc2dbf8f70965,0xec15c20015e72748f03065ed80c41cb882e3fb66,0x1ac22c36c5683e244d7e239da8359d2b1e3eebf2,0.115,0.000299
0.11,2025-08-12 07:17:59.000 UTC,Withdrawal,0x43be6ad075fc08f7cb9596f760afe11356f575b51008706a9ece729b091070ed,0xec15c20015e72748f03065ed80c41cb882e3fb66,0x1ac22c36c5683e244d7e239da8359d2b1e3eebf2,0.11,0.000297
0.1,2025-08-12 06:57:35.000 UTC,Withdrawal,0x1cab20d51349738a6093b33652433370e441a1b279ed714ef4cf6152097274a2,0xec15c20015e72748f03065ed80c41cb882e3fb66,0x1ac22c36c5683e244d7e239da8359d2b1e3eebf2,0.1,0.00026
0.13,2025-08-12 06:55:11.000 UTC,Withdrawal,0x9c00b81b20297990963ffc5c04b26c28755c75ddad27e652148f4276df430b82,0xec15c20015e72748f03065ed80c41cb882e3fb66,0x1ac22c36c5683e244d7e239da8359d2b1e3eebf2,0.13,0.000312
0.1,2025-08-12 06:22:35.000 UTC,Withdrawal,0x55072896a958a7c72140e72b30a3468255171ec601f756f7713a5cae0180034e,0xec15c20015e72748f03065ed80c41cb882e3fb66,0x3d0daa108ea5caa1a464478614345d50e5600672,0.1,0.00031
0.111,2025-08-12 06:21:11.000 UTC,Withdrawal,0x04258983a6c7b66a17e57ff65dec22f70a9bac05ef3c12044c9b39673011203c,0xec15c20015e72748f03065ed80c41cb882e3fb66,0x3d0daa108ea5caa1a464478614345d50e5600672,0.111,0.0003108
0.11,2025-08-12 06:19:23.000 UTC,Withdrawal,0x9694d76e731e296e7b293bfd234a5eddbf64ba856eaad34ab05b62cfd8ae9612,0xec15c20015e72748f03065ed80c41cb882e3fb66,0x3d0daa108ea5caa1a464478614345d50e5600672,0.11,0.000319
0.105,2025-08-12 06:16:59.000 UTC,Withdrawal,0x80f79ccfeaa1c5b0d7908bd8fc18d73e885ef1f3fd26ade37a040f65ce40734d,0xec15c20015e72748f03065ed80c41cb882e3fb66,0x3d0daa108ea5caa1a464478614345d50e5600672,0.105,0.0003045
0.1,2025-08-11 17:30:47.000 UTC,Withdrawal,0x1e1ca259bf4e8605b3dda474ca6e255c982e3f1d264fad87b23f27926262ddfa,0xec15c20015e72748f03065ed80c41cb882e3fb66,0xfb9422bbe9175eb0570e24178e35966f32d6ee36,0.1,0.0007
0.1,2025-08-11 14:04:23.000 UTC,Withdrawal,0x0fcb675858d0f528df62f356dfc1203d9a62c073da1ee20d93018597bc073774,0xec15c20015e72748f03065ed80c41cb882e3fb66,0xd58726479200b7031f5f4a82c557f52e2fc13887,0.1,0.00143
0.1,2025-08-11 12:55:23.000 UTC,Withdrawal,0xa0641be54e570553c9d223b0cf37102526fd6b6fe2ef0a02407fde2fe63865e2,0xec15c20015e72748f03065ed80c41cb882e3fb66,0xd10d728e789d94392ecff30ce7bc6d4c6268e0e0,0.1,0.00059
0.1,2025-08-11 12:17:47.000 UTC,Withdrawal,0x0ce0f943c8729fdb49075c070b4896ba03ca23a87f89dfa83c4db84e53c305ec,0xec15c20015e72748f03065ed80c41cb882e3fb66,0x3870a00f77783e99d1f0c68393028cb13d23c0b8,0.1,0.00074
0.1,2025-08-11 08:31:47.000 UTC,Withdrawal,0x8ab267ff5eb5e3013bf750a020e9957d8d7b25775f01a72a5fd0d1c9c7020bc1,0xec15c20015e72748f03065ed80c41cb882e3fb66,0x57195c037541e095f80579d5159b9eae15e09503,0.1,0.00051
0.103,2025-08-10 22:58:47.000 UTC,Withdrawal,0xadf351f2cb4fdeb1d76eb81f1f0fe2fa20c0ab02bba95fa71c1610bdfa7b3381,0xec15c20015e72748f03065ed80c41cb882e3fb66,0x10a0df0118a7322221e8700b3a3196fdda8c042f,0.103,0.0002575
0.1,2025-08-10 22:54:35.000 UTC,Withdrawal,0x65e396edb235ea7a43d46fb3316acc5a87271abc742817acf89aae736e7505da,0xec15c20015e72748f03065ed80c41cb882e3fb66,0xc35b15796c039ec6a574409c0b95cf906cb260ca,0.1,0.00024
0.101,2025-08-10 22:49:23.000 UTC,Withdrawal,0x2c840aee7c62590453b9c752796613484a8df2597fa6ba4a73611857e0549964,0xec15c20015e72748f03065ed80c41cb882e3fb66,0x511cf8b7fcbc28476aea3e574dd3f4a7973bd5b6,0.101,0.0002626
0.105,2025-08-10 22:45:47.000 UTC,Withdrawal,0x378afcd14819b0ba7d9c445b25e61ad396fff5faa2d09503f8cd273a6ec38bcf,0xec15c20015e72748f03065ed80c41cb882e3fb66,0x3294d22e76c10227a77389290c9df4709e4e8362,0.105,0.0002625
0.101,2025-08-10 22:40:35.000 UTC,Withdrawal,0x5764b335320bcfeaa2350c831e8ce6a2a1e8b2c75eb72ebb96664ac43eb623c9,0xec15c20015e72748f03065ed80c41cb882e3fb66,0x21b43d18c3381b3966b4964d5b7913dcc7eb00af,0.101,0.0002626
1.0,2025-08-10 18:17:35.000 UTC,Withdrawal,0xab90eb26b976b1985b582ea9e242cf625cda880816b13ecf0eb0fb1f3a9e1715,0xec15c20015e72748f03065ed80c41cb882e3fb66,0xd5bbb39e6b50af3b8661ce8ff2af08b419f2811b,1.0,0.0012
0.1,2025-08-10 14:38:23.000 UTC,Withdrawal,0x85e8b86327b419fa395db58d63c2caca0e0a878330a643a9296a7081219b0895,0xec15c20015e72748f03065ed80c41cb882e3fb66,0xd8a0ff2e25b5e7cfcd63e929652972d19d8a9f9b,0.1,0.00076
0.1,2025-08-10 10:29:35.000 UTC,Withdrawal,0x6bd681dd9e87005c8b803c1480d99b52eb8ec908cb407bd3b5af07c4924c6358,0xec15c20015e72748f03065ed80c41cb882e3fb66,0x413642cafe68f1fe718d46ec32136e209fd7ee5b,0.1,0.00027
0.1,2025-08-10 10:26:59.000 UTC,Withdrawal,0x218754d64b8087d7510392f2fc7872e60ca3087d1c68d82de0074733c2ce67f9,0xec15c20015e72748f03065ed80c41cb882e3fb66,0x413642cafe68f1fe718d46ec32136e209fd7ee5b,0.1,0.0003
1.0,2025-08-09 19:43:11.000 UTC,Withdrawal,0x1822382f26a1c1a90cbe43dcd7a3ecfd4c651d2e019a0a58abbc1934192e83e9,0xec15c20015e72748f03065ed80c41cb882e3fb66,0xd45afaa22975bb5200c758151412df92942973f8,1.0,0.0013
0.11,2025-08-09 17:40:35.000 UTC,Withdrawal,0xa2320ffe6a50e0a88dfa25f2eccbda90670b67551e7a4314430b36e998e495e0,0xec15c20015e72748f03065ed80c41cb882e3fb66,0xd8a0ff2e25b5e7cfcd63e929652972d19d8a9f9b,0.11,0.000638
1.0,2025-08-09 09:59:35.000 UTC,Withdrawal,0x2fee95d5f02926d390e033897c7ff0056b9cddd73a131f53d40c656979cc9f2b,0xec15c20015e72748f03065ed80c41cb882e3fb66,0x129a76ec1bf4ecb099e65f976273855a5d258ab5,1.0,0.0014
2.0,2025-08-09 09:57:23.000 UTC,Withdrawal,0xf96e339fca2af2535b0e7b9f2746f7e53228a1e69bb0f8e19a37862ea458b383,0xec15c20015e72748f03065ed80c41cb882e3fb66,0x129a76ec1bf4ecb099e65f976273855a5d258ab5,2.0,0.0024
2.0,2025-08-09 09:54:23.000 UTC,Withdrawal,0xc9137e9e1f041f759d72a23fb79ac9dc3652c0f4c6db01c57cdb0ed3c8dbda02,0xec15c20015e72748f03065ed80c41cb882e3fb66,0x129a76ec1bf4ecb099e65f976273855a5d258ab5,2.0,0.0024
4.0,2025-08-09 06:44:47.000 UTC,Withdrawal,0x5f432928da4cebd84298a19739a8a8228e204d0d0aea96a8bca2800ac55efdd4,0xec15c20015e72748f03065ed80c41cb882e3fb66,0x1e02e62e53d8a37acd5c656779e088bda6ca32be,4.0,0.004
0.11,2025-08-08 20:05:59.000 UTC,Withdrawal,0xd74e0da3dd308348b5caf9471f4711166f924977092754f13398c6a507baad40,0xec15c20015e72748f03065ed80c41cb882e3fb66,0xd8a0ff2e25b5e7cfcd63e929652972d19d8a9f9b,0.11,0.000561
0.1,2025-08-08 18:54:11.000 UTC,Withdrawal,0xc77a44886dbdc6a090c1b53506664898976e7e1db9c0ad92f9f0c41d6b5d453d,0xec15c20015e72748f03065ed80c41cb882e3fb66,0xf1bf909acb0e1f24bd1292bb0478bd3cb9e0c1ca,0.1,0.00168
3.0,2025-08-08 09:20:59.000 UTC,Withdrawal,0x20c52cbd81d95581624b094072eb8a2482e794953cc6f36209d4e44c3527ec9e,0xec15c20015e72748f03065ed80c41cb882e3fb66,0xc2f5f807f35f082d9ceac3b23190e87c950c9527,3.0,0.003
0.1125,2025-08-08 09:16:11.000 UTC,Withdrawal,0x6c97fa688532893dfa4f06911c7724948f47c4bd8e28c25d2ae47d64af40e055,0xec15c20015e72748f03065ed80c41cb882e3fb66,0xe6f80b2cfb3fae88779e4a6721b59bffc25dde8e,0.1125,0.00032625
0.1,2025-08-08 00:50:23.000 UTC,Withdrawal,0xa2d50cca8b92ad4194ebda5ff9bcd46f76274d25633fc06f9e1a5ba465cff98e,0xec15c20015e72748f03065ed80c41cb882e3fb66,0xce60698d862ab2c54e6c62446d428e14bd92fcba,0.1,0.00036
0.15,2025-08-07 21:31:23.000 UTC,Withdrawal,0xf18985fa3da9ca278d176a3429f2f83f453540f95025f888a73fef3d1997466b,0xec15c20015e72748f03065ed80c41cb882e3fb66,0xf6142d1b65521731181974923c326ca690993046,0.15,0.000495
0.25,2025-08-07 19:54:35.000 UTC,Withdrawal,0xb1541bc3b9c91c270e9af1875f77d0f968dd43cf09be1205df62648152264921,0xec15c20015e72748f03065ed80c41cb882e3fb66,0xd8a0ff2e25b5e7cfcd63e929652972d19d8a9f9b,0.25,0.00075
1.06,2025-08-07 16:29:47.000 UTC,Withdrawal,0x6fdc6f17d312e9066acd6fe1230fdb4b09b0304b7932ddc33a2c2be82aab7d31,0xec15c20015e72748f03065ed80c41cb882e3fb66,0x2484f0508ba23b7e5adf07402f56b76995a036f6,1.06,0.00159
0.16,2025-08-07 16:26:47.000 UTC,Withdrawal,0xb9c3b30bdda6c2fc146a9b99ff1ace87597330b1cab54254c54b5143b8049839,0xec15c20015e72748f03065ed80c41cb882e3fb66,0x2484f0508ba23b7e5adf07402f56b76995a036f6,0.16,0.00072
0.8848,2025-08-07 09:09:35.000 UTC,Withdrawal,0x8101dea84d250eb605ed8b4e061f1a1c7c1d2761fec3daa1e5864e3f99181753,0xec15c20015e72748f03065ed80c41cb882e3fb66,0xe6f80b2cfb3fae88779e4a6721b59bffc25dde8e,0.8848,0.00106176
0.11,2025-08-07 08:14:47.000 UTC,Withdrawal,0x809f8303e34f908942e6bbbbbc84a6459d12f17d640e39e4ec4861801f2b9f0c,0xec15c20015e72748f03065ed80c41cb882e3fb66,0xb9d2faa0cdb1b0961bec2622b9431e6475182fe9,0.11,0.000352
0.2,2025-08-06 22:31:23.000 UTC,Withdrawal,0x6bcae2b181f5043df64f9734227ba02be367ed8043cec407336ea94566896019,0x855b4a60806946fab16afccc7dda054c8ba6cf92,0x1b16547e828bc3a3bad331d8dfc39d6097c6be5d,0.2,0.0002
0.1,2025-08-06 22:29:47.000 UTC,Withdrawal,0x7d28ddc4cb9f7e9e2b6c81156c23a305e3b2247fa2ed3dba3e59182f73059e13,0x855b4a60806946fab16afccc7dda054c8ba6cf92,0x1b16547e828bc3a3bad331d8dfc39d6097c6be5d,0.1,0.0001
0.3458,2025-08-06 17:07:35.000 UTC,Withdrawal,0x06b5648852f0570f6106002a44aff7d647d00a9d3345836e7f96f9adb75d7071,0xec15c20015e72748f03065ed80c41cb882e3fb66,0x2acb534b7242f787b80b7e1adb8f170a5fcd404a,0.3458,0.00072618
0.1,2025-08-06 16:37:47.000 UTC,Withdrawal,0xfe33bfeb806814eee2926e7b126a27977683aad93a80e01bfba692beefbdf717,0xec15c20015e72748f03065ed80c41cb882e3fb66,0x8ce3d0a9b49cd52f9cc0826902982b88205777b8,0.1,0.00086
0.82,2025-08-06 12:23:35.000 UTC,Withdrawal,0x4ae93bedbc4ed349ddc116e6e08a0281a3a3fe8a7694c68b9bf561f991fa827d,0xec15c20015e72748f03065ed80c41cb882e3fb66,0x1e02e62e53d8a37acd5c656779e088bda6ca32be,0.82,0.001148
0.1,2025-08-06 08:28:35.000 UTC,Withdrawal,0x1a7b635931849665f90aa82803f3ff06da5c6847e4e07690f0a7a9d7e312afc0,0xec15c20015e72748f03065ed80c41cb882e3fb66,0x339aae78cf57ff23f9b4fe4c785452ea8b3a58c2,0.1,0.00035
0.1,2025-08-06 08:12:11.000 UTC,Withdrawal,0xdff2bbed3861efb9b825da71270aa0ef0d06c2e033c0ae49b8d1f87b5f9e90be,0xec15c20015e72748f03065ed80c41cb882e3fb66,0xe020840151c7f4153d752e51e4df9ab9ba4f3706,0.1,0.00035
0.11,2025-08-06 06:34:23.000 UTC,Withdrawal,0x28253a9d2139cf50ba3fb687b42e674521afc9d1acc4e1a4c00a2b66ff30aabd,0xec15c20015e72748f03065ed80c41cb882e3fb66,0xb5069da819fed576ef5f66cf3ee69af8908a7822,0.11,0.000297
0.1,2025-08-05 19:51:47.000 UTC,Withdrawal,0xfdf16fd4c2cc22589230b2a714de0c957132045fb7fa53d2ab0cab3975c282e1,0xec15c20015e72748f03065ed80c41cb882e3fb66,0xf188ff1f510904b8b3dc7095d4e67942077fb549,0.1,0.00143
0.1,2025-08-05 17:00:11.000 UTC,Withdrawal,0x65e7a68e08bc11fb7aeaf40dc87182e830cc80f253d9dfd181c7ef5144d65eec,0xec15c20015e72748f03065ed80c41cb882e3fb66,0xb79a5023d469e7e8c5e6b735de98c5202a6cf750,0.1,0.00189
0.1,2025-08-05 08:01:47.000 UTC,Withdrawal,0x808b53a7612f61a1b17640b9beb40050facda14f1d11f7c0c2373ce3ae85ad2d,0xec15c20015e72748f03065ed80c41cb882e3fb66,0xd8a0ff2e25b5e7cfcd63e929652972d19d8a9f9b,0.1,0.0003
0.1986,2025-08-04 20:55:59.000 UTC,Withdrawal,0x57205169710c8ee77112c4afe76d09731675a3a745416f0603830a358b004403,0xec15c20015e72748f03065ed80c41cb882e3fb66,0xe6f80b2cfb3fae88779e4a6721b59bffc25dde8e,0.1986,0.00033762
0.7,2025-08-04 20:46:23.000 UTC,Withdrawal,0x201dbd89bd01f36f084a46705c3743f36a8fecc95db5efb2acc89268cdc3df69,0xec15c20015e72748f03065ed80c41cb882e3fb66,0xe6f80b2cfb3fae88779e4a6721b59bffc25dde8e,0.7,0.00084
0.2,2025-08-04 12:46:23.000 UTC,Withdrawal,0x72962126087daea908560f45925b9c84da9f2849f2b291b5d9a710c5825d247d,0xec15c20015e72748f03065ed80c41cb882e3fb66,0x9d21cb28093e157d2f6f1fe3abd6f21f230ba829,0.2,0.00038
0.2,2025-08-04 12:44:47.000 UTC,Withdrawal,0xb20fa22156bb19f2aa48ec9a8c9f1c81287a55767c13c6fdd54cb8e79479a36b,0xec15c20015e72748f03065ed80c41cb882e3fb66,0x9d21cb28093e157d2f6f1fe3abd6f21f230ba829,0.2,0.00038
0.2,2025-08-04 11:53:23.000 UTC,Withdrawal,0xf669885d3fe8cbc310f96bc15d38984ac144d773205b79da2bea397a75fe5114,0xec15c20015e72748f03065ed80c41cb882e3fb66,0xfa26bcc71594445ddffe3c688fc3a9c60d160efe,0.2,0.00032
0.11,2025-08-04 06:54:11.000 UTC,Withdrawal,0x529aef0a5f1f2c82b4c1bf241fd48523a4b82bb19d49a3d12dc197a2dec2cc52,0xec15c20015e72748f03065ed80c41cb882e3fb66,0x0a5f07eca94861d5804891cb9078171bbb0fd046,0.11,0.000242
0.11,2025-08-03 10:33:11.000 UTC,Withdrawal,0xeca84b632410d5a31db29407e0434968c07af5fe6a1fbedfb9548e4083c44fa9,0xec15c20015e72748f03065ed80c41cb882e3fb66,0xd8a0ff2e25b5e7cfcd63e929652972d19d8a9f9b,0.11,0.000253
0.1,2025-08-03 09:49:35.000 UTC,Withdrawal,0x965f7a1784fe2e17c7a845d497e9fc48e87d869c0183ad0e29279fddb189bdce,0xec15c20015e72748f03065ed80c41cb882e3fb66,0x99503c69d268a0224030a8512fc800ec5fa7f8f7,0.1,0.00026
1.06,2025-08-03 06:52:35.000 UTC,Withdrawal,0xc6df2036a0c4872e81ae60353535f53acb7c95709c658f643fcdba4254ba1c36,0xec15c20015e72748f03065ed80c41cb882e3fb66,0xecfb3735ea87d5d57fecef7534887b6fdec78e8c,1.06,0.001166
3.0,2025-08-02 18:41:11.000 UTC,Withdrawal,0x1eb61b6e3bbeb1ca235f85090fb278ec982bf742cc514b2f8cc110a644f625c3,0xec15c20015e72748f03065ed80c41cb882e3fb66,0x129a76ec1bf4ecb099e65f976273855a5d258ab5,3.0,0.0036
3.0,2025-08-02 17:40:59.000 UTC,Withdrawal,0x43dd967f0c760527bb0c227b38c059a63a864881a3fd1f7aba7d11769bf1ef23,0xec15c20015e72748f03065ed80c41cb882e3fb66,0x129a76ec1bf4ecb099e65f976273855a5d258ab5,3.0,0.003
0.1,2025-08-02 06:58:35.000 UTC,Withdrawal,0x731bbe374de7ab3afcd2c6d8d46fc5ffd4272eda7facfba7ec8ab4d116c7aa2d,0xec15c20015e72748f03065ed80c41cb882e3fb66,0x954da7c2721679dde1a8b9a0ae6ea70d2df6771e,0.1,0.00028
1.0,2025-08-02 00:48:47.000 UTC,Withdrawal,0x16f459457d65457db74599865e8e002f5aedaf0634b9439df76325fc31576e08,0xec15c20015e72748f03065ed80c41cb882e3fb66,0xf549f282f215003b9fb53a61c2b109f9cf7ddf18,1.0,0.0011
0.9,2025-08-01 21:40:11.000 UTC,Withdrawal,0xc4384e0d9675f6b73ea0e0ca33dd5fc01d29136a3f4e70dc1eaebc21671a645a,0xec15c20015e72748f03065ed80c41cb882e3fb66,0x129a76ec1bf4ecb099e65f976273855a5d258ab5,0.9,0.00108
0.16,2025-08-01 21:38:23.000 UTC,Withdrawal,0xf14a25a0cd5b653f29fda91932d4c0e8818d80d14b15f560a0b82b3c9f3d3b01,0xec15c20015e72748f03065ed80c41cb882e3fb66,0x129a76ec1bf4ecb099e65f976273855a5d258ab5,0.16,0.000384
3.0,2025-08-01 21:36:47.000 UTC,Withdrawal,0xc5225e10a6f2f3da48363541360350fa6b29711e7b17acfbceb688b07a2587ba,0xec15c20015e72748f03065ed80c41cb882e3fb66,0x129a76ec1bf4ecb099e65f976273855a5d258ab5,3.0,0.003
0.14,2025-08-01 20:30:47.000 UTC,Withdrawal,0xb25d23095f1b2f7a5653bea4d5ef3df570b1d729f6378e8d9fb970f88c5b79dd,0xec15c20015e72748f03065ed80c41cb882e3fb66,0x78c0339d814b95d5294a21f340547c3afd3f6a9a,0.14,0.00056
0.2,2025-08-01 19:10:47.000 UTC,Withdrawal,0x8b34890721acd8b0b27a470ba4db72a9fd2c9deea7326e5a0df50c032185312f,0xec15c20015e72748f03065ed80c41cb882e3fb66,0xd8a0ff2e25b5e7cfcd63e929652972d19d8a9f9b,0.2,0.00048
0.18404,2025-08-01 10:35:59.000 UTC,Withdrawal,0x63d6c481965abd157e280bc884cccb920fd6e54becaaaaaf2c8d1618573c23db,0xec15c20015e72748f03065ed80c41cb882e3fb66,0x425b68989df014d30b0295db629ce65e75861d7d,0.18404,0.00036808
0.1,2025-08-01 10:27:47.000 UTC,Withdrawal,0x60264d9344b1d2cbb78af51b7cecd93e1a81f218820893bc5ebb86913ee0ea19,0xec15c20015e72748f03065ed80c41cb882e3fb66,0xd10d728e789d94392ecff30ce7bc6d4c6268e0e0,0.1,0.00032
0.11,2025-08-01 07:11:11.000 UTC,Withdrawal,0x39ae71df37cfd4bec0c5ad6140a8e4c5a3896cd0713fb67fa93483fb0c221e99,0xec15c20015e72748f03065ed80c41cb882e3fb66,0xd8a0ff2e25b5e7cfcd63e929652972d19d8a9f9b,0.11,0.000308
0.1,2025-08-01 06:37:11.000 UTC,Withdrawal,0x1e55b564ad16d63a2f707231bb239aca12e090635a7d23b30d487063fca1d02f,0xec15c20015e72748f03065ed80c41cb882e3fb66,0xeb788c3fcd60df7687ce55bb20bbcb5238c72133,0.1,0.00025
0.15,2025-08-01 04:39:11.000 UTC,Withdrawal,0x5c0c4c399780b702dd07dbaf5d734aff0bf3eda522f562194e602b609de163fa,0xec15c20015e72748f03065ed80c41cb882e3fb66,0xc34359fab3d2df508e4f994af5a6418c2dbb132d,0.15,0.0003
0.1,2025-08-01 02:31:35.000 UTC,Withdrawal,0xf07b8db19d7452c1443450b47816387f6c7a7060a0cf3956eab7f8ed7ba8c58a,0xec15c20015e72748f03065ed80c41cb882e3fb66,0xda45bb5f25c0d8c50eec2d51b6a49f399f88ff0e,0.1,0.00043
0.1,2025-07-31 20:07:59.000 UTC,Withdrawal,0x1c15aef843224eb359c095e050d727a41d19a84bc2a33e996b652ef1dc750f6b,0xec15c20015e72748f03065ed80c41cb882e3fb66,0xdedad2de6cc3d688f49aefb20de3573df19cbf77,0.1,0.00088
0.5,2025-07-31 19:28:59.000 UTC,Withdrawal,0x72c0695c54325031015d639aff9d47d3c7692136e022f6c1639536163f58057c,0xec15c20015e72748f03065ed80c41cb882e3fb66,0xd8a0ff2e25b5e7cfcd63e929652972d19d8a9f9b,0.5,0.001
1.0,2025-07-31 17:18:35.000 UTC,Withdrawal,0x11c488958fd740ab61739ab7c99a8885ed959cca143e749059bc19ec705cece8,0xec15c20015e72748f03065ed80c41cb882e3fb66,0x2484f0508ba23b7e5adf07402f56b76995a036f6,1.0,0.0018
5.0,2025-07-31 16:44:35.000 UTC,Withdrawal,0x8b380349f5d9544d0418c797a2ea30e3a9b5b69983e225d7cf16fdefd26253f7,0xec15c20015e72748f03065ed80c41cb882e3fb66,0xecfb3735ea87d5d57fecef7534887b6fdec78e8c,5.0,0.006
0.5,2025-07-31 13:58:35.000 UTC,Withdrawal,0x278ca6b4883cc99596f0d3c6fcc543f0e3aa390532f5967dc6bb78a47f905086,0xec15c20015e72748f03065ed80c41cb882e3fb66,0x9d21cb28093e157d2f6f1fe3abd6f21f230ba829,0.5,0.0033
0.11,2025-07-31 09:14:47.000 UTC,Withdrawal,0xaaeaa0a623fadb50f9a222317f189c460a837b33a41da1cf5b8ed01d34d6275c,0xec15c20015e72748f03065ed80c41cb882e3fb66,0xd8a0ff2e25b5e7cfcd63e929652972d19d8a9f9b,0.11,0.002013
0.1,2025-07-31 08:40:47.000 UTC,Withdrawal,0xa7e1002cd2f822b0b7c2cd95a9ee583cbdfad5abf50d6623507906550c0ff4dd,0xec15c20015e72748f03065ed80c41cb882e3fb66,0x251f12f23a65418b9af9051389db53770e1ac387,0.1,0.00185
0.25,2025-07-30 19:49:23.000 UTC,Withdrawal,0x080184f599f8f1a3778f192e9f4eafc505a10c61e80f41a9be7a4620bae94b02,0xec15c20015e72748f03065ed80c41cb882e3fb66,0xd8a0ff2e25b5e7cfcd63e929652972d19d8a9f9b,0.25,0.002175
0.2,2025-07-30 15:18:47.000 UTC,Withdrawal,0x0ce20fa83662a4589224b9f5510871bff881d3ec70afbffc8260822f2e339f63,0xec15c20015e72748f03065ed80c41cb882e3fb66,0xa32890dccc16f90f864d3898ce1d5b6e07fa7b08,0.2,0.0022
0.1,2025-07-30 14:32:59.000 UTC,Withdrawal,0x8d05bcf46db3c8729a142988e9d2a440f8bb048bb901e0bfde573e59c8538224,0xec15c20015e72748f03065ed80c41cb882e3fb66,0x6cdd68037c94177e5a3cb01e612cd185da641c53,0.1,0.00208
0.25,2025-07-30 14:24:59.000 UTC,Withdrawal,0xe13cc28526f83ffdd1ea246e6f7b2732222d18f4228078b1b8ba928a5812a536,0xec15c20015e72748f03065ed80c41cb882e3fb66,0xbd13d674bdd4f9bc74fb2cd1bd91bbf122ad45df,0.25,0.002575
1.26,2025-07-30 14:09:23.000 UTC,Withdrawal,0x8254d2b5d04f82fd6d7219decce3a794bba337bdfdabf417f4506b42502249d2,0xec15c20015e72748f03065ed80c41cb882e3fb66,0x129a76ec1bf4ecb099e65f976273855a5d258ab5,1.26,0.003528
5.0,2025-07-30 13:52:59.000 UTC,Withdrawal,0xeef6f276106d59a55725b5cacb671a7dca155682680891620a2b83e9c792a14b,0xec15c20015e72748f03065ed80c41cb882e3fb66,0x129a76ec1bf4ecb099e65f976273855a5d258ab5,5.0,0.0065
0.12,2025-07-30 13:50:35.000 UTC,Withdrawal,0x02c4e607fa332be64aebe8866765498df23ab3f4b41f25850110f274853f8135,0xec15c20015e72748f03065ed80c41cb882e3fb66,0x129a76ec1bf4ecb099e65f976273855a5d258ab5,0.12,0.001896
0.2,2025-07-30 13:47:59.000 UTC,Withdrawal,0x322fd9f78f82c028a5816558b25ab93dfc8eee609bdb64ad4dd7f15012404dc7,0xec15c20015e72748f03065ed80c41cb882e3fb66,0xa5975bb366f03e2a3a341d220505693eeb241175,0.2,0.00198
0.1,2025-07-30 09:01:59.000 UTC,Withdrawal,0x1fbc1c799af8ce7c818ec160041d3e5afd3cdccf5a076eac61feca861c078430,0xec15c20015e72748f03065ed80c41cb882e3fb66,0xd8a0ff2e25b5e7cfcd63e929652972d19d8a9f9b,0.1,0.00162
2.79,2025-07-30 05:20:35.000 UTC,Withdrawal,0x8f5ab79734efed48d33acf5b755cbe18508bc0056c71693fcd1fe7bbe9a1d3ec,0xec15c20015e72748f03065ed80c41cb882e3fb66,0x952a90d1866b5f8553894233ec5d5d51113b683c,2.79,0.003627
2.0,2025-07-30 00:32:11.000 UTC,Withdrawal,0x2a432351431ba384642745e14503224c99ad1f7cbc1e0ecbc16b831d87fee8de,0xec15c20015e72748f03065ed80c41cb882e3fb66,0xf620aa09e061ff1dd6ccc6c82f43b0fdf48eecba,2.0,0.0028
0.03,2025-07-29 22:13:35.000 UTC,Withdrawal,0xe49b7f52e27a082393c3c53766096ddf9212eeb0e8789b4c931cb5de77e17120,0xec15c20015e72748f03065ed80c41cb882e3fb66,0xcb846515283f8068bf54546bab2f840c9be8f2c0,0.03,0.000666
0.02,2025-07-29 21:51:35.000 UTC,Withdrawal,0x1f9efaaa2b998d5121a7016456b6b429f71b96c7fe52e2ea4ccbf0f3a69babc1,0xec15c20015e72748f03065ed80c41cb882e3fb66,0xcb846515283f8068bf54546bab2f840c9be8f2c0,0.02,0.000628
50.4,2025-07-29 15:16:35.000 UTC,Withdrawal,0xad40b536ecf560d85f910643e4c2f6c1b4222adc51fd151442a9a93197c78934,0xec15c20015e72748f03065ed80c41cb882e3fb66,0x952a90d1866b5f8553894233ec5d5d51113b683c,50.4,0.0504
0.11,2025-07-29 08:34:59.000 UTC,Withdrawal,0x8f1d413cf3afb3ee3cfd86f2481739d7325f73b502ff0336fed9c875d29cf89d,0xec15c20015e72748f03065ed80c41cb882e3fb66,0xd8a0ff2e25b5e7cfcd63e929652972d19d8a9f9b,0.11,0.000286
0.025,2025-07-29 02:40:47.000 UTC,Withdrawal,0xfb7a6d54d791cab68ebc2732dd1f21590fde8b4dbe3c9d36047ff4a03348c12d,0xec15c20015e72748f03065ed80c41cb882e3fb66,0x8570cac50327839880079f40953acb8507075b00,0.025,0.0002325
0.1,2025-07-29 01:50:23.000 UTC,Withdrawal,0x1c1dfbe2270c3b110679f2f839293511d5019c5f93bf21ce9955d474d4fa1381,0xec15c20015e72748f03065ed80c41cb882e3fb66,0x58f3257de62bfb5350e902c0ccf0be563008fc1c,0.1,0.00031
0.1,2025-07-29 01:30:35.000 UTC,Withdrawal,0xd169da7da2a5f49a9852d2c2d0bc07bd6371bbb8de2a06c84c4e3148dd0b1b47,0xec15c20015e72748f03065ed80c41cb882e3fb66,0xcc4325454afa0e8cfaff5457453c427e66904e5d,0.1,0.00027
0.5,2025-07-28 19:55:23.000 UTC,Withdrawal,0x8990f8e39f5e00b6378e833676540f478137c9f0499dc03a1710e264dfb0cc32,0xec15c20015e72748f03065ed80c41cb882e3fb66,0xbd950b25906e3dc3b656b2d274ea6a3f3eca34b3,0.5,0.0008
0.11,2025-07-28 14:19:35.000 UTC,Withdrawal,0x0b3f7943111402be4d12a6bf889565ea06b42024d33b1f179339ec7522d28360,0xec15c20015e72748f03065ed80c41cb882e3fb66,0xd8a0ff2e25b5e7cfcd63e929652972d19d8a9f9b,0.11,0.001045
0.15,2025-07-27 15:38:23.000 UTC,Withdrawal,0x7d8af2952a602aa9074af218f840a503e99f91279429a0043ae9cda8bab7ab07,0xec15c20015e72748f03065ed80c41cb882e3fb66,0xd8a0ff2e25b5e7cfcd63e929652972d19d8a9f9b,0.15,0.0003
0.5111,2025-07-27 14:15:47.000 UTC,Withdrawal,0xb3d251658cbeb2974184a24e8a155e5d53e3aea1d60f37dd7eb90ed3ecc8ccdd,0xec15c20015e72748f03065ed80c41cb882e3fb66,0xd45afaa22975bb5200c758151412df92942973f8,0.5111,0.00112442
2.0,2025-07-27 14:12:11.000 UTC,Withdrawal,0xfba0915dcff71c65ee39ee348e30d06e4a49375b200221e2d59565e93c318e80,0xec15c20015e72748f03065ed80c41cb882e3fb66,0xd45afaa22975bb5200c758151412df92942973f8,2.0,0.0022
1.0,2025-07-27 14:10:23.000 UTC,Withdrawal,0x2c6f236cc1e526a200d1350cabfe5a97ea74e9e738c159c37f9c5f178b5d69a4,0xec15c20015e72748f03065ed80c41cb882e3fb66,0xd45afaa22975bb5200c758151412df92942973f8,1.0,0.0011
1.0,2025-07-27 14:09:35.000 UTC,Withdrawal,0x5500e20a4b080c0c1bad7e6929d6b359fa68be0d767d1161422b4cf8f64fe960,0xec15c20015e72748f03065ed80c41cb882e3fb66,0xd45afaa22975bb5200c758151412df92942973f8,1.0,0.0011
0.125,2025-07-27 14:08:47.000 UTC,Withdrawal,0xac6597fb2558da908791980912538fdbd792142651b56f90f30be841863b7914,0xec15c20015e72748f03065ed80c41cb882e3fb66,0xd45afaa22975bb5200c758151412df92942973f8,0.125,0.000275
0.1,2025-07-27 11:21:11.000 UTC,Withdrawal,0x2cc35682d24f570e8dc427d5dcc0e8c3caff0d356e421a68a4734ab66f8d63ed,0xec15c20015e72748f03065ed80c41cb882e3fb66,0x0f43150e96bd5ff48909c6b3b5a029aeba8eda5a,0.1,0.00026
0.2,2025-07-27 09:31:23.000 UTC,Withdrawal,0x9bfa4d24abd490db25f6cc325726518383faf9b99cf977652b048d2f90c24823,0xec15c20015e72748f03065ed80c41cb882e3fb66,0xd8a0ff2e25b5e7cfcd63e929652972d19d8a9f9b,0.2,0.00034
0.1,2025-07-27 05:27:47.000 UTC,Withdrawal,0x823692aea7e16107a4cb158e1c18c9c9111ba6db5c6304fd82feaa1243e20c56,0xec15c20015e72748f03065ed80c41cb882e3fb66,0x136cb70f6c234c5bea1b1af5faa47011de7a45b7,0.1,0.00023
0.1,2025-07-27 05:14:35.000 UTC,Withdrawal,0x0783a83f9ec1a2200abe077610857b2791155297a9b7b995ee59d1f83d7c3713,0xec15c20015e72748f03065ed80c41cb882e3fb66,0x136cb70f6c234c5bea1b1af5faa47011de7a45b7,0.1,0.00023
0.1,2025-07-27 05:06:23.000 UTC,Withdrawal,0x5a7a22e8c20949907a8f681bf2ef39c7a83d4be0ca2adfc45470c8ed51526374,0xec15c20015e72748f03065ed80c41cb882e3fb66,0x136cb70f6c234c5bea1b1af5faa47011de7a45b7,0.1,0.00024
0.1,2025-07-27 04:58:23.000 UTC,Withdrawal,0xf0b213f88546b6bc9c2b0a187c3d102fe16510126b362f09740f42c995f61501,0xec15c20015e72748f03065ed80c41cb882e3fb66,0x136cb70f6c234c5bea1b1af5faa47011de7a45b7,0.1,0.00024
0.5,2025-07-26 13:50:47.000 UTC,Withdrawal,0x7b92f9a0789f04933aa61d67872ae20ec35501c278b7c68d66debc9fc717c81c,0xec15c20015e72748f03065ed80c41cb882e3fb66,0xcae89f8484aca98ace453bc96ae321e8892f95f0,0.5,0.00065
0.1,2025-07-26 08:05:35.000 UTC,Withdrawal,0xefc37521410dd8944067c12c69dd1a32d915a37a73d6d8be1da810a88b0493ab,0xec15c20015e72748f03065ed80c41cb882e3fb66,0xd8a0ff2e25b5e7cfcd63e929652972d19d8a9f9b,0.1,0.00026
2.7,2025-07-26 08:03:11.000 UTC,Withdrawal,0xd7ea6b7359ccacc29363c04c95f338567c4ce1af0cdcf23da68929fb7f564d91,0xec15c20015e72748f03065ed80c41cb882e3fb66,0xc42359051834a6c1a46a74cae7102a707f6df225,2.7,0.0027
0.64,2025-07-26 06:25:35.000 UTC,Withdrawal,0xd12f7b900cbb716b5c4ccec9547b23a9e3722f170751ffc91d762af5e10e6085,0xec15c20015e72748f03065ed80c41cb882e3fb66,0x952a90d1866b5f8553894233ec5d5d51113b683c,0.64,0.000768
0.86,2025-07-26 01:47:11.000 UTC,Withdrawal,0xcbc35cf3c4eb5f9664c165d3e4107807b0592ecaabd319bd605855d5a30ecfc3,0xec15c20015e72748f03065ed80c41cb882e3fb66,0x2bee312842c2c45d3405bdee8d145fcc503dc10b,0.86,0.000946
0.04,2025-07-25 18:52:11.000 UTC,Withdrawal,0xed04115a16b498b8d0073f8896c5d2a4add4dbf1d5914cc3bb88e1e057beee1f,0xec15c20015e72748f03065ed80c41cb882e3fb66,0xd8a0ff2e25b5e7cfcd63e929652972d19d8a9f9b,0.04,0.000204
0.121,2025-07-25 10:38:23.000 UTC,Withdrawal,0x6f2130cf90fe0597ffa2d246a51666a6f1ff758060744f7e6237f5d44feea8f5,0xec15c20015e72748f03065ed80c41cb882e3fb66,0x8b318423900036d6944fd7ca61e8fdd6868c797f,0.121,0.000363
0.25,2025-07-25 10:26:35.000 UTC,Withdrawal,0x68866191327a532f87252bc246bc2f9ea7cc54dfcbff813f504976865ed4bda1,0xec15c20015e72748f03065ed80c41cb882e3fb66,0xbd950b25906e3dc3b656b2d274ea6a3f3eca34b3,0.25,0.00055
0.102,2025-07-25 08:30:23.000 UTC,Withdrawal,0x6262a52de4ac50effad07d331ba29b7d11c82d6d5bcd878d68ea92a3ab14d8dd,0xec15c20015e72748f03065ed80c41cb882e3fb66,0x64ee7d252e96644786dc944b1d2dc97f0479dd93,0.102,0.000408
0.1,2025-07-25 03:19:23.000 UTC,Withdrawal,0xf2ecde932a3a8b42507d0e9bf57179fcc9c6af97b2c762c73c2491e3bbf72f70,0xec15c20015e72748f03065ed80c41cb882e3fb66,0x2acb534b7242f787b80b7e1adb8f170a5fcd404a,0.1,0.00029
0.1,2025-07-25 02:16:35.000 UTC,Withdrawal,0xf59d6a3b428affa5da79299d217751989904efd2d2577214a66ee96d39a5b5b6,0xec15c20015e72748f03065ed80c41cb882e3fb66,0x25612e8bd7683de22da45d717d0493b0e96424b4,0.1,0.00028
1.0,2025-07-24 21:54:11.000 UTC,Withdrawal,0x3851dac493a219ec3d52e483aa31e25d0a4a27567ef0077b1965263c09d12b0c,0xec15c20015e72748f03065ed80c41cb882e3fb66,0x25612e8bd7683de22da45d717d0493b0e96424b4,1.0,0.0013
0.1,2025-07-24 19:25:47.000 UTC,Withdrawal,0x10e8fd95e99e14febcdc2fe43ff9c8e502fe3ad400abcca8cbc10935ec48287d,0xec15c20015e72748f03065ed80c41cb882e3fb66,0x678c0d649e2160d77f5160d689126126284b1a11,0.1,0.0008
0.05,2025-07-24 16:51:47.000 UTC,Withdrawal,0xa94858a2498b7a0c51fe0f30dd3f6dbe61f7db94b129b63071cd40cd0cb9ec1c,0xec15c20015e72748f03065ed80c41cb882e3fb66,0x315d92a8284f3dbd0ee9b14777ecc1e718f8dff3,0.05,0.001005
0.05,2025-07-24 15:27:59.000 UTC,Withdrawal,0xc55bc91140ffa83a01ecbaecdf602ac5ddb9d9d84d8281056675f5cc1d365b31,0xec15c20015e72748f03065ed80c41cb882e3fb66,0x315d92a8284f3dbd0ee9b14777ecc1e718f8dff3,0.05,0.001855
1.0,2025-07-24 14:10:47.000 UTC,Withdrawal,0x200a9d5d4b0c18a6f438a10f62037c1bcbac82d42370fb8c9211359747f059f3,0xec15c20015e72748f03065ed80c41cb882e3fb66,0x3d5ca8b82c0ed439a8e9bbe554224ce4ddb6712e,1.0,0.0018
2.0,2025-07-24 07:11:59.000 UTC,Withdrawal,0xb83d3788d46db7b56c8bd764da80ea75e527aeffc07c9cb18311e0e0f9b300aa,0xec15c20015e72748f03065ed80c41cb882e3fb66,0xb66d38fd562bf554030f9ef017c60de78d267819,2.0,0.0028
0.11,2025-07-23 18:24:23.000 UTC,Withdrawal,0x5dd2513bf05d63df74cb936a80d98d25834a5a3b7de00cf7754e8e70fdb35d0b,0xec15c20015e72748f03065ed80c41cb882e3fb66,0x4267dabff26fc85d9c8a2c3f22ed9e4c42055595,0.11,0.000671
0.25,2025-07-23 18:22:11.000 UTC,Withdrawal,0x15c7449bc937b3fe70ca2863ce2dd8e5edfadab17ef36da7769f9fe994e2ae2d,0xec15c20015e72748f03065ed80c41cb882e3fb66,0x83374a5ab3411d95b77acb657918bb6478894453,0.25,0.000775
1.0,2025-07-23 17:28:47.000 UTC,Withdrawal,0x7f6fa3d324e03f12a47144c65680db6bd53c1b2633b9b42a31848f5059a7b80b,0xec15c20015e72748f03065ed80c41cb882e3fb66,0x58c4c4f419ff70c308d7274cf7389f0470aedcc9,1.0,0.0024
0.1,2025-07-23 17:03:23.000 UTC,Withdrawal,0x279982b700e3e1a0bb0c90facb817276e44d2e9b411b6c6f6ef2d08ac5528c39,0xec15c20015e72748f03065ed80c41cb882e3fb66,0x490c91f38ec57e3ab00811e0c51a62bfed7e81f4,0.1,0.00103
0.1,2025-07-23 16:22:23.000 UTC,Withdrawal,0xedb2902887a1b765e2e3addc942ec19503b1aa998b8aaeee7ef8099c8131594f,0xec15c20015e72748f03065ed80c41cb882e3fb66,0x73c9d6a8df43b49d2a4bd3cb941bf2ecffe54f77,0.1,0.00107
0.1,2025-07-23 15:27:11.000 UTC,Withdrawal,0xbc5401cd11bc9842a6b879640066bc70a9065931ccdb948eb75613985a7cecac,0xec15c20015e72748f03065ed80c41cb882e3fb66,0x9d21cb28093e157d2f6f1fe3abd6f21f230ba829,0.1,0.00131
0.25,2025-07-23 11:26:47.000 UTC,Withdrawal,0x7a73ebef17732b274f89f035f2f1dca2bfbd9ed51383281e87e7036b5b504b90,0xec15c20015e72748f03065ed80c41cb882e3fb66,0xd97e52e3c62401768f220bda8b7dfec1672567fa,0.25,0.000775
1.0,2025-07-23 10:16:23.000 UTC,Withdrawal,0x011db9e150dbee331e4b84558358fd6b7dec7bfcd10fbafb442d74962811a3ad,0xec15c20015e72748f03065ed80c41cb882e3fb66,0x8ef038381361847f3e009ee26c7981b5312b5bf7,1.0,0.0014
0.1,2025-07-23 05:16:11.000 UTC,Withdrawal,0xc1b7a66db6d203cbfb09210eaf2f776c9d09579f1d7c9b1650a83ffc349901d4,0xec15c20015e72748f03065ed80c41cb882e3fb66,0x8720c210fba995e95db05bb4481c2bf92826f44b,0.1,0.00032
1.0,2025-07-23 04:17:11.000 UTC,Withdrawal,0x4d3d6619e9bac62c68885bb882e1aadfdcc2ca335c908216625a1a0ea3bea751,0xec15c20015e72748f03065ed80c41cb882e3fb66,0x25612e8bd7683de22da45d717d0493b0e96424b4,1.0,0.0012
0.05,2025-07-22 06:44:23.000 UTC,Withdrawal,0x5fce3237f8167299f0abcaeab2545ddfb93e949bfb893ededfa71b449fa37f69,0xec15c20015e72748f03065ed80c41cb882e3fb66,0x4d08ccb5fd9d0c7ed1d8cdeb13086e4388a42754,0.05,0.000275
0.4,2025-07-22 01:35:47.000 UTC,Withdrawal,0xc9511a58468a94e771365859cd030b692fa18c1a66abc5b4a51464c10caa85a7,0xec15c20015e72748f03065ed80c41cb882e3fb66,0x6528d8d33cd5c87756418c67aed05f5fa33c1525,0.4,0.0008
0.1,2025-07-22 01:35:23.000 UTC,Withdrawal,0x5004480703bbf89c137a184c14a4655534870826eee971d40f257ea28e9497ce,0xec15c20015e72748f03065ed80c41cb882e3fb66,0x6528d8d33cd5c87756418c67aed05f5fa33c1525,0.1,0.00056
0.5,2025-07-22 01:26:11.000 UTC,Withdrawal,0x8f564d75ffbe65b80a0b45ee3e383907562976fcd742be1ae9b685ab6a953f3a,0xec15c20015e72748f03065ed80c41cb882e3fb66,0x6528d8d33cd5c87756418c67aed05f5fa33c1525,0.5,0.001
0.5,2025-07-22 01:24:59.000 UTC,Withdrawal,0x114bae57d6f368fe2ee83f84ee1519ace696c77ff7403dde5cb6a0d23ab84a5e,0xec15c20015e72748f03065ed80c41cb882e3fb66,0x6528d8d33cd5c87756418c67aed05f5fa33c1525,0.5,0.00105
3.6,2025-07-21 22:06:47.000 UTC,Withdrawal,0xd1e90d0442ccabbb3918ae1a48a1276b66adfe206fd9bae42aa152617bdbe93a,0xec15c20015e72748f03065ed80c41cb882e3fb66,0xe2c736f3788cecc4fc717f859af6e4ee42c3630b,3.6,0.00396
1.0,2025-07-21 17:04:35.000 UTC,Withdrawal,0xfcdb32904c612b9510f3dd82ea5b343fb213c6b87d33d18f6f8c00b002fdfb0d,0xec15c20015e72748f03065ed80c41cb882e3fb66,0x12140b7f4a26c2f48efb598e98230843d7cd6bb6,1.0,0.0027
0.15,2025-07-21 09:36:59.000 UTC,Withdrawal,0x37bbcd6cd01774f32e00bd2ee5e94289d04734fd5fcf0bdbd0b70c97427d5947,0xec15c20015e72748f03065ed80c41cb882e3fb66,0x3b77fe026c8a6f985944527564c77044b68a3021,0.15,0.000855
1.454,2025-07-20 21:54:59.000 UTC,Withdrawal,0x0c4eedbcecc01107b8cc745cc3c43262e238e0041876c240e4246e33a46f7e6f,0xec15c20015e72748f03065ed80c41cb882e3fb66,0xd45afaa22975bb5200c758151412df92942973f8,1.454,0.0026172
0.2,2025-07-20 15:14:59.000 UTC,Withdrawal,0xb8375299ee3100123a44672e11263aadc1aa73daafb58e5d211e99bcc44e3f25,0xec15c20015e72748f03065ed80c41cb882e3fb66,0x1a4cbf6525788b18f7e61cdf72c0c0f81097000a,0.2,0.00158
1.0,2025-07-20 09:34:59.000 UTC,Withdrawal,0xaf3d88f4d82d5464d59d3aa538b14772e2e526fcd9ff68894eeacd3a7869ad0b,0xec15c20015e72748f03065ed80c41cb882e3fb66,0x68cab77d2ecbd29cbadcf04cff2cc00a462e9c8e,1.0,0.0016
0.25,2025-07-20 00:59:47.000 UTC,Withdrawal,0x65523710aa859cd4f9f538419752bdf1bd3071e3b3dceee0c2cb992c3b957199,0xec15c20015e72748f03065ed80c41cb882e3fb66,0x5aadfec6a407f6730a4cfac54b472b23d42a718d,0.25,0.00055
0.1,2025-07-19 00:44:35.000 UTC,Withdrawal,0x550ce252083b7d8fbb4c7cfc4ce63853336a648021c17298a240180bb0d89726,0xec15c20015e72748f03065ed80c41cb882e3fb66,0xea7c60ba79508855dc3c869dae5b407e6f9fc307,0.1,0.00102
0.2,2025-07-18 19:41:23.000 UTC,Withdrawal,0x8c41292d0253fe7868facb207a0e521f2050b354b83c864109d5cacc0d578c0f,0xec15c20015e72748f03065ed80c41cb882e3fb66,0x349746ab142b5d0d65899d9bcb6f2cd53ab084d8,0.2,0.00196
1.0,2025-07-18 17:42:47.000 UTC,Withdrawal,0x717e2c799096d2de0b73fb4e186ba2c6553ba6dba7c44654142bb348b32d4749,0xec15c20015e72748f03065ed80c41cb882e3fb66,0x41b9d1643bd66f04adb7cab38ca4f7c05420a86a,1.0,0.0031
0.1,2025-07-18 12:25:47.000 UTC,Withdrawal,0x3ce8f7e467d8a011e54ca49c864a960e7e7e32cb1c52dc160db6a4047d3fc5cc,0xec15c20015e72748f03065ed80c41cb882e3fb66,0x387fe763ddac7a6b568ee344fefc31f626bc837b,0.1,0.0034
0.1,2025-07-18 09:37:59.000 UTC,Withdrawal,0x87b6c26128f4523f50118df95c81618162bcde45cfdb916824bda662c0e362a8,0xec15c20015e72748f03065ed80c41cb882e3fb66,0x349746ab142b5d0d65899d9bcb6f2cd53ab084d8,0.1,0.0022
0.1,2025-07-18 09:36:35.000 UTC,Withdrawal,0xef3b16e5d417f54728934317d4b08d7f989a797cfa5b94e349a72ed18a3046b7,0xec15c20015e72748f03065ed80c41cb882e3fb66,0xb812da60f42df74fc89085c99324e6d08550a5c5,0.1,0.00239
0.1,2025-07-18 09:17:47.000 UTC,Withdrawal,0xa6a5bf0f32e790050ade0adb6d933277b620f2a7f6094275c2b010e9ecef9738,0xec15c20015e72748f03065ed80c41cb882e3fb66,0xcc4325454afa0e8cfaff5457453c427e66904e5d,0.1,0.00266
0.1,2025-07-18 06:59:47.000 UTC,Withdrawal,0x10f459deb96ec9172a32967374999a9e85d4e43e6fc06f042452d23e7d59d15c,0xec15c20015e72748f03065ed80c41cb882e3fb66,0xd734dce28bcb7cfb02978f4b985e279c78249015,0.1,0.00298
0.5,2025-07-17 19:07:11.000 UTC,Withdrawal,0xf36537d826ce707e63d4b970a5720aa19ae7a65f6de664aa752f143fd4061063,0xec15c20015e72748f03065ed80c41cb882e3fb66,0x83374a5ab3411d95b77acb657918bb6478894453,0.5,0.0057
0.2,2025-07-17 17:20:23.000 UTC,Withdrawal,0xc8c532d815f72622033c2e1577c29249804cc383719df825aca84bcf6e52bade,0xec15c20015e72748f03065ed80c41cb882e3fb66,0x037f29ce01d56a51829b78acb0702763d542bbec,0.2,0.00968
3.0,2025-07-17 16:28:47.000 UTC,Withdrawal,0xc09063aef374a4063c4bb79582426b686f067c6e89e34726967b9db395d0f1f5,0xec15c20015e72748f03065ed80c41cb882e3fb66,0x9c4c166037e987538f06f1f62a8da656d7b81094,3.0,0.0234
0.1,2025-07-17 11:18:47.000 UTC,Withdrawal,0x0c5cf51ea43fdc69b96c077276dfd279ce222b909817b9b72ecd44ad5f65063f,0xec15c20015e72748f03065ed80c41cb882e3fb66,0x974dff57f92caa66d30365f16864b8e351c8116b,0.1,0.00247
0.4,2025-07-17 09:15:11.000 UTC,Withdrawal,0x9158c6ffaa145c15c5ca4c572f9a9fb604e1617f90f866b7ce4375db4ef202e9,0xec15c20015e72748f03065ed80c41cb882e3fb66,0x33f520e8497db01f1c1b9b0dec620e3fb2e6ba1b,0.4,0.00316
0.15,2025-07-17 06:07:11.000 UTC,Withdrawal,0x1e3dbe06a0153e778ad488b2405270a45ec243ed462a9def5f6d56f588c5df1e,0xec15c20015e72748f03065ed80c41cb882e3fb66,0xd97e52e3c62401768f220bda8b7dfec1672567fa,0.15,0.000795
0.5,2025-07-16 19:11:35.000 UTC,Withdrawal,0x0f281002fc5e7fe0688834d7aee614ff695bce18e7b9067b21751684d3da5d61,0xec15c20015e72748f03065ed80c41cb882e3fb66,0x330485d7894f0a825d8db86a500412e9cff4facf,0.5,0.00795
0.5,2025-07-16 19:10:11.000 UTC,Withdrawal,0x29e25e07fa882f2679d7028cde868f2ed8cc665791d66eb01282758495f4002e,0xec15c20015e72748f03065ed80c41cb882e3fb66,0x330485d7894f0a825d8db86a500412e9cff4facf,0.5,0.00695
0.1,2025-07-16 13:59:11.000 UTC,Withdrawal,0x05264d581602135a885ab8a0fe0f01a59c4285353c43e66d95973482cb6d0951,0xec15c20015e72748f03065ed80c41cb882e3fb66,0x3f2d4b822896b522532b9167f3ffe9bb9b0b95ac,0.1,0.00474
0.3,2025-07-16 13:12:35.000 UTC,Withdrawal,0xfe72f632f5fda65547936ee7eef6a0e6a6858dc7151095ec07f4873671196e35,0xec15c20015e72748f03065ed80c41cb882e3fb66,0x5b0a1d9a733e8bfd4203c8014344ce020c2dba24,0.3,0.00402
0.125,2025-07-16 11:36:23.000 UTC,Withdrawal,0x91ba6649adc15fffed5398b05f77f6b35e1f9597a8b8b2ac4eaa24fff3766ad5,0xec15c20015e72748f03065ed80c41cb882e3fb66,0x74615b40c3b547617645bd98d6a4381c26aee504,0.125,0.0038
0.13,2025-07-16 11:14:59.000 UTC,Withdrawal,0xd41b9642bcc1c83240635a3563455e4b2a6758d46555e7b25512df115b7ce6d7,0xec15c20015e72748f03065ed80c41cb882e3fb66,0x1f52fea3cc1dc021b9be8ff25493b23d9471e955,0.13,0.004914
1.0,2025-07-16 10:30:59.000 UTC,Withdrawal,0x599767894c2f9c4ab5e57274649da17418215210088b5635cd17507f58b1d7c2,0xec15c20015e72748f03065ed80c41cb882e3fb66,0xd45afaa22975bb5200c758151412df92942973f8,1.0,0.0037
2.0,2025-07-16 10:28:23.000 UTC,Withdrawal,0x07c48290baa53e40498d3cfd011d537f41d86c7f09f84c2f976513d5e3278df4,0xec15c20015e72748f03065ed80c41cb882e3fb66,0xd45afaa22975bb5200c758151412df92942973f8,2.0,0.005
1.0,2025-07-16 05:58:23.000 UTC,Withdrawal,0xdcc352489ebcd9635c61d25ad51390518d3a22a94ad3bdfcf7d58bde514a8dca,0xec15c20015e72748f03065ed80c41cb882e3fb66,0x2eba11c9d5b3f82b25934bcf1bc3bac15eaca87b,1.0,0.0014
0.25,2025-07-16 00:42:11.000 UTC,Withdrawal,0xc576d6b65f8b97466b3e6206a5db404198e68a5e2de2bd8c263b899b10aed126,0xec15c20015e72748f03065ed80c41cb882e3fb66,0x438dd642d0cdc96be5920fcbdd6104186e1561c9,0.25,0.00135
0.1,2025-07-16 00:07:23.000 UTC,Withdrawal,0x3d627985c85fb53c8b59ad817cd030b3a94a6fc837a2f7bffbe5f81789a70a01,0xec15c20015e72748f03065ed80c41cb882e3fb66,0x438dd642d0cdc96be5920fcbdd6104186e1561c9,0.1,0.00114
0.1,2025-07-16 00:05:59.000 UTC,Withdrawal,0x5141e449acd04084d630f062a47a8ffbf9afa607ed806aa9cd2ff89de5a8f460,0xec15c20015e72748f03065ed80c41cb882e3fb66,0xa7ff0bc6f74fc6c49ccba87f3df51b1adf98543d,0.1,0.0012
0.1,2025-07-15 22:50:35.000 UTC,Withdrawal,0x24afdcbcc8c10b9df5b3c1e49f23cc89aa2cc2a5daf870a3166e0d984eab9934,0xec15c20015e72748f03065ed80c41cb882e3fb66,0x7e53af93688908d67fc3ddce3f4b033dbc257c20,0.1,0.00093
0.1,2025-07-15 22:28:47.000 UTC,Withdrawal,0x5f592e980e37101a5010e058d564d9325d9e065fa0bb6f07768f64387d8f6e77,0xec15c20015e72748f03065ed80c41cb882e3fb66,0x5da8bc41e383a56647c079564a175a0aed06e03e,0.1,0.0018
0.4,2025-07-15 22:19:47.000 UTC,Withdrawal,0x949b24d82c751e4d3893cfc218dd5c85c3d3fd1b8f9270c26a472d17e311b219,0xec15c20015e72748f03065ed80c41cb882e3fb66,0x92b84cd573cee3f841500d962dbc694489695d94,0.4,0.0048
0.1,2025-07-15 20:57:23.000 UTC,Withdrawal,0x966f33b2a85a84b42d02ad96758d2cfb538cf4b4542650c588b8e468b1363f6d,0x855b4a60806946fab16afccc7dda054c8ba6cf92,0xcc4325454afa0e8cfaff5457453c427e66904e5d,0.1,0.0001
0.3,2025-07-15 14:56:35.000 UTC,Withdrawal,0xf9fe8e13157ee06f22514c475708e7b7c4b9ed2db1ff88766513e8c48750f970,0xec15c20015e72748f03065ed80c41cb882e3fb66,0x6601bfb2bfebfe7858c551bc2b078c5cb3a178ef,0.3,0.012
0.1,2025-07-15 13:44:23.000 UTC,Withdrawal,0x40fdf373881ebb9edb2cdf39bfab6cf0db7a7a28eada7ba93fd94a566fdd1a2c,0xec15c20015e72748f03065ed80c41cb882e3fb66,0x6601bfb2bfebfe7858c551bc2b078c5cb3a178ef,0.1,0.00365
0.5,2025-07-15 00:12:23.000 UTC,Withdrawal,0x6245aaccbc3caba5e1c09695baeaa80b9bae74d99acc0364e7aad0f260656c65,0x855b4a60806946fab16afccc7dda054c8ba6cf92,0xe163c346be2bfe7ea9c970383a79a5ad039839da,0.5,0.0005
0.2,2025-07-15 00:11:11.000 UTC,Withdrawal,0x6e94cf9a52ab5635d6916ab572e3e2b54ac447dd4953646561e1cc0ff1a9e7ba,0x855b4a60806946fab16afccc7dda054c8ba6cf92,0x0b12314b62207db45fc30d95abffd76c15cf105d,0.2,0.0002
0.1,2025-07-14 20:59:59.000 UTC,Withdrawal,0xeb1fc9c4b1fec29b2737621a3e67a964dd827dd06fe41f7b294f08a9ae6a7238,0xec15c20015e72748f03065ed80c41cb882e3fb66,0x6601bfb2bfebfe7858c551bc2b078c5cb3a178ef,0.1,0.0008
1.0,2025-07-14 20:35:47.000 UTC,Withdrawal,0xa651f48e911e8777376ebfbfb5050bd87370c68e1814f2d3941ddef975b88100,0x855b4a60806946fab16afccc7dda054c8ba6cf92,0xe163c346be2bfe7ea9c970383a79a5ad039839da,1.0,0.001
0.1,2025-07-14 20:24:35.000 UTC,Withdrawal,0x20c6353bd3bbcadfe11f0964ef980576e713b834d30701bf2205c25830f57625,0xec15c20015e72748f03065ed80c41cb882e3fb66,0x6601bfb2bfebfe7858c551bc2b078c5cb3a178ef,0.1,0.0008
0.1,2025-07-14 05:14:47.000 UTC,Withdrawal,0x04b1d9d94385cc61343ae24c8f1f1a12a498758490892b4a31d434d855bffdea,0x855b4a60806946fab16afccc7dda054c8ba6cf92,0x0a71a621537e577ec3c68debd3fcafd5de6b5e43,0.1,0.0001
0.1,2025-07-13 09:55:47.000 UTC,Withdrawal,0xaa640158aa16117b3dc4daa2ae86f207114db56de2bec619894ad6e6fb12a52c,0x855b4a60806946fab16afccc7dda054c8ba6cf92,0xf7ae320a2e28470883e2b1c046563b6bdcc4ae9c,0.1,0.0001
0.1,2025-07-13 09:37:35.000 UTC,Withdrawal,0xe6cc9e01c6a5accb4c757eb76ad6a1b5604ec5512d3c2faa3a74bd57c676df31,0x855b4a60806946fab16afccc7dda054c8ba6cf92,0xe6f80b2cfb3fae88779e4a6721b59bffc25dde8e,0.1,0.0001
0.1,2025-07-13 01:43:47.000 UTC,Withdrawal,0x442ba27f6b74bf91dd2cd6c42ee4403ee326a0cef7588122165d2f78a2ad5c02,0x855b4a60806946fab16afccc7dda054c8ba6cf92,0x866535fe5ae6ecf95ae3f81837379aab5326486a,0.1,0.0001
0.1,2025-07-13 01:40:23.000 UTC,Withdrawal,0x4c37d1353b8275970fb45ad09d2861f503bb4dbb0b719250672b7fe1d535dac2,0x855b4a60806946fab16afccc7dda054c8ba6cf92,0x51b8929a86d376e4e0794ff41b948422f540d06f,0.1,0.0001
0.1,2025-07-13 01:38:35.000 UTC,Withdrawal,0xd3563caf0fc9b2354c78484dad216da3874707af8c94bfb30fec8e4439c74e6d,0x855b4a60806946fab16afccc7dda054c8ba6cf92,0xdd0c8ac4a03b2ce3d66b63279aa76522bb6a0ac3,0.1,0.0001
0.1,2025-07-13 01:36:35.000 UTC,Withdrawal,0xcbbb880d2de8d05c65b155dfc1b6897078dc4005c5df717a0c24627673cd918b,0x855b4a60806946fab16afccc7dda054c8ba6cf92,0x24828c71edd08e4da9055a5d6973e5493f85b9cd,0.1,0.0001
0.1,2025-07-13 01:35:47.000 UTC,Withdrawal,0x00022ce8deddaabea9126a9e29929cfc4126e5b036b7258b5a59547bf90d9808,0x855b4a60806946fab16afccc7dda054c8ba6cf92,0x6ffb131971c941a4a21138d5d4296c6449431bc9,0.1,0.0001
0.1,2025-07-13 01:34:35.000 UTC,Withdrawal,0x9e9c8d52435a93eed046b6bc737a5f43e041e7701baa02ad281d2deff3cd86c8,0x855b4a60806946fab16afccc7dda054c8ba6cf92,0xa8ed5e73400b1dde9cd9c6f70b22fbbcd4a35c73,0.1,0.0001
0.1,2025-07-13 01:33:23.000 UTC,Withdrawal,0xe98641aaa42c1066ee079047f93187f1c94d1e2908dacde89f4f82eb91475baa,0x855b4a60806946fab16afccc7dda054c8ba6cf92,0x193e5dcf7edb71e662675bf5ced46a40498a0016,0.1,0.0001
0.1,2025-07-13 01:32:47.000 UTC,Withdrawal,0x64308f0147899ac860dd7df148ebf57d5943b969265222c9402c601076d1582b,0x855b4a60806946fab16afccc7dda054c8ba6cf92,0x3ccda5f745183b2bf16b90c18b0bebbf4495ab3b,0.1,0.0001
0.1,2025-07-13 01:31:59.000 UTC,Withdrawal,0x3b4406c4f46a3220511b9afb6dcfe73b34f22b2bb545cee45f0f7a6bcb7a6582,0x855b4a60806946fab16afccc7dda054c8ba6cf92,0xe3b2115a672374416d34ed00773951771bbd7eb1,0.1,0.0001
0.1,2025-07-13 01:30:23.000 UTC,Withdrawal,0xd08d4fa88a6b0f5daf509e01ce702c4e34d36900b1c95871a73512e9c6f020d1,0x855b4a60806946fab16afccc7dda054c8ba6cf92,0x2325ed173c5735daf140d68955bbcff5fb9625ac,0.1,0.0001
0.1,2025-07-13 01:27:35.000 UTC,Withdrawal,0x38a9b0b0d26af65b914e9c70646788482c58740a60c2725716e5af4f35721815,0x855b4a60806946fab16afccc7dda054c8ba6cf92,0x3055d23cd42f38e865b0042c11d043add6246451,0.1,0.0001
0.1,2025-07-13 01:25:47.000 UTC,Withdrawal,0x9b4d800c85c9a941a74bc68092b194067661d4c6e174dabd345542366e3eb041,0x855b4a60806946fab16afccc7dda054c8ba6cf92,0x31bd761ebbf07aacc721cc308551d912be94a3f8,0.1,0.0001
0.1,2025-07-13 01:24:47.000 UTC,Withdrawal,0xefdb290e0385e9eef7657912192206058a6e26303c6c32aedf315c9fddd2e8df,0x855b4a60806946fab16afccc7dda054c8ba6cf92,0x7557ad71abd922ed8c2d6dba9e828c9fd66f057e,0.1,0.0001
0.1,2025-07-13 01:24:11.000 UTC,Withdrawal,0x3afdbd4abb20e65b782197940b6ca36ae91ea69e71f7f98b35ea5e887c1aad95,0x855b4a60806946fab16afccc7dda054c8ba6cf92,0x69bcd55a37e1c59b83871af9735043bfbe61f847,0.1,0.0001
0.1,2025-07-13 01:23:47.000 UTC,Withdrawal,0x7700da315ba2630f9d30437e6e406b45864c6bc95e4af129a1ce7d77b79a9717,0x855b4a60806946fab16afccc7dda054c8ba6cf92,0x2762b9a3fdac209f5a61fbc15e1cca239f0a35ca,0.1,0.0001
0.1,2025-07-13 01:22:23.000 UTC,Withdrawal,0xe606fa7606c97dbb2b4ba5d297fb66e54fe41661c8ca56c108fa7bb7ec57d3b1,0x855b4a60806946fab16afccc7dda054c8ba6cf92,0x89601dc6bf88a1424ce5e7fe715c5183c1ab0621,0.1,0.0001
0.1,2025-07-13 01:21:47.000 UTC,Withdrawal,0xc1f86bfa018e004a23e24de6d18f67e2843f83acace6f5e7d7f47184b0fb5012,0x855b4a60806946fab16afccc7dda054c8ba6cf92,0x56d98c4870743a1fac82bc452f4aab3ab7f1de5e,0.1,0.0001
0.1,2025-07-13 01:19:35.000 UTC,Withdrawal,0x4c333ba4fbb28f811255b0afdb576bf065229b67cae65398f4d955317925bb9a,0x855b4a60806946fab16afccc7dda054c8ba6cf92,0xf5ca189b2aa782b6d47797eeff71a163b492fc78,0.1,0.0001
0.1,2025-07-13 01:18:35.000 UTC,Withdrawal,0xbe5e3e4e0b5dbba0ff2f4ee187f4da698fa047fb8eba4c46915b9df793f86921,0x855b4a60806946fab16afccc7dda054c8ba6cf92,0x8c14d398e290da2af6d157eed95f5fba653c4b10,0.1,0.0001
0.1,2025-07-13 01:17:23.000 UTC,Withdrawal,0x70f255f30a66b3c062a134a1fac10749dc3fdcf0ea9e23bf08efbb9cb5cd5724,0x855b4a60806946fab16afccc7dda054c8ba6cf92,0x53178326222f6a483a16f0ec5d1fda80abd571ec,0.1,0.0001
0.1,2025-07-12 19:36:59.000 UTC,Withdrawal,0x03343d6929a1800329cec32b7db15a60ce4758ed18d2d1c631593972fb30f7a1,0x855b4a60806946fab16afccc7dda054c8ba6cf92,0xbd5a7934854be8ca31b1b75023a429ead1d71aa1,0.1,0.0001
1.0,2025-07-12 16:35:59.000 UTC,Withdrawal,0x7adac3e5bf9bf0142233bebbe16314eb32c8f562eaaad9356e24ac60b252402a,0x855b4a60806946fab16afccc7dda054c8ba6cf92,0x849190e903aeea55ca057d1ecb72e288ff6a3095,1.0,0.001
1.0,2025-07-11 16:52:23.000 UTC,Withdrawal,0xab69f4c41a836dea66a5e9329fc83c20c75bb95ee57328bc40d4eaac55f6ef98,0x855b4a60806946fab16afccc7dda054c8ba6cf92,0x5c394fef63ff00944e2ee1db78e7f9695de32b4f,1.0,0.001
0.3,2025-07-11 02:32:23.000 UTC,Withdrawal,0xe3db8c002225955760cbb7a4246d2bc7be17ac419e8ecce72f3f8fc52f517d63,0x855b4a60806946fab16afccc7dda054c8ba6cf92,0xcc1c486f2d6c900667a6d93330b18552c1882a31,0.3,0.0003
0.1,2025-07-10 06:47:47.000 UTC,Withdrawal,0xfdf515a565e5843536b9dae9d8a05fa359bc46a792456678f8686db14fe9957c,0x855b4a60806946fab16afccc7dda054c8ba6cf92,0x5a70a902e168fa10d8ca791683a76b9052feea55,0.1,0.0001
0.1,2025-07-10 05:23:47.000 UTC,Withdrawal,0x5f9aaad0fddd5a99b71ac6ed077064a887d27df15fb6698b3d48a87a4fa651c4,0x855b4a60806946fab16afccc7dda054c8ba6cf92,0xc9fd99aadf3c5b98adee3bde40e28c3981696e22,0.1,0.0001
0.1,2025-07-10 05:09:35.000 UTC,Withdrawal,0xbb130b63fb0ceb8b4ce44493a0cc40bfcbbe1649775fdef2d24d57641a5b5925,0x855b4a60806946fab16afccc7dda054c8ba6cf92,0xc9fd99aadf3c5b98adee3bde40e28c3981696e22,0.1,0.0001
0.1,2025-07-10 05:05:11.000 UTC,Withdrawal,0x9721edc9eb624199b0dbc82f2d0b118c099ea645197e394e2cda4b3d783e0401,0x855b4a60806946fab16afccc7dda054c8ba6cf92,0xc9fd99aadf3c5b98adee3bde40e28c3981696e22,0.1,0.0001
0.1,2025-07-10 05:03:47.000 UTC,Withdrawal,0xf055aa3972a1ae446a774e9e869831a8a6b1ca93fdf4a1f660acea7876426064,0x855b4a60806946fab16afccc7dda054c8ba6cf92,0xc9fd99aadf3c5b98adee3bde40e28c3981696e22,0.1,0.0001
0.1,2025-07-10 05:03:35.000 UTC,Withdrawal,0x99770e5b7b371b0c186b67abecf8ac3408abb9dea38a981abde6d7971e7e762a,0x855b4a60806946fab16afccc7dda054c8ba6cf92,0xc9fd99aadf3c5b98adee3bde40e28c3981696e22,0.1,0.0001
0.1,2025-07-10 04:56:59.000 UTC,Withdrawal,0x5c67cb3ef1ebcb27fdbb82fa216bee670258b382289bc260cb04b1faf133f47f,0x855b4a60806946fab16afccc7dda054c8ba6cf92,0xc9fd99aadf3c5b98adee3bde40e28c3981696e22,0.1,0.0001
0.1,2025-07-10 04:56:35.000 UTC,Withdrawal,0xf83e15ae738b3f8c808c4a1bf83f1a89331a003ef868f572e7cde6af5a80f41e,0x855b4a60806946fab16afccc7dda054c8ba6cf92,0xc9fd99aadf3c5b98adee3bde40e28c3981696e22,0.1,0.0001
0.1,2025-07-10 04:55:35.000 UTC,Withdrawal,0x58851df39a1b118ea864a58f3cd15a027ed223f010fec6f7668a9ec3d49522fd,0x855b4a60806946fab16afccc7dda054c8ba6cf92,0xc9fd99aadf3c5b98adee3bde40e28c3981696e22,0.1,0.0001
0.1,2025-07-10 04:55:23.000 UTC,Withdrawal,0xb9211eaa15ab4113117a2dbe07079e22239ef06cc2d8375ea8116cdca538e5c2,0x855b4a60806946fab16afccc7dda054c8ba6cf92,0xc9fd99aadf3c5b98adee3bde40e28c3981696e22,0.1,0.0001
0.1,2025-07-10 04:53:23.000 UTC,Withdrawal,0xe94d988f631ee79222f0f17fc6ab1bc3250e9ff4b39b42cfd98547afad622e78,0x855b4a60806946fab16afccc7dda054c8ba6cf92,0xc9fd99aadf3c5b98adee3bde40e28c3981696e22,0.1,0.0001
0.1,2025-07-09 19:00:47.000 UTC,Withdrawal,0xad257bde3a06ba9274e5ec6f2d61677912d481317a2b364b7b3012c7ca471902,0x855b4a60806946fab16afccc7dda054c8ba6cf92,0x26b6de1588150414395b25853d3cf74d3361004d,0.1,0.0001
1.0,2025-07-09 16:27:59.000 UTC,Withdrawal,0xb64f83a7845f6246a725e1b815b0c12531dc7669d3ecfd890b2646e051f9ddb0,0x855b4a60806946fab16afccc7dda054c8ba6cf92,0x92ece871de238b4371ff681b9e0b6e4a013622b6,1.0,0.001
0.1,2025-07-09 13:19:23.000 UTC,Withdrawal,0x5382679bf02e9906fa71024650ecf1ba4f3e4e0f5fa14e391bb79c8e14938c7c,0x855b4a60806946fab16afccc7dda054c8ba6cf92,0xd5974c8bbe6fafc78f795a5756909ea0fcba9bf0,0.1,0.0001
1.0,2025-07-09 13:02:35.000 UTC,Withdrawal,0x5872d39e2cd1613c85dcc79d9c1a1243b822020f43bad2f0248dc3b1b3b93fab,0x855b4a60806946fab16afccc7dda054c8ba6cf92,0x6b357e35a444931731f70afe8b4c4d2b0bd38525,1.0,0.001
0.1,2025-07-09 10:09:35.000 UTC,Withdrawal,0x260c753508d56b48f9c358f6db2369529d82c2b38144d99cbf8dd9445d7ead0c,0x855b4a60806946fab16afccc7dda054c8ba6cf92,0xb5f7868e03c63bcc59f5e8339903f105482b161c,0.1,0.0001
0.92,2025-07-09 08:50:59.000 UTC,Withdrawal,0x57d4866663f778cb01e037a6fb227df505e21c5da5127d396c1bc1aa4147fdaf,0x855b4a60806946fab16afccc7dda054c8ba6cf92,0x3f3eb1f56f09b55b53a97b4ab37327246348078d,0.92,0.00092
0.1,2025-07-08 17:44:23.000 UTC,Withdrawal,0xb7fc2c1554ae07fe3b738fa04d64b0b25976bbc6c1442890ea77a1423e293f5e,0x855b4a60806946fab16afccc7dda054c8ba6cf92,0x3810d8130282f4b879718fc844861d09707acea1,0.1,0.0001
1.0,2025-07-07 20:45:47.000 UTC,Withdrawal,0x048c39c76023b47131f0ba9c1447967dd67771c1b972cd4af4ed3e6fc9b2a472,0x855b4a60806946fab16afccc7dda054c8ba6cf92,0x2fd5a7bfe82531ff12ddb398ae9b5bf3baa28424,1.0,0.001
1.0,2025-07-07 20:40:59.000 UTC,Withdrawal,0x09fe117b2de10f3248218fd13dbc0ffced27e97635ca16f29b1cc0a3400226e3,0x855b4a60806946fab16afccc7dda054c8ba6cf92,0x6e6f566c707fdef5c9188058900a47ac21795654,1.0,0.001
0.1,2025-07-07 20:39:35.000 UTC,Withdrawal,0x818b831d99fe17daa856e3f1b78a6381d8a20717d2411011a03c8b047f134e70,0x855b4a60806946fab16afccc7dda054c8ba6cf92,0x6e6f566c707fdef5c9188058900a47ac21795654,0.1,0.0001
0.1,2025-07-07 17:08:23.000 UTC,Withdrawal,0x8e2a4a9de272ca96aed8c7d7710d7e6da89388a85df1628dd86db41b17e7cfc5,0x855b4a60806946fab16afccc7dda054c8ba6cf92,0xc73eb3156a76733b224204930b10ad71b7265670,0.1,0.0001
2.0,2025-07-07 16:48:59.000 UTC,Withdrawal,0xeee776904c9dd6d8e3da6311eaa658c88cb1ad575fb2fee6b60fe22a4d237845,0x855b4a60806946fab16afccc7dda054c8ba6cf92,0xd45afaa22975bb5200c758151412df92942973f8,2.0,0.002
2.0,2025-07-07 16:46:11.000 UTC,Withdrawal,0x52627ca703edc9e504bab12f73c417b17c4d1d3158a4999ad4e7f0e1bfdbef67,0x855b4a60806946fab16afccc7dda054c8ba6cf92,0xd45afaa22975bb5200c758151412df92942973f8,2.0,0.002
0.1,2025-07-07 02:05:47.000 UTC,Withdrawal,0x7c541ffe19ef14ab5a78b3585c65540b96e7e5694d42b0baf0642bdfbfde1738,0x855b4a60806946fab16afccc7dda054c8ba6cf92,0xe1d7f385a8182892fed54cb9745fb6deefe58c34,0.1,0.0001
0.1,2025-07-07 02:05:35.000 UTC,Withdrawal,0x6850659d8582dccd5545ea6dc9bee4d14b328c0daebd699818bdede990f33e73,0x855b4a60806946fab16afccc7dda054c8ba6cf92,0x65040ad7351bb8da051459a6a7e9f62a6b4fc4ca,0.1,0.0001
0.1,2025-07-07 02:02:11.000 UTC,Withdrawal,0x5d3994bee4910eedc1b759a45f831aee53b9e5f24b3fc849e3e66efe08bd5f94,0x855b4a60806946fab16afccc7dda054c8ba6cf92,0xe1f08efa53a0abfcc1256064cdf7f99e55019308,0.1,0.0001
0.1,2025-07-07 02:00:47.000 UTC,Withdrawal,0x32087f0306b9127c3c558a81ac2ceba96a27000378d566f9bc7bfb83813c8a0f,0x855b4a60806946fab16afccc7dda054c8ba6cf92,0x216fd3b8d93f13d8a4505fd4d6db43f4b4c25058,0.1,0.0001
0.1,2025-07-07 01:56:23.000 UTC,Withdrawal,0x6e26210b54a670e7373e88805bdf4045873c4e585dd765bc364719e8e4f5ec5c,0x855b4a60806946fab16afccc7dda054c8ba6cf92,0xfbfc929363c4703fcf05b97839d932674374b4f3,0.1,0.0001
0.1,2025-07-07 01:55:47.000 UTC,Withdrawal,0xd1d5518120770c45f947b0a5d1f290d1fed845d38e952a5dc4f48da708001d1c,0x855b4a60806946fab16afccc7dda054c8ba6cf92,0x7dd9ec6dc5e7380f24ca09e6763470471722d808,0.1,0.0001
0.1,2025-07-07 01:54:59.000 UTC,Withdrawal,0x395116727b00ce7763dca452c6ee288bc72f50dd166a5a4d1c43a7c9be0b7e22,0x855b4a60806946fab16afccc7dda054c8ba6cf92,0x16259a356c56ab72d007dad8234398eaace930c5,0.1,0.0001
0.1,2025-07-07 01:54:35.000 UTC,Withdrawal,0xbfaebdbd1220f9488edd0cb49bf6a8b6373366e233c768a72f3fb5fd28621521,0x855b4a60806946fab16afccc7dda054c8ba6cf92,0xca5eaea2e2ba2bd6d56662f94fcd5f3f8e39169c,0.1,0.0001
0.1,2025-07-07 01:54:23.000 UTC,Withdrawal,0x8c2ad60baf18ff73aa5429263b8c79faaeb70f71e144a6934f000dd8c1df77a3,0x855b4a60806946fab16afccc7dda054c8ba6cf92,0xbba8c38964ad9ee94188f0e5910d686872c1fada,0.1,0.0001
0.1,2025-07-07 01:54:11.000 UTC,Withdrawal,0xe316036f14ebc98429c83a6ef30434020806edcca754d74bb3697e38a7418f48,0x855b4a60806946fab16afccc7dda054c8ba6cf92,0x86002caf61f5762ff96db78f340ffcf8ae100ac9,0.1,0.0001
0.1,2025-07-07 01:44:23.000 UTC,Withdrawal,0xfde7f720a01f1b1f4255e4df8a2c565f8a33f74d00d3ad19812bcc5e6fd8d7f1,0x855b4a60806946fab16afccc7dda054c8ba6cf92,0xe96cd32433332e24bae7b6387c7fe4a853876de2,0.1,0.0001
0.1,2025-07-07 01:43:23.000 UTC,Withdrawal,0x0316d6b800de57c9cc5f9b19df49c76fa03ec806544376711a5b05d2bf34b725,0x855b4a60806946fab16afccc7dda054c8ba6cf92,0x0a38421a20f864030aad893cc53dafc5e2934e30,0.1,0.0001
0.1,2025-07-07 01:42:47.000 UTC,Withdrawal,0xbaadc84f504ec0af3b96199ab431feab394b19fccb7d665c9584921cafb98843,0x855b4a60806946fab16afccc7dda054c8ba6cf92,0x453771821b38598fc1ef2fbadb4f01a1717a24df,0.1,0.0001
0.1,2025-07-07 01:41:59.000 UTC,Withdrawal,0x50a82113812e23305669cfaddb2e033dfdbc19a06e26cfce83837b7c214aa7d5,0x855b4a60806946fab16afccc7dda054c8ba6cf92,0x359b4bbf417dbba0fe7896e8f84730722ecbd9c2,0.1,0.0001
0.1,2025-07-07 01:40:23.000 UTC,Withdrawal,0xc7c864217def2d1b78aa616f17cf385d2342c296cef54637c3a232fe139de291,0x855b4a60806946fab16afccc7dda054c8ba6cf92,0x48b5fcbb5c75b70d5504c40430ef67c178442697,0.1,0.0001
0.1,2025-07-07 01:38:59.000 UTC,Withdrawal,0x5bcec8d363c63dcbab6c0bbecc317e06caea86aa04d46dc4c9228dca1b5207d2,0x855b4a60806946fab16afccc7dda054c8ba6cf92,0x7fc6e8cd20dd874724921a7046c90a607f558582,0.1,0.0001
0.1,2025-07-07 01:38:11.000 UTC,Withdrawal,0x6e75b4bd2be2ca9bbf3fd7366464d23a5fa575b799d1599a0baa44b3a2230d9e,0x855b4a60806946fab16afccc7dda054c8ba6cf92,0x74908202a48968cdc98529c6ef7bee033ef6d302,0.1,0.0001
0.1,2025-07-07 01:36:47.000 UTC,Withdrawal,0x91f64297547506519a35ca526c565bc6ff084b0f5cd9e16a6f9c45f96bc080fe,0x855b4a60806946fab16afccc7dda054c8ba6cf92,0x8e3f3c53058ff4a476898bb1c9cc35717b5d02e2,0.1,0.0001
0.1,2025-07-07 01:34:11.000 UTC,Withdrawal,0x8b411cff455ca63e0a71251e4e06d0d938abd098226a319cf73d1fe2d6ff92da,0x855b4a60806946fab16afccc7dda054c8ba6cf92,0x89c6b287ff6aec631743842e8ba6fdb6032b429b,0.1,0.0001
0.1,2025-07-07 01:33:35.000 UTC,Withdrawal,0xc9ff1254491724c11c82ccece9ac816bd37bde3345d24117ae09267ef3b16db0,0x855b4a60806946fab16afccc7dda054c8ba6cf92,0x7f3f24fbc8ab0e19be255d67fe6a9d1ec30a6628,0.1,0.0001
0.24,2025-07-06 19:06:35.000 UTC,Withdrawal,0xb86fea05f866b7308aab5886fcb576b0d862a2add095583b2e4f5b490d3c3558,0x855b4a60806946fab16afccc7dda054c8ba6cf92,0x9f284614ee12ddfbce16bca2b02a6d73d66c6f4d,0.24,0.00024
0.117,2025-07-06 10:38:11.000 UTC,Withdrawal,0x4acecc78993312573765800e38225ef4971b8b455eea0169b9db138c5ff57050,0x855b4a60806946fab16afccc7dda054c8ba6cf92,0xae0bc0c7d0707e12c8c2fdfd502bb69442463313,0.117,0.000117
0.1,2025-07-06 08:15:35.000 UTC,Withdrawal,0x46be89cc86b52f287dd3a020591e9fe08ece5f80382f40af2cdb83c50ad4accf,0x855b4a60806946fab16afccc7dda054c8ba6cf92,0xc579b72fe7986b64a84948f8a41c4bee396835b5,0.1,0.0001
0.1,2025-07-06 07:14:47.000 UTC,Withdrawal,0x3e4f36df5f4a1657c1da08ca1e5f583f1484d674c6a7826c7b25fae3d44053ac,0x855b4a60806946fab16afccc7dda054c8ba6cf92,0xfb0f6f3e2c4ead649b6b1ba155067430e95eecc1,0.1,0.0001
0.1,2025-07-06 07:11:23.000 UTC,Withdrawal,0x520fe618fe872f41e8ef1c73e293536de27dd0945fb0cffdc1b20c85f50a1ab8,0x855b4a60806946fab16afccc7dda054c8ba6cf92,0xfb0f6f3e2c4ead649b6b1ba155067430e95eecc1,0.1,0.0001
0.1,2025-07-06 07:09:35.000 UTC,Withdrawal,0x3aa194966aee689291ebb4770d84762ccfec63c38d8fd81959a279f8691fd92e,0x855b4a60806946fab16afccc7dda054c8ba6cf92,0xfb0f6f3e2c4ead649b6b1ba155067430e95eecc1,0.1,0.0001
0.1,2025-07-06 07:09:11.000 UTC,Withdrawal,0x46c25ab09d7a1093fdcdb6ccc95dbad4f4e52eed834788a471b39b13600b073e,0x855b4a60806946fab16afccc7dda054c8ba6cf92,0xfb0f6f3e2c4ead649b6b1ba155067430e95eecc1,0.1,0.0001
0.1,2025-07-06 07:08:11.000 UTC,Withdrawal,0xed0bbca654bb2570eea99ca698604c68739bae953572a77890b0dd4d2b31c634,0x855b4a60806946fab16afccc7dda054c8ba6cf92,0xfb0f6f3e2c4ead649b6b1ba155067430e95eecc1,0.1,0.0001
0.1,2025-07-06 07:06:11.000 UTC,Withdrawal,0x81142a7491bd3284ee1fb5a976d8c3eef0ad5107ce9adb4ac355f5012e381511,0x855b4a60806946fab16afccc7dda054c8ba6cf92,0x1c4920eaf3408b40cda22ff04683473f00f514c6,0.1,0.0001
0.1,2025-07-06 07:03:47.000 UTC,Withdrawal,0xe97ae010270b7fc0441902d381dfcedd845b1302a7f7ddeb7a03887d7fef5bf5,0x855b4a60806946fab16afccc7dda054c8ba6cf92,0xb0a5a127e7ea7edae3463a8f907b78cf82d7d150,0.1,0.0001
0.1,2025-07-06 07:03:11.000 UTC,Withdrawal,0x7638e5404122442978d3f6cf4127cf92ee3446b340e30c7b641d5823d21c3e49,0x855b4a60806946fab16afccc7dda054c8ba6cf92,0x43aca77b232c7f4e41b3549031fff0a1160c066b,0.1,0.0001
0.1,2025-07-06 07:01:47.000 UTC,Withdrawal,0x4c26acfcb36684ad4d150b6da489a0f9e8652fb703cccea745a72b3efbc55aa8,0x855b4a60806946fab16afccc7dda054c8ba6cf92,0xaed7e30f3433f0d3f481069e9a4b31c2c503962f,0.1,0.0001
0.1,2025-07-06 06:55:59.000 UTC,Withdrawal,0xc9279db4e34e7a56c5f29f0d2df4553fe0e76561b73bc2cbbf448ab2f452f00b,0x855b4a60806946fab16afccc7dda054c8ba6cf92,0x4256c3204b3c985c4bab559970dc3c13b3d975e5,0.1,0.0001
0.1,2025-07-06 05:57:35.000 UTC,Withdrawal,0xf0920c322c5a887c1a713c420014b701291d929b06a41d4894ed1be69cd7c35f,0x855b4a60806946fab16afccc7dda054c8ba6cf92,0xee48e4a0bc2524ac831ca0300abecb29a776940c,0.1,0.0001
0.1017,2025-07-05 22:07:23.000 UTC,Withdrawal,0xbf7e9e4b784f1400823be1e4cfa5e42f0aaa417453aa1e28cc059c246f54871e,0x855b4a60806946fab16afccc7dda054c8ba6cf92,0x9446968d53569d1a700c78620a1b42cdefc4b3b1,0.1017,0.0001017
0.1002,2025-07-05 22:01:47.000 UTC,Withdrawal,0x1d7717ba755e5a99f0f293e6200807f5a5098e3776fb7e7e3e4e4e0f3fdab33a,0x855b4a60806946fab16afccc7dda054c8ba6cf92,0xc607b2a6ae9360d06912bfdcbcd1abc8fff9c1ca,0.1002,0.0001002
0.1015,2025-07-05 21:54:59.000 UTC,Withdrawal,0x590d6ce0d69f3bc03dc6661d7e766144ce4fd87d0885e9b6e0a084867579909d,0x855b4a60806946fab16afccc7dda054c8ba6cf92,0x45280c50e7b4575ac6ffd532f4c99ac8d2df2c8e,0.1015,0.0001015
0.1007,2025-07-05 17:04:47.000 UTC,Withdrawal,0x5721f9560fb3082945d195aeaa256531b2454ba9f5b2c9718990c2d816171396,0x855b4a60806946fab16afccc7dda054c8ba6cf92,0x3376e07d0105ceb66e828c488de7eab8b0e07472,0.1007,0.0001007
0.1,2025-07-05 11:18:11.000 UTC,Withdrawal,0x20cdc083094586c0e7fd944247d85db810398e8bc5113e6244aff246339143de,0x855b4a60806946fab16afccc7dda054c8ba6cf92,0x4047aef2f3a37ef3711685965c1769b796e4599d,0.1,0.0001
0.1,2025-07-05 11:16:11.000 UTC,Withdrawal,0xf50ae50ebeafb80e5ef01554961fa027cfacb4e4c639821c1b1bb77ae78e0f8f,0x855b4a60806946fab16afccc7dda054c8ba6cf92,0x753450b481c0820f0b3f2ac2dfa54eee1c26721b,0.1,0.0001
0.1,2025-07-05 11:15:23.000 UTC,Withdrawal,0x3db0079dac786c700b98ed2725186c78688314c88607cd13ebfbd10f50762d9a,0x855b4a60806946fab16afccc7dda054c8ba6cf92,0xd5199370ac1b40ea07ca4a500475837a8fface1b,0.1,0.0001
0.1,2025-07-05 11:14:23.000 UTC,Withdrawal,0x3bad572a2b7db7c9899b620f92f0dc8670087f7f894154842bde560bcf247f73,0x855b4a60806946fab16afccc7dda054c8ba6cf92,0x181c5f464c596c24d7c1913e6bcb6cde241195dc,0.1,0.0001
0.1,2025-07-05 11:13:23.000 UTC,Withdrawal,0xc71420bd99b75251dfe82b8b300aba24baf7759b14c3cd494651e6c5c2c826ee,0x855b4a60806946fab16afccc7dda054c8ba6cf92,0xd3e8b1fb5f256e7a4c4ae31f8d6379eb1c6dbfcc,0.1,0.0001
0.1,2025-07-05 11:09:59.000 UTC,Withdrawal,0x12e69afdd4074978b53e97653044c0e7c5c5493c7f1275d70dcc0ce6c223d023,0x855b4a60806946fab16afccc7dda054c8ba6cf92,0x953bd768f09aa2577a101b21dd836447369fd776,0.1,0.0001
0.1,2025-07-05 11:09:23.000 UTC,Withdrawal,0x7f057a42d9d01653c6ff0d9ba7bbd14dd3ef71ea864ca612c748ee51f8050063,0x855b4a60806946fab16afccc7dda054c8ba6cf92,0x8cd18a49ae7ddcd85548296cc955134fe1d9277b,0.1,0.0001
0.1,2025-07-05 11:07:59.000 UTC,Withdrawal,0x013f5eed0c6cfb8bc12005c66b006ff7b52f9498ecf2fc95a0a77b6553ed0506,0x855b4a60806946fab16afccc7dda054c8ba6cf92,0x9d266efe8687431b4c987b32d0961836ab2da40b,0.1,0.0001
0.1,2025-07-05 10:39:35.000 UTC,Withdrawal,0x11a2ae96a2e1ada3ded1ddfdd6727d04be36c5d8a6bb7af772178321c6c60ccc,0x855b4a60806946fab16afccc7dda054c8ba6cf92,0x74845e33923df35124fabcf6e19efa7e52c9b22c,0.1,0.0001
0.1,2025-07-05 10:37:59.000 UTC,Withdrawal,0xa3948018ba82b0aae38df39bf7a746e7e388df82bd6f20607d82b53c496190a4,0x855b4a60806946fab16afccc7dda054c8ba6cf92,0xcdd810ac440c37c85c5025cb5cead071daac53ff,0.1,0.0001
0.1,2025-07-05 10:30:23.000 UTC,Withdrawal,0xc17ff1c5d3ab201fe55e1ca61da22d869ef1a22d2edcefdf75cd6651ac1b49dc,0x855b4a60806946fab16afccc7dda054c8ba6cf92,0x734abaa1396808541ab1275f7291365b1260046b,0.1,0.0001
0.12,2025-07-05 06:37:11.000 UTC,Withdrawal,0x123e32d4c78d0c668076c959753c2a606b697ca02b9770a7457ceb89dbeb6930,0x855b4a60806946fab16afccc7dda054c8ba6cf92,0x5c17c37a496792da56c107f0410101230e9dd9b7,0.12,0.00012
0.105,2025-07-05 06:33:35.000 UTC,Withdrawal,0x3ffeb33613b85957945374d83305f0c495603a888b668becbb6f75db764aaaf5,0x855b4a60806946fab16afccc7dda054c8ba6cf92,0x20577b1ad5f90fbd54e58cb1f34c9593a5d65d5d,0.105,0.000105
0.108,2025-07-05 06:28:35.000 UTC,Withdrawal,0x2e12c974b44b3b95c3809b513b2eb9daaa22e950fa7e760360cff64b90c01f12,0x855b4a60806946fab16afccc7dda054c8ba6cf92,0x77ddd3eeee62c0b1666316924c4c6fd28ff67375,0.108,0.000108
0.11,2025-07-05 06:26:11.000 UTC,Withdrawal,0xf766326dd3bfb13b56ba97f3a26fddaed1a668fd8e87431627a55445d5a152fa,0x855b4a60806946fab16afccc7dda054c8ba6cf92,0xcd1497e3ed7a39a0ad026b0e3706d0ceb5e3c055,0.11,0.00011
0.1,2025-07-05 06:23:35.000 UTC,Withdrawal,0x70be651a9aa8d77c1c76ba6b9469a4cedd0ed9cd5beabab2eaf14ff52012fa06,0x855b4a60806946fab16afccc7dda054c8ba6cf92,0xe39a0879dc1ddea86b78dd979afb3fd803346d7f,0.1,0.0001
0.1,2025-07-05 06:21:23.000 UTC,Withdrawal,0x5af7cd8fc64394a28bdc97226478783026545ed9ed3a9088f731c505c51412bb,0x855b4a60806946fab16afccc7dda054c8ba6cf92,0x9f4429d0eb1d01a894e6393d4e23ac6b93288e89,0.1,0.0001
0.13,2025-07-05 06:19:11.000 UTC,Withdrawal,0x25a12bd109c3ad10d257fa714ebfb59963d7db6861352d85ce6a3f8ca3245032,0x855b4a60806946fab16afccc7dda054c8ba6cf92,0xeb25fc949244d179b6051c86a0014b3bdd821fde,0.13,0.00013
0.12,2025-07-05 06:14:47.000 UTC,Withdrawal,0x1abef262b26b5a5f97844976c0bd88bcbfa89f5c3793c9b17b83ad4e5a619639,0x855b4a60806946fab16afccc7dda054c8ba6cf92,0x6d4dabb2a42bc176fd25c5c1f93c651c2bbb6ed6,0.12,0.00012
0.105,2025-07-05 05:46:59.000 UTC,Withdrawal,0x29d22b6e67fab0025d28a9a8792e3925b87d6420c9f4feab1b6897a6509c9a9c,0x855b4a60806946fab16afccc7dda054c8ba6cf92,0x2b522027e42088ed906d918ba4f995660d8d0710,0.105,0.000105
0.11,2025-07-05 05:39:11.000 UTC,Withdrawal,0xc966ce25e791bf4f1976e3adcb28c982e63db2a50b18b93f5b134d9ddd897274,0x855b4a60806946fab16afccc7dda054c8ba6cf92,0xd33eef34d6162092900dc984069c1eb30464b5c2,0.11,0.00011
0.1,2025-07-05 05:30:59.000 UTC,Withdrawal,0xd7a7e5a52fa1fcd13a875e51310a56d2586d7cb3e482a527f2c3d55654fe2206,0x855b4a60806946fab16afccc7dda054c8ba6cf92,0x0db4fe399097bedf47d5f91138ea52c2d9e3e1c2,0.1,0.0001
0.1077,2025-07-05 05:28:47.000 UTC,Withdrawal,0x4e151e7ac3b938e5c9d66af0bbf830247a108427bf42eb897d5b33deeed6079a,0x855b4a60806946fab16afccc7dda054c8ba6cf92,0x2f7c3cd533652bd6a2dc7a3e4daa989e60295a40,0.1077,0.0001077
0.101,2025-07-05 05:25:23.000 UTC,Withdrawal,0x0c7ab580cc6e4fe0a133039caeface210cffb5ab4dfaf73c32ead58a0daba47e,0x855b4a60806946fab16afccc7dda054c8ba6cf92,0x2d2b0827f0e12ee80d598ad073fef554022326f4,0.101,0.000101
0.2,2025-07-05 05:22:47.000 UTC,Withdrawal,0x8d003fd38c4543f1a2449011c8f80e9bffd783b04ea152ddef21f189d7cf84aa,0x855b4a60806946fab16afccc7dda054c8ba6cf92,0x50cc94f72428cf189b894c28c00dc34ea7f4413a,0.2,0.0002
0.1,2025-07-05 05:20:11.000 UTC,Withdrawal,0x3886a1f1134007fc0e083c698d339e1641b18ceace4c1ce096cd129e483ed273,0x855b4a60806946fab16afccc7dda054c8ba6cf92,0x4925d98fc8619f989a0cfa441f0ce82edb9cfbf0,0.1,0.0001
0.11,2025-07-05 05:17:23.000 UTC,Withdrawal,0xc06ed83591eddd1fdc0f9c17e29ca9856052727fe8ae55dc34f10336b418f1da,0x855b4a60806946fab16afccc7dda054c8ba6cf92,0xdadbafd6b2d7786b4436f276d62dae68ddb47bfe,0.11,0.00011
0.1,2025-07-05 05:14:35.000 UTC,Withdrawal,0x87621ee1dda7b5f05eae2297d9aac5dcf5f38cccac44e4f817340f85cf6690b6,0x855b4a60806946fab16afccc7dda054c8ba6cf92,0x9ecbcf6eec3acc5c7025cb15fde6ce5405363e37,0.1,0.0001
0.1,2025-07-05 05:11:35.000 UTC,Withdrawal,0xdc07c957ebad3b12e2e70fa0135082cd1e2b4953538b8416da2e9d7d12446f9c,0x855b4a60806946fab16afccc7dda054c8ba6cf92,0x2d12ef10092e28d2a20ec8fc36544a9103ef8131,0.1,0.0001
0.105,2025-07-05 04:54:11.000 UTC,Withdrawal,0x54a282fe26e51ce04d39d9ab42e9d800ac8ce05acc59a09a7d389b10d4bbed36,0x855b4a60806946fab16afccc7dda054c8ba6cf92,0xa0cf67412ce9fc54d53b40c66fea7da052e091b6,0.105,0.000105
0.101,2025-07-05 04:15:59.000 UTC,Withdrawal,0xf3cfd1742c451166f3854a8d1fe9313b2fe5cb5e1e95f3bed410f3068f3f13f3,0x855b4a60806946fab16afccc7dda054c8ba6cf92,0xcad035245a7faac6af2ac3f996ff9e54555c458c,0.101,0.000101
0.1,2025-07-05 03:48:11.000 UTC,Withdrawal,0x9f6cd48098ac9e5d9f83cf06ef86ab359de7c9860cef7f509d5059761710eb35,0x855b4a60806946fab16afccc7dda054c8ba6cf92,0x5fee64e614e411c1c8080fbd37a67670515ddc51,0.1,0.0001
0.1006,2025-07-04 21:23:11.000 UTC,Withdrawal,0x822d67895c0febeee8564d7eae9cb20d967a9a6f6fcfe56cc050bf62e7d4d779,0x855b4a60806946fab16afccc7dda054c8ba6cf92,0xe847349a33ee0a90ea094b26fac76b2678fe67b1,0.1006,0.0001006
0.11,2025-07-04 18:20:23.000 UTC,Withdrawal,0x822875ddf6f5747e6ff950e5cc7a326ee1ad593f7924d4ec00e344a29f4fb1b5,0x855b4a60806946fab16afccc7dda054c8ba6cf92,0x1a7d839dad213e8664411be731754ca9abcac2f7,0.11,0.00011
0.1,2025-07-04 17:11:23.000 UTC,Withdrawal,0xf59606eab19c3b70d5de024a23436159bf7182c8d9dd6913483a185fbeebee01,0x855b4a60806946fab16afccc7dda054c8ba6cf92,0xef514ac19f5199fdcdf4ec6f42a87e1049a68d96,0.1,0.0001
0.1,2025-07-04 11:00:11.000 UTC,Withdrawal,0xd56b164d76f19fa2446576c24400e7991de1baa6f81d5a351b56f6c606888e6e,0x855b4a60806946fab16afccc7dda054c8ba6cf92,0x6b357e35a444931731f70afe8b4c4d2b0bd38525,0.1,0.0001
0.1,2025-07-04 02:11:59.000 UTC,Withdrawal,0xcb5d06bc3bae0c80d8f9095d504f9d04d084ae7673fa4c8abb59f0b7babdf42f,0x855b4a60806946fab16afccc7dda054c8ba6cf92,0xee48e4a0bc2524ac831ca0300abecb29a776940c,0.1,0.0001
1.0,2025-07-04 00:52:11.000 UTC,Withdrawal,0x316295b6af496c1dac9a5ebe3b6a5cc008e54fe2c6ce685cbc335fc64ed24933,0x855b4a60806946fab16afccc7dda054c8ba6cf92,0x67bf46fed26539c02cb0e10839e8f61847c597a5,1.0,0.001
0.1,2025-07-03 23:47:59.000 UTC,Withdrawal,0x0b156b177b98013c92d251e14081517c73c6f8a5981e3f8280c3f3ece536c6f2,0x855b4a60806946fab16afccc7dda054c8ba6cf92,0x8bfd5c80dee33444cfa26d501a422ec5d5461d81,0.1,0.0001
0.1,2025-07-03 23:46:23.000 UTC,Withdrawal,0x6dd294d2339504d04cbbcf8c842c900a7b119f30d4add68aa0b6ec6858ba5dc0,0x855b4a60806946fab16afccc7dda054c8ba6cf92,0x8bfd5c80dee33444cfa26d501a422ec5d5461d81,0.1,0.0001
0.11,2025-07-03 23:44:11.000 UTC,Withdrawal,0x9d178bc0a4daf334011a1b7d94f4f33e652e0b93aacf07dce8bf4d549107e45b,0x855b4a60806946fab16afccc7dda054c8ba6cf92,0xf2503ef6f1361552828fbc5f494c81d99b8b2440,0.11,0.00011
0.4,2025-07-03 15:22:35.000 UTC,Withdrawal,0x7205322914439faad27b38405c7660d5a1bb0bbfe1154c3488cb39739b5734e4,0x855b4a60806946fab16afccc7dda054c8ba6cf92,0xfcdd6def42ab52240ab3138a6e962f1b11723edd,0.4,0.0004
0.1,2025-07-03 15:17:35.000 UTC,Withdrawal,0xcdff91b2cee75690386f5c3b30f657ba51b82cc2e171cccb5ca5415a8cfe4ec0,0x855b4a60806946fab16afccc7dda054c8ba6cf92,0xecb66c796787734932f26a7c8b8e1dcc0090e834,0.1,0.0001
3.5,2025-07-03 12:36:35.000 UTC,Withdrawal,0x96dac85eadeb18125ac792971105abb8db9868a5caf0aa91a13aefd106f56d58,0x855b4a60806946fab16afccc7dda054c8ba6cf92,0xe2524daf81354005c7abe3164fb29ccf0bf96380,3.5,0.0035
0.1,2025-07-03 10:59:47.000 UTC,Withdrawal,0x22b53bd251d717420fc77c663792c3de4c73496eb5aa24578c72ed9f2dba702d,0x855b4a60806946fab16afccc7dda054c8ba6cf92,0x2d53f5d2fa1dcd4b5d4e5c6c0f0315291aed67b5,0.1,0.0001
1.0,2025-07-03 08:58:47.000 UTC,Withdrawal,0xf92e09cf534d53a89e9d4b0e8aac4d30e95a147bc5485eca9b14c844c8fb6360,0x855b4a60806946fab16afccc7dda054c8ba6cf92,0x09c8f6869e9d10bd682558d4d0727a84a16d0030,1.0,0.001
0.1,2025-07-01 09:02:47.000 UTC,Withdrawal,0xef5df13e81ed23653c68aee53249380b87c637caae988e189651fa1f5c90e48d,0x855b4a60806946fab16afccc7dda054c8ba6cf92,0x2317ea6a7df4e325df594f081d4db94b89b3d353,0.1,0.0001
0.1,2025-07-01 08:53:23.000 UTC,Withdrawal,0x189eabcec1fc0756fe8e14fe54bf1cfc75792377d563792f9ad3033f690600fd,0x855b4a60806946fab16afccc7dda054c8ba6cf92,0x9ae80310e96018cca159063476d067b6b8f15f1c,0.1,0.0001
0.1,2025-07-01 08:43:35.000 UTC,Withdrawal,0x24116a3ff3e20a7a2bb91dac1946ffe3fd95d11d7f3cd0a128ee65b773f8b7ce,0x855b4a60806946fab16afccc7dda054c8ba6cf92,0x64ee7d252e96644786dc944b1d2dc97f0479dd93,0.1,0.0001
0.106,2025-07-01 06:46:47.000 UTC,Withdrawal,0xe8b3b63328af1cf2d6b10bfd93af795313e922d3d36846105333ad276ecc0424,0x855b4a60806946fab16afccc7dda054c8ba6cf92,0x5bb993f7cb0821a29a2810c5d5fc2ed77bbbe720,0.106,0.000106
0.11,2025-07-01 06:42:47.000 UTC,Withdrawal,0xd9675ed89b2e568a790d9622929cfa7f327fa7ee25d14320f1902da0b2b5b695,0x855b4a60806946fab16afccc7dda054c8ba6cf92,0xeda156b0a133601b831eb08041e05338b7ad9556,0.11,0.00011
0.1018,2025-07-01 06:38:47.000 UTC,Withdrawal,0x8532184bd79855cc563832d654821de78b5877fcc147ffc7d09cea8917da8d67,0x855b4a60806946fab16afccc7dda054c8ba6cf92,0x9c2166c55100979c98a191d994c6af2b9ef7e977,0.1018,0.0001018
0.1,2025-07-01 06:28:59.000 UTC,Withdrawal,0xbe95aaf8dea2a652e2bfa5e15d61e8370386f2c9bccd0bd2ee00d848ae25b0f5,0x855b4a60806946fab16afccc7dda054c8ba6cf92,0x727cf80eb2483f7a2a743d2683c9d22cb1310420,0.1,0.0001
0.1,2025-07-01 06:23:11.000 UTC,Withdrawal,0x591a45b975717d93e8b08724df54e779028a241e5da7643aa26cf1b4f42676c7,0x855b4a60806946fab16afccc7dda054c8ba6cf92,0x26000c7b8623d75a136b696efb24d20035422875,0.1,0.0001
0.1,2025-07-01 06:17:23.000 UTC,Withdrawal,0x290b28d070ec29d2e80e23a6938a769d610854efb4792db9fb2ba7c3e0b8836b,0x855b4a60806946fab16afccc7dda054c8ba6cf92,0xfb2904ab8cbde0e9d9f1f3aca84e513afe3fe430,0.1,0.0001
0.101,2025-07-01 06:04:23.000 UTC,Withdrawal,0xc913fbe0aa94896b158309ff9687e9517096bb2e3745ce47813654fdc72a3e3a,0x855b4a60806946fab16afccc7dda054c8ba6cf92,0xe5222d206bad88e87263d64bd4a37b194d94e103,0.101,0.000101
0.1042,2025-07-01 05:41:59.000 UTC,Withdrawal,0xf8202574ac5ba680df80b02a2721e34943a13cfe9ce5afd58a613165e8e4b1e1,0x855b4a60806946fab16afccc7dda054c8ba6cf92,0xa5e115665aa052474cc13a3adb6d4be7d5924dc4,0.1042,0.0001042
0.11,2025-07-01 05:28:11.000 UTC,Withdrawal,0xb9fec765a820c19f2e1f6083acd709710a3725665ef0dcfa55aed79874b6f812,0x855b4a60806946fab16afccc7dda054c8ba6cf92,0x2b5232f0dad882cfb2ef58ac6666e85b1c12b8f7,0.11,0.00011
0.115,2025-07-01 04:23:59.000 UTC,Withdrawal,0x90447cbd6d63910ee8535f707d1081d48c14782da74bd7cd5187b991d0dbe2b7,0x855b4a60806946fab16afccc7dda054c8ba6cf92,0x4264f16674a1db44d93dbe588fb538b8ced4708f,0.115,0.000115
0.1066,2025-07-01 03:31:23.000 UTC,Withdrawal,0x0fded2ee45404c97d30d4988e03736f2ccd57b43c5e551f462b8e042ba231392,0x855b4a60806946fab16afccc7dda054c8ba6cf92,0xf5ca1066cbc498dfd2a7a3f4b77ac6d9a977e55f,0.1066,0.0001066
0.1025,2025-07-01 03:21:35.000 UTC,Withdrawal,0x82e7c24aa3e4ed9892aa9ea6694a6da1976d53568587b8708a93e221b27721ab,0x855b4a60806946fab16afccc7dda054c8ba6cf92,0xd9ab650e990654d8ecc0ae61dcf421dc82af877a,0.1025,0.0001025
0.105,2025-07-01 03:01:47.000 UTC,Withdrawal,0xb3a168abaa9de0b5a43c9b069eef04791a7851d272ecdb1d5bb56642d523dc83,0x855b4a60806946fab16afccc7dda054c8ba6cf92,0xc628ab0992f9124a0c67b7cef15ec06fd2d5a55a,0.105,0.000105
0.125,2025-07-01 02:54:47.000 UTC,Withdrawal,0x981809cad9e9e66c71a3bf48a7dac8fe8432d0a1092bff493dfcab606e18908f,0x855b4a60806946fab16afccc7dda054c8ba6cf92,0x0bc2576f271fd7986b657e217c65edd4ceea1d5e,0.125,0.000125
0.115,2025-07-01 02:48:23.000 UTC,Withdrawal,0xc4335ca2d72990bad5921066b30e9451a79874c3cbe3d30b6f9c7ac77b2bb5d8,0x855b4a60806946fab16afccc7dda054c8ba6cf92,0x29db2eed10508b02cb9fcda112f7175f92d77fc8,0.115,0.000115
0.1038,2025-06-30 20:49:11.000 UTC,Withdrawal,0x2503c88f5151408b1ab9fcb109ed22b74e588f1b994283287b438586735277c8,0x855b4a60806946fab16afccc7dda054c8ba6cf92,0x9c77bbcfa116b3fcfb8adabe2644b58d5bfa2cdb,0.1038,0.0001038
0.1,2025-06-30 20:47:47.000 UTC,Withdrawal,0xf3bf0975ff4db3fa91176c7a05c90d424bf4b1733911c0b0724a5b31158f5e29,0x855b4a60806946fab16afccc7dda054c8ba6cf92,0xfcdd6def42ab52240ab3138a6e962f1b11723edd,0.1,0.0001
0.1011,2025-06-30 20:47:11.000 UTC,Withdrawal,0x3c58e6c0ba65896eb42fd24b403f7fd205544eee9b9e95505a65ada8694ff91e,0x855b4a60806946fab16afccc7dda054c8ba6cf92,0xf141c38649b8f23d50d6d142b15bd3013f146068,0.1011,0.0001011
0.1,2025-06-30 20:46:59.000 UTC,Withdrawal,0x450fcff3af8b12689b8c8deeb38b9473ed291dc9aa3de86bd8efbd1e721812b8,0x855b4a60806946fab16afccc7dda054c8ba6cf92,0x5553a5290f3789dc79d3bdac47e7bb323e40b81d,0.1,0.0001
0.1032,2025-06-30 20:45:11.000 UTC,Withdrawal,0x0accccf8bf8691eb6d5c852701c26c4f46dc205ddc258f96df9ec8a08affb00b,0x855b4a60806946fab16afccc7dda054c8ba6cf92,0x603d549367e0875d21a01f47b0b3077c5b31e033,0.1032,0.0001032
0.1022,2025-06-30 20:41:23.000 UTC,Withdrawal,0xea90bdae3e1c91cc22abfdeeab98fba3a29cf307ac3fbe584a66ae6c1ee4d7a1,0x855b4a60806946fab16afccc7dda054c8ba6cf92,0x0b83636c5f80eb1ac1a81b6ed9c89c33eb2848e7,0.1022,0.0001022
0.1,2025-06-30 17:12:23.000 UTC,Withdrawal,0x9f054f0ce03d7319de103edf0fbc4311a17e70cde5fc0f118ffe8800819e55eb,0x855b4a60806946fab16afccc7dda054c8ba6cf92,0x2b9266832083872cfca96de7c4f56e0051035d9d,0.1,0.0001
0.1,2025-06-30 15:26:11.000 UTC,Withdrawal,0xec013605c46fc0860e047b28b58834615fe3b8617ac1f8b0c8f706dc8eeb4936,0x855b4a60806946fab16afccc7dda054c8ba6cf92,0x512e07a093aaa20ba288392eadf03838c7a4e522,0.1,0.0001
0.14,2025-06-30 10:59:11.000 UTC,Withdrawal,0x4a8188fc889044b6e03dae1b52ce66a6f167b3f659784139694af052509ee10a,0x855b4a60806946fab16afccc7dda054c8ba6cf92,0x16804098fe9172c68c70e8e629e87c5b8c7b2bd3,0.14,0.00014
0.1,2025-06-30 07:52:47.000 UTC,Withdrawal,0xbcd61459c973dee88e8bc3bba1b494c5603b94ccfa6cbf704bb967c56b42f54f,0x855b4a60806946fab16afccc7dda054c8ba6cf92,0x234090e225efe8bfdeca7fb59b094ebe48b3166b,0.1,0.0001
0.104,2025-06-30 07:20:35.000 UTC,Withdrawal,0x85237338585bd11deafa86d3ad5462da806b33059a7e8d51dbf4c2b24c28ac7f,0x855b4a60806946fab16afccc7dda054c8ba6cf92,0xdadbafd6b2d7786b4436f276d62dae68ddb47bfe,0.104,0.000104
0.1,2025-06-30 04:02:59.000 UTC,Withdrawal,0xa80b95f81408d38f39ed88a747a67b1f3ae5d6252aa2d4eab693be2785148a85,0x855b4a60806946fab16afccc7dda054c8ba6cf92,0xae5e914b1770cf541d1b9f7d377e08c4cc128f8e,0.1,0.0001
0.3,2025-06-30 03:43:47.000 UTC,Withdrawal,0xb6b55a3ce1a35320fa592f9d1b99799c9d80ed1ef318f1165231197bdea2c617,0x855b4a60806946fab16afccc7dda054c8ba6cf92,0xae5e914b1770cf541d1b9f7d377e08c4cc128f8e,0.3,0.0003
0.1,2025-06-30 02:22:11.000 UTC,Withdrawal,0xd95a1e95b9addf59552ea3a12fdf9cd8e396057fe2747b2a54554f4cd2cc2770,0x855b4a60806946fab16afccc7dda054c8ba6cf92,0x1f5dce2970f747adb4a397222f0baf587ba10eed,0.1,0.0001
0.1,2025-06-29 18:35:47.000 UTC,Withdrawal,0x24e1377ea5b632d527c250129817085f3093c7e9bddd4816417b1c8ad19323c1,0x855b4a60806946fab16afccc7dda054c8ba6cf92,0x704c1c63e33b75cf188b36b2fcc5e4c7b53d6bd9,0.1,0.0001
0.11,2025-06-29 07:56:47.000 UTC,Withdrawal,0xb795536e49630ea5b48e9ff9fb0c153a6cfbdacddbce73d66cda5028e57d8a71,0x855b4a60806946fab16afccc7dda054c8ba6cf92,0x30c51d6c21519089cf3a6a89c17ff7786106fbd7,0.11,0.00011
0.5,2025-06-29 01:17:35.000 UTC,Withdrawal,0x692a04d8c77b120702e2bb449d542fdd1107fee7ce6e0cbce92a5afdecc4f3bc,0x855b4a60806946fab16afccc7dda054c8ba6cf92,0x04cd1fddf376265fd18e0815b36d3e3e00b3cd0f,0.5,0.0005
0.1,2025-06-29 00:20:47.000 UTC,Withdrawal,0xc928999e767dd92d2c9f48ff22884c082b8d546b42ef9ccb341f73f137a39d0b,0x855b4a60806946fab16afccc7dda054c8ba6cf92,0xd6f06a5ece8718d9f76c8691d647efd411bd02bd,0.1,0.0001
0.1805,2025-06-28 16:58:59.000 UTC,Withdrawal,0x4c8ffb8135a0d416988d41f2fc8e27ef90de996f1de55b7d5ca8f99c7db2cb5f,0x855b4a60806946fab16afccc7dda054c8ba6cf92,0xd6497cbc3b1d40c3d2461a70b8eefe1556a9de0d,0.1805,0.0001805
0.5,2025-06-28 10:53:23.000 UTC,Withdrawal,0x5dd1f4759d8fe7fe8ce356e44f0d05be8f43455456e5dd6763b46299ae1de620,0x855b4a60806946fab16afccc7dda054c8ba6cf92,0xae5e914b1770cf541d1b9f7d377e08c4cc128f8e,0.5,0.0005
0.1,2025-06-28 10:47:47.000 UTC,Withdrawal,0x383808138f78c6a6170c8baecb64d71504c2aebc4eae735c47e4f311ebc49821,0x855b4a60806946fab16afccc7dda054c8ba6cf92,0xae5e914b1770cf541d1b9f7d377e08c4cc128f8e,0.1,0.0001
0.1,2025-06-28 09:28:23.000 UTC,Withdrawal,0xf07b6883c6e13fcaa44faa66c90749ed32ee8e2b0108ed551a9f4324edc14d5f,0x855b4a60806946fab16afccc7dda054c8ba6cf92,0x46987a1c9a90ad9684dd8f6adf2824eecba5b341,0.1,0.0001
0.1,2025-06-28 09:26:23.000 UTC,Withdrawal,0x661c931368b9bb04483d938925e299e7b5eaf860e9f72c98cf5f141a03323226,0x855b4a60806946fab16afccc7dda054c8ba6cf92,0x7ece85d2216e4f2aedde00a84b35fb22124baf80,0.1,0.0001
0.1,2025-06-28 09:25:35.000 UTC,Withdrawal,0x3f25345c0768416d41a63c51ef0b3f379e77c3e158e22b957de647145c9c243d,0x855b4a60806946fab16afccc7dda054c8ba6cf92,0x725e79b8037ceccef7f8b2a570e4431050a56a6b,0.1,0.0001
0.1,2025-06-28 09:24:35.000 UTC,Withdrawal,0x33dd4e52694c4add02f26cc2a4c60f3b7c19ed727a11fbb1b5acb84bc51f94e2,0x855b4a60806946fab16afccc7dda054c8ba6cf92,0x99ba40e13c4f9313fa350fed044eba0df6db3188,0.1,0.0001
0.1,2025-06-28 09:23:59.000 UTC,Withdrawal,0x06651df3d74e8e5fae6e067a81236dbbc4cd7a2d86055e53381c710e60a03906,0x855b4a60806946fab16afccc7dda054c8ba6cf92,0x6a2623f8b9ab949959b03d33fcd6abaabcc8c683,0.1,0.0001
0.1,2025-06-28 09:23:11.000 UTC,Withdrawal,0x9e91aab8a5889b9cf5485bc76caa1201a08df068d286d30e9c291c4a04366991,0x855b4a60806946fab16afccc7dda054c8ba6cf92,0x3ec43c61a74d22be1512f600885ec76c72adf97d,0.1,0.0001
0.1,2025-06-28 09:22:23.000 UTC,Withdrawal,0x988bbfb03cee88717f62692ee23dfb76eac6250aa06c1e74fa922a53b95f2797,0x855b4a60806946fab16afccc7dda054c8ba6cf92,0xfeba502ab7004651a12ea6f9e5c9f33fcb99bbcb,0.1,0.0001
0.1,2025-06-28 09:21:59.000 UTC,Withdrawal,0x340e92f19652abb6a2df29e0c3ea6a6a0029b864eb31739795c09e2602086c87,0x855b4a60806946fab16afccc7dda054c8ba6cf92,0xd96c1df9a6dd3b1c4bf59408dd9519a34c4fb7fb,0.1,0.0001
0.1,2025-06-28 09:21:11.000 UTC,Withdrawal,0x13ba66c5fb98aa99f26c01ec26229d2ace0273c258f3c95fddafdcfd1acb6f34,0x855b4a60806946fab16afccc7dda054c8ba6cf92,0x565000f615f2ae080a977b46ba890a80f87900c3,0.1,0.0001
0.1,2025-06-28 09:20:35.000 UTC,Withdrawal,0x1ec09cc6b6af0c62e3bebfe5f713c20b6324165c991419b05916bd758bc2f449,0x855b4a60806946fab16afccc7dda054c8ba6cf92,0x116cab751f752515f7e4840fb2bf7e752cc491ac,0.1,0.0001
0.1,2025-06-28 09:14:59.000 UTC,Withdrawal,0xa15dd9af955a0b934c8ffc2c5f88d2da7ec2d746dd03d53cd56ac2a102f78ac9,0x855b4a60806946fab16afccc7dda054c8ba6cf92,0xbe94b914b3cb78dd74d4e80268ca8bdf769203c0,0.1,0.0001
0.1,2025-06-28 09:14:11.000 UTC,Withdrawal,0x42702aec32be71e89a55604f32fe5a9e68a33114268467efee9ce576025d2b8d,0x855b4a60806946fab16afccc7dda054c8ba6cf92,0x3d2489300a8ed0dfbec9c314394efd83779734bc,0.1,0.0001
0.1,2025-06-28 09:12:59.000 UTC,Withdrawal,0xbeebf95c86b20e784ff6d4dac4621b79f385344989bc9ff5f1b64a5ca178d05b,0x855b4a60806946fab16afccc7dda054c8ba6cf92,0x6795445c2084a14a33ba33ae3103b0f99e49e31f,0.1,0.0001
0.1,2025-06-28 09:11:23.000 UTC,Withdrawal,0xfa41d9293d22e462fa9a8086c0531f31e5a919ff15e8bd1bc9b5a4d3795eaf72,0x855b4a60806946fab16afccc7dda054c8ba6cf92,0xb0116243af9d5eb56b4a3fbe1f0c90445be8ba81,0.1,0.0001
0.1,2025-06-28 09:09:47.000 UTC,Withdrawal,0x1b0f00a6384c7a894dbd19f592452be0d9f50f6d44e09a1e18060b06c9284ecd,0x855b4a60806946fab16afccc7dda054c8ba6cf92,0x1effcb73803dac5e4f106905919d6129ce3f1283,0.1,0.0001
0.1,2025-06-28 09:09:35.000 UTC,Withdrawal,0x372056a7b23c6654c54ad02bf3b6816162d766d81ac8b335e980c5b12d67e731,0x855b4a60806946fab16afccc7dda054c8ba6cf92,0x215cffe546ac0f3ba78040c9551d5a29e060ec57,0.1,0.0001
0.1,2025-06-28 09:08:23.000 UTC,Withdrawal,0x7dd037bc1658c808b1537c856fa4890d84c30b5bce9639f84e2096cbb5abd65a,0x855b4a60806946fab16afccc7dda054c8ba6cf92,0x6384448c4da6d2667e7b12eed74805e9bcbddc70,0.1,0.0001
0.1,2025-06-28 09:07:11.000 UTC,Withdrawal,0x486f39a03dce25f0d386acfb7ce8b428443b6ee61a2a16acb96756cb1e989221,0x855b4a60806946fab16afccc7dda054c8ba6cf92,0xeb7b1956f3b13efd81d216e9340de9a1c9481ce4,0.1,0.0001
0.1,2025-06-28 09:06:47.000 UTC,Withdrawal,0xdb4e0b0765054631a92f77a6a48d61e86222e29f2625a9d1e2cf038c24b64e79,0x855b4a60806946fab16afccc7dda054c8ba6cf92,0x8df541650362c1eff979789c45cef7aeb8255a55,0.1,0.0001
0.1,2025-06-28 09:05:23.000 UTC,Withdrawal,0x00f7e85bf49a1b0b994af24da000f368569c63e96d5fcf8461468dfa4f62c08b,0x855b4a60806946fab16afccc7dda054c8ba6cf92,0x23ce0caba6725c9f1284417fc969604b6d1e8a02,0.1,0.0001
0.1,2025-06-28 06:37:47.000 UTC,Withdrawal,0x2e6974fc1070f80bbafbb923f0949080b4c36913db43dbf782212f42344a0491,0x855b4a60806946fab16afccc7dda054c8ba6cf92,0xee94b45225b825311cff06f2207a9fbb47497b84,0.1,0.0001
0.1,2025-06-28 06:35:47.000 UTC,Withdrawal,0xb7fb3038a97dc067b7928b99ad5f041a7fba4a9ac1637cfc7923fffdd630212e,0x855b4a60806946fab16afccc7dda054c8ba6cf92,0xd80b818051571e941faa63d3da1e7806a0949235,0.1,0.0001
0.1,2025-06-28 06:31:23.000 UTC,Withdrawal,0x15b2b052e1bf502418d42b10679c6b48cebeda6e9d3b7909d9b81bf5ddc08548,0x855b4a60806946fab16afccc7dda054c8ba6cf92,0x40b4306ad41a2a5d11960f9eee94b3404998fded,0.1,0.0001
0.1,2025-06-28 06:21:35.000 UTC,Withdrawal,0x488ed58efb563e91eebf5a4d4db9e4d2db965dc53541bf1feef60b74d4533fde,0x855b4a60806946fab16afccc7dda054c8ba6cf92,0xf1ec19db8a1b84b936fb1fbffbb7776ab3d27cb2,0.1,0.0001
0.1,2025-06-28 06:21:11.000 UTC,Withdrawal,0xa3713758c2ae86672c85456577f6ddfb295a4ecd8e780b66bfff4b3afcd74f79,0x855b4a60806946fab16afccc7dda054c8ba6cf92,0xe4901ca3a91483a9d0251c9fa51112b2559efd34,0.1,0.0001
0.1,2025-06-28 06:20:23.000 UTC,Withdrawal,0x1a06da8b768d46120522c3ecc7acb30120e7d065bb5a332937c0e72bdc794eb0,0x855b4a60806946fab16afccc7dda054c8ba6cf92,0x9765c788098aa7f13b04506ab76b3bd677992b96,0.1,0.0001
0.1,2025-06-28 06:15:47.000 UTC,Withdrawal,0x91f280c784f7fc3788db7b5db20d47ac8da947001a9f65e6680b7826a4365cce,0x855b4a60806946fab16afccc7dda054c8ba6cf92,0x44f4916f43c0ba2205ccc5d7314834c71d5e77c3,0.1,0.0001
0.1,2025-06-28 06:15:23.000 UTC,Withdrawal,0x1bf4aef1f740a23901024e70bdfe39d874cb25d591f7a595b6bf8a99d11f1bc8,0x855b4a60806946fab16afccc7dda054c8ba6cf92,0x37497ce45c3ad34cfd1dbcdd77c3404c5388f4b4,0.1,0.0001
0.1,2025-06-28 06:14:35.000 UTC,Withdrawal,0x7244f6c1e410fdfae48848d57de7f0660e1f732cc03fea83369734395a70d873,0x855b4a60806946fab16afccc7dda054c8ba6cf92,0x5109402562a0c73b1e186d86b879c611afd835a3,0.1,0.0001
0.1,2025-06-28 04:11:59.000 UTC,Withdrawal,0xa1e5c22679730b16767091e0c5ce2f760554de99bdf3a3716390b182bef988e4,0x855b4a60806946fab16afccc7dda054c8ba6cf92,0xd832a9d74edfd899dee6ac7cc693b14d03237617,0.1,0.0001
0.1,2025-06-27 18:21:47.000 UTC,Withdrawal,0x7e0e9246607b20c118ca39489cbf70b3a51aba8c2764547e6bd745daa5b48263,0x855b4a60806946fab16afccc7dda054c8ba6cf92,0x512e07a093aaa20ba288392eadf03838c7a4e522,0.1,0.0001
0.1,2025-06-25 17:05:47.000 UTC,Withdrawal,0xa2654ce1cea1b1d66eb640e29d55a4dde7905d26e8197f07b9eb10a8c4bbd8f0,0x855b4a60806946fab16afccc7dda054c8ba6cf92,0x355ed535f8cf182c133e0bca87df7243310c0d7c,0.1,0.0001
0.12,2025-06-25 07:21:59.000 UTC,Withdrawal,0x8f29dc1ad7d1643f7524959caa053133ac44b2940b914461e42aabde756c785d,0x855b4a60806946fab16afccc7dda054c8ba6cf92,0xa6a8824d9c074a35acd6564efecb1417ed45c9f1,0.12,0.00012
0.9,2025-06-24 08:37:47.000 UTC,Withdrawal,0xc1edba08fa4084a1e92fb0dc7f3d119fe7df90bec68265a186d7f42999f7b791,0x855b4a60806946fab16afccc7dda054c8ba6cf92,0xe410d1b0be93c63945c64f81bb4c96dfaaad3f9f,0.9,0.0009
0.1,2025-06-24 07:25:11.000 UTC,Withdrawal,0x8ff541f25da8b5feb44972f7b290a412e49d6e37d1b13bdc3526202555400949,0x855b4a60806946fab16afccc7dda054c8ba6cf92,0x99bff3fa459d51c97f37f486293f386f6441b0a6,0.1,0.0001
0.1,2025-06-24 07:23:47.000 UTC,Withdrawal,0x932814339b9b12c89866b4d5b5b3e55bfeb6a7dce18cace1bce27f652a0a53fe,0x855b4a60806946fab16afccc7dda054c8ba6cf92,0x670c3ff96527d7ec4b6ab1bcbce9844efdf4e159,0.1,0.0001
0.1,2025-06-24 07:22:59.000 UTC,Withdrawal,0xed88080d4cf1ba7fa64b6e3f514e06c54076a7b30f9b459f3ddf7220d8c35c91,0x855b4a60806946fab16afccc7dda054c8ba6cf92,0x369aec377f66a45c0d4347c3b655ec26dc2695d7,0.1,0.0001
0.1,2025-06-24 07:22:23.000 UTC,Withdrawal,0x521e36f7d8c67f830ccf990c0d69953ce23d0e8a6b4dcb8ed54ad887f7f0d781,0x855b4a60806946fab16afccc7dda054c8ba6cf92,0xafc346fe1c8650f8c04b5debc7bc257b48db82da,0.1,0.0001
0.1,2025-06-24 07:21:47.000 UTC,Withdrawal,0x18896ec279e50e2237adc2a8438a2552e9a265383a17ae5146a8386bb8caf2af,0x855b4a60806946fab16afccc7dda054c8ba6cf92,0xf2d96b74b04c921312f28092d5b4d5bf20bc447c,0.1,0.0001
0.1,2025-06-24 07:20:59.000 UTC,Withdrawal,0x9509a9917dd206d6366b3a8f5869697ba2ed6d40a2df0052324061acc942f75e,0x855b4a60806946fab16afccc7dda054c8ba6cf92,0xc0d507caa162be008efa8ad2e582f7c66c367888,0.1,0.0001
0.1,2025-06-24 07:20:23.000 UTC,Withdrawal,0x1afc274c06ae7ea8abf5357bb567ca6feb42757f606605ecb68aa6f1913ab64b,0x855b4a60806946fab16afccc7dda054c8ba6cf92,0xe0713d54c24f29c425d5aa7f0fa1d02bece9f37b,0.1,0.0001
0.1,2025-06-24 07:09:35.000 UTC,Withdrawal,0xe6772e7a0f38af67cdbabefb7a91eb4c3f75094575af7b578de5de080ec577f6,0x855b4a60806946fab16afccc7dda054c8ba6cf92,0x4ea801347a259567f17a625a353763885b326cf4,0.1,0.0001
0.1,2025-06-24 07:08:11.000 UTC,Withdrawal,0xd44a5c6ee65cefa5aa939b52239389ad6a30d4f947e7e0ccaae6012ba7b9b338,0x855b4a60806946fab16afccc7dda054c8ba6cf92,0x142a30b15e68ef645ca25c83aa8b4777bfa3ebfb,0.1,0.0001
0.1,2025-06-24 07:07:23.000 UTC,Withdrawal,0x0728eb291f70d55aef06672b5b3051eb6dc10284513347a9e4cc7f3f32be026e,0x855b4a60806946fab16afccc7dda054c8ba6cf92,0x9cbe15d842bb9a86f28e37144f7b2cfc07dc9842,0.1,0.0001
0.108,2025-06-24 06:53:59.000 UTC,Withdrawal,0x31b45d71cbd4a8574092e8296b2cf1dbc999e06a74dc0fddbed515f539af303c,0x855b4a60806946fab16afccc7dda054c8ba6cf92,0xbcadea8b602c0848b07f2a185177dab8f3df585a,0.108,0.000108
1.0,2025-06-24 04:36:35.000 UTC,Withdrawal,0x215dc6eb2bc22dd207a7741286e6d55722422448c4242b8f5e6e3fe6b6ca70e0,0x855b4a60806946fab16afccc7dda054c8ba6cf92,0xf30d8676a0931d9930fe37a011f02d49b6fb547c,1.0,0.001
0.1,2025-06-23 23:56:23.000 UTC,Withdrawal,0x67e2b34bf5a520fae6b60c1ed5b230afb59a4476ffb9ac2df65e46ab2a206ce3,0x855b4a60806946fab16afccc7dda054c8ba6cf92,0xcf0c76062d824e9db7dd83b92be82f261d63a0a1,0.1,0.0001
0.1,2025-06-23 23:54:47.000 UTC,Withdrawal,0xcc42f3fc6390ce5b5fb06302af42552724181699b67909e5e071cfb8f0c00882,0x855b4a60806946fab16afccc7dda054c8ba6cf92,0xcf0c76062d824e9db7dd83b92be82f261d63a0a1,0.1,0.0001
0.1,2025-06-23 23:53:11.000 UTC,Withdrawal,0xdd721434345c9f6204ed47faf09500b5956c75f585739401046f30015add3e6a,0x855b4a60806946fab16afccc7dda054c8ba6cf92,0xcf0c76062d824e9db7dd83b92be82f261d63a0a1,0.1,0.0001
0.1,2025-06-23 23:28:23.000 UTC,Withdrawal,0xc56cf216322a91335d8ef7b3f0e62529f7d53490ad2911c86b9bbf9580594ba9,0x855b4a60806946fab16afccc7dda054c8ba6cf92,0xcf0c76062d824e9db7dd83b92be82f261d63a0a1,0.1,0.0001
0.1,2025-06-23 23:25:47.000 UTC,Withdrawal,0x4609629fece9d19f36764b858201d79346defefb3e30c198764320d6706d16ae,0x855b4a60806946fab16afccc7dda054c8ba6cf92,0xcf0c76062d824e9db7dd83b92be82f261d63a0a1,0.1,0.0001
1.0,2025-06-23 12:46:11.000 UTC,Withdrawal,0x39f606876aae897a0472d98c951efb7ad84babc71eb61df9b2571bf607558721,0x855b4a60806946fab16afccc7dda054c8ba6cf92,0x7245a1090f2965179dd434d05f25ec597b6d7bb1,1.0,0.001
0.1,2025-06-22 16:25:11.000 UTC,Withdrawal,0x39fccf510cff08d0edf5931e8a00c5f097eff32288c48ee38713ec6933888ffe,0x855b4a60806946fab16afccc7dda054c8ba6cf92,0x051e88e25aa3c4c7704776965552ef706f122842,0.1,0.0001
0.1,2025-06-22 10:32:59.000 UTC,Withdrawal,0x6dd5aeb374546c14cab335ee070ed4dbcb05568fb2c74288ddd3c66641ad0977,0x855b4a60806946fab16afccc7dda054c8ba6cf92,0xc519b4c3d8d37d37193dd00700c3fa2e7ba2a03b,0.1,0.0001
0.1,2025-06-21 19:10:47.000 UTC,Withdrawal,0x661c5d7356ed41c2d1742c50a34a7bdcb14efd16696c03878eb517b10281069e,0x855b4a60806946fab16afccc7dda054c8ba6cf92,0x6d61070a83ab80b97b72dce9d10dad357acc6314,0.1,0.0001
0.1,2025-06-21 10:36:47.000 UTC,Withdrawal,0xa31688dc77c16585eba1de510d90346c1ab096738d58c10edb45b0b1ff8830fc,0x855b4a60806946fab16afccc7dda054c8ba6cf92,0xcc4325454afa0e8cfaff5457453c427e66904e5d,0.1,0.0001
0.1,2025-06-20 11:21:35.000 UTC,Withdrawal,0x83ed541f97883da0a63e23bbc9b6f312f92fef3dcaf84baef770a88848927b72,0x855b4a60806946fab16afccc7dda054c8ba6cf92,0xc79d88653b62de315b299b8c64eaf99d232f60cb,0.1,0.0001
0.1,2025-06-20 00:09:47.000 UTC,Withdrawal,0xaddecec854cf889c99f47d043afec22c480b52811eea4356ef186534c7be069d,0x855b4a60806946fab16afccc7dda054c8ba6cf92,0x18ac7e8ea3d4fbed04537129e61af9c7e83df6e3,0.1,0.0001
0.1,2025-06-19 20:38:47.000 UTC,Withdrawal,0xb47b4ae3b1e4e533476896425e7989de3df3abe121e757c4030f65055d0bbba5,0x855b4a60806946fab16afccc7dda054c8ba6cf92,0x073a5d7da0db994a6c54ae8a90cbe175c6161781,0.1,0.0001
0.1,2025-06-19 20:23:47.000 UTC,Withdrawal,0x476fa3bde4b6e7f4fe7e7c66672bab4f0ea74f2b2a4b900134592d9d8e37ae24,0x855b4a60806946fab16afccc7dda054c8ba6cf92,0xdcf752a187518ad5fb8fbdfbfdef10948267d732,0.1,0.0001
0.1,2025-06-19 20:20:59.000 UTC,Withdrawal,0x5a6afa9a8719bd052444c5040d42b965d1440a88fec0a5d4b3760dd7464daf1a,0x855b4a60806946fab16afccc7dda054c8ba6cf92,0xdcf752a187518ad5fb8fbdfbfdef10948267d732,0.1,0.0001
0.1698,2025-06-19 16:46:59.000 UTC,Withdrawal,0xd85a4e9fd099db7546c39b97d517978555f017aae1f9aa4652ed54a561789a79,0x855b4a60806946fab16afccc7dda054c8ba6cf92,0x736ebaa8c84f838c05e0b66ca014b142ec6144df,0.1698,0.0001698
0.1,2025-06-19 13:43:35.000 UTC,Withdrawal,0xf958b7e4218bb8afcfb38a09d88aed7a6bea0ff73ca8e47f167e7e81b692620f,0x855b4a60806946fab16afccc7dda054c8ba6cf92,0x3b901b3770e7089b0981d2c8c43bc3cba7c22221,0.1,0.0001
1.11,2025-06-19 10:49:35.000 UTC,Withdrawal,0x5e7590e27bccb2f445d0d0223de2fefc04d8a066afe39bc220692ee56fbde9ed,0x855b4a60806946fab16afccc7dda054c8ba6cf92,0x03d15ec11110dda27df907e12e7ac996841d95e4,1.11,0.00111
0.1,2025-06-19 04:14:59.000 UTC,Withdrawal,0xb6fbbf93b0881762c07fe32674329157bc876ea8ca0a32bd4c88ca98b3390b1a,0x855b4a60806946fab16afccc7dda054c8ba6cf92,0xfed4a3ded63c2a89c2f58ee2cb3028a1e284d799,0.1,0.0001
0.45,2025-06-19 02:18:59.000 UTC,Withdrawal,0xd718a3d8a82e0d0cb342a63bce4616966bf25f5c8f39aa7bc8b4eac367445d3c,0x855b4a60806946fab16afccc7dda054c8ba6cf92,0x41cbfeab2c42a7fb7ee6bf7f08e94b2c5e297490,0.45,0.00045
0.1,2025-06-18 17:56:23.000 UTC,Withdrawal,0xc61924327af768bcf432340fb3d66b28755c126ef0313acf0e9a1bfd09ec1f4d,0x855b4a60806946fab16afccc7dda054c8ba6cf92,0x55eb7caee86ab7ce4638a207a7593b5e51569569,0.1,0.0001
0.19,2025-06-18 17:31:23.000 UTC,Withdrawal,0xb8242d48adc3f6614c13c6603f884ee037f4d240e6de2e45eb45ddb3c989f640,0x855b4a60806946fab16afccc7dda054c8ba6cf92,0xd4bbe7573c1090e0435bc761affa300f87c2c81a,0.19,0.00019
0.16,2025-06-18 17:24:23.000 UTC,Withdrawal,0x372b6716361f3baf03751c0e4f93830a595f5f4bdc85f27d292851552e1c38f7,0x855b4a60806946fab16afccc7dda054c8ba6cf92,0x2530475a23374c4874bdd736f72c8f7a98038b58,0.16,0.00016
0.1,2025-06-18 08:21:47.000 UTC,Withdrawal,0x57d9e5b54f60281161cca15044d76e7f541ea441849883f2bd0534f60961db4f,0x855b4a60806946fab16afccc7dda054c8ba6cf92,0x1a1087bf077f74fb21fd838a8a25cf9fe0818450,0.1,0.0001
0.1,2025-06-17 22:54:11.000 UTC,Withdrawal,0x590770855583baee5e73e53dcfe3e9a396c2448915b21d89980571b8c8f33d2b,0x855b4a60806946fab16afccc7dda054c8ba6cf92,0xf784d019ec1c68301e5f2cbe92dbf18df8031a7c,0.1,0.0001
0.1,2025-06-17 13:23:59.000 UTC,Withdrawal,0x6975b8d3a044cd3cec65232f7050b58b6d39d350a4353f13e9367226ddea4844,0x855b4a60806946fab16afccc7dda054c8ba6cf92,0xddb9ab1421e6f1d864c01ba63fb05b183d5ea4d4,0.1,0.0001
0.1,2025-06-17 07:24:35.000 UTC,Withdrawal,0x0d4a7bd58aca82d8e4b27973e5a7b0196c158267a7891affe63d7374c44990f9,0x855b4a60806946fab16afccc7dda054c8ba6cf92,0x602d38c82e1ad494d091fdac5d2af9d6011c315a,0.1,0.0001
0.1,2025-06-17 07:19:35.000 UTC,Withdrawal,0x7901c1e29e4f1415189697dad27b3f26081310d10e4cb65e8a038d26cba8be10,0x855b4a60806946fab16afccc7dda054c8ba6cf92,0xfedf4054ce977103fdb1bbaecf5c6f0505061f73,0.1,0.0001
0.1,2025-06-17 07:14:23.000 UTC,Withdrawal,0xc5b92018cc3fd7f60bc3e51a64985d10aa3de1272e37525e36804e2ac9e9559b,0x855b4a60806946fab16afccc7dda054c8ba6cf92,0x0b54444de2851f3fa2d230186f9086cd249df307,0.1,0.0001
0.1,2025-06-17 07:13:59.000 UTC,Withdrawal,0x59454e67ff1ab641f560c853a83c7970363567b5a98cd5eb6afcf7d589c69b81,0x855b4a60806946fab16afccc7dda054c8ba6cf92,0x96fa718d56fd00e07081e582efda65b9417d0429,0.1,0.0001
0.1,2025-06-17 07:11:35.000 UTC,Withdrawal,0x1eb443d73091175ed1f1e2f3ce85ac8600c418c1510af8d71a12cb73515cfb36,0x855b4a60806946fab16afccc7dda054c8ba6cf92,0x579f9db6942adac68ad979cea2e1d543e35ed9b0,0.1,0.0001
0.1,2025-06-17 07:10:47.000 UTC,Withdrawal,0x6ad672715276dfa1c77e6233103d88b393a4c6d8e574aa2f0251386cb1a11e01,0x855b4a60806946fab16afccc7dda054c8ba6cf92,0x14109a1ce2d210f9e3c7e7ac31ad2ccbac9c1ea3,0.1,0.0001
0.1,2025-06-17 07:10:35.000 UTC,Withdrawal,0xfb23dbd902c07fa51bb6222d2e35398187b3284e072469a532249a3282f31f6e,0x855b4a60806946fab16afccc7dda054c8ba6cf92,0xb903d01a0fc880fb87b6ce0809c1d5e89ce3be6e,0.1,0.0001
0.1,2025-06-17 07:10:11.000 UTC,Withdrawal,0x242f7e4d150b69cd5bb834ac6556c24c78e39a16d5fe9c20025ee1a27a0f77f8,0x855b4a60806946fab16afccc7dda054c8ba6cf92,0x4387bd334e0b3669242eef82c15cf63abb0dc4cf,0.1,0.0001
0.1,2025-06-17 07:09:23.000 UTC,Withdrawal,0x940641fa02903574abe1e65f9eeebe064a30834d4b63bfca5f4e033a5b0d40b6,0x855b4a60806946fab16afccc7dda054c8ba6cf92,0xf287e9294769a5f8afd95b77b595a1647ec0f456,0.1,0.0001
0.1,2025-06-17 07:07:35.000 UTC,Withdrawal,0xe37e1c403d4d8182311926e8d9bea5aa5889191e5cc9cbe9eb65133685f1d51c,0x855b4a60806946fab16afccc7dda054c8ba6cf92,0x856cac56594c0bf37955862ba71867810daa04c7,0.1,0.0001
0.11,2025-06-17 06:42:47.000 UTC,Withdrawal,0xb6c1851364200011f161fefb3a51fd6cf20a8e6db4a61f49b74c8fe3e78821dc,0x855b4a60806946fab16afccc7dda054c8ba6cf92,0x3283ee2ded9e05ba53ddf7c886c201cb2f8a4362,0.11,0.00011
0.1,2025-06-17 06:00:59.000 UTC,Withdrawal,0x7b45f87c0dca2c84a6b85343c29d11d02c42896a1ee9120a616196c9fb7ca31e,0x855b4a60806946fab16afccc7dda054c8ba6cf92,0x3bebfe9bd55c0e210d31959c20ae2f029d69b93c,0.1,0.0001
0.123,2025-06-17 05:58:35.000 UTC,Withdrawal,0xbd1520431578425d5e51913ca3b9848c3c52910140e2e6cae12b569ee5d4dac2,0x855b4a60806946fab16afccc7dda054c8ba6cf92,0xa6a8824d9c074a35acd6564efecb1417ed45c9f1,0.123,0.000123
1.0,2025-06-16 18:41:23.000 UTC,Withdrawal,0x69653d0597deb0aae0c39e561e9aad73b075969ccd4fc914a5de0cfcd0afebfb,0x855b4a60806946fab16afccc7dda054c8ba6cf92,0x8aceac6e7f2ab650a1dc8706080b169b032e6540,1.0,0.001
0.1,2025-06-16 16:50:59.000 UTC,Withdrawal,0x8de9b2c735a478025b1cca5d57b139434c27b1ac80d2d6bfe5d1f04d905b5236,0x855b4a60806946fab16afccc7dda054c8ba6cf92,0x777d62170827c326e619b9208e904d6eee0ea702,0.1,0.0001
0.1,2025-06-16 16:48:59.000 UTC,Withdrawal,0x11fe56a093d7bbe493bdd6fc8f1d284b04e0081967d1b559180def7466326fd1,0x855b4a60806946fab16afccc7dda054c8ba6cf92,0x777d62170827c326e619b9208e904d6eee0ea702,0.1,0.0001
0.1,2025-06-16 16:47:11.000 UTC,Withdrawal,0x3b8c4f0cfe3f0b8e8cf4df0fe3ffc6519f8157ad827d642a19414500a366de66,0x855b4a60806946fab16afccc7dda054c8ba6cf92,0x777d62170827c326e619b9208e904d6eee0ea702,0.1,0.0001
0.1,2025-06-16 16:44:59.000 UTC,Withdrawal,0xd967bc89a7ca082e3fda2f73f97ca160fd83c88209709136cd0d005fd64209dc,0x855b4a60806946fab16afccc7dda054c8ba6cf92,0x777d62170827c326e619b9208e904d6eee0ea702,0.1,0.0001
0.1,2025-06-16 16:37:35.000 UTC,Withdrawal,0x31efaa83150d0c1edb9729eab48c0070aca2835c8a739cc383fce06753243d06,0x855b4a60806946fab16afccc7dda054c8ba6cf92,0x777d62170827c326e619b9208e904d6eee0ea702,0.1,0.0001
0.1,2025-06-16 14:16:23.000 UTC,Withdrawal,0x8bc55fa58ce1c6189aad32faef829f8e9b25d46a55e9bff0a177fc7184ac592c,0x855b4a60806946fab16afccc7dda054c8ba6cf92,0x2530475a23374c4874bdd736f72c8f7a98038b58,0.1,0.0001
0.45,2025-06-16 14:12:35.000 UTC,Withdrawal,0x1d554a8d59505cc8b4610523abb1cf419276e6a04714524835fe828a3e46945c,0x855b4a60806946fab16afccc7dda054c8ba6cf92,0x7dee89c8bca4decfa3518d8da641b41317c4afb4,0.45,0.00045
0.5,2025-06-16 14:12:11.000 UTC,Withdrawal,0x3420456f129aacaca9c0606e51285eae849f93704a16eba31041120c43d59c29,0x855b4a60806946fab16afccc7dda054c8ba6cf92,0xe317c793ebc9d4a3732ca66e5a8fc4ffc213b989,0.5,0.0005
0.5,2025-06-16 14:11:11.000 UTC,Withdrawal,0x959879d866a025546a95b4dece065a134a7d01cb1c14f8ebc2b5edc449394738,0x855b4a60806946fab16afccc7dda054c8ba6cf92,0x7dee89c8bca4decfa3518d8da641b41317c4afb4,0.5,0.0005
0.1,2025-06-16 13:08:47.000 UTC,Withdrawal,0x147ae96d66d59df57de65d9de4b779d7c1daf4c358ee1eaa93dfa1d17b625f46,0x855b4a60806946fab16afccc7dda054c8ba6cf92,0x0819a2a831d36578468f2ec4c90b8bf93a8ffe3e,0.1,0.0001
0.1,2025-06-16 09:55:35.000 UTC,Withdrawal,0x3e102b34214c0e247309b57e1dcfa51bc9411a8170bcc409966a9241f00e9cf7,0x855b4a60806946fab16afccc7dda054c8ba6cf92,0x512e07a093aaa20ba288392eadf03838c7a4e522,0.1,0.0001
0.1,2025-06-16 08:42:47.000 UTC,Withdrawal,0x25017c74410d9d2ae439127cb7f2df96a3eddc4b344b43de1316bcd013a6b624,0x855b4a60806946fab16afccc7dda054c8ba6cf92,0xfcdd6def42ab52240ab3138a6e962f1b11723edd,0.1,0.0001
0.1,2025-06-16 03:44:47.000 UTC,Withdrawal,0x89f71c9c886085461db4a96b438c7dd0881eea33c634b7a7d720aec4918b8671,0x855b4a60806946fab16afccc7dda054c8ba6cf92,0xa8fc4b102418cbaec7642380fa83170e085e5a72,0.1,0.0001
0.1,2025-06-16 03:44:23.000 UTC,Withdrawal,0xa833513c6a1e4c9701b093663f566da1a7ebb7275d0f035d70df9514aa40a9f9,0x855b4a60806946fab16afccc7dda054c8ba6cf92,0x178e38c729b7ff03f685d654b8baa1fe9303fc93,0.1,0.0001
0.1,2025-06-16 03:41:47.000 UTC,Withdrawal,0x17173c091a26a2937777f834ac4ed8e275e23abecd3349ab83da62e497fa7166,0x855b4a60806946fab16afccc7dda054c8ba6cf92,0xd6c27ba23667931404b917bf2031ade4077a6868,0.1,0.0001
0.1,2025-06-16 03:41:23.000 UTC,Withdrawal,0x7f602fd43f5512413c5c83860fe9927999542e0eb9ec8d3ba0de974d95b3421c,0x855b4a60806946fab16afccc7dda054c8ba6cf92,0x2d363db1b4d638585821c72d16da6152605b3511,0.1,0.0001
0.1,2025-06-16 03:41:11.000 UTC,Withdrawal,0x978ca161856ff2c11152e800250d3dc287c30b4aa228dbb9e0c169056017e283,0x855b4a60806946fab16afccc7dda054c8ba6cf92,0xf2f36e4fdbb5078fefa858b2aef15476ce3ad54d,0.1,0.0001
0.1,2025-06-16 03:40:59.000 UTC,Withdrawal,0xd82d4374f1b4e3e199007f0de952b439170553df265fb23b8a6933f72fa762d5,0x855b4a60806946fab16afccc7dda054c8ba6cf92,0x2721d8974c7927bc3456081a8453ca1524537856,0.1,0.0001
0.1,2025-06-16 03:39:35.000 UTC,Withdrawal,0xc174b36ca1367aa0308b6ea4126da86dcff8fe01cb83efad25bb4f784f1357e3,0x855b4a60806946fab16afccc7dda054c8ba6cf92,0xa454a25b8dd744626a8dac0f19da8bdf60ad10bd,0.1,0.0001
0.1,2025-06-16 03:36:47.000 UTC,Withdrawal,0x99f3a94d35a0fba7a4c00b7c1a1d10f4bf99151f0fac596a9f2515a2e4e6e973,0x855b4a60806946fab16afccc7dda054c8ba6cf92,0xd6a6549ac730cf0fb626d0d563789275eb847e6f,0.1,0.0001
0.1,2025-06-16 03:35:47.000 UTC,Withdrawal,0x86b9e8cea56633d69771b5ff204d779392668187ac160072d63f7507ca23969c,0x855b4a60806946fab16afccc7dda054c8ba6cf92,0xc705db546a4722dab707fca357cfb23be3a3e744,0.1,0.0001
0.1,2025-06-16 03:35:35.000 UTC,Withdrawal,0x3b5593f3e392c8c7cda9b90f261778393e791e26be2fa3be56c54c501ea048c1,0x855b4a60806946fab16afccc7dda054c8ba6cf92,0x05ef1002203c2334ef52a4b30bd1ef711109ded1,0.1,0.0001
0.1,2025-06-16 03:24:59.000 UTC,Withdrawal,0xd413f63c03050751e1a216efcff24d438c4d32fe4e5de37af42e859105b5aa94,0x855b4a60806946fab16afccc7dda054c8ba6cf92,0x575cabce0a436f66b39ffc3bbbba3cbf80fd17ad,0.1,0.0001
0.1,2025-06-16 03:24:47.000 UTC,Withdrawal,0xe4df07db3f4959a9b403f19fa3aff7e002929177a4c27e3650a810473635befa,0x855b4a60806946fab16afccc7dda054c8ba6cf92,0x701cee95c20f9585105dabed9c0b582e61593be6,0.1,0.0001
0.1,2025-06-16 03:24:11.000 UTC,Withdrawal,0x65b4f0f4c25b09670772e29855145aa78e21625eac85e8b31f4e3bf04ac785ee,0x855b4a60806946fab16afccc7dda054c8ba6cf92,0xfd82cf23be9064b922a315dc677f3b041413c2f2,0.1,0.0001
0.1,2025-06-16 03:23:35.000 UTC,Withdrawal,0xdfe61682d2e000c343d0cfcb5901dcd5f203fbbd44d1225af25a6a5d19521d7a,0x855b4a60806946fab16afccc7dda054c8ba6cf92,0x5804f77bb5147d70d020fc44b2d6e1ef8d1991a5,0.1,0.0001
0.1,2025-06-16 03:22:59.000 UTC,Withdrawal,0x9447dbd26defce770fdae7153cb036842fad8c35801ca6416fb2c12b5565d72e,0x855b4a60806946fab16afccc7dda054c8ba6cf92,0x2da47355eba50030b552b4335cd81b60dd4897e3,0.1,0.0001
0.1,2025-06-16 03:22:23.000 UTC,Withdrawal,0xc4ed055a54d39d48c9c8348d8010b887073b7a9b8b94a0046e8cbb5cc5a7aeb5,0x855b4a60806946fab16afccc7dda054c8ba6cf92,0xe2b10fb82c1249dae2c6b0f6f56ecbf98e46de92,0.1,0.0001
0.1,2025-06-16 03:21:59.000 UTC,Withdrawal,0x78f93bcf715fa75066957c835dafc71414a2857948e1a584dfa8005a3a24d71a,0x855b4a60806946fab16afccc7dda054c8ba6cf92,0x2a3add7c224dc7ff70e2d47ae5424af1da024e01,0.1,0.0001
0.1,2025-06-16 03:20:47.000 UTC,Withdrawal,0xa6734e3bf0063aa4376c0c77ee0fe0986963d7e609cd982c6166ee6c10e5c841,0x855b4a60806946fab16afccc7dda054c8ba6cf92,0x164464940a7da3ae53684445f22da62f86290517,0.1,0.0001
0.1,2025-06-16 03:20:11.000 UTC,Withdrawal,0x3f9fec950f49bc9c4eb863a3fbc821c32c21abe5b9c04d7d5f2cd9d29ce7f422,0x855b4a60806946fab16afccc7dda054c8ba6cf92,0x348e3f4ce4d61e5b0c139fe66f7b624517ebd180,0.1,0.0001
0.1,2025-06-16 03:19:59.000 UTC,Withdrawal,0x070099620a960b3008a5dcff8e0cda89c0548a9143527b810c78db9439bd1556,0x855b4a60806946fab16afccc7dda054c8ba6cf92,0x82110b4db278c3f0488109e24fdfde4c3399a568,0.1,0.0001
0.1,2025-06-16 03:05:35.000 UTC,Withdrawal,0xae6fa4954941b19d16412aadd98f4a9f5cab27d6fc2e0f89113c06d7767ef29f,0x855b4a60806946fab16afccc7dda054c8ba6cf92,0x304b731b9aa20504f529295b1c2a97be269e1c74,0.1,0.0001
0.11,2025-06-16 01:44:59.000 UTC,Withdrawal,0x9364dc02ffc7e27da28c769802a9e18464b7272e6cf5b90e212083e5cfa0292d,0x855b4a60806946fab16afccc7dda054c8ba6cf92,0x15c81ab3b1b874172d242633be74d1c5453328cd,0.11,0.00011
0.1,2025-06-16 01:43:47.000 UTC,Withdrawal,0x1a48a74ad4f1a392a5f2b4b16ea3727caeed1a880e1edac389d0e9fbc68c5c6b,0x855b4a60806946fab16afccc7dda054c8ba6cf92,0x15c81ab3b1b874172d242633be74d1c5453328cd,0.1,0.0001
0.12,2025-06-16 01:42:23.000 UTC,Withdrawal,0x08701c5c15ac7edc309a92a25695f83492a8a3c799ec53c62e788afd10b2b86a,0x855b4a60806946fab16afccc7dda054c8ba6cf92,0x15c81ab3b1b874172d242633be74d1c5453328cd,0.12,0.00012
0.1,2025-06-16 01:41:35.000 UTC,Withdrawal,0x2cdab273dd6ac18f40755f6f358b7b6b46b4443f7225e837edc7532f0af651d5,0x855b4a60806946fab16afccc7dda054c8ba6cf92,0x15c81ab3b1b874172d242633be74d1c5453328cd,0.1,0.0001
0.1,2025-06-16 01:29:11.000 UTC,Withdrawal,0xfd45ecffec5d446f6a2c9e71a3b3d3a2a471e9978809f315c6d2ddd14023b995,0x855b4a60806946fab16afccc7dda054c8ba6cf92,0xcc4325454afa0e8cfaff5457453c427e66904e5d,0.1,0.0001
0.12,2025-06-16 01:24:47.000 UTC,Withdrawal,0x738b44f8e3e366ff63aac63a802aff11fbe56c7828789f8df8cd870137ecc4af,0x855b4a60806946fab16afccc7dda054c8ba6cf92,0x15c81ab3b1b874172d242633be74d1c5453328cd,0.12,0.00012
0.1,2025-06-16 01:21:35.000 UTC,Withdrawal,0xb4f9e0b18dd57f488d271184b8882575bd74ae743099177eaae5fde5e78ad17b,0x855b4a60806946fab16afccc7dda054c8ba6cf92,0x15c81ab3b1b874172d242633be74d1c5453328cd,0.1,0.0001
0.1,2025-06-16 01:19:47.000 UTC,Withdrawal,0xaa9dc8d7cebf26b548fb1f95a2c9f0b1f3090f2d2f58219bcb5f098ce64c51a3,0x855b4a60806946fab16afccc7dda054c8ba6cf92,0x15c81ab3b1b874172d242633be74d1c5453328cd,0.1,0.0001
0.41,2025-06-16 01:19:23.000 UTC,Withdrawal,0x3597457397e736f4526d7d2983277242afd227f4cfed8523b344b286198121f2,0x855b4a60806946fab16afccc7dda054c8ba6cf92,0x15c81ab3b1b874172d242633be74d1c5453328cd,0.41,0.00041
0.49,2025-06-16 01:18:59.000 UTC,Withdrawal,0xb1d37385cfca6dab0e8d3b989fd5d0b0cae8fece369e35200c9f7a59fc6b5c72,0x855b4a60806946fab16afccc7dda054c8ba6cf92,0x15c81ab3b1b874172d242633be74d1c5453328cd,0.49,0.00049
0.58,2025-06-16 01:18:23.000 UTC,Withdrawal,0x9336cd8c787c850614c46e38f5aa642a0f106fb9e18f95f8fdd52215968c0df5,0x855b4a60806946fab16afccc7dda054c8ba6cf92,0x15c81ab3b1b874172d242633be74d1c5453328cd,0.58,0.00058
0.11,2025-06-16 01:17:47.000 UTC,Withdrawal,0x96080acb26a1ce377a40c75c579e7eb6095694c4bd12b3ae4f7f553e9fa4ba32,0x855b4a60806946fab16afccc7dda054c8ba6cf92,0x15c81ab3b1b874172d242633be74d1c5453328cd,0.11,0.00011
12.843,2025-06-15 22:12:59.000 UTC,Withdrawal,0x2dc54d597d29e00f9a63a363d23abbdd8f3cfb3fa8b9d0e4d263321af92b0fd5,0x855b4a60806946fab16afccc7dda054c8ba6cf92,0x172400876138bbbf4a7bbd4f31ff41da8216a95c,12.843,0.012843
0.1,2025-06-15 18:07:47.000 UTC,Withdrawal,0x81c4fb065a959fc883fc18b1c45e50d9c92b303203c0aa109b7d71a260847d0c,0x855b4a60806946fab16afccc7dda054c8ba6cf92,0x56153087d0e52edb5801d2c67dd371db23a0f179,0.1,0.0001
1.0,2025-06-15 16:12:35.000 UTC,Withdrawal,0x4ac1a2bd9c1afb4435fbecf26eee1b2ad3361a4c4ab40ac0402f548d8bbb999a,0x855b4a60806946fab16afccc7dda054c8ba6cf92,0xd45afaa22975bb52700c58151412df92942973f8,1.0,0.001
1.412,2025-06-15 16:10:35.000 UTC,Withdrawal,0x120c6eede06d4a975180dd31dd352ac7419a880b846bad37c75766b9e1189516,0x855b4a60806946fab16afccc7dda054c8ba6cf92,0xd45afaa22975bb5200c758151412df92942973f8,1.412,0.001412
2.0,2025-06-15 16:09:35.000 UTC,Withdrawal,0x2ae0eaff425622bf4df9ce0e8075032d92fe7626672654ab9e93fdbc3069826d,0x855b4a60806946fab16afccc7dda054c8ba6cf92,0xd45afaa22975bb5200c758151412df92942973f8,2.0,0.002
0.1111,2025-06-15 14:17:35.000 UTC,Withdrawal,0xe45e7ac3e9936f009f22858352cf28b175ef86b3383600865743ab132bd1f711,0x855b4a60806946fab16afccc7dda054c8ba6cf92,0x41cbfeab2c42a7fb7ee6bf7f08e94b2c5e297490,0.1111,0.0001111
0.1,2025-06-15 14:02:35.000 UTC,Withdrawal,0x674e54910afbd8de0eaba345d317029b6f1cf74877ba5f4d898df90b91c18251,0x855b4a60806946fab16afccc7dda054c8ba6cf92,0x9bb1cc59c54313476c9f8a61106ed4d2c4982387,0.1,0.0001
1.0,2025-06-15 12:25:11.000 UTC,Withdrawal,0x28f6ce68348439190bd33185beea61e5690747ff77ab9f89f6deb13cab06a41a,0x855b4a60806946fab16afccc7dda054c8ba6cf92,0xd45afaa22975bb5200c758151412df92942973f8,1.0,0.001
1.0,2025-06-15 12:22:47.000 UTC,Withdrawal,0x1aea973fc34a6e21a7cb455fb255f02ff9d1082588874fbcbfdc7ef8a55987a3,0x855b4a60806946fab16afccc7dda054c8ba6cf92,0xd45afaa22975bb5200c758151412df92942973f8,1.0,0.001
0.1,2025-06-15 03:46:47.000 UTC,Withdrawal,0x0737fc601ff67786ad94bf88adba1d116e92e62a1940b19a96b1f55a570382a0,0x855b4a60806946fab16afccc7dda054c8ba6cf92,0x45df7dba39550d44b05da3902dbf32610bc5cd48,0.1,0.0001
0.1,2025-06-15 03:44:59.000 UTC,Withdrawal,0xfd6a225c263b05d2cd3559c2248d4783edf752c30f8d4b8f7bac1a4514b443da,0x855b4a60806946fab16afccc7dda054c8ba6cf92,0xc5b9f4600f7330ef4acb6cbc44f66f2ac0374731,0.1,0.0001
0.1,2025-06-15 03:43:23.000 UTC,Withdrawal,0x513d1f2870fa47ebaf7338c188aa63c6f6cfaa7f4b52d59e170af9e71e40c7d8,0x855b4a60806946fab16afccc7dda054c8ba6cf92,0x10aec0af1c8fa98fd2cd5e67b18e47b0af578f48,0.1,0.0001
0.1,2025-06-15 03:42:23.000 UTC,Withdrawal,0x65695e1eb4a99d0ecf10e01dd90233ab28bd44614e6075e3aa3f6a2c1b121520,0x855b4a60806946fab16afccc7dda054c8ba6cf92,0x40668a739eeed32771738122303f38f309d0107f,0.1,0.0001
0.1,2025-06-15 03:41:47.000 UTC,Withdrawal,0x27051130677d7c17eea8e6094b10247a912e5961ec95c2d40eef18efb3b8565e,0x855b4a60806946fab16afccc7dda054c8ba6cf92,0xc0dc2882ac8df34e5a6e0c2768d911c751dcedcb,0.1,0.0001
0.1,2025-06-15 03:40:47.000 UTC,Withdrawal,0xd49a5d140d752e91836739ec52e0955c1727958e6f93742cd668f2d3ef6d8fde,0x855b4a60806946fab16afccc7dda054c8ba6cf92,0x9241971390b134f40e7c1faa02dca7460d8e2b89,0.1,0.0001
0.1,2025-06-15 03:39:59.000 UTC,Withdrawal,0x4b6c4637926db9b9180d5980b2ca0bfb37b96ef3bef2cfacef2bf5db866f1fe4,0x855b4a60806946fab16afccc7dda054c8ba6cf92,0x20bf2edc2fe1aee78eb2dc738c5e93a6e73e838b,0.1,0.0001
0.1,2025-06-15 03:39:11.000 UTC,Withdrawal,0xe868bb21ab3cce31fe7027b2670e48b3e4021bcb02cb5f4da250fc1dd84fe44a,0x855b4a60806946fab16afccc7dda054c8ba6cf92,0xc35b519a33d3ad8b354826f90e3b8975922b3ab0,0.1,0.0001
0.1,2025-06-15 03:37:47.000 UTC,Withdrawal,0x06d8fa956b04321da733e6951ec66a88a552c67040f747da78af3b8ecaf7af19,0x855b4a60806946fab16afccc7dda054c8ba6cf92,0xa450de890c01cbdba4fee68d8e8068dad2efad5b,0.1,0.0001
0.1,2025-06-15 03:36:35.000 UTC,Withdrawal,0x3ab184c48bd4e1c0d8c572f429609abec14cc60cfad1da68f67343510c5e03eb,0x855b4a60806946fab16afccc7dda054c8ba6cf92,0x7c1a9dd475f9742dc475b94ffaa967a0fb8dd7df,0.1,0.0001
0.111,2025-06-14 09:30:11.000 UTC,Withdrawal,0x81291bfc6315f386c17a7f5bdbbfe8790b44f7acee5e436067aab06f5b5964f2,0x855b4a60806946fab16afccc7dda054c8ba6cf92,0x1bb758caf10613e486d893f9225efa9a183d9208,0.111,0.000111
0.1,2025-06-14 04:51:11.000 UTC,Withdrawal,0xd0c3cd7702e73f52e70934e16bdd5ea6df0e510902c790882e422692d8c41430,0x855b4a60806946fab16afccc7dda054c8ba6cf92,0x505755e3b7136e4bd39f396c0464313e37ed2346,0.1,0.0001
1.0,2025-06-13 13:59:23.000 UTC,Withdrawal,0xea2f1e6b632f1d5bc6996e92c5497360cf9230662fa3061ad92f619f8daf41b0,0x855b4a60806946fab16afccc7dda054c8ba6cf92,0xd45afaa22975bb5200c758151412df92942973f8,1.0,0.001
1.0,2025-06-12 11:54:59.000 UTC,Withdrawal,0x44245e099d8f345233533de6e7a33ba696b0dc7ec5ab0ce198db7f642db141c9,0x855b4a60806946fab16afccc7dda054c8ba6cf92,0xd45afaa22975bb5200c758151412df92942973f8,1.0,0.001
1.0,2025-06-12 11:25:47.000 UTC,Withdrawal,0xedab3f3fe775d93a4d4ba2e46a905f94d861504f55aeb7b91695096e49bebc1a,0x855b4a60806946fab16afccc7dda054c8ba6cf92,0xd45afaa22975bb5200c758151412df92942973f8,1.0,0.001
1.0,2025-06-12 11:23:23.000 UTC,Withdrawal,0xd7d4ade46cbda8352ccf33388f76b2c94225b617d5a6122f830b1c05d5e8c7cc,0x855b4a60806946fab16afccc7dda054c8ba6cf92,0xd45afaa22975bb5200c758151412df92942973f8,1.0,0.001
0.101,2025-06-12 10:24:35.000 UTC,Withdrawal,0xc4e6658c8b137d2cbb35abb5f59ca744a70fc2d0a5e0bda8ba2cbfc519fafede,0x855b4a60806946fab16afccc7dda054c8ba6cf92,0x01ef2a55b0179a8b38de2d335a18866a086ad54b,0.101,0.000101
0.1024,2025-06-12 10:11:59.000 UTC,Withdrawal,0x611063f0206977ca85789fe1c4bbed522ee20a8e842c27b036de9161bb27a400,0x855b4a60806946fab16afccc7dda054c8ba6cf92,0xa5528d0f072dbd37555780bf47c52f104339f359,0.1024,0.0001024
0.1,2025-06-12 10:09:59.000 UTC,Withdrawal,0x902a79557943c1f5e2711835e6d8d8aa2139065f7ff7965932d31b5bdd4973f4,0x855b4a60806946fab16afccc7dda054c8ba6cf92,0xa5528d0f072dbd37555780bf47c52f104339f359,0.1,0.0001
0.104,2025-06-12 07:51:23.000 UTC,Withdrawal,0xdb53a40c879329065a62f7a34b5f190be0f27a070ff1258353544b02e47c20bb,0x855b4a60806946fab16afccc7dda054c8ba6cf92,0x275154c5a3957574a11d9efcff6029eebde7a99c,0.104,0.000104
0.1301,2025-06-12 07:39:35.000 UTC,Withdrawal,0x47f5861e62b61ed490f5edaab01bcae35e5718f6b8b02704fbe68e8636d1384b,0x855b4a60806946fab16afccc7dda054c8ba6cf92,0x275154c5a3957574a11d9efcff6029eebde7a99c,0.1301,0.0001301
0.1,2025-06-12 07:33:11.000 UTC,Withdrawal,0x7d0311472b50574a0cfb27e6bda79bf86c13242e45b62aff8e03cf21fb8072c9,0x855b4a60806946fab16afccc7dda054c8ba6cf92,0xfb9bc529294e12179beabfc391b94a8a82bfd17b,0.1,0.0001
0.1,2025-06-12 07:29:59.000 UTC,Withdrawal,0x62b05e418cca9cfd075749a8aedd02d7e6f8f3524b3203ce175c99198480ecb6,0x855b4a60806946fab16afccc7dda054c8ba6cf92,0xfb9bc529294e12179beabfc391b94a8a82bfd17b,0.1,0.0001
0.1,2025-06-12 07:14:23.000 UTC,Withdrawal,0xb9c7d1f9525086c6219eca47fd228213fff62cad32bfd2b604d70871ba29205a,0x855b4a60806946fab16afccc7dda054c8ba6cf92,0xa76c9fadc5666580c8aa8e4e22bc20279c002280,0.1,0.0001
0.1,2025-06-12 07:13:59.000 UTC,Withdrawal,0xe153baf1776d0fa34f72a5783b3df2e4ff066af7695023585d55a8bb91d46942,0x855b4a60806946fab16afccc7dda054c8ba6cf92,0xe31a565ded0ebd735a766908ced3394636f7cf77,0.1,0.0001
0.1,2025-06-12 07:13:11.000 UTC,Withdrawal,0xd8eb96b55da488ecb15f77d4ef26541ed8da91bf0ef38328c238c4b397c172bd,0x855b4a60806946fab16afccc7dda054c8ba6cf92,0x67a74adb23c1166ce29dda07fad7be51da3f19ba,0.1,0.0001
0.1,2025-06-12 07:11:35.000 UTC,Withdrawal,0x270065d6dfb85ae414fe489744bd6a669a70220c2d104ee798b78f6ea0436b41,0x855b4a60806946fab16afccc7dda054c8ba6cf92,0x97aa3728af1f29581b71440241c019764ce31401,0.1,0.0001
0.1,2025-06-12 07:10:23.000 UTC,Withdrawal,0x2f564f8d28a99bfc07b976d2b3db3822567487ea6f3b2ab1f29859c274406118,0x855b4a60806946fab16afccc7dda054c8ba6cf92,0x79a5df631e988a51f481ba70564eaef22fc8edcf,0.1,0.0001
0.1,2025-06-12 07:07:35.000 UTC,Withdrawal,0x9ebdfc7e228b6984a6a48d73381d43cd9decf99b5884e047f57b220984c05599,0x855b4a60806946fab16afccc7dda054c8ba6cf92,0xe6c8e557f1d023f888581c77266c6d4ba9b23a15,0.1,0.0001
0.1,2025-06-12 07:07:11.000 UTC,Withdrawal,0xf27e7c2f628cc5448d31cc825933984de537aabeb2eddbef33dba91332a7a17a,0x855b4a60806946fab16afccc7dda054c8ba6cf92,0x75db91dcfc7e3351018798b6e57eda209809ef58,0.1,0.0001
0.1,2025-06-12 07:05:47.000 UTC,Withdrawal,0x6b8553854585a37b7028fc2632a2e0f3da33a9be958e234e99713149093f21a5,0x855b4a60806946fab16afccc7dda054c8ba6cf92,0x107b6d0c6dc3f49b65b19c510cfc5bc0cd804ca6,0.1,0.0001
0.1,2025-06-12 07:01:59.000 UTC,Withdrawal,0x23661a72916e1368b90a905f6117032aaf6f3979a94382b7568625173a70323f,0x855b4a60806946fab16afccc7dda054c8ba6cf92,0xe3c5ce08473b5e2dc1eab329ee98e2109121ded8,0.1,0.0001
0.1,2025-06-12 07:01:35.000 UTC,Withdrawal,0xb9088ed12c8a39733a6d9d2afcedea4c654d0f2d424326b9e7f1c0d6d7448bca,0x855b4a60806946fab16afccc7dda054c8ba6cf92,0x856cac56594c0bf37955862ba71867810daa04c7,0.1,0.0001
0.1,2025-06-11 20:03:59.000 UTC,Withdrawal,0x7f8761c5420c92b336d2a044737d6f1222b7a79c42ce5376bc645f0fe83d1e9b,0x855b4a60806946fab16afccc7dda054c8ba6cf92,0x0840ce7e0e72cfcad17fcb4e3cc1199d74839db3,0.1,0.0001
0.1,2025-06-11 18:36:23.000 UTC,Withdrawal,0x749383df2eb66ac674afe78cad073773ae815f33ccbe36169e824760163c42ae,0x855b4a60806946fab16afccc7dda054c8ba6cf92,0x2d89472c5461d827e89452a7b3516b88b0893f20,0.1,0.0001
0.2,2025-06-11 17:47:47.000 UTC,Withdrawal,0xfa96c6faafc72daef770bc923c89f3776bd69d9e7a45bf2936c485ff14b41a37,0x855b4a60806946fab16afccc7dda054c8ba6cf92,0xef1d20abcb58c869c157319c121c63acab0e41da,0.2,0.0002
0.1,2025-06-11 17:45:23.000 UTC,Withdrawal,0xf468a15e5bc988d994650b8131a8c66684da7da228891666977f4646c3a96d79,0x855b4a60806946fab16afccc7dda054c8ba6cf92,0xef1d20abcb58c869c157319c121c63acab0e41da,0.1,0.0001
0.2,2025-06-11 17:41:59.000 UTC,Withdrawal,0x29ee0807ad28809a05dbe80d7adae720402f349b3a3cb43e252195ac7f378734,0x855b4a60806946fab16afccc7dda054c8ba6cf92,0xef1d20abcb58c869c157319c121c63acab0e41da,0.2,0.0002
0.2,2025-06-11 17:36:35.000 UTC,Withdrawal,0xaad423ff57ccbe4de4d661d318cd6f63da8462c13e05aaa6bc02e653d190b81d,0x855b4a60806946fab16afccc7dda054c8ba6cf92,0xef1d20abcb58c869c157319c121c63acab0e41da,0.2,0.0002
0.1,2025-06-11 13:53:35.000 UTC,Withdrawal,0x11330ce4265158910e95a45ef550af32b386efef8a93d637b051debe9b3308e0,0x855b4a60806946fab16afccc7dda054c8ba6cf92,0x423e5af152961f518abfac5b22e874322e88a79c,0.1,0.0001
0.12,2025-06-11 10:30:11.000 UTC,Withdrawal,0x129a429decb25ee0cbf83d47171ce9ae587d2437cfea1e962846a68039dd45d9,0x855b4a60806946fab16afccc7dda054c8ba6cf92,0xae0bc0c7d0707e12c8c2fdfd502bb69442463313,0.12,0.00012
0.16,2025-06-11 10:29:23.000 UTC,Withdrawal,0xe5e78e480e3ccd72b2b18b699e713e99b1c9129505b62444a3cfa6c2b7b62da5,0x855b4a60806946fab16afccc7dda054c8ba6cf92,0xae0bc0c7d0707e12c8c2fdfd502bb69442463313,0.16,0.00016
0.19,2025-06-11 10:28:23.000 UTC,Withdrawal,0xa5a2500458f1eea72cb502b4e8955fe81004903b7f81866a3bd2d59ed2cd9e44,0x855b4a60806946fab16afccc7dda054c8ba6cf92,0xae0bc0c7d0707e12c8c2fdfd502bb69442463313,0.19,0.00019
0.26,2025-06-11 10:27:35.000 UTC,Withdrawal,0x4036991912d0ae6957427ed2f51b29c8bca4aaca09b008ef0a5e7a72c8e50071,0x855b4a60806946fab16afccc7dda054c8ba6cf92,0xae0bc0c7d0707e12c8c2fdfd502bb69442463313,0.26,0.00026
0.12,2025-06-11 10:26:35.000 UTC,Withdrawal,0xa0b90fbedf38c1811f06ad781c5e1fbf382727803b9bc7e3029434f7b9776cf8,0x855b4a60806946fab16afccc7dda054c8ba6cf92,0xae0bc0c7d0707e12c8c2fdfd502bb69442463313,0.12,0.00012
0.163,2025-06-11 10:25:47.000 UTC,Withdrawal,0x43da5f85d94cff19fe643be62ce0e903e7a9f8d24af2e5b30e6635f122c9b028,0x855b4a60806946fab16afccc7dda054c8ba6cf92,0xae0bc0c7d0707e12c8c2fdfd502bb69442463313,0.163,0.000163
0.10004725,2025-06-11 10:04:23.000 UTC,Withdrawal,0x450ba856c7b8e1caca0775ecf0fc54616599ff4e8448a40247fb7e878a447a41,0x855b4a60806946fab16afccc7dda054c8ba6cf92,0x5cd8944d70cedd0a3f95aa089d2e8ba21b5edbf7,0.10004725,0.00010004725
0.21,2025-06-11 06:33:23.000 UTC,Withdrawal,0x5da5f2c74d163806091663397a3116e0362af4f23fa46f490dac872eb0512847,0x855b4a60806946fab16afccc7dda054c8ba6cf92,0xb80b2b058a628277ccaf0e368ae9759ef2566d7e,0.21,0.00021
11.0,2025-06-10 21:06:59.000 UTC,Withdrawal,0x30be1cbeb052ede40cfb98d3530f6e241dd58a0d65373188fab7712bb86516fc,0x855b4a60806946fab16afccc7dda054c8ba6cf92,0x172400876138bbbf4a7bbd4f31ff41da8216a95c,11.0,0.011
0.1,2025-06-10 20:52:23.000 UTC,Withdrawal,0x01159af2261373c3a31e6f26b7a4a2f0dbf1e9a61d315d05e6b3cc73a71a4bf1,0x855b4a60806946fab16afccc7dda054c8ba6cf92,0xbad1957a2427ff2f93d048c045d9ca949093babe,0.1,0.0001
0.1,2025-06-10 09:18:35.000 UTC,Withdrawal,0xb37a43cf8c51eb2956fd4a7881961abb0baf8be4104b84181ea9ede69220764c,0x855b4a60806946fab16afccc7dda054c8ba6cf92,0x678d46d386aaae703546d6df7937c04eb4bd8b94,0.1,0.0001
0.1,2025-06-10 09:15:47.000 UTC,Withdrawal,0xe05b2b54afd4e582391af46fcfd31b46cb08d3bb2a33df46d510d4a8a8d4409b,0x855b4a60806946fab16afccc7dda054c8ba6cf92,0x678d46d386aaae703546d6df7937c04eb4bd8b94,0.1,0.0001
0.1,2025-06-10 09:10:23.000 UTC,Withdrawal,0x6ed6cfce670da03120c6b627def151f4b466ab4df2a82e2f2adbfafb5a7d466a,0x855b4a60806946fab16afccc7dda054c8ba6cf92,0xd41dc8d75400ef444a4db448229fdcbb2c89f92e,0.1,0.0001
0.1,2025-06-10 09:08:23.000 UTC,Withdrawal,0xd84727cf0cdf8e26358c2c563308a402faa2246b4c42ea21477a790b16dc0e47,0x855b4a60806946fab16afccc7dda054c8ba6cf92,0xd41dc8d75400ef444a4db448229fdcbb2c89f92e,0.1,0.0001
0.1,2025-06-10 06:28:23.000 UTC,Withdrawal,0x570b4e770fd32c5476b5b03866a9bc3e1dbd178a107d977802a03c2ebea419cc,0x855b4a60806946fab16afccc7dda054c8ba6cf92,0x0ccafbb49f36123f37ed32f78cbcbfe6b9e80a80,0.1,0.0001
0.1,2025-06-09 10:49:11.000 UTC,Withdrawal,0xe86b3a78878c261e1912a56da72807f9f5624cbda8507e88adda06e1253804a3,0x855b4a60806946fab16afccc7dda054c8ba6cf92,0x28808f4772c98c67307c2f9eabfe2b4704836355,0.1,0.0001
0.1,2025-06-08 22:57:11.000 UTC,Withdrawal,0x333d103347fbc002b7479edd0647251cd50d7587f00ce2518a8350781989ce11,0x855b4a60806946fab16afccc7dda054c8ba6cf92,0x6242f0b19ceaeba9c85cf0a83441c0b11182ecd1,0.1,0.0001
0.1,2025-06-08 08:02:35.000 UTC,Withdrawal,0xb4c7cf3c05c058a33cac97136c1fa5f0b9f6936de5f974ea993d20fd84ba20dc,0x855b4a60806946fab16afccc7dda054c8ba6cf92,0x4d08ccb5fd9d0c7ed1d8cdeb13086e4388a42754,0.1,0.0001
0.1,2025-06-08 03:06:11.000 UTC,Withdrawal,0xce26499448779795e8b5e8154b944833c7593904c38f6e18d3b2ab58e24ed4a1,0x855b4a60806946fab16afccc7dda054c8ba6cf92,0x00f81879b183ce5da5c01badc04980e519d04b39,0.1,0.0001
0.1,2025-06-08 03:05:11.000 UTC,Withdrawal,0x568d6abeed79fa2e030b87c590cb300cb6a8c06615b3a745c1ffeb4e09b40b4b,0x855b4a60806946fab16afccc7dda054c8ba6cf92,0x0a9cab993bba4e849abd2a86725830812178e2a2,0.1,0.0001
0.1,2025-06-08 03:04:35.000 UTC,Withdrawal,0xafc175fcd5826596a5e61c94957c8ac99e7fcc005b127582ac51441c90f74f69,0x855b4a60806946fab16afccc7dda054c8ba6cf92,0x20328f4200716b975b1c9efd76328a8fddcf23e5,0.1,0.0001
0.1,2025-06-08 03:03:23.000 UTC,Withdrawal,0x31b872ab3306a8dbbd027c46d339f26ce6afd542b6b0dc26f0a0852a5f21a79e,0x855b4a60806946fab16afccc7dda054c8ba6cf92,0x0cf4011199056e01028c616f1e5133645a0ef315,0.1,0.0001
0.1,2025-06-08 03:02:23.000 UTC,Withdrawal,0xfb9e7c144dc2b3da3388319f4aaf7cf8e1d75cad46de3f83a6b811dcb0347ffc,0x855b4a60806946fab16afccc7dda054c8ba6cf92,0xad89ff92fae3854c6a684b9ead455bd74155cfc3,0.1,0.0001
0.1,2025-06-08 03:01:23.000 UTC,Withdrawal,0x11ecbfd4d4b7887f033d71d43e362d8297aa19502367f5df24b4f107fa7ece97,0x855b4a60806946fab16afccc7dda054c8ba6cf92,0x07427e97e7f8bb576961b9e00e4ac3082509590c,0.1,0.0001
0.1,2025-06-08 02:59:35.000 UTC,Withdrawal,0x28f54be08e7ce6c7712ddd10d238a4f88a5da6a9a0c98ab4bb5398c5c00eebe7,0x855b4a60806946fab16afccc7dda054c8ba6cf92,0xa40901e5ac27baad5bd865d54007a363e04360f8,0.1,0.0001
0.101,2025-06-08 02:57:59.000 UTC,Withdrawal,0xec694345613cd5abeeeee11021693145b8fbdd5cccb2d24d929e6112075a6bed,0x855b4a60806946fab16afccc7dda054c8ba6cf92,0x83f8be2988b41251633b5e5d71ad67787be2a502,0.101,0.000101
0.1005,2025-06-08 02:35:59.000 UTC,Withdrawal,0xa0c74566fe32435f40b520d003e65302df9ba507768d208e051e57f14ff89699,0x855b4a60806946fab16afccc7dda054c8ba6cf92,0x8666618c30eefc98ba48267ff4cdd198da22aa25,0.1005,0.0001005
0.1,2025-06-08 02:34:59.000 UTC,Withdrawal,0x88f6510c976ac5bc91be7173ff509c6cf2d943b6ebcdc54a94c95c254c18de3f,0x855b4a60806946fab16afccc7dda054c8ba6cf92,0xf66b7b55369edb92b821f465e813e961b41c281e,0.1,0.0001
0.1,2025-06-07 18:59:59.000 UTC,Withdrawal,0x60e56b870cbef7ab44ca60c72527c74647f6a57edf7c6c1dc5817f86100e70bd,0x855b4a60806946fab16afccc7dda054c8ba6cf92,0xcb892e05fa8f48d6c531cba279eea615f23a0c77,0.1,0.0001
0.1,2025-06-07 18:58:11.000 UTC,Withdrawal,0x9ed602f4d813a65083db5f4564a12faa425f05a3ed0756ce5a0bd97adaa35a1f,0x855b4a60806946fab16afccc7dda054c8ba6cf92,0xcb892e05fa8f48d6c531cba279eea615f23a0c77,0.1,0.0001
0.1,2025-06-07 18:54:47.000 UTC,Withdrawal,0x051c671190dbcf8854d57ffe47dae243547acf1a157ad6c74bf88116d37c4696,0x855b4a60806946fab16afccc7dda054c8ba6cf92,0xcb892e05fa8f48d6c531cba279eea615f23a0c77,0.1,0.0001
0.1,2025-06-07 17:53:47.000 UTC,Withdrawal,0x6176c62f732eee9e61c1370be61a21dcd32603acdf847a2a61fda1bab2ce94d0,0x855b4a60806946fab16afccc7dda054c8ba6cf92,0xf93aaaec5e4ced8605a57b3dff011ec408a8ebdb,0.1,0.0001
1.0,2025-06-07 04:57:59.000 UTC,Withdrawal,0x90f7b2e2850c4c3cca6ce2b7765bf8fe9bdae3e60ba5fccacc6d9ba1f83712a5,0x855b4a60806946fab16afccc7dda054c8ba6cf92,0x6ab2019bb75dd01c29dd45894f216c0177ae0938,1.0,0.001
0.101,2025-06-06 10:31:35.000 UTC,Withdrawal,0x49cbfe4a214ef2ce5db9b3371746e0904dec721b4c7bad54ea1bc2dcffcad346,0x855b4a60806946fab16afccc7dda054c8ba6cf92,0xb3a0f664430e4c51598a28c4d4dfd025752beb96,0.101,0.000101
0.1,2025-06-06 03:57:59.000 UTC,Withdrawal,0xb6ac90c33a2b394ee10ce2fda2e7634eec12cc56665613214d8aa90628b58366,0x855b4a60806946fab16afccc7dda054c8ba6cf92,0xda13944e0344626b269afbc648075f91611d0413,0.1,0.0001
0.1,2025-06-06 03:56:23.000 UTC,Withdrawal,0x1517036bf271903e405e80867fcda8ed55b9aabc24668922347a33b96683b283,0x855b4a60806946fab16afccc7dda054c8ba6cf92,0x74a6b226fb5fe52ddb532340476eea24ddce0937,0.1,0.0001
0.1,2025-06-06 03:55:11.000 UTC,Withdrawal,0x60a85b156c062470f7f18b77a7dddeda14ebd7a6f65bc37d56558ea1747ddf78,0x855b4a60806946fab16afccc7dda054c8ba6cf92,0x0259e3a4379b1a38caa1a6736728b769d6570365,0.1,0.0001
0.1,2025-06-06 03:54:47.000 UTC,Withdrawal,0x65fe69e39b5fd035bcfde7cdbbb8865d263eb608f24ca3fdd7918c7cf384ecf7,0x855b4a60806946fab16afccc7dda054c8ba6cf92,0x939a6985b9df4114284b31b81dbc3abf9535107e,0.1,0.0001
0.1,2025-06-06 03:51:35.000 UTC,Withdrawal,0x9af8d22482f991ba80fd40780457023a9ce205e04be5b48a87ceb055eb224dc8,0x855b4a60806946fab16afccc7dda054c8ba6cf92,0xff7f55a068f1b0c473fcc330b0dc987160cbe6c1,0.1,0.0001
0.1,2025-06-06 03:51:23.000 UTC,Withdrawal,0xc4b229ad13a97d762afe7ac825bb6121f58ba51531718783b1da346de16a0b3c,0x855b4a60806946fab16afccc7dda054c8ba6cf92,0xc7f01024f69b5863a8b59e3563c95c06fe2e3de0,0.1,0.0001
0.1,2025-06-06 03:49:59.000 UTC,Withdrawal,0xe6c6c99069ac879ee834a240e9acc7a2739a117c1ae95fcd736be0137caca990,0x855b4a60806946fab16afccc7dda054c8ba6cf92,0xac7fda9a990812fb375bf01ae82d0bcc890e581c,0.1,0.0001
0.1,2025-06-06 03:48:11.000 UTC,Withdrawal,0xfabb6049cc4dec35cd9e2b0ddf445ec7b4cc6aca8b75235b1a04063ec7d9e0d3,0x855b4a60806946fab16afccc7dda054c8ba6cf92,0xa151b0e9bcf8d32c6e0721d08739b6ea42145e48,0.1,0.0001
0.1,2025-06-06 03:42:23.000 UTC,Withdrawal,0x890603f6a07d073d022f358e352d3f613b363a3f10157a950d1976ca78b20133,0x855b4a60806946fab16afccc7dda054c8ba6cf92,0xa9464975148315e02051d2958f1e30f43c928c83,0.1,0.0001
0.101,2025-06-05 10:46:23.000 UTC,Withdrawal,0xb261fcb678b333ffb6f65428d6bdd229f92f4e06a9f3b413d531bcc0115d157a,0x855b4a60806946fab16afccc7dda054c8ba6cf92,0xdebcadc3b7de2a4fc156421a307018d7ecfcc78d,0.101,0.000101
0.1002,2025-06-05 10:42:23.000 UTC,Withdrawal,0x540fedde1bb7bb36186610ace2360aa9ceb0d1d2e3c4008c732f2d73d0f71a21,0x855b4a60806946fab16afccc7dda054c8ba6cf92,0xdebcadc3b7de2a4fc156421a307018d7ecfcc78d,0.1002,0.0001002
0.101,2025-06-05 10:37:11.000 UTC,Withdrawal,0xd16b36e0551a2e4a374bee7d6d6299fdc08a1343d2049ae28e923805a8e3403e,0x855b4a60806946fab16afccc7dda054c8ba6cf92,0x9c303de078c7252964059cb252d0dce2bdaa568f,0.101,0.000101
0.1,2025-06-04 22:14:59.000 UTC,Withdrawal,0x6be8f950a4d95e52df46cfe3ab6964905ff1639300b9d308455696d65ce6c623,0x855b4a60806946fab16afccc7dda054c8ba6cf92,0x7dcf46fa4fc7cd89de5fd534f9833cb8da1e37fb,0.1,0.0001
0.1,2025-06-04 21:59:23.000 UTC,Withdrawal,0x4084ab6a0ae97e2d1ea60e5987306321538baf11ff61f12278b89b5bc15c589e,0x855b4a60806946fab16afccc7dda054c8ba6cf92,0xfc2d9450ee35fc00ccc290e785d9e24bbacf7d86,0.1,0.0001
0.1002,2025-06-04 13:54:11.000 UTC,Withdrawal,0x61c70fc7a1fd31fae324f8733e17b667e99c2653379ab86ab684bdbacdbef724,0x855b4a60806946fab16afccc7dda054c8ba6cf92,0x01ef2a55b0179a8b38de2d335a18866a086ad54b,0.1002,0.0001002
0.1,2025-06-04 12:54:35.000 UTC,Withdrawal,0x5846154497d17e5ec4585c671c7cb05c2cd7b04bd0786517fa3a99d7fd16f2b2,0x855b4a60806946fab16afccc7dda054c8ba6cf92,0xc1d3e078eee5446c8826a0e03c617929177b7c6c,0.1,0.0001
0.1,2025-06-04 08:44:47.000 UTC,Withdrawal,0xaa6bf68b3e36ebff03b0fcdc303d85eb8326b2e0c43eda560e176b3f74c7ab32,0x855b4a60806946fab16afccc7dda054c8ba6cf92,0x57f24ffc2eae6d4f4a5c08fa9f01baa809114a48,0.1,0.0001
2.0,2025-06-03 17:52:35.000 UTC,Withdrawal,0x8ecd77df65c7d55d65dc1720e58f36a0b31c4dd72871faf9b9bd7bfb8af4e9a9,0x855b4a60806946fab16afccc7dda054c8ba6cf92,0x4dc52afcd382264bffd65fcbff4790ccc501ca0a,2.0,0.002
0.5,2025-06-03 17:43:23.000 UTC,Withdrawal,0x65a46fe41e79f969ee16a31ab983a494a3af9f541724e35ee92762df6dc47bb3,0x855b4a60806946fab16afccc7dda054c8ba6cf92,0xd9486ad8b64368b788d63dcd85a9967b71a912d7,0.5,0.0005
0.4,2025-06-02 23:45:59.000 UTC,Withdrawal,0xd0434982ec1dd9e9d37cb4f84a3bc3719aaac2b14b4b48af2c2e6bb57abd64b7,0x855b4a60806946fab16afccc7dda054c8ba6cf92,0xd45afaa22975bb5200c758151412df92942973f8,0.4,0.0004
1.0,2025-06-02 23:44:11.000 UTC,Withdrawal,0x0f27d19d19fcc1fea0f6a437f7011346b16947ff74a78b10c9dbbaab293f5260,0x855b4a60806946fab16afccc7dda054c8ba6cf92,0xd45afaa22975bb5200c758151412df92942973f8,1.0,0.001
0.8307,2025-06-02 22:05:11.000 UTC,Withdrawal,0x55bfe653ca2fcb12af286d0000286508524b7fd4dc14a94fb713e009f0b93d99,0x855b4a60806946fab16afccc7dda054c8ba6cf92,0x172400876138bbbf4a7bbd4f31ff41da8216a95c,0.8307,0.0008307
0.1,2025-06-02 22:04:11.000 UTC,Withdrawal,0x9b3a20ae31d0e02d352862d8fcc968e3440c2f3946fecb33eeaa9d1252e83b7a,0x855b4a60806946fab16afccc7dda054c8ba6cf92,0xef1d20abcb58c869c157319c121c63acab0e41da,0.1,0.0001
1.0,2025-06-02 22:03:59.000 UTC,Withdrawal,0x2cab6384d0fbab8205e48d29ba64434519e669dbc3142ec254e983e380bcd1eb,0x855b4a60806946fab16afccc7dda054c8ba6cf92,0x172400876138bbbf4a7bbd4f31ff41da8216a95c,1.0,0.001
0.1,2025-06-02 21:58:35.000 UTC,Withdrawal,0x3e0ff733069c0f65c673990daaf342f578321e5ce09ccbbcd46aef974a1e2aba,0x855b4a60806946fab16afccc7dda054c8ba6cf92,0xef1d20abcb58c869c157319c121c63acab0e41da,0.1,0.0001
0.1,2025-06-02 21:55:11.000 UTC,Withdrawal,0x5181f2a54d0ec60de7bd9ec9b66113a7fc02765a322fe8c8a2dd2da30913c6de,0x855b4a60806946fab16afccc7dda054c8ba6cf92,0xef1d20abcb58c869c157319c121c63acab0e41da,0.1,0.0001
0.1,2025-06-02 16:47:59.000 UTC,Withdrawal,0xa12e710a32a8d29df986b8468cbbc22962ec68a59f1ba062674d93205e9942d8,0x855b4a60806946fab16afccc7dda054c8ba6cf92,0xa556a5a50d2c786617263414878214a9159d1433,0.1,0.0001
0.103,2025-06-01 11:25:11.000 UTC,Withdrawal,0x8ca3c31e6cdf96a7365814ff26c3d57631d6e0b570542bdca3145a2fdffc615a,0x855b4a60806946fab16afccc7dda054c8ba6cf92,0xdb2f0e3e04c5682d7e348b6c07a0b80e0d1deb9d,0.103,0.000103
0.5,2025-06-01 11:03:23.000 UTC,Withdrawal,0x99169cced653d11f0abe612cc847e5eb3305fad1d4e5d29f9da7aa2c409f3884,0x855b4a60806946fab16afccc7dda054c8ba6cf92,0xffa951aef983ed7dcb8846589c6796e225fe7702,0.5,0.0005
0.1,2025-06-01 08:31:59.000 UTC,Withdrawal,0xffd91e614cfee231d835a2e5cc6529e8f8133353735b23284cd3e3a2611dd689,0x855b4a60806946fab16afccc7dda054c8ba6cf92,0xf98d1fba8868506e5d4e77c9a7f35d4b8a5b8e82,0.1,0.0001
0.1,2025-06-01 08:28:47.000 UTC,Withdrawal,0xc6f6d1933a05f5eb16ce147aea56022781281c9245a34eae59ea298f22de63eb,0x855b4a60806946fab16afccc7dda054c8ba6cf92,0x1982ac6974d8722779120204036b1b951d551bd6,0.1,0.0001
0.1,2025-06-01 08:26:47.000 UTC,Withdrawal,0x92a6af57b299c5737456abf90caef8d829c0fe7e7771cef0a3aedd9d82733360,0x855b4a60806946fab16afccc7dda054c8ba6cf92,0xae6b0270666aabcf16da178db8d73d5933598464,0.1,0.0001
0.1,2025-06-01 08:18:11.000 UTC,Withdrawal,0xf47ce5e2a32b252e14135a5e61388299e8301fc266dca503d248c8fd0c9b677d,0x855b4a60806946fab16afccc7dda054c8ba6cf92,0xd4135abc925a49f82e64953ce4a29dda5710e196,0.1,0.0001
0.1,2025-06-01 07:36:35.000 UTC,Withdrawal,0x1de43a575399a139aaeae7b104a7a457b4040703deaee6e6b8a8d2c2b9292b28,0x855b4a60806946fab16afccc7dda054c8ba6cf92,0xc05a8e41b321d78ed64cae39f8d28aac0fdb9050,0.1,0.0001
0.1,2025-06-01 05:55:59.000 UTC,Withdrawal,0x5d99ad3bfc3d0a74fced5d3e56a5a2dc6d2675efb7c39c7f2ad20b4a02eff887,0x855b4a60806946fab16afccc7dda054c8ba6cf92,0xcffb42a5405a120299e5f79481b5182fefb95df6,0.1,0.0001
0.1,2025-06-01 05:54:47.000 UTC,Withdrawal,0x736409899baa3d1cf119b4e50399b8ab5670554f76af77baf0a98399b1e5db14,0x855b4a60806946fab16afccc7dda054c8ba6cf92,0x3cf1dbfa7ecd8855513f3e30520377921aadd43f,0.1,0.0001
0.1,2025-06-01 05:53:35.000 UTC,Withdrawal,0xd48fb8b5d59d3c5c8b251c77e55c736330b04d3fd6b7d56130ccaf3a77a11617,0x855b4a60806946fab16afccc7dda054c8ba6cf92,0x18661fa293c2e6163cf163e089318bebdf039bc1,0.1,0.0001
0.1,2025-06-01 05:51:47.000 UTC,Withdrawal,0xfde471b0af13d40c57d8b9996717f8c23ea4904b0e77554130349422a4dd1afb,0x855b4a60806946fab16afccc7dda054c8ba6cf92,0x7092909e6068259b28468a46dc611551410840ce,0.1,0.0001
0.1,2025-06-01 05:50:59.000 UTC,Withdrawal,0xedf9ae23d05b76c89dc5651a52f967f90e73ccaca856d23fcf02b0bf79d6b7ff,0x855b4a60806946fab16afccc7dda054c8ba6cf92,0x43abee56b9577e0270c130ca49544eaacf1b1db0,0.1,0.0001
0.1,2025-06-01 05:50:47.000 UTC,Withdrawal,0x8dfdd33e3470dc0a48b04c5d900ce0805a9be5442269e9431f9ad767e9adc248,0x855b4a60806946fab16afccc7dda054c8ba6cf92,0xcf053780856591b4e1123105909a18aa3cfaf51a,0.1,0.0001
0.1,2025-06-01 05:49:47.000 UTC,Withdrawal,0xc22647be1cc532cd7d36944bd9748ef209014f5840e2259a537f7192315faa0f,0x855b4a60806946fab16afccc7dda054c8ba6cf92,0x4113f0c5e4cd34b1e89ea7139c35f8c98b77d6ab,0.1,0.0001
0.1,2025-06-01 05:49:23.000 UTC,Withdrawal,0x7eac9c52a3b90e3d4d3fdba142dab56bd1cceee6153779e8eefd2cd0473939a4,0x855b4a60806946fab16afccc7dda054c8ba6cf92,0x0e290c765170f855dd37d37e8b524e60578a4f18,0.1,0.0001
0.1,2025-06-01 05:47:35.000 UTC,Withdrawal,0x506ba8ad695cdbdaabc1450465340d9fd44aaabfeaaceb7ba1a0cf79d7e8ee5f,0x855b4a60806946fab16afccc7dda054c8ba6cf92,0x9b842fe58e07c6ca80078de8c63fe3bf15287a0e,0.1,0.0001
0.1,2025-06-01 05:47:23.000 UTC,Withdrawal,0x684d7efe0031391ce13355d3b0e4c2edc2bdfea786eb882045c74c0682624520,0x855b4a60806946fab16afccc7dda054c8ba6cf92,0x379afece402887964afc05932ec60502835b35b6,0.1,0.0001
0.1,2025-06-01 05:25:59.000 UTC,Withdrawal,0xcf33562ba98dadc2ef0b13d3aa16c0a248500d1842c4f69aede8848723b80f5c,0x855b4a60806946fab16afccc7dda054c8ba6cf92,0xee9d0d58fcffc38257772987bd0e274ba810287b,0.1,0.0001
0.1,2025-06-01 05:22:35.000 UTC,Withdrawal,0xc9374416fec1057aa65b9a96165fc8f35266d06b9ec5b464b8bfa756f492ee90,0x855b4a60806946fab16afccc7dda054c8ba6cf92,0x6c548604becde75aeff65e9d00e00d24017ee677,0.1,0.0001
0.1,2025-06-01 05:21:59.000 UTC,Withdrawal,0xbdb59ab51c671147d34a0025733d214c32c5e3144064b86c475fe2aa81c6c22f,0x855b4a60806946fab16afccc7dda054c8ba6cf92,0x1ca1e5cbd28bf9163ff791fa5deeb1889d87f5f2,0.1,0.0001
0.1,2025-06-01 05:20:47.000 UTC,Withdrawal,0x5fc5672cbc25be6f12accb3143f99b2651a88286510d5f934932c2f7e7f1b223,0x855b4a60806946fab16afccc7dda054c8ba6cf92,0xfac6d416a8f9292e267eea76901406c87f605534,0.1,0.0001
0.1,2025-06-01 05:17:47.000 UTC,Withdrawal,0xbcaf657c78f1cda08bc4d232f02635330074d4f6b0939c3b2f6cff33da1f99e9,0x855b4a60806946fab16afccc7dda054c8ba6cf92,0x6efe25d4fabd893e5e004ff53c0f4376b932d8c5,0.1,0.0001
0.1,2025-06-01 05:16:47.000 UTC,Withdrawal,0x8e59135a9475ebdb95b6e40d5bbc34ff713d6a5ca82733fda0e8ffe829885a27,0x855b4a60806946fab16afccc7dda054c8ba6cf92,0x9ef2a8ea40607a304744335fe25724f859d6bab8,0.1,0.0001
0.1,2025-06-01 05:15:35.000 UTC,Withdrawal,0xbb62f3354d96bee695f203295d839fff8fa1a6c4d774f703608d2851cfe14541,0x855b4a60806946fab16afccc7dda054c8ba6cf92,0x4a1a32bd14fc6da7a767f98f71e5caf34b47d317,0.1,0.0001
0.1,2025-06-01 05:14:23.000 UTC,Withdrawal,0x73c15b596774d3a227bc9caf5a89197dc1a672480196504b8160a0671922f174,0x855b4a60806946fab16afccc7dda054c8ba6cf92,0x608f7ab22f09b7ae38fe6cf8be063e8840dcbe14,0.1,0.0001
0.1,2025-06-01 05:12:11.000 UTC,Withdrawal,0xa88d3d280d90b8995b8b0fa445998816f80ce6991cf379e55fc587c67ab187fa,0x855b4a60806946fab16afccc7dda054c8ba6cf92,0x85132276c50ed45b6de9234bdf596edbc3501d8e,0.1,0.0001
0.1,2025-06-01 05:09:11.000 UTC,Withdrawal,0x0eb65442a1fedcb011fad8d8654c2fa79c0a8998eccb59358c71b8c4678a7850,0x855b4a60806946fab16afccc7dda054c8ba6cf92,0xb70a9a25be2c7d7f2e89425748ed8f56dda14393,0.1,0.0001
1.0,2025-05-31 21:00:35.000 UTC,Withdrawal,0xff1b13900b723d45c33bf65fbcafd7996985faa831946ed27dea8ea3734e53d5,0x855b4a60806946fab16afccc7dda054c8ba6cf92,0xb0145ae156d201d6e371d07265fe3c045071c967,1.0,0.001
0.1,2025-05-31 19:12:35.000 UTC,Withdrawal,0x2b4854c5fa6f104ecf1d9cc59ac594426b69f6fecfaf9afebad4fcd40893b02e,0x855b4a60806946fab16afccc7dda054c8ba6cf92,0xfd78c7214dcb98ed4fa5d6dfa37fe8c9a8cd1850,0.1,0.0001
0.1001,2025-05-31 15:21:23.000 UTC,Withdrawal,0xea475c371737151769ae020c043d0fbf9fcf7a8c4bb430ec7017b0f98df793f8,0x855b4a60806946fab16afccc7dda054c8ba6cf92,0x1c2527b9a1156c1886a11fffd715b0cc17afffdb,0.1001,0.0001001
0.1,2025-05-31 15:03:11.000 UTC,Withdrawal,0x56b26a87a80e036a096c506760693d433b1884f3cc54195f50fdac1147ad5842,0x855b4a60806946fab16afccc7dda054c8ba6cf92,0x792d3573c31899b03d03c4a07ecfd4c679574ca0,0.1,0.0001
0.1029,2025-05-31 13:16:59.000 UTC,Withdrawal,0x97eb99bf8b7b9df0074de5b55f741dc1fc37d9e2bbe4bf0cd283c295e9b95919,0x855b4a60806946fab16afccc7dda054c8ba6cf92,0xdc7998cc318d56f7a8a2fdb8233053b221568df4,0.1029,0.0001029
0.102,2025-05-31 13:13:23.000 UTC,Withdrawal,0xd50656f489f9c1233f400d5e1d442f338e951572aea795aa49a6dd85ddf9a775,0x855b4a60806946fab16afccc7dda054c8ba6cf92,0xdc7998cc318d56f7a8a2fdb8233053b221568df4,0.102,0.000102
0.46,2025-05-31 12:09:23.000 UTC,Withdrawal,0x93494bd3181918d22d8bb64e69df20bcbca966f0d601cb2d30c2fbf1fdb66e72,0x855b4a60806946fab16afccc7dda054c8ba6cf92,0xd45afaa22975bb5200c758151412df92942973f8,0.46,0.00046
0.1,2025-05-31 12:08:11.000 UTC,Withdrawal,0x73aec55ae5e1c230f15445f23ccf82e5f6fa0c1929d63b0175bdad441621d236,0x855b4a60806946fab16afccc7dda054c8ba6cf92,0xd45afaa22975bb5200c758151412df92942973f8,0.1,0.0001
0.1,2025-05-31 09:45:23.000 UTC,Withdrawal,0xe32e85fe525e245ae6ecbba64693f2c10d2d3804bc087feda7d58adb752d1dd8,0x855b4a60806946fab16afccc7dda054c8ba6cf92,0xd97e52e3c62401768f220bda8b7dfec1672567fa,0.1,0.0001
1.0,2025-05-30 20:55:11.000 UTC,Withdrawal,0x2506425fa9fcfa7d567c067ff240733de36d7ecacad37565ee50aa6d4a0616be,0x855b4a60806946fab16afccc7dda054c8ba6cf92,0xdcb25303c6c130316b291703c0d20b5b992dea9c,1.0,0.001
0.1,2025-05-30 14:18:47.000 UTC,Withdrawal,0x6362271f6bfb0915b9fefcb04f1090564dbea3baf658606c122ba096dddba391,0x855b4a60806946fab16afccc7dda054c8ba6cf92,0x50b51dd308a00c837d89929ff5bb9c3f0039281b,0.1,0.0001
0.1,2025-05-30 11:15:47.000 UTC,Withdrawal,0x6fd0b1315790bd4c3b28a382b3c8fabc5bb9cbbe27298fe3f3bf40a28befc228,0x855b4a60806946fab16afccc7dda054c8ba6cf92,0x75a1253432356f90611546a487b5350cef08780d,0.1,0.0001
0.1,2025-05-30 06:55:35.000 UTC,Withdrawal,0x086beaa8951c253bd4f6778c4673cc88ddf6323bb4382afc71f509d1f73f25ed,0x855b4a60806946fab16afccc7dda054c8ba6cf92,0x954da7c2721679dde1a8b9a0ae6ea70d2df6771e,0.1,0.0001
0.105,2025-05-29 23:09:11.000 UTC,Withdrawal,0x388d3f396e4b2ff6b26907e0f46ba82f43593f256e3527880dd2c660f641af5d,0x855b4a60806946fab16afccc7dda054c8ba6cf92,0x3f05cb726bc1401c307608ef1c586b353d67c18c,0.105,0.000105
0.1015,2025-05-29 21:35:23.000 UTC,Withdrawal,0x915d9795119261d9a94fbffe48f735b68a429170a80e02ab55123abaea2876b8,0x855b4a60806946fab16afccc7dda054c8ba6cf92,0x496833404b2e0789ce145eed86ed7e4618bca2ba,0.1015,0.0001015
0.1,2025-05-29 19:44:23.000 UTC,Withdrawal,0xbc6af5f6e531515eb77f7512669670add8ffede840689ac0addab921af2f4591,0x855b4a60806946fab16afccc7dda054c8ba6cf92,0x029fea3911ed0b4ca55e9190b72787c76565692a,0.1,0.0001
2.916,2025-05-29 13:30:59.000 UTC,Withdrawal,0xf037a99c8c0bb3ed99c1b66949ef9e45aa084ed30137986d3f5aedd1fa4f8635,0x855b4a60806946fab16afccc7dda054c8ba6cf92,0xdb79e7e9e1412457528e40db9fcdbe69f558777d,2.916,0.002916
0.1,2025-05-29 13:18:35.000 UTC,Withdrawal,0x047f8dd5ba964678910230828cbc693fcf5a31dd27631d0ada2141cdc864adce,0x855b4a60806946fab16afccc7dda054c8ba6cf92,0xdb79e7e9e1412457528e40db9fcdbe69f558777d,0.1,0.0001
1.0,2025-05-29 11:21:35.000 UTC,Withdrawal,0xf94df697918529e8adfeda5cb0b6eaed955a48f8c9788c52e28260945036c202,0x855b4a60806946fab16afccc7dda054c8ba6cf92,0xd45afaa22975bb5200c758151412df92942973f8,1.0,0.001
0.1,2025-05-28 22:18:11.000 UTC,Withdrawal,0x784a6211c74804e47fec096ba669ebd53d039f34bf682588223d82a527b750c5,0x855b4a60806946fab16afccc7dda054c8ba6cf92,0x95c1f20b4f5117bf1a064851f94f563afbeee512,0.1,0.0001
0.1,2025-05-28 17:31:11.000 UTC,Withdrawal,0xc3a1add33a88b544874e7f5e4f622d57ddf02530f6cfa9f5da2c3edf2603fbec,0x855b4a60806946fab16afccc7dda054c8ba6cf92,0xb08979f3806e2139000d9dd657e4f58af6b4ca79,0.1,0.0001
0.1,2025-05-27 22:45:23.000 UTC,Withdrawal,0x00f87ddeeeead2f03eb837e8014f61e597f99c7c20da76712a32d7ec9ae7c734,0x855b4a60806946fab16afccc7dda054c8ba6cf92,0xb08979f3806e2139000d9dd657e4f58af6b4ca79,0.1,0.0001
0.5,2025-05-26 22:08:23.000 UTC,Withdrawal,0x282c03fc3e43dd3d18ceeeb742195a6291ac2579f4b3622c0afddd06afcd3f36,0x855b4a60806946fab16afccc7dda054c8ba6cf92,0x512e07a093aaa20ba288392eadf03838c7a4e522,0.5,0.0005
0.5,2025-05-26 15:59:35.000 UTC,Withdrawal,0x040bc99ef2b6b8b57715889ca210cc9e7c6f860740ed727451c477e172166556,0x855b4a60806946fab16afccc7dda054c8ba6cf92,0x512e07a093aaa20ba288392eadf03838c7a4e522,0.5,0.0005
0.101,2025-05-24 12:16:11.000 UTC,Withdrawal,0x6af14e04f7e045e9b0948bb3106df8081eb908ace772656548670eb03a7f93b4,0x855b4a60806946fab16afccc7dda054c8ba6cf92,0x82fe0291da2bf91459a516e59a39ec92844654d5,0.101,0.000101
0.102,2025-05-24 12:15:23.000 UTC,Withdrawal,0x5b11fce483cb74c84a6d4817e21946486c561821acaf60870856ecaa7f58431c,0x855b4a60806946fab16afccc7dda054c8ba6cf92,0x82fe0291da2bf91459a516e59a39ec92844654d5,0.102,0.000102
0.1005,2025-05-24 11:48:23.000 UTC,Withdrawal,0xfcad6b4db71f5b54233cf8f46202a10417cfd2a16a361ce6f48d9ffd2c6329e8,0x855b4a60806946fab16afccc7dda054c8ba6cf92,0x82fe0291da2bf91459a516e59a39ec92844654d5,0.1005,0.0001005
0.1,2025-05-23 08:48:11.000 UTC,Withdrawal,0x3eeecdb2659a2f932c8cd9aaa13f178869fb1ac9f27eddb702c0e1d343a6fc19,0x855b4a60806946fab16afccc7dda054c8ba6cf92,0xc4fa6a03652056219490be874a78a2f6b2820599,0.1,0.0001
0.1,2025-05-23 07:29:35.000 UTC,Withdrawal,0x37c0e8c318d0be5a8f39936533395badf41d494290a95ab4b9c9008fe4d17319,0x855b4a60806946fab16afccc7dda054c8ba6cf92,0xa4981064a0f0cdbfc5ab0fd1ee9cdfb4784f6503,0.1,0.0001
0.1,2025-05-23 05:07:11.000 UTC,Withdrawal,0xe49d9c80b2f0d9eac1386393195ded69f612bfef29ce607a1f56fb0d7b41be47,0x855b4a60806946fab16afccc7dda054c8ba6cf92,0x9d86ce4ea939ba71bb97383b85afd12d3b3bbcaf,0.1,0.0001
0.5,2025-05-21 20:46:47.000 UTC,Withdrawal,0x512542c74800e4c9a6b2020e66051429b4f9168564d1db9857f5b824dc4a71d7,0x855b4a60806946fab16afccc7dda054c8ba6cf92,0xe50398cbca0695d44a2b0792f688075e86e707c9,0.5,0.0005
0.1,2025-05-21 07:50:59.000 UTC,Withdrawal,0x674bcdbf0b88861045f6137f30d1a38f8109605790ed20978cfe27d37e0e83b8,0x855b4a60806946fab16afccc7dda054c8ba6cf92,0xdd1fd6f0efb4e0eaf13a24a09363f4efe59030d1,0.1,0.0001
0.2,2025-05-20 07:45:59.000 UTC,Withdrawal,0x5e671ef768e0d4b808e9440d1fade6bd7be9a9f9a5280c04cb083f07d428d6ee,0x855b4a60806946fab16afccc7dda054c8ba6cf92,0xdd1fd6f0efb4e0eaf13a24a09363f4efe59030d1,0.2,0.0002
0.1,2025-05-20 06:42:47.000 UTC,Withdrawal,0xa96372a01a87b95572ea5109780d7f745448f9e791bea8901305443def292995,0x855b4a60806946fab16afccc7dda054c8ba6cf92,0x733be9c54ffde3f87c8022dcf82f8f4fa3c0250c,0.1,0.0001
0.1,2025-05-19 16:07:35.000 UTC,Withdrawal,0xfacc335c7a5bca92080b75a1182927dda16605d544be90a9ba30fc75b983377b,0x855b4a60806946fab16afccc7dda054c8ba6cf92,0xe77e0abba45d6a15d49454409349c2e36be1cded,0.1,0.0001
0.1,2025-05-19 03:46:23.000 UTC,Withdrawal,0xdf9f01b100fada4e9cd8774935fc90e5e6e6d376a068ae1c58087bf73a5dd99d,0x855b4a60806946fab16afccc7dda054c8ba6cf92,0xef1d20abcb58c869c157319c121c63acab0e41da,0.1,0.0001
0.1,2025-05-17 11:42:11.000 UTC,Withdrawal,0x428bfbb91025e9caa13cb34a7e69515732d921592f333176456376e05d5b8755,0x855b4a60806946fab16afccc7dda054c8ba6cf92,0x0f65a81e1cd32467f4fb5716a5d7cb42aa09e2f3,0.1,0.0001
0.1,2025-05-17 05:21:11.000 UTC,Withdrawal,0x635bcfc8eb9ac03b7a695728588e6a0db3f21f84bd16f4ed182d5105e3c32135,0x855b4a60806946fab16afccc7dda054c8ba6cf92,0x30b1132f0ac36b580e169c8ec18b13543fd163e2,0.1,0.0001
0.5,2025-05-16 13:46:11.000 UTC,Withdrawal,0xc4399b67fdaaa11c1b934b48ae823d94191205aa5909730ddc91df262abe8e1c,0x855b4a60806946fab16afccc7dda054c8ba6cf92,0xdd1fd6f0efb4e0eaf13a24a09363f4efe59030d1,0.5,0.0005
0.1,2025-05-16 11:07:47.000 UTC,Withdrawal,0xc6a0e1332864f7606af8060092531053d633bfe1f32b320f81c02857549821b5,0x855b4a60806946fab16afccc7dda054c8ba6cf92,0xbd75d11ed8f6392d423100f9e74873409c8f81c5,0.1,0.0001
0.102,2025-05-15 09:16:23.000 UTC,Withdrawal,0x8af3b5dc28aec5eaf1d0babd7b34f1f2c10aae9d821096fa39f6c9899991131f,0x855b4a60806946fab16afccc7dda054c8ba6cf92,0x7de137bbb0f510a5275229c106d12e0c8f72139f,0.102,0.000102
0.1,2025-05-15 09:14:47.000 UTC,Withdrawal,0x7bfd4f72d35d2369d7ac5d2ac36fd4c7001e4b1ed112868b9d9c11f080550804,0x855b4a60806946fab16afccc7dda054c8ba6cf92,0x0a86897acf08cd5bdaf07a8d39dee98fbbf7176c,0.1,0.0001
0.1,2025-05-15 06:16:23.000 UTC,Withdrawal,0x66e0ff98654d6303bdc95c9da1a726ef8076ff84c7933be0569c0a9879e7ee86,0x855b4a60806946fab16afccc7dda054c8ba6cf92,0xac09d0cf1ece166da7a16239cbb3a9e330be0c3d,0.1,0.0001
0.1,2025-05-15 06:15:35.000 UTC,Withdrawal,0x0a2ddb3d5a3c982fc4d55f7f72ab86eee64ba6c9ca6a6c0aed1956f721d6fa80,0x855b4a60806946fab16afccc7dda054c8ba6cf92,0xe980e2bdabd8b80f49827bcc832cb7d9c0eaff97,0.1,0.0001
0.1,2025-05-15 06:15:11.000 UTC,Withdrawal,0xd96e2c9a01ee8d1c6405445b272a8a63b09f3ef1be86fc4e1b842e912a50dd64,0x855b4a60806946fab16afccc7dda054c8ba6cf92,0x9e95173d7c66de634aabae7cb1f636a50a643056,0.1,0.0001
0.1,2025-05-15 06:13:47.000 UTC,Withdrawal,0x8bf827391a1b739b4d670e5070bbcc7a24d32f57c7d05cffadc83ed42e17729d,0x855b4a60806946fab16afccc7dda054c8ba6cf92,0x42ab9f80e6b202463869bbcb1fa753cb9be44f1a,0.1,0.0001
0.1,2025-05-15 06:13:11.000 UTC,Withdrawal,0x33fd9ceb46e750f2b2929988bba3d5dfd5b62d887b1c4416745d688e94649285,0x855b4a60806946fab16afccc7dda054c8ba6cf92,0x9b8e5a45ca8eeed68fc41319f61e0961f5be9360,0.1,0.0001
0.1,2025-05-15 06:12:23.000 UTC,Withdrawal,0xf3770c0fba63f899d269aa1339fbb4fc757665d656703409a772e271397fec77,0x855b4a60806946fab16afccc7dda054c8ba6cf92,0x7a603469fff70d5d667bd8731775fd3641cf767d,0.1,0.0001
0.1,2025-05-15 06:11:59.000 UTC,Withdrawal,0x8d34e8487307dadd980c9deaa399afbd0101144bb8e540e3ee5ba16054697856,0x855b4a60806946fab16afccc7dda054c8ba6cf92,0x2d93d8eca43fc602734499d6b2f7c1c9d1bc0068,0.1,0.0001
0.1,2025-05-15 06:10:59.000 UTC,Withdrawal,0xe19208f9d17dd7eb82a8e154a63e37444fddfdbcf0f22e5a35cf362cc08e6f4f,0x855b4a60806946fab16afccc7dda054c8ba6cf92,0x03a7e5e21667676dcdfd9da761c101118c7fe498,0.1,0.0001
0.1,2025-05-15 06:09:59.000 UTC,Withdrawal,0x154e32d312a758dbc28d9f2c54713e25268618f9036db6064cac11ada7ff6163,0x855b4a60806946fab16afccc7dda054c8ba6cf92,0xbe16088fd50f06e6622da65e3be2af61c875f81c,0.1,0.0001
0.1,2025-05-15 06:09:23.000 UTC,Withdrawal,0xdbb8a84ad2c29996f42ada0a8f2c0b331880779f077a8aa773b66db3b4d65d9d,0x855b4a60806946fab16afccc7dda054c8ba6cf92,0x1ca9a6a3a127b77cabade4c97ee37f3446c50181,0.1,0.0001
0.1,2025-05-15 06:05:11.000 UTC,Withdrawal,0xd41af2875856cfee309ea24532d4c80ae5ff2b2c52cbc053f4c99f04149a841a,0x855b4a60806946fab16afccc7dda054c8ba6cf92,0x2c494e4ee9de52073894d2a44b04052d4ee8214d,0.1,0.0001
0.1,2025-05-15 06:04:11.000 UTC,Withdrawal,0x578545276298d9540531f3497a129c7cc417469a4ffefb920e815a30fe32d918,0x855b4a60806946fab16afccc7dda054c8ba6cf92,0x127bf068a13772e741d7ce77b02d91eecd9da716,0.1,0.0001
0.1,2025-05-15 06:03:47.000 UTC,Withdrawal,0xde00267426ffb6e251de89149a474635fec7476859c9a319cbd61d2d060151b0,0x855b4a60806946fab16afccc7dda054c8ba6cf92,0x5ae57cbaae8b83da09b4e249282c08d74d93350b,0.1,0.0001
0.1,2025-05-15 06:03:11.000 UTC,Withdrawal,0x1bedf288947fc4375d7b3713676e69cd01b27d08eccabd31dc816a50116cbba5,0x855b4a60806946fab16afccc7dda054c8ba6cf92,0x95412e63806781c6e5beede966ce8c65454e0e38,0.1,0.0001
0.1,2025-05-15 05:59:35.000 UTC,Withdrawal,0x5c734433adad2418feebbf347b71a9853750797aa7117bc9f2798a9f69e9a514,0x855b4a60806946fab16afccc7dda054c8ba6cf92,0x39c507efa5ad32f2a03d517cbc5c23a0ff71d781,0.1,0.0001
0.1,2025-05-15 05:59:23.000 UTC,Withdrawal,0xfefcc378a00ef85aad536a49fabd06144f7e60380c555ef33a299653be820d1e,0x855b4a60806946fab16afccc7dda054c8ba6cf92,0xba729194d9e552f53bde1bcf39449c5ffbb3ca27,0.1,0.0001
0.1,2025-05-15 05:59:11.000 UTC,Withdrawal,0x0ca907edc8bd0f2d42125d48f1b1f6ac73cc2a196d33cfeadb7a4962b8b07dff,0x855b4a60806946fab16afccc7dda054c8ba6cf92,0x0c5063e0d87b0f0bc18e87c882dce1ba3306132b,0.1,0.0001
0.1,2025-05-15 05:58:59.000 UTC,Withdrawal,0x08be133decb222bf68690f80b1ac63f0239306b998f6f228a3a35885898b03d7,0x855b4a60806946fab16afccc7dda054c8ba6cf92,0x2786f19ded933bba4d4d13a73e85872824e7c83d,0.1,0.0001
0.1,2025-05-15 05:58:47.000 UTC,Withdrawal,0x656095f90fa4e21a0dc2f15394ba5612349d8c779ea72a8996c2178f8cccf500,0x855b4a60806946fab16afccc7dda054c8ba6cf92,0x11973f3ce43cdafb53a57816231b6bf825df9885,0.1,0.0001
0.1,2025-05-15 05:57:59.000 UTC,Withdrawal,0xcad1c7b631ffa30a5934e755a1418525f4b3121a0c4491ed48c6f90ed796b7b8,0x855b4a60806946fab16afccc7dda054c8ba6cf92,0xbbd6f601ecc6d7a9e4c7a52ab6691b1250c0c8f6,0.1,0.0001
0.1,2025-05-14 16:45:47.000 UTC,Withdrawal,0xcd3803f3c19e8fde56bb1de0f122b17dd77b380d0f4400c35c12d9ac99896a55,0x855b4a60806946fab16afccc7dda054c8ba6cf92,0x39c559a01880740f970e9b661f976c3a8f4776ad,0.1,0.0001
0.101,2025-05-14 07:47:47.000 UTC,Withdrawal,0x4e9506d63775cb9b04904a7c4ba6a7013e1c0ec85aa376858f9160d80d838aee,0x855b4a60806946fab16afccc7dda054c8ba6cf92,0xb09a32774a3bcda84b310e0bbce573b6e009b448,0.101,0.000101
0.1,2025-05-14 07:44:11.000 UTC,Withdrawal,0xc9af21ea39e52c0d78f27f3235a7f9cf207a26d964b49413959ead878378967b,0x855b4a60806946fab16afccc7dda054c8ba6cf92,0xc45e0e1d76f5c8e2ba839ae8bd62df9e568cbbb5,0.1,0.0001
0.1,2025-05-14 07:39:11.000 UTC,Withdrawal,0x9b51bd1246fff7327173e14dca3bacbe8e8908b6973f1d86aac34dba977932ae,0x855b4a60806946fab16afccc7dda054c8ba6cf92,0x1eba6a88b1a8361ad969c72580da4c1c381caeea,0.1,0.0001
0.1,2025-05-14 07:38:23.000 UTC,Withdrawal,0x663b94c70663d2a069d92aab2b7714696330629caa3ff5ccb4bba94c623689a0,0x855b4a60806946fab16afccc7dda054c8ba6cf92,0x7a6ca7e10729104f885394058930ac4daf52382f,0.1,0.0001
0.1,2025-05-14 07:37:59.000 UTC,Withdrawal,0x9d21881a85403f598cde2687a4e99efbed86aba28d055955e842987b74bb3c61,0x855b4a60806946fab16afccc7dda054c8ba6cf92,0x9f0db70922aeab37c383cf8cd20d08f5dc9fd846,0.1,0.0001
0.1,2025-05-14 07:37:11.000 UTC,Withdrawal,0x973946f7649854fc444d71dc30014f5864a57c2803064f726ec495231446fd80,0x855b4a60806946fab16afccc7dda054c8ba6cf92,0xf585234f7666a10b9355f0ecfa9a7c5490616ca6,0.1,0.0001
0.102,2025-05-14 07:36:35.000 UTC,Withdrawal,0x8cb0e392c25ca3a046c1215b95b2dcffb88a47885dfb9def64b860e44f6cac6c,0x855b4a60806946fab16afccc7dda054c8ba6cf92,0xc5ffd5014b6ee42ddcb83f02518c9fc2fa3f601c,0.102,0.000102
0.1,2025-05-14 07:34:47.000 UTC,Withdrawal,0x32c0f296bfa96fede1da8be251e236f9d8572256939e411c23a6e0a4348851fe,0x855b4a60806946fab16afccc7dda054c8ba6cf92,0x7cc580211cf73b189178d9d4ccbe577f09496adb,0.1,0.0001
0.1,2025-05-14 07:32:23.000 UTC,Withdrawal,0xc75d0faa9e4155b5dab99197d83f50a6f248303244dfe4d6db9b9036cec016fc,0x855b4a60806946fab16afccc7dda054c8ba6cf92,0xde7588eb2a31812f01402005a4ba2587bbb41047,0.1,0.0001
0.101,2025-05-14 07:31:47.000 UTC,Withdrawal,0xcb317817cf5acf2500dbe9915d3a4b7d6de030e25f6fce497c49a06f6034b1eb,0x855b4a60806946fab16afccc7dda054c8ba6cf92,0x279ca080b695230bba0b4a88fdd9026c0e69392d,0.101,0.000101
0.1,2025-05-14 07:20:23.000 UTC,Withdrawal,0xeb60f206665314722586d8088b831a928bbdac48bf57858eb34f0db6a7585081,0x855b4a60806946fab16afccc7dda054c8ba6cf92,0xc9fd99aadf3c5b98adee3bde40e28c3981696e22,0.1,0.0001
0.1,2025-05-14 07:20:11.000 UTC,Withdrawal,0xa491a9fa276fc77983feeb5342b60bd516132aa04791a23fcaa38b807210ec24,0x855b4a60806946fab16afccc7dda054c8ba6cf92,0x995906763b3f31da96d22771fcbf1dfa6e4b33bb,0.1,0.0001
0.1,2025-05-14 07:16:47.000 UTC,Withdrawal,0x6df5b212143855370a06d341f9ab8c07b8095f709a41206a1ea4899afe55a847,0x855b4a60806946fab16afccc7dda054c8ba6cf92,0xdb326c0f5f60ef7940a319e386db26f9e5810656,0.1,0.0001
0.1,2025-05-14 07:16:11.000 UTC,Withdrawal,0xd405f1eabd61a342b663f6fbd363e0aad5079550b9a8149e06952ce106bc73e1,0x855b4a60806946fab16afccc7dda054c8ba6cf92,0xdbac11b185ce84463a88d93e57c33e5c11c62cf6,0.1,0.0001
0.1,2025-05-14 07:13:47.000 UTC,Withdrawal,0x3544adf0337947649d6418ec92164102537590c87fe2a769f4d3fb025c412181,0x855b4a60806946fab16afccc7dda054c8ba6cf92,0x928198118075ff997e85d9c3052c331649b907cf,0.1,0.0001
0.1,2025-05-14 07:09:35.000 UTC,Withdrawal,0xfaa81ab4f2d29532bf0b8b76bf166a907d466acc3c6b1fc357b45008f452111e,0x855b4a60806946fab16afccc7dda054c8ba6cf92,0xa67c599c4effbf320eb603f812d61fc9703e951d,0.1,0.0001
0.1,2025-05-14 07:06:59.000 UTC,Withdrawal,0xfbf86b1afbdf9e6ade3d18a9ff06c912aa4af95cc3306f276a601e322665a10b,0x855b4a60806946fab16afccc7dda054c8ba6cf92,0x80a3887ba60f76acab48ee4aead0a71a0774a8b2,0.1,0.0001
0.1,2025-05-14 07:01:59.000 UTC,Withdrawal,0x4381779dd9dbf90ee2ebb9f6cea079ba9a696fc691eef3eb93b2024a68abd41f,0x855b4a60806946fab16afccc7dda054c8ba6cf92,0x5a76fe9de18ce73b93a966e13d811561cec70966,0.1,0.0001
0.1,2025-05-14 07:01:35.000 UTC,Withdrawal,0x6b54799c728180fe26fd2a07674ca7f92d6d61ec821bc5bfe2062c9f2fb14615,0x855b4a60806946fab16afccc7dda054c8ba6cf92,0xf61dafd8418b48f6c72739c5911ef145c7a1148d,0.1,0.0001
0.1,2025-05-14 07:00:47.000 UTC,Withdrawal,0xc9796f43b59fe72b460deb15d3b3ace0cda10a77b5f1e22da85d269099a2b72c,0x855b4a60806946fab16afccc7dda054c8ba6cf92,0x1194fcc3fe1288f080efb8e96753618499587f2b,0.1,0.0001
0.1,2025-05-14 06:59:59.000 UTC,Withdrawal,0x075ce4a1dcfc33fdb736e571a7e478be373ab3dd6dee5102e91f8ee270cceaaf,0x855b4a60806946fab16afccc7dda054c8ba6cf92,0xfc8f8efa94a274c61a2288cedb0a275e37331a4d,0.1,0.0001
0.4,2025-05-12 02:46:47.000 UTC,Withdrawal,0x15ee713ea155c213e567f49af9654223214949187f57ac62cc10b8a7fd08dd7b,0x855b4a60806946fab16afccc7dda054c8ba6cf92,0x1d5ea4e03c4e87c9ff008d2f0428ae40d331d8fa,0.4,0.0004
0.3,2025-05-12 02:46:11.000 UTC,Withdrawal,0x9611bd3e83611b4389329c39991a6867262428bab816856d4ce2e31016a556a0,0x855b4a60806946fab16afccc7dda054c8ba6cf92,0x1d5ea4e03c4e87c9ff008d2f0428ae40d331d8fa,0.3,0.0003
0.1,2025-05-12 02:44:35.000 UTC,Withdrawal,0xcb25190b83442ad1c2e3d8d1def027574e2d59b15a4646ae2dfcfaf4721901b8,0x855b4a60806946fab16afccc7dda054c8ba6cf92,0x1d5ea4e03c4e87c9ff008d2f0428ae40d331d8fa,0.1,0.0001
0.187,2025-05-12 00:21:47.000 UTC,Withdrawal,0x777918f518cb838e30ad386707b7a5ad89aa8f585cfddfa9c0bdf2a7083accb5,0x855b4a60806946fab16afccc7dda054c8ba6cf92,0xe49e12abb3bfcc44878284ea3de2adc27f45946a,0.187,0.000187
0.2,2025-05-12 00:18:11.000 UTC,Withdrawal,0xedc8593c7c864fcd6fa169f71b25a33c9685e114978149b513a2fd84d0bc6a6f,0x855b4a60806946fab16afccc7dda054c8ba6cf92,0xe49e12abb3bfcc44878284ea3de2adc27f45946a,0.2,0.0002
0.52,2025-05-12 00:15:59.000 UTC,Withdrawal,0x8524852ee65a087b7715b9ecd778731121db87011454280b3259d3582ffac49b,0x855b4a60806946fab16afccc7dda054c8ba6cf92,0xd45afaa22975bb5200c758151412df92942973f8,0.52,0.00052
1.0,2025-05-11 23:12:47.000 UTC,Withdrawal,0x678118fcf9b77e520ea36531aa072c04edc1134b269086c5291095e0ced653b5,0x855b4a60806946fab16afccc7dda054c8ba6cf92,0xd45afaa22975bb5200c758151412df92942973f8,1.0,0.001
0.5,2025-05-11 23:09:35.000 UTC,Withdrawal,0xbceeeb1305b295302415271ac966e22e16f7b6492b76d05a1f3d4877881383f5,0x855b4a60806946fab16afccc7dda054c8ba6cf92,0xd45afaa22975bb5200c758151412df92942973f8,0.5,0.0005
0.1005,2025-05-11 22:00:35.000 UTC,Withdrawal,0x9b59cdd57ff90a03fee7366c0903178650ea3e2a85e49800e20de2f685e23680,0x855b4a60806946fab16afccc7dda054c8ba6cf92,0xbbb37369c6a0d7db49aaf898dc71c90d9cf99b1b,0.1005,0.0001005
0.1106,2025-05-11 21:59:23.000 UTC,Withdrawal,0x49c91dee22119d4f1415084ec4fb1afd7882dbcf8cf57933a520b29174e3741f,0x855b4a60806946fab16afccc7dda054c8ba6cf92,0xbbb37369c6a0d7db49aaf898dc71c90d9cf99b1b,0.1106,0.0001106
0.1177,2025-05-11 21:58:11.000 UTC,Withdrawal,0x86a611128f08229a13a573e1e418e0667ff590c0f1375950ee38726ac6022bc7,0x855b4a60806946fab16afccc7dda054c8ba6cf92,0xbbb37369c6a0d7db49aaf898dc71c90d9cf99b1b,0.1177,0.0001177
0.1091,2025-05-11 21:56:59.000 UTC,Withdrawal,0x1298559d26c2730ea6e3e94b373db338637539f6d8b09f3ece180f64845f8df3,0x855b4a60806946fab16afccc7dda054c8ba6cf92,0xbbb37369c6a0d7db49aaf898dc71c90d9cf99b1b,0.1091,0.0001091
0.1216,2025-05-11 21:55:35.000 UTC,Withdrawal,0xa3a80f7551aa55e1ddb4acedc423ecc1736e3cd5e176528232fdc509c8e2661b,0x855b4a60806946fab16afccc7dda054c8ba6cf92,0xbbb37369c6a0d7db49aaf898dc71c90d9cf99b1b,0.1216,0.0001216
0.1113,2025-05-11 21:54:35.000 UTC,Withdrawal,0xb5dd00e8d56aa4d806b451142b0fb5278f04de4a41bbd3d6335d9281f4638a8f,0x855b4a60806946fab16afccc7dda054c8ba6cf92,0xbbb37369c6a0d7db49aaf898dc71c90d9cf99b1b,0.1113,0.0001113
1.0,2025-05-11 18:14:11.000 UTC,Withdrawal,0x593ff115ca7b0e2f60475d25b9b576a85f89ec85bf24e7f8ded4bcbbcd12ea01,0x855b4a60806946fab16afccc7dda054c8ba6cf92,0x2eba11c9d5b3f82b25934bcf1bc3bac15eaca87b,1.0,0.001
0.1207,2025-05-11 11:35:11.000 UTC,Withdrawal,0x07fc37820c91d7fc7646cd6ac07e998381bb819591d97aea311c3278780288ba,0x855b4a60806946fab16afccc7dda054c8ba6cf92,0xbbb37369c6a0d7db49aaf898dc71c90d9cf99b1b,0.1207,0.0001207
0.1123,2025-05-11 11:32:59.000 UTC,Withdrawal,0x73534181ef33e7b0ea65bb76cb8d46426263a7084e5846e7f4496efe67c1e4a6,0x855b4a60806946fab16afccc7dda054c8ba6cf92,0xbbb37369c6a0d7db49aaf898dc71c90d9cf99b1b,0.1123,0.0001123
0.1085,2025-05-11 11:32:11.000 UTC,Withdrawal,0x0d710776dc463a04ba6a1b897992a6f80602c03bf7dab8fff386ece0f5f5244b,0x855b4a60806946fab16afccc7dda054c8ba6cf92,0xbbb37369c6a0d7db49aaf898dc71c90d9cf99b1b,0.1085,0.0001085
0.1028,2025-05-11 11:27:35.000 UTC,Withdrawal,0xa5b04e22e60a87db047b2d7c128f7b0b464bc18f4b8aa82ec004f56dc160d900,0x855b4a60806946fab16afccc7dda054c8ba6cf92,0xbbb37369c6a0d7db49aaf898dc71c90d9cf99b1b,0.1028,0.0001028
0.1095,2025-05-11 11:26:11.000 UTC,Withdrawal,0xd63c9c4cc53dab57a3d32b333604f2a1692c5b0614b2336985a4c5c8a310af98,0x855b4a60806946fab16afccc7dda054c8ba6cf92,0xbbb37369c6a0d7db49aaf898dc71c90d9cf99b1b,0.1095,0.0001095
0.1089,2025-05-11 11:24:59.000 UTC,Withdrawal,0x3201734ae33a4e72e8a40787c693cfc67f367b39a33fc8107a771f26f8ac061b,0x855b4a60806946fab16afccc7dda054c8ba6cf92,0xbbb37369c6a0d7db49aaf898dc71c90d9cf99b1b,0.1089,0.0001089
0.1089,2025-05-11 11:23:59.000 UTC,Withdrawal,0xfdf0e833ace05197366c58f41327a38629233dec0172d9d530ed7f2136c01d92,0x855b4a60806946fab16afccc7dda054c8ba6cf92,0xbbb37369c6a0d7db49aaf898dc71c90d9cf99b1b,0.1089,0.0001089
0.1089,2025-05-11 11:22:35.000 UTC,Withdrawal,0xdeb463705d7c7d15803f6f30d8a84786f1a16207f1009722e7df4b6693bcaa77,0x855b4a60806946fab16afccc7dda054c8ba6cf92,0xbbb37369c6a0d7db49aaf898dc71c90d9cf99b1b,0.1089,0.0001089
0.1093,2025-05-11 11:20:35.000 UTC,Withdrawal,0x248d5d8a66c419a8a1e3f0bf45aa91d5d067e7fce602db4f5f1970b59af141e5,0x855b4a60806946fab16afccc7dda054c8ba6cf92,0xbbb37369c6a0d7db49aaf898dc71c90d9cf99b1b,0.1093,0.0001093
0.1008,2025-05-11 11:19:23.000 UTC,Withdrawal,0x4a3035c18a7174b0fa56fcfd717d3eccd023b2f066cd5986afc8f195cd068446,0x855b4a60806946fab16afccc7dda054c8ba6cf92,0xbbb37369c6a0d7db49aaf898dc71c90d9cf99b1b,0.1008,0.0001008
0.1089,2025-05-11 11:17:59.000 UTC,Withdrawal,0x2001aae2c46889a702f4a6d41825a76b9279b2337a6faa403eca62a49831884a,0x855b4a60806946fab16afccc7dda054c8ba6cf92,0xbbb37369c6a0d7db49aaf898dc71c90d9cf99b1b,0.1089,0.0001089
0.1084,2025-05-11 11:16:11.000 UTC,Withdrawal,0x89c615d4a26408bdb5bc619fc63a21f26071e89bd2420b03d6ce0bd4aa969ee4,0x855b4a60806946fab16afccc7dda054c8ba6cf92,0xbbb37369c6a0d7db49aaf898dc71c90d9cf99b1b,0.1084,0.0001084
0.1031,2025-05-11 11:14:59.000 UTC,Withdrawal,0x6eba1f957f56b00b9733e35d9ef53250fe2eeeaddea00a6ba7f3de654c6e90ca,0x855b4a60806946fab16afccc7dda054c8ba6cf92,0xbbb37369c6a0d7db49aaf898dc71c90d9cf99b1b,0.1031,0.0001031
0.1188,2025-05-11 11:01:59.000 UTC,Withdrawal,0xe4ecfbdde7bb870479d197066b571c8b541adcaa3d8531823b372f6c50dae1c2,0x855b4a60806946fab16afccc7dda054c8ba6cf92,0xbbb37369c6a0d7db49aaf898dc71c90d9cf99b1b,0.1188,0.0001188
0.56,2025-05-11 10:43:35.000 UTC,Withdrawal,0x28402df973f5d28726c4b6436b086bb7c95fe7fd2a448a4f48374154f66bc484,0x855b4a60806946fab16afccc7dda054c8ba6cf92,0xbbb37369c6a0d7db49aaf898dc71c90d9cf99b1b,0.56,0.00056
1.0,2025-05-11 10:42:23.000 UTC,Withdrawal,0x16dba4ec888cb5a500816470a260620d57c78f490e62c03ceb01dfce39dd3469,0x855b4a60806946fab16afccc7dda054c8ba6cf92,0xbbb37369c6a0d7db49aaf898dc71c90d9cf99b1b,1.0,0.001
0.1,2025-05-11 10:40:59.000 UTC,Withdrawal,0x6d5881934e8d68c4348e833691891bbc75191e2800f8a46a992ec2d364c58d04,0x855b4a60806946fab16afccc7dda054c8ba6cf92,0x1da06d0225714f4505e998a0cad288e4986c8cb5,0.1,0.0001
0.12,2025-05-11 10:35:11.000 UTC,Withdrawal,0x903153f74d390d0e883e028fd389e188e84fad1f9e1ab8728c3aec0a5e49e14b,0x855b4a60806946fab16afccc7dda054c8ba6cf92,0x1da06d0225714f4505e998a0cad288e4986c8cb5,0.12,0.00012
0.16,2025-05-11 10:33:35.000 UTC,Withdrawal,0x08375c8ac5a7fa11bc8f75366a85aabb34c5ab0e0a44f1ac3933906ad7eea2e2,0x855b4a60806946fab16afccc7dda054c8ba6cf92,0x1da06d0225714f4505e998a0cad288e4986c8cb5,0.16,0.00016
0.1,2025-05-11 10:32:23.000 UTC,Withdrawal,0x97839e59457f0209ee0f4a10c312a308dca9912a16869a512fdb23352238d2f9,0x855b4a60806946fab16afccc7dda054c8ba6cf92,0x1da06d0225714f4505e998a0cad288e4986c8cb5,0.1,0.0001
0.11,2025-05-11 10:30:47.000 UTC,Withdrawal,0xbd1065fad14c6a8796428a65dd0486a4b600d29ffc7992d83709af7c666c9ad4,0x855b4a60806946fab16afccc7dda054c8ba6cf92,0x1da06d0225714f4505e998a0cad288e4986c8cb5,0.11,0.00011
0.1,2025-05-11 10:27:35.000 UTC,Withdrawal,0x29f98339e8865236fb58c17ce636f284976f610c604b6c875788950c0fbbf573,0x855b4a60806946fab16afccc7dda054c8ba6cf92,0x1da06d0225714f4505e998a0cad288e4986c8cb5,0.1,0.0001
0.1,2025-05-11 10:26:11.000 UTC,Withdrawal,0x62f230984117b895366d6f819e9c0d7eba0fca1ddb32b07a6ef66a0c99141f87,0x855b4a60806946fab16afccc7dda054c8ba6cf92,0x1da06d0225714f4505e998a0cad288e4986c8cb5,0.1,0.0001
0.15,2025-05-11 10:24:47.000 UTC,Withdrawal,0x01f409f5fd2e8b73054367de4bef25150d54cd893f3218e96666638eafda6fc2,0x855b4a60806946fab16afccc7dda054c8ba6cf92,0x1da06d0225714f4505e998a0cad288e4986c8cb5,0.15,0.00015
0.1,2025-05-11 10:23:35.000 UTC,Withdrawal,0xa0ee0a183a7e0e561f0d98c8f5206827c21732082eec66c917c5f4e27f21ca44,0x855b4a60806946fab16afccc7dda054c8ba6cf92,0x1da06d0225714f4505e998a0cad288e4986c8cb5,0.1,0.0001
0.1,2025-05-11 10:21:59.000 UTC,Withdrawal,0xb7a64857780f417cbc705c95ddc29971c4240298b8eadc5955608452456dbe22,0x855b4a60806946fab16afccc7dda054c8ba6cf92,0x1da06d0225714f4505e998a0cad288e4986c8cb5,0.1,0.0001
0.44,2025-05-11 10:18:11.000 UTC,Withdrawal,0x51794c89c2956e5d82248ed9d4f7c1592ed11d3547c67cf470226a468ae022b8,0x855b4a60806946fab16afccc7dda054c8ba6cf92,0xbbb37369c6a0d7db49aaf898dc71c90d9cf99b1b,0.44,0.00044
0.56,2025-05-11 10:17:23.000 UTC,Withdrawal,0xd5a4abc2318e61d22b81a3535918c30862836e5f0d60545f1cd7641f26c7f4c8,0x855b4a60806946fab16afccc7dda054c8ba6cf92,0xbbb37369c6a0d7db49aaf898dc71c90d9cf99b1b,0.56,0.00056
0.1,2025-05-08 07:04:11.000 UTC,Withdrawal,0xb9e141bfa84266a69a919234e552b995b529fab48fc57811aa8a0bfb523fd777,0x855b4a60806946fab16afccc7dda054c8ba6cf92,0x090b31f49a819e627aca05220eb042b7049a5850,0.1,0.0001
0.1,2025-05-07 19:24:35.000 UTC,Withdrawal,0x97f06e8b0884605d1c78342b62d13fd87373e88754db54914977ea5877fd2fa8,0x855b4a60806946fab16afccc7dda054c8ba6cf92,0x95af95a12cf6b33b9e3e42ec46d3aae90fb1d233,0.1,0.0001
0.1,2025-05-07 18:56:59.000 UTC,Withdrawal,0xcd87e4413721ecd631a3c8c0c2092fa476463d7d4572547b8969196469ed8321,0x855b4a60806946fab16afccc7dda054c8ba6cf92,0x60ec1ea8f6e589b4ad474b19841b2e414aa0844b,0.1,0.0001
0.1,2025-05-07 14:57:59.000 UTC,Withdrawal,0xfe2cdbe6d13dff9574ac74302c67ac977fef9515205eda461d98a2a0922f31c3,0x855b4a60806946fab16afccc7dda054c8ba6cf92,0x783da7ccf6ef2707a475711de104f7cd2aec395c,0.1,0.0001
0.101,2025-05-07 13:06:23.000 UTC,Withdrawal,0xefa208d67147e28b372db354929ecdbf1208be35c6f5c867304777eb16320e9d,0x855b4a60806946fab16afccc7dda054c8ba6cf92,0x382f48b79b8dec25a4c8538643ca6d91fd82d5e1,0.101,0.000101
0.103,2025-05-07 13:04:59.000 UTC,Withdrawal,0x65f30fe01e189ec7f501c622b0a2298dc9809d57347f83e605c870feb5cd9e16,0x855b4a60806946fab16afccc7dda054c8ba6cf92,0xadd33ada46633efd61580c3f6b96c7d327852ae2,0.103,0.000103
0.102,2025-05-07 13:03:59.000 UTC,Withdrawal,0x864a5d41b1a13fedab7691bd8b53c5fcb47dfc942a47e50ba66a3e5995f27439,0x855b4a60806946fab16afccc7dda054c8ba6cf92,0x240cd6d8dc7280d90fd36770cfad094e99bf8313,0.102,0.000102
0.1,2025-05-07 09:51:47.000 UTC,Withdrawal,0xd55a19eed4cc905672707b8e3ced915e167735dc1e88ffaa665bafdb2a060bee,0x855b4a60806946fab16afccc7dda054c8ba6cf92,0xd991251ae4ca66debca21e480da7337377335b76,0.1,0.0001
0.101,2025-05-07 09:44:59.000 UTC,Withdrawal,0xf9a6b847927328c6dc544322c4246b699459c5af4ef0a0e38a96b1c69dc1999d,0x855b4a60806946fab16afccc7dda054c8ba6cf92,0x8a60e3edb5d9237f4d8731b000fd9e9471d08963,0.101,0.000101
0.5,2025-05-07 06:49:59.000 UTC,Withdrawal,0x90ee5c35c7e066585e760fcdbb142393170acb7e7798b9db49dff031f2638341,0x855b4a60806946fab16afccc7dda054c8ba6cf92,0x512e07a093aaa20ba288392eadf03838c7a4e522,0.5,0.0005
0.1,2025-05-07 04:34:23.000 UTC,Withdrawal,0xc4cdbafc07532690cb05d4ab5a959f29535d283fed5a0e6e887f50dd60238d60,0x855b4a60806946fab16afccc7dda054c8ba6cf92,0x30b1132f0ac36b580e169c8ec18b13543fd163e2,0.1,0.0001
0.1,2025-05-07 03:19:35.000 UTC,Withdrawal,0x32da4de0aa30b9db90018cfb5643bfb968edf0011fe1e3c043351be0e572d6dc,0x855b4a60806946fab16afccc7dda054c8ba6cf92,0xd7b7c73293ea7bae962ef8339b2142cc8c8cd3a2,0.1,0.0001
0.1,2025-05-07 03:05:23.000 UTC,Withdrawal,0xa70d4d04d87675b349c6ea1a05a7a09eb3942fdfe5e01ed189519826ad5dabe4,0x855b4a60806946fab16afccc7dda054c8ba6cf92,0x4a095c6ac312c9e6718c739fe517517e960aab8c,0.1,0.0001
0.1,2025-05-07 03:03:11.000 UTC,Withdrawal,0xd2e098e6d5d313d65816a88d7f1b59937d8cd672c263ef204739bd6514b2828d,0x855b4a60806946fab16afccc7dda054c8ba6cf92,0x86cfc7aa3b75b80ba9ab37b82a6fa9feaa94ea6a,0.1,0.0001
0.1,2025-05-07 03:02:11.000 UTC,Withdrawal,0x36e0e6fdf8d7d40d009c8e4db336d545eedc739d62bf67551512bb45eea60f0e,0x855b4a60806946fab16afccc7dda054c8ba6cf92,0x3a815348c9b2c8c696995da9480091cdc11498a5,0.1,0.0001
0.1,2025-05-07 02:59:23.000 UTC,Withdrawal,0xc10785e967513f10e237b669b24fa75930e65b202710a5684f87a150f710860f,0x855b4a60806946fab16afccc7dda054c8ba6cf92,0xfde16ad8f4f296455c784e374e99d008750d02f3,0.1,0.0001
0.1,2025-05-07 02:58:47.000 UTC,Withdrawal,0xe399614503c7f6a4092093a56b78654036a0d97419b6c96106ebca332ea0de13,0x855b4a60806946fab16afccc7dda054c8ba6cf92,0x7f0ef8cd68546b2a3d3c46f93ad64b62e92e4b78,0.1,0.0001
0.1,2025-05-07 02:37:47.000 UTC,Withdrawal,0x89c32c8367379fd9854973185d04b3055f72c41583b346615bf14afa60176371,0x855b4a60806946fab16afccc7dda054c8ba6cf92,0xd88e6155dcdd756414b357a4b9c0045eb1058339,0.1,0.0001
0.1,2025-05-07 02:35:59.000 UTC,Withdrawal,0x80e6e725658dc8a97781fcb9198726efef64da58f708216999a97a2df8683211,0x855b4a60806946fab16afccc7dda054c8ba6cf92,0x654f223533be0eb614ed3233e9b751c36ee505bf,0.1,0.0001
0.1,2025-05-07 02:35:47.000 UTC,Withdrawal,0x40b3f4d20bbbedd00644f23a9aed783c9f172b9133ca3fe08f7ca68dc3f7792f,0x855b4a60806946fab16afccc7dda054c8ba6cf92,0x21e52139a582bf39f747ed14a75d8e56e8682e34,0.1,0.0001
0.1,2025-05-07 02:35:23.000 UTC,Withdrawal,0xf43e7b57d2c5f3cf4c5eb8aee0e2bcab00e62bc4d04d60879909bada5044542e,0x855b4a60806946fab16afccc7dda054c8ba6cf92,0x78a9ef6af987294d8ae9fc0fc8339260cedaaaf4,0.1,0.0001
0.1,2025-05-07 02:34:35.000 UTC,Withdrawal,0x71ba6b25ab20ad9a80cee973e7c1a6ee1028344cfd6dc531e2f88467a3edb59c,0x855b4a60806946fab16afccc7dda054c8ba6cf92,0x16410fd381d3bae41707c20492a3525deee0ad45,0.1,0.0001
0.1,2025-05-07 02:34:23.000 UTC,Withdrawal,0x21824235bec3c888f75b8417b877e781aef97a7a78186bff53da06e71ba3092d,0x855b4a60806946fab16afccc7dda054c8ba6cf92,0x8502ff78270265dc4bf175ee4af04ebf7969a34b,0.1,0.0001
0.1,2025-05-07 02:33:11.000 UTC,Withdrawal,0x031322f350328227a36154c28e69003512dbb044f8f1386e42067e44e311625b,0x855b4a60806946fab16afccc7dda054c8ba6cf92,0xb43e0fa4d742974fb4e74b691653ea8969cfc781,0.1,0.0001
0.1,2025-05-07 02:32:35.000 UTC,Withdrawal,0x9784c63b50e7a331eb3d9066fce4d22d3591ec67c04b378e3a67d903fb31887e,0x855b4a60806946fab16afccc7dda054c8ba6cf92,0x9909f0a08c21be65fd474bc709a3c9d2f8a1d1b1,0.1,0.0001
0.1,2025-05-07 02:32:23.000 UTC,Withdrawal,0x2ec843c434205e62dfff3b59910584981c8b3cd9d84a73fa66978ece827ee6f3,0x855b4a60806946fab16afccc7dda054c8ba6cf92,0x5a4e2d4260a71c24e9accc999455eeea640b3308,0.1,0.0001
0.1,2025-05-07 02:30:11.000 UTC,Withdrawal,0xb76eda88ced33720cf65193f482d8af4c08bd50fbe66b55d747219aa246f8094,0x855b4a60806946fab16afccc7dda054c8ba6cf92,0x86d1a248eb62cc4c7bd8e215fcb8c8dad75eccd4,0.1,0.0001
0.1,2025-05-07 02:28:59.000 UTC,Withdrawal,0xfbdb0c67e16d526f75a953e6cf575215ebb7862474a7f35e6870be5e034cc3ac,0x855b4a60806946fab16afccc7dda054c8ba6cf92,0x3341fba0690939bcb248b91b07a7e4906e5c6a52,0.1,0.0001
0.1,2025-05-07 02:28:11.000 UTC,Withdrawal,0x530446afe035eba2c568b3c07f61707de864e1d6e272d7b81bc292647755434f,0x855b4a60806946fab16afccc7dda054c8ba6cf92,0x9db3ec312f849658ea8d3811d68e7eec50885996,0.1,0.0001
0.1,2025-05-07 02:27:23.000 UTC,Withdrawal,0xfe919af2ae29fc7a74e62b7e25427a2390dcba9eec9325e6734c7855221e3f91,0x855b4a60806946fab16afccc7dda054c8ba6cf92,0xa250af1889d4c1b8c82387eade6488478146aab2,0.1,0.0001
0.1,2025-05-07 02:24:23.000 UTC,Withdrawal,0xd805ed90368c02ffb5bd33d31f8e5f75a3dfbd7b8c1f5a20b33edf0990513fa3,0x855b4a60806946fab16afccc7dda054c8ba6cf92,0x5d77a7f7f4e3613c412bd94d56ab2f41b3d9f7bc,0.1,0.0001
0.1,2025-05-07 02:22:35.000 UTC,Withdrawal,0x4059698bbbe942b80df7a519acc856732217cd06e8c65cb4b0b4a38dc09f8f01,0x855b4a60806946fab16afccc7dda054c8ba6cf92,0xe6f188ed7b15ddfa0e4f3efa0711360be0fc260c,0.1,0.0001
0.1,2025-05-07 02:22:23.000 UTC,Withdrawal,0x56acd69195ffe23e978561050d0da7d42612b4ea8f4194539f83a6603caac02b,0x855b4a60806946fab16afccc7dda054c8ba6cf92,0x22971414950e8409ddd615fe10772f08a205d72c,0.1,0.0001
0.1,2025-05-07 02:17:59.000 UTC,Withdrawal,0x80437327fd61253770134b464ca1fe304588b3b3227e80a835cc6d5f18800be5,0x855b4a60806946fab16afccc7dda054c8ba6cf92,0x65c1afc5ca90ce78d0eb567915224760fcbd8521,0.1,0.0001
0.1,2025-05-07 02:17:47.000 UTC,Withdrawal,0x5a1b10e4dab732ee2bf9f89f9dd138418dea56e0747a845e2ca83b8eb1327731,0x855b4a60806946fab16afccc7dda054c8ba6cf92,0x2b418132b9d1b3943299df00214214eabf903f03,0.1,0.0001
0.1,2025-05-07 02:17:23.000 UTC,Withdrawal,0xa399902ad0fab2bdcc0e8125e85e6d1415afc3f1e02bccbdaf4bd617b49330c4,0x855b4a60806946fab16afccc7dda054c8ba6cf92,0xb640664fca3dda00e7120c1a87c7c39b14d42de1,0.1,0.0001
0.1,2025-05-07 02:17:11.000 UTC,Withdrawal,0x7998799554acc6dcaae47627b65be749964bcb563f5c27ac2cb09157f737ea72,0x855b4a60806946fab16afccc7dda054c8ba6cf92,0x5274c81b2c73c712f9b18dc5b86cb387809c2285,0.1,0.0001
0.1,2025-05-07 02:16:59.000 UTC,Withdrawal,0x86503c8178dc8c76d1aa586625c9e44bb1acc243e2e8ea0c758c499260287eb0,0x855b4a60806946fab16afccc7dda054c8ba6cf92,0x53652fa6be008407a468b48e7b8e86008129e54d,0.1,0.0001
0.1,2025-05-07 02:16:11.000 UTC,Withdrawal,0x1a882e8056976bdd900ff006e1000390f7a663820a507e1949721d6f94f72c47,0x855b4a60806946fab16afccc7dda054c8ba6cf92,0xca99e998f45217a2f8aefe06d9bdd7e1eaf5eeb8,0.1,0.0001
0.1,2025-05-07 02:15:23.000 UTC,Withdrawal,0x3e276fe401bd431fa5d4eaca5e5f6717bb31bc540e603e79decbb4ad5b1b4dbb,0x855b4a60806946fab16afccc7dda054c8ba6cf92,0xd2c9cb9434da09ca6076f3db4504bc2e8423b162,0.1,0.0001
0.1,2025-05-07 02:13:47.000 UTC,Withdrawal,0x8fca05daeef82c4f97f101f3c5a07209a917569db0593b3d30aea2d13269c33b,0x855b4a60806946fab16afccc7dda054c8ba6cf92,0x93a96e77cb6c12628d60296657554875bbe53619,0.1,0.0001
0.1,2025-05-07 00:03:35.000 UTC,Withdrawal,0xfbeb533b154c45e916e1c56512bc0a3b4f2503eedd6c40254470d18edade4c58,0x855b4a60806946fab16afccc7dda054c8ba6cf92,0xfb608925b269dfe1758dbbc968bd4a9a6edd4b50,0.1,0.0001
0.1,2025-05-06 23:11:59.000 UTC,Withdrawal,0x3608ea20afabaf43740f08196cee019a3b6d7fbf87df6edd6765bfa34082176f,0x855b4a60806946fab16afccc7dda054c8ba6cf92,0x5164cf3b0c8c0fdfe4bcc9cf4f1e8f7e39461a59,0.1,0.0001
0.1026,2025-05-06 22:28:59.000 UTC,Withdrawal,0x5b359e284f786a4de1f58ec7a930841bdc45d0ac3fd830f5c49230fbcb838621,0x855b4a60806946fab16afccc7dda054c8ba6cf92,0x4faad739aecc74301e9b85b4bdffbbee9f242776,0.1026,0.0001026
0.1025,2025-05-06 22:24:59.000 UTC,Withdrawal,0xdbf77666290c811403f98c6fb5a97c89bd4e3da6c35442ada347b21100fe40ce,0x855b4a60806946fab16afccc7dda054c8ba6cf92,0x902cd95f34c0a72e609d37b39db7575f1b75713b,0.1025,0.0001025
0.1021,2025-05-06 22:17:11.000 UTC,Withdrawal,0x96e43a85b839764b5af1f57c044fe0f3f866cfab702266cb4c5c39b3fc9222e3,0x855b4a60806946fab16afccc7dda054c8ba6cf92,0x007c44bbc0a3911a00ab11b8772011ea0c18c944,0.1021,0.0001021
0.1099,2025-05-06 22:13:47.000 UTC,Withdrawal,0xacefed613bf50852cdabe866a1155370c6bab043409df7bf35bea470ad942214,0x855b4a60806946fab16afccc7dda054c8ba6cf92,0xdef4f07f0de164a485aac4a8eb8cace0c8b7e41e,0.1099,0.0001099
0.101,2025-05-06 22:10:47.000 UTC,Withdrawal,0x7cf7aa209de755f4d380dad669112f7f57ed18abc739c2698a9abeaf71effde5,0x855b4a60806946fab16afccc7dda054c8ba6cf92,0x1f5c80a2104766c28cdf0bad316951b1c83d3209,0.101,0.000101
0.1,2025-05-06 07:37:59.000 UTC,Withdrawal,0x6ad5d3d724cd3936414f569a33e02533f634a9d13a38aa6edb1c45483f488bc2,0x855b4a60806946fab16afccc7dda054c8ba6cf92,0x9ee45f4e163acec9da1a0baf8ccbe1cd7f0a245a,0.1,0.0001
0.1,2025-05-06 06:40:47.000 UTC,Withdrawal,0xf2ea78ea34cbe7e11bdd4777d8cf71636f80e4429e4ecfc5f23aa0c575b36db6,0x855b4a60806946fab16afccc7dda054c8ba6cf92,0x8738b20bd82d68ebca9e39f18385e2d96382be65,0.1,0.0001
1.0,2025-05-06 04:17:35.000 UTC,Withdrawal,0x5c885d0c9f3a2ba3aa3ccb37a9c0e563e54fa119f1da80c053e4e62dd632b9e8,0x855b4a60806946fab16afccc7dda054c8ba6cf92,0x7ddf07ad1b2b3a134fda52d025b9e0629fef2b6c,1.0,0.001
0.5,2025-05-05 21:13:23.000 UTC,Withdrawal,0x16a45856a1f172469253966d18b80229061c0c7ab5e6b34eb54dd2e6a7a926a0,0x855b4a60806946fab16afccc7dda054c8ba6cf92,0x512e07a093aaa20ba288392eadf03838c7a4e522,0.5,0.0005
0.1,2025-05-04 19:02:23.000 UTC,Withdrawal,0xbcfde5d21321e67a50d03331dd7c4c781c526787063256f407981fc28334d3f2,0x855b4a60806946fab16afccc7dda054c8ba6cf92,0x954da7c2721679dde1a8b9a0ae6ea70d2df6771e,0.1,0.0001
0.34,2025-05-03 22:31:35.000 UTC,Withdrawal,0xe9b6b9f9d218626ec4760a73001cb6441bd3efaaa99c0157a7bb9121a722c2a5,0x855b4a60806946fab16afccc7dda054c8ba6cf92,0x7b88cacfe3b83a93fbaf19c5cacbae0a1e422a2d,0.34,0.00034
0.101,2025-05-03 01:24:47.000 UTC,Withdrawal,0x0b7d7f4bc8717ccf4a070711566a4a747922e7395c69ffa9a61dcaf35f26cf6f,0x855b4a60806946fab16afccc7dda054c8ba6cf92,0x68e678702f603b15f042acfcbcb7acfa8067ada4,0.101,0.000101
0.1,2025-05-03 01:20:59.000 UTC,Withdrawal,0x56ce68c309130fac562dffb10acfbd0672ea963a5f2b927b292ba13ea042fe5b,0x855b4a60806946fab16afccc7dda054c8ba6cf92,0x14745743f3a9893113fca903cbde01cb169aa7fb,0.1,0.0001
0.105,2025-05-03 01:20:35.000 UTC,Withdrawal,0xb20e36320341117be16dc0563f7298984bf40c58997c82b38d720a0e83869801,0x855b4a60806946fab16afccc7dda054c8ba6cf92,0x6ab0d4e317786fa9082ba68a4b8c6c70a8750b08,0.105,0.000105
0.1028,2025-05-02 23:04:11.000 UTC,Withdrawal,0x8fcd52c59e99d53fca4e53d85f68eab9c100a5317f6f7d340e775e2b4aa9609f,0x855b4a60806946fab16afccc7dda054c8ba6cf92,0x6d06b5c638bdf2cf843e0f73819d38c33fcc03e4,0.1028,0.0001028
0.103,2025-05-02 22:59:47.000 UTC,Withdrawal,0x7205901299b3bb02a8a9d7c6469125c4e3c0b3bcc6c7813de10347359a9c7531,0x855b4a60806946fab16afccc7dda054c8ba6cf92,0xf691cfb170033cf705b68270a06487b43dcb97ea,0.103,0.000103
0.1024,2025-05-02 22:54:47.000 UTC,Withdrawal,0x7d9f45976483def4586307cb93c16cf6748ebfa70a72a8c13f62f9b24caa50af,0x855b4a60806946fab16afccc7dda054c8ba6cf92,0xe0a12d01d1804f1c0b460f4cd3eae38057945ba8,0.1024,0.0001024
0.1018,2025-05-02 22:46:11.000 UTC,Withdrawal,0xa3a93a1db93c84c46f69e22efefce1b79ae69c67e63a138f08a82c47c4ba2049,0x855b4a60806946fab16afccc7dda054c8ba6cf92,0x979ddc228ec8e384f3e5347e18c6571708d63b9b,0.1018,0.0001018
0.1014,2025-05-02 22:41:35.000 UTC,Withdrawal,0x76236666ba3bb4a4c9b7ffaf85040bee790651c712aa5d1806f4e37f69ed4a40,0x855b4a60806946fab16afccc7dda054c8ba6cf92,0xc4e8676ba82d3f9721ae5ab5a8ace226f3184f2c,0.1014,0.0001014
0.2,2025-05-02 12:45:23.000 UTC,Withdrawal,0xbe1183f758cc72a1040025d84183ea88d00175060fd492e4d2a95bd4900723f1,0x855b4a60806946fab16afccc7dda054c8ba6cf92,0x123465d80172d9b290bdbc8ed05b02d6b3b35d0d,0.2,0.0002
0.2,2025-05-02 12:41:11.000 UTC,Withdrawal,0xa97beb65acb6a748f50964ec6a49211080b554805bcdb232df302180a00feb5f,0x855b4a60806946fab16afccc7dda054c8ba6cf92,0x24c727800400722fdc9ce07b8f8d2930dd0c908c,0.2,0.0002
0.1,2025-05-02 09:51:47.000 UTC,Withdrawal,0x863b6db95e393937676765e3535f4f43710bc10c607b52d36110e365816cc108,0x855b4a60806946fab16afccc7dda054c8ba6cf92,0xfd32efe40fbdadf2c16392a3bd9ff498137167c1,0.1,0.0001
0.1,2025-05-01 12:13:47.000 UTC,Withdrawal,0x6b8620d812a0e61828ab1993f070974e6d93f9bea1789c944d2c6a1628e50e34,0x855b4a60806946fab16afccc7dda054c8ba6cf92,0x884c3e8235788ae52c2106e847e30bd84f2fbcb8,0.1,0.0001
0.1,2025-05-01 10:06:59.000 UTC,Withdrawal,0x36c7633f6bd96b5aa045d144cbadf17ef7f4048abd15670f66c18e16b2c9b783,0x855b4a60806946fab16afccc7dda054c8ba6cf92,0x86d8dc427b4403fc533ec40ca507d5c14100af24,0.1,0.0001
0.1,2025-05-01 09:41:59.000 UTC,Withdrawal,0x0582509783b768381d83f6a3a7d51e0fd69a4dadadec46f7afbd298784e4e0c1,0x855b4a60806946fab16afccc7dda054c8ba6cf92,0x3d4b2aedc0046d093a574bc24236d4deecdfd1f2,0.1,0.0001
0.105,2025-05-01 08:56:47.000 UTC,Withdrawal,0x739cde5978a172da7e45ad25445ef63b1418fe50608a22253851d276ad726cca,0x855b4a60806946fab16afccc7dda054c8ba6cf92,0x412167a7bb623f9e4d3b73233633e56c3cfd5cf0,0.105,0.000105
0.11,2025-05-01 08:52:23.000 UTC,Withdrawal,0xc99b2986ad46485f5455854a33ff706fea73148c2e26c50b4e9b8e1513f47371,0x855b4a60806946fab16afccc7dda054c8ba6cf92,0x8076668a71edf286cf1da0391d82c8000b02d084,0.11,0.00011
0.11,2025-05-01 05:08:23.000 UTC,Withdrawal,0x10c928e6680c2eba5d11057dbfeeee4cd3b19f9068821c3aa5a41157cd85b4b2,0x855b4a60806946fab16afccc7dda054c8ba6cf92,0x777c47498b42dbe449fb4cb810871a46cd777777,0.11,0.00011
0.5,2025-04-30 15:07:59.000 UTC,Withdrawal,0x74f64714b140c108a82b55c7bf60e59145f17f73ad06e8d2bc17dfd0cb33d43a,0x855b4a60806946fab16afccc7dda054c8ba6cf92,0xef1d20abcb58c869c157319c121c63acab0e41da,0.5,0.0005
1.0,2025-04-30 12:56:35.000 UTC,Withdrawal,0xfdaf49cb1909edfdecd3d3a1fd8743bfe5fc8c930d122cb15e686bb6517faef4,0x855b4a60806946fab16afccc7dda054c8ba6cf92,0xdd1fd6f0efb4e0eaf13a24a09363f4efe59030d1,1.0,0.001
1.0,2025-04-29 21:31:47.000 UTC,Withdrawal,0x297cd775ff8646b43438745c04c57f592f97d30d4ad0cc85a3eb8a0f9ffcc502,0x855b4a60806946fab16afccc7dda054c8ba6cf92,0x512e07a093aaa20ba288392eadf03838c7a4e522,1.0,0.001
0.1196,2025-04-29 14:18:59.000 UTC,Withdrawal,0xbfcb19e9f102cb4f96a54d052c4c58dcca677edcc5b854cd4c450ff7e55a675d,0x855b4a60806946fab16afccc7dda054c8ba6cf92,0x5fe23348e6a13033234a9b38088d7a0001d74a6d,0.1196,0.0001196
0.1,2025-04-29 08:45:59.000 UTC,Withdrawal,0xdcce60d6fc66f7e40482a790094d499e734bd007b58b98ef97aaca8d8b433232,0x855b4a60806946fab16afccc7dda054c8ba6cf92,0xdd1fd6f0efb4e0eaf13a24a09363f4efe59030d1,0.1,0.0001
0.1,2025-04-29 07:11:11.000 UTC,Withdrawal,0xaca5db104f6b1ba9bf2d537b6a6d91dcd34db7689bbfe6aebb39a1c30157fab8,0x855b4a60806946fab16afccc7dda054c8ba6cf92,0x6306ce5928d28d6ffef0398850298b39e8f1c81f,0.1,0.0001
0.1,2025-04-29 07:08:35.000 UTC,Withdrawal,0x654e783801a22d859abeabbffcca8d9fa9afee5d39ec9f98fb75957884b48bd0,0x855b4a60806946fab16afccc7dda054c8ba6cf92,0xaebfdead1be664e9efa615f6e1fee87fdc05c8f3,0.1,0.0001
0.1,2025-04-29 07:07:11.000 UTC,Withdrawal,0x53681c0434debd1fce9ecba6476bf22542f02c69e09d4e963ef613271f056bf0,0x855b4a60806946fab16afccc7dda054c8ba6cf92,0x6ce7ccb5f87b66734c635d20e6905163ea7674c8,0.1,0.0001
0.1,2025-04-29 07:06:11.000 UTC,Withdrawal,0xc79637ec28a129ff5bbd6fd03cc8784549c6e726b94b07642325bf6cb43758ae,0x855b4a60806946fab16afccc7dda054c8ba6cf92,0xa0749f3ba503e09e8d15dc16369da2d12b8425f5,0.1,0.0001
0.1,2025-04-29 07:05:47.000 UTC,Withdrawal,0xa2de5825ad5896f22ef81061ae89b5f51d80a99e7357d99120b037e5253fd7cc,0x855b4a60806946fab16afccc7dda054c8ba6cf92,0xcaf151ee183b4d2f701d3c329e420eeec9ec1c02,0.1,0.0001
0.1,2025-04-29 07:01:59.000 UTC,Withdrawal,0x48537e8a41c6d1108cc23a9b002d80dc5119954171c3aa37d3165f3949f83047,0x855b4a60806946fab16afccc7dda054c8ba6cf92,0xd08476688989fc37b3d6e4044b64fb4889827839,0.1,0.0001
0.1,2025-04-29 07:00:59.000 UTC,Withdrawal,0x40fb40202ee2745c621b00e3c5dc8444183dc4ea7e830d65f72325657cb90a4b,0x855b4a60806946fab16afccc7dda054c8ba6cf92,0x00a972cc05f2f61644193d0ac63d11b9ad4ab9d1,0.1,0.0001
0.1,2025-04-29 06:59:59.000 UTC,Withdrawal,0x51db1f45d36303e3c2f074966dc4559e5b8fb0d442785e7d9bed2ffa94a4d587,0x855b4a60806946fab16afccc7dda054c8ba6cf92,0xc8b9bc19e000ee53f3482a95e4eec7080780e484,0.1,0.0001
0.1,2025-04-29 06:58:11.000 UTC,Withdrawal,0x77e53e83c5062fccdfac5f78744090806f9f5b2a9bbc7c9061721d14d068137b,0x855b4a60806946fab16afccc7dda054c8ba6cf92,0xf2491ddf8f3be037da0fc668a3f8d2bd267df40c,0.1,0.0001
0.1,2025-04-29 06:56:59.000 UTC,Withdrawal,0xf8171aaa88ad914524a05a52cab002a17e3a003e9360aded79b28b1079d7dc53,0x855b4a60806946fab16afccc7dda054c8ba6cf92,0x63e532680709aadea6a845e5f9f42b04280ea843,0.1,0.0001
0.16,2025-04-28 23:40:11.000 UTC,Withdrawal,0xca90b95785d09deacc8523a7d442707a50a310acafdca756099267bf68eaba7d,0x855b4a60806946fab16afccc7dda054c8ba6cf92,0x09bae784ae46555610cfea233245f52b166a8ebc,0.16,0.00016
0.105,2025-04-28 23:36:59.000 UTC,Withdrawal,0x863b0dc3b899eee95d0202c191b598794f4ed02df5d429d0c72aca805f63c728,0x855b4a60806946fab16afccc7dda054c8ba6cf92,0xb7e8768b81227caac805363262ff3ac60cf30fc2,0.105,0.000105
0.1,2025-04-28 23:27:47.000 UTC,Withdrawal,0x6362e9dca832bc560635333bdbe61baac50b00fe85bce7913f2932dd37f78ab8,0x855b4a60806946fab16afccc7dda054c8ba6cf92,0x452e830865edd3a2f14497ea5e8666a7db01c96d,0.1,0.0001
0.11,2025-04-28 23:26:59.000 UTC,Withdrawal,0x9d6847d0101e4f7ba33610c5526656a2f4a88f9dcd7bf405f109038dfe95599f,0x855b4a60806946fab16afccc7dda054c8ba6cf92,0x99e00d858f7826f3b3aa47046f897b6d67415044,0.11,0.00011
0.1,2025-04-28 23:26:23.000 UTC,Withdrawal,0x28386dcb2cc62100d425f54b0e692ebe6e2a1be726748058b1321aaf7fdf2c17,0x855b4a60806946fab16afccc7dda054c8ba6cf92,0x1adce399c77185103ad731fbec5117b4d41c4af9,0.1,0.0001
0.1,2025-04-28 23:25:47.000 UTC,Withdrawal,0xd7e04ccc8a9d9c11ecaf6c675723c3726b9b5d01bed7cdaf5b9d3e3d808426e5,0x855b4a60806946fab16afccc7dda054c8ba6cf92,0x2adf3f6ad65df7f2f0a1984c0129dbba5772b62d,0.1,0.0001
0.1,2025-04-28 23:17:59.000 UTC,Withdrawal,0x7854847b7d4163c19cd79b83a274ce6dbc46bbc2ce3ccac3afcce9f4bf66bae8,0x855b4a60806946fab16afccc7dda054c8ba6cf92,0x91c2fd66cbbf8fb1be205e5363bc8fd7110bd20f,0.1,0.0001
0.105,2025-04-28 23:17:11.000 UTC,Withdrawal,0xd9a4ea17441c0eaea1533ed9ff587ee0fcc9c1bb75efc90ea1f4603aa353d135,0x855b4a60806946fab16afccc7dda054c8ba6cf92,0x8cf32dee4ffe45c05821164daa68ad430c577c17,0.105,0.000105
0.1081,2025-04-28 21:24:11.000 UTC,Withdrawal,0x1ee6ca4359abf9204961db690c3dd8d3988cade72f5d40ca5f8cc4de50431a1f,0x855b4a60806946fab16afccc7dda054c8ba6cf92,0x17dc7f53f501e935826eb50f49fbed26802685e3,0.1081,0.0001081
0.1,2025-04-28 21:19:23.000 UTC,Withdrawal,0xf7e37c83dd624e99b9e8228cadc0157d7961973e3dc48dd5b2df30d70a5f1c13,0x855b4a60806946fab16afccc7dda054c8ba6cf92,0x6568ec67101c4d70c4bf9cb3dd373c2e7eb3f820,0.1,0.0001
0.1008,2025-04-28 21:05:35.000 UTC,Withdrawal,0xf90ea18dfa5c8c1ae0df72f19b71396d42c64ecc1423d1baa7306fcd3b88e91b,0x855b4a60806946fab16afccc7dda054c8ba6cf92,0x96f1e76ae881e221317fb24bd5aa5fe0e3ba35bc,0.1008,0.0001008
0.1001,2025-04-28 21:01:59.000 UTC,Withdrawal,0xa21ed0ef48c48731488525785565936f555c75b2c60b580f6d9213d0b3c46f34,0x855b4a60806946fab16afccc7dda054c8ba6cf92,0x803f40dd3e07ef8358653692f67dff11517d442a,0.1001,0.0001001
1.0,2025-04-28 20:58:35.000 UTC,Withdrawal,0x375b2a020c0323a4655ad9f738e84300ff99220d2b6e7579b6a6c0a98fb02a9c,0x855b4a60806946fab16afccc7dda054c8ba6cf92,0x512e07a093aaa20ba288392eadf03838c7a4e522,1.0,0.001
0.1,2025-04-28 20:47:23.000 UTC,Withdrawal,0xfda72bc68a56df6efa9c65400ed0065a993f959c1e3c1b64a629381202b0e711,0x855b4a60806946fab16afccc7dda054c8ba6cf92,0x5c6e219cca32afc20908fd582c7ca3f610e00286,0.1,0.0001
0.148,2025-04-28 17:24:35.000 UTC,Withdrawal,0x83d73a942198eb57c7c67f4498ccb886f304a7e0f86a3fda4a1fa45ac3a7b07c,0x855b4a60806946fab16afccc7dda054c8ba6cf92,0x1318d3420b0169522eb8f3ef0830acee700a2eda,0.148,0.000148
0.9,2025-04-28 15:05:47.000 UTC,Withdrawal,0xf707f6112c89a60ad1080952bb579707775d84b5e7faabca5ebfd24d20c557f6,0x855b4a60806946fab16afccc7dda054c8ba6cf92,0xef1d20abcb58c869c157319c121c63acab0e41da,0.9,0.0009
0.5,2025-04-28 13:28:47.000 UTC,Withdrawal,0x3f04e076f90421f2ed09dc32d7dbc92e68ebc2c1a57861a7232ceae772296cb5,0x855b4a60806946fab16afccc7dda054c8ba6cf92,0x0d35b0dbac16b9303cd0d2aec34abf77a6d0be1c,0.5,0.0005
0.1,2025-04-28 00:25:47.000 UTC,Withdrawal,0xb77d87c5fabf61ac21588a6651447e3c1e8da5303cf2bb48514b31bf12821d62,0x855b4a60806946fab16afccc7dda054c8ba6cf92,0x1cbffc8b30dd6ac35b09f028d17d723e98ae09d9,0.1,0.0001
0.1,2025-04-28 00:24:59.000 UTC,Withdrawal,0x0b01a8c52f803c81e163fc16fdb76bc1ab780e7143fc1c8335f9344dcdad3663,0x855b4a60806946fab16afccc7dda054c8ba6cf92,0x6ab0d4e317786fa9082ba68a4b8c6c70a8750b08,0.1,0.0001
0.1,2025-04-28 00:02:59.000 UTC,Withdrawal,0x0d2c4f0ba30cf75ea3d7a17834b2775180c7fbe33e55f4f9fee666a3e41bc2a2,0x855b4a60806946fab16afccc7dda054c8ba6cf92,0x336e2b470fbc605634151bb52f27b15f2897a17e,0.1,0.0001
0.1096,2025-04-28 00:01:23.000 UTC,Withdrawal,0x37060899bfe7ad4f43724eae59e2dfa5ba0948890f863c51e72ec2971e00e04b,0x855b4a60806946fab16afccc7dda054c8ba6cf92,0x50954c87cbb3b2bcfd8a77b6395aafd42c39f1ec,0.1096,0.0001096
0.109,2025-04-28 00:00:35.000 UTC,Withdrawal,0x3a1d17a3add4b2f98a08d5316b646f0c21503e57e0635b4a4f4e6aac4f645d41,0x855b4a60806946fab16afccc7dda054c8ba6cf92,0x47847bb09c21a6d48414cb1645f8e5a9b689d293,0.109,0.000109
0.1183,2025-04-27 23:59:23.000 UTC,Withdrawal,0x2670b33fa79426fed7c874df548b8170d87a4060b0183740ee7609fcaa0003ee,0x855b4a60806946fab16afccc7dda054c8ba6cf92,0x088e2ec6405604a6421d526522eba118552c41a2,0.1183,0.0001183
0.1118,2025-04-27 23:58:23.000 UTC,Withdrawal,0x76b4544044950fdd6a206d9d11378606d8b4c0a7f8bd197b86ae5d5bb4a34652,0x855b4a60806946fab16afccc7dda054c8ba6cf92,0xba9f58b140e26350466ea7c042f430bced0dca63,0.1118,0.0001118
0.1084,2025-04-27 23:57:23.000 UTC,Withdrawal,0x5af790b8f1b19844a196774b8864b20f333b60d4298809dcce1b06a01991ede0,0x855b4a60806946fab16afccc7dda054c8ba6cf92,0xc043295cd50b675efa1984a5fed1bd3c897d4bff,0.1084,0.0001084
0.1,2025-04-27 23:25:59.000 UTC,Withdrawal,0xee5635b22d7665d988eedae288e2ccdf90849608fe4f7b43a19dc3a81a3c89db,0x855b4a60806946fab16afccc7dda054c8ba6cf92,0x14745743f3a9893113fca903cbde01cb169aa7fb,0.1,0.0001
0.1,2025-04-27 22:45:35.000 UTC,Withdrawal,0x238b4f5e871fb47d63e21b8aa0928b1a9bea98fc21c3d5bd2979ac130b0f463e,0x855b4a60806946fab16afccc7dda054c8ba6cf92,0x1341df844780b66af4ccc98ae0f34be87eabe1d5,0.1,0.0001
0.1124,2025-04-27 22:18:23.000 UTC,Withdrawal,0xccf82522658794e9308a1441cf6e68e941176cf8ad9435e9b91dbe9b00d0bcf4,0x855b4a60806946fab16afccc7dda054c8ba6cf92,0x56e1e4f464618511d579f09d15815644f13d1e57,0.1124,0.0001124
0.1207,2025-04-27 22:17:11.000 UTC,Withdrawal,0x351d650ac6be5a1b7807cba48bb8b322499aa77ac679a782222581c88e896d8c,0x855b4a60806946fab16afccc7dda054c8ba6cf92,0xecbac5f2c53ed8e9caaff883c9c994be16e01d18,0.1207,0.0001207
0.1018,2025-04-27 22:15:47.000 UTC,Withdrawal,0x2940ec6a602dd9644d49a1a0814bea1871be9b9aee67496b431da2dbbd756ee1,0x855b4a60806946fab16afccc7dda054c8ba6cf92,0x5ceaa6de74acd541220d42a90f30a55ad20dc7e3,0.1018,0.0001018
0.1108,2025-04-27 22:14:11.000 UTC,Withdrawal,0xdad814e44ab89ed17e8ea5beccb792b6ccfefe5753dbffee5e0f49e3f3583c31,0x855b4a60806946fab16afccc7dda054c8ba6cf92,0x32bd5aa65d30fce09adbd578793bebe420485106,0.1108,0.0001108
0.109,2025-04-27 22:12:59.000 UTC,Withdrawal,0x8cfc854b1aef06da27847447e23b139a3d8e7c0bfab098786232c32d572e9e1d,0x855b4a60806946fab16afccc7dda054c8ba6cf92,0x7b4170c2af33c5223f43f7dde7b97640c7934616,0.109,0.000109
0.1043,2025-04-27 22:10:35.000 UTC,Withdrawal,0x6bfc2a8e2ff7e7c21ff0bbc390ef876207e698d0178812d2b3fff308b33a6a03,0x855b4a60806946fab16afccc7dda054c8ba6cf92,0x1a20d46011bf51cc74869bd22729b311bf02d664,0.1043,0.0001043
0.1,2025-04-27 22:10:11.000 UTC,Withdrawal,0x5b70596e6fa672a4ac78ab336259cc1cca44a7290fa854dc5e473f8c6292b9f6,0x855b4a60806946fab16afccc7dda054c8ba6cf92,0xbb60d02f50120c32d2c2cf94d1fa69ccb86bd037,0.1,0.0001
0.102,2025-04-27 22:07:47.000 UTC,Withdrawal,0x2e6e42ea01d9b89ae599ced7565d05f20f80a81ad863d65f151f6e5912df8fd1,0x855b4a60806946fab16afccc7dda054c8ba6cf92,0xc9990bcd1faabf8c248353437f0e8b86cb6c7477,0.102,0.000102
0.1005,2025-04-27 22:06:35.000 UTC,Withdrawal,0x50b0c9eed86c9b44adcc4a92bd80a9eb112f39c7b1d0ec88d88e79a71c9511ef,0x855b4a60806946fab16afccc7dda054c8ba6cf92,0xe6fab34e7f0c941e17449b1bc80b3cc2f5a14ba2,0.1005,0.0001005
0.1,2025-04-27 22:01:59.000 UTC,Withdrawal,0x5fd9b4bcb2706bc7e8da0f3b3731b17d7cb2b8f9a6c98dd095f22d03ce5b5273,0x855b4a60806946fab16afccc7dda054c8ba6cf92,0x596f7834e4418d6a0e5ccf1d4aab2b1a823363f7,0.1,0.0001
0.1,2025-04-27 22:00:35.000 UTC,Withdrawal,0x87f78a5601d80935a16a85461dde80beb5537cdd76c00b4c9642d0d6c9c26887,0x855b4a60806946fab16afccc7dda054c8ba6cf92,0x194898961100caeef084e61831d15120c3b401a8,0.1,0.0001
0.104,2025-04-27 21:59:23.000 UTC,Withdrawal,0x510994ccadfd744aa4cf8e0e6993659f4136bcdc9c3de8a9c4286a8bbb61f257,0x855b4a60806946fab16afccc7dda054c8ba6cf92,0x6a2e3179bca6d71abd54efaf168115c5236ad464,0.104,0.000104
0.101,2025-04-27 21:57:47.000 UTC,Withdrawal,0xd04c5f8ec31ac8b6bdbf02c692313e23ea47f1ef0eaa11f169723550a0cf850b,0x855b4a60806946fab16afccc7dda054c8ba6cf92,0xcba67c6bc16d881ef0940fec7839202d496d9a23,0.101,0.000101
0.12,2025-04-27 21:55:35.000 UTC,Withdrawal,0xcdeb9d7aa50173cd218a0cf7e749108f6ee04f434e91db30d574e39df78962b2,0x855b4a60806946fab16afccc7dda054c8ba6cf92,0xb766c7e94888914b051ff6d4a0a5c364a6e344eb,0.12,0.00012
1.0,2025-04-27 19:51:59.000 UTC,Withdrawal,0x3e9bc1493f805eb796d00c0a60a9f655d8cf31940ea7e42f5b52f7ce480e7b48,0x855b4a60806946fab16afccc7dda054c8ba6cf92,0x9c1f25c1d2d3dd781b8f531db8afb018f273558d,1.0,0.001
1.0,2025-04-27 19:51:23.000 UTC,Withdrawal,0xa351c946b52f23fc234057d82fec79e68ed0e172a5706615bdd49c0ee4c5ffdf,0x855b4a60806946fab16afccc7dda054c8ba6cf92,0xe4a40fa49528d0136bbeecd1baec5d04a8f5e2c1,1.0,0.001
1.0,2025-04-27 19:50:35.000 UTC,Withdrawal,0xcf8316c8e32f483151d9172b341f25aca88929f802a90bdd92b584e9a74900cb,0x855b4a60806946fab16afccc7dda054c8ba6cf92,0x95f3e40a266ff4ae7226cc5ac7a1054f594baee3,1.0,0.001
1.0,2025-04-27 19:49:59.000 UTC,Withdrawal,0x66f8786e7ebcd983c98e242ef70789159f00b233d5274e65cc6551264cb63a8e,0x855b4a60806946fab16afccc7dda054c8ba6cf92,0x5387d77116ec2240d3c8506622b48403b0617613,1.0,0.001
1.0,2025-04-27 19:48:23.000 UTC,Withdrawal,0x10354bf77cf4ac0b143112450dc720311625d2879e2d722a758494df7b4b9a1c,0x855b4a60806946fab16afccc7dda054c8ba6cf92,0x9ba2c44c088afea6dfa6fc810b2ef06b8d65a45e,1.0,0.001
1.0,2025-04-27 19:47:23.000 UTC,Withdrawal,0x712181b4839ac1c704b96fcd44cd35a885df9d896484cec4677ec04b4e2fae8c,0x855b4a60806946fab16afccc7dda054c8ba6cf92,0x63bccbbac8dbc405e69714dcfc7d4970e7b39c5d,1.0,0.001
1.0,2025-04-27 19:46:23.000 UTC,Withdrawal,0x1b2bcd5249add14089f06e3706b710aa41fe24dd864a75577a3096cde0433eb1,0x855b4a60806946fab16afccc7dda054c8ba6cf92,0x1d3089201046368f23bae6c224e3a67104c730ca,1.0,0.001
1.0,2025-04-27 19:45:47.000 UTC,Withdrawal,0x3ac69253c652db597832c04f21990e98809986355ec4ff49ee8b47a244f81095,0x855b4a60806946fab16afccc7dda054c8ba6cf92,0x2136c388a8ad3b22e86098c2b39fbc7378b56e23,1.0,0.001
1.0,2025-04-27 19:44:59.000 UTC,Withdrawal,0x997c276cd5d04aaffd554f978bc658f4707ee900e09f6280c63fbbb88caeae5d,0x855b4a60806946fab16afccc7dda054c8ba6cf92,0xb89eec289516dea795149bf070e872b3fec6753f,1.0,0.001
1.0,2025-04-27 19:44:11.000 UTC,Withdrawal,0x4f289c0a8a4fd7b6e7e1466b782e4349d934962488ea8cc2ea7b681333ce6bdb,0x855b4a60806946fab16afccc7dda054c8ba6cf92,0x47d04302e1b8d80d4eca4973e40d8a6fe2935464,1.0,0.001
1.0,2025-04-27 19:43:23.000 UTC,Withdrawal,0x2f054ed60c0690ba044b4ae93f61923dbfb9e3f03ae9551643376e8ffa01be80,0x855b4a60806946fab16afccc7dda054c8ba6cf92,0xe24721e987024758138e874f6adb554eb5478ccb,1.0,0.001
1.0,2025-04-27 19:41:59.000 UTC,Withdrawal,0x0f0312ab781245b0f87ffb04da4be464e559fb6967b4a69c0539ee0f122afd84,0x855b4a60806946fab16afccc7dda054c8ba6cf92,0x1b9f1de276b5a682c8ba43f3d409d3766def2130,1.0,0.001
0.1,2025-04-27 19:40:47.000 UTC,Withdrawal,0xd6c09ee5c0b4f5f67f9f8d602b822857f863f9fc5585a7ea1d7f26cc01d2adbd,0x855b4a60806946fab16afccc7dda054c8ba6cf92,0x1a369318063fbf266e4a1e078ad3d74364488720,0.1,0.0001
0.1,2025-04-27 19:39:59.000 UTC,Withdrawal,0xaa94db47747798b3406cd88575f4acfee75306f3b088a32747c56fcb887cd8c1,0x855b4a60806946fab16afccc7dda054c8ba6cf92,0x36a3d4b9bd0fb56d515fd441d9e99df840e51e90,0.1,0.0001
0.1,2025-04-27 19:38:47.000 UTC,Withdrawal,0x890068c03adc3f1d246fa477d55aa740fcac5c7b96ca4fbb168d102c67760098,0x855b4a60806946fab16afccc7dda054c8ba6cf92,0x283e1c3c00ab41a918b7967cc705284e840be0d1,0.1,0.0001
0.1,2025-04-27 19:37:59.000 UTC,Withdrawal,0xab2f89801fc4aae1c441cb8d20d84fb74b133a53656dbdc5b6e26c9ec16f9b8a,0x855b4a60806946fab16afccc7dda054c8ba6cf92,0x54bc40ccd100f5944dab6591577efaeb72896996,0.1,0.0001
0.1,2025-04-27 19:37:11.000 UTC,Withdrawal,0x1d4f9a60e9dd604d50b58e18a19dc5aa7f95fe7c49c24567c38236791414fadd,0x855b4a60806946fab16afccc7dda054c8ba6cf92,0xe6f14b7fba9a36e17002a152f1d002b1e9679170,0.1,0.0001
0.1,2025-04-27 19:35:35.000 UTC,Withdrawal,0x04bfeeaa42d7468cc6c4844b740fc06f7ea767b9045da087d90507ac3ddd818e,0x855b4a60806946fab16afccc7dda054c8ba6cf92,0x0274397d83faa16380934fa7828c9ac342102e32,0.1,0.0001
0.1,2025-04-27 19:33:47.000 UTC,Withdrawal,0x387eb01ff38ae16b662e29b776643dc96813b89dd0e0f2804adea39eb95b71c5,0x855b4a60806946fab16afccc7dda054c8ba6cf92,0xe89f05d3e1ee89181118dacb8739797f475a2d65,0.1,0.0001
0.1,2025-04-27 19:32:59.000 UTC,Withdrawal,0xcfd4a17f4967cce929dd499eee3d4e7cf09955ba172083594b5224b7225f3b0e,0x855b4a60806946fab16afccc7dda054c8ba6cf92,0x6fcc3c15a5a3c6dd349496842b59a171141f8b2c,0.1,0.0001
0.1,2025-04-27 19:32:11.000 UTC,Withdrawal,0x762cfdd23280084e48e3c89cb37df256865a65765743eca52937d8b0ce33cb5c,0x855b4a60806946fab16afccc7dda054c8ba6cf92,0x0bb26f10c15cfb037e48099692eb09d7d612aa88,0.1,0.0001
0.1,2025-04-27 19:30:35.000 UTC,Withdrawal,0x4a5d8360d860c9d440daa656f23bb12d824790a54c6f08849a8184c460313c68,0x855b4a60806946fab16afccc7dda054c8ba6cf92,0xf972aab5493460ec93b6dbcbda8a92d42f01fbc8,0.1,0.0001
0.1,2025-04-27 19:29:35.000 UTC,Withdrawal,0x2b29ce399ca99ef40a5ef6d22d37258f0433064145abca5fb0a5e33a0f82a2d3,0x855b4a60806946fab16afccc7dda054c8ba6cf92,0x4bc26ea083b9d5898e34f0fbebb063f38ebf6bc7,0.1,0.0001
0.1,2025-04-27 19:28:35.000 UTC,Withdrawal,0x37a741f1875f0d5568bbeb44ff0135b2a2c8a70bd1cf8094329c3caa30fe3353,0x855b4a60806946fab16afccc7dda054c8ba6cf92,0x20c6e91a06ff4be8b2be234412b75d42821ba0c6,0.1,0.0001
0.1,2025-04-27 19:27:23.000 UTC,Withdrawal,0xea7ea6252203309e7057caf99b8dff44230b6e7726105f6d69b07f0f66b3a23b,0x855b4a60806946fab16afccc7dda054c8ba6cf92,0x02676f5a875b4645f09ac8acbe7778f21888c8b8,0.1,0.0001
0.1,2025-04-27 19:25:59.000 UTC,Withdrawal,0x53768bdc11329adb24f55730fe909c711e7212ce1b260481e6c2a46ddee83154,0x855b4a60806946fab16afccc7dda054c8ba6cf92,0xaec2e7c57b6acf5ae96559a49cca41e86d45563c,0.1,0.0001
0.1,2025-04-27 19:24:35.000 UTC,Withdrawal,0x046045babbf9ea0d7e9ce469988ba44371d73526741bef90f866a77e048df995,0x855b4a60806946fab16afccc7dda054c8ba6cf92,0xd3a93853d341c34ac1a696fdebe1252d87e5dee1,0.1,0.0001
0.1,2025-04-27 19:23:11.000 UTC,Withdrawal,0xab51e0ac0d7172cfd693770eec063f13de32a5dcbfe4f9362455c2b21d41eb48,0x855b4a60806946fab16afccc7dda054c8ba6cf92,0x9206069accc9436c4773aa048d81aee685d6bb41,0.1,0.0001
0.1,2025-04-27 19:22:23.000 UTC,Withdrawal,0xbf7a13c65e84790539402cca62b33551d781a6ad910d578a223d1df50d700d7a,0x855b4a60806946fab16afccc7dda054c8ba6cf92,0x8bf64dca3b4ff1c858ca9beb4749ab04b49856ff,0.1,0.0001
0.1,2025-04-27 19:21:11.000 UTC,Withdrawal,0x42fa014cce1600407abe5cb0bd2e7723b0da531d8e55936af894b16909bce3b5,0x855b4a60806946fab16afccc7dda054c8ba6cf92,0x6a8d701ebd3771c4e5ece7cb460f77711ff4da0e,0.1,0.0001
0.1,2025-04-27 19:19:59.000 UTC,Withdrawal,0x09f20421ff36ccf03cf0fb4dac13ac27de0d336025123066a674fc0cbce2f501,0x855b4a60806946fab16afccc7dda054c8ba6cf92,0x4a944add705f5c99e71b0be852a28856d649da84,0.1,0.0001
0.1,2025-04-27 19:18:35.000 UTC,Withdrawal,0x08a15087abcfb2ca1f04a0f286bc0ba6f1cabb3619b0060df0234c69d7d948a5,0x855b4a60806946fab16afccc7dda054c8ba6cf92,0xe5a6f5ab04166fe1d959e4721152ab9304eeaf48,0.1,0.0001
0.1,2025-04-27 19:16:35.000 UTC,Withdrawal,0x39bde095705bc2e2af95152210a58f7c01270cc43977e3e19a117c518f801358,0x855b4a60806946fab16afccc7dda054c8ba6cf92,0xdb519849d99b802c78ceb598ebeb6be73cc88894,0.1,0.0001
0.1,2025-04-27 19:14:59.000 UTC,Withdrawal,0x8c175b47e85ceb962ea9b8c136e2d5b805e65cca297551ed459e78ce36e72181,0x855b4a60806946fab16afccc7dda054c8ba6cf92,0x118b02e7d121f084266d6d10338e96707b6ccca9,0.1,0.0001
0.1,2025-04-27 19:12:35.000 UTC,Withdrawal,0x989ff1bfb4fdf56a3c101fb7325ee72780b566e91b3abd4cc92556842f750e3d,0x855b4a60806946fab16afccc7dda054c8ba6cf92,0xd225994006fdaa3fe57eb8af2f4cfb215ef5eab6,0.1,0.0001
0.1,2025-04-27 19:11:47.000 UTC,Withdrawal,0x4a22a4bc27d1cac167845934870c6e4e8c92ca22b6e1c3090e94b9591592a3dc,0x855b4a60806946fab16afccc7dda054c8ba6cf92,0x6eac38cdb2ec065088bee024dede4c8ba291265b,0.1,0.0001
0.1,2025-04-27 19:09:23.000 UTC,Withdrawal,0x66cddeba329a1719dc6c03e1ae1ff4057d7a7837b24a813e19e9fbb5d2264f8e,0x855b4a60806946fab16afccc7dda054c8ba6cf92,0x3cd43c0f947a32b78f927c33a28bb0866488d102,0.1,0.0001
0.1,2025-04-27 19:04:59.000 UTC,Withdrawal,0x785e880e3ae904a072f0e6f04894c029cba9d44b7f3e66d7ec9e5fb5b1657612,0x855b4a60806946fab16afccc7dda054c8ba6cf92,0xba3b535b33c1a541b34a0ce641d9c1670d7f04ba,0.1,0.0001
0.1,2025-04-27 19:00:59.000 UTC,Withdrawal,0x243cd082698277ee73cd5e958660b1b9ff500b72181371be4e59d230940a4b4c,0x855b4a60806946fab16afccc7dda054c8ba6cf92,0x170d8f87dd7cbdf9b588708a49aec339da1119a9,0.1,0.0001
0.1,2025-04-27 19:00:11.000 UTC,Withdrawal,0x792e71e95daa601177bcf48b896074c7a4933b4aa20b77a5675418379249c669,0x855b4a60806946fab16afccc7dda054c8ba6cf92,0x056306185876e97799fa1fa1c26ee3851b2f01dd,0.1,0.0001
0.1,2025-04-27 18:56:59.000 UTC,Withdrawal,0xee452322ffb85d0701794c8f0664223da48a6f3de4c590c24c8c91fcd5f0bd2c,0x855b4a60806946fab16afccc7dda054c8ba6cf92,0xb6d3a00dc808d9cdf44d0cc32b79c729d4b660c0,0.1,0.0001
0.1,2025-04-27 18:55:23.000 UTC,Withdrawal,0x15498e67b4bc3f02fa611d7ee266582066e998b07d78eb16c30d664ac1090179,0x855b4a60806946fab16afccc7dda054c8ba6cf92,0x27192747ad9f3ad3697e49330edcc6d0080faa2c,0.1,0.0001
0.1,2025-04-27 18:54:11.000 UTC,Withdrawal,0xde1e501b0546e7698b496c7870e633cf7d09ada5f7d2015548267c065b26e590,0x855b4a60806946fab16afccc7dda054c8ba6cf92,0x1434a7cb1d474867d94e1dc869436b4f4ce9170f,0.1,0.0001
0.1,2025-04-27 16:10:47.000 UTC,Withdrawal,0x7c6c350f1c23ac5f40a8e1cbcc0cbcf25cba2b6ab864827b69a1b1e2b960c394,0x855b4a60806946fab16afccc7dda054c8ba6cf92,0x280cbff08def7adeee016ee7e0ede3fdfeb1e713,0.1,0.0001
0.1,2025-04-27 09:15:47.000 UTC,Withdrawal,0xd0e627dd58394a808d9830504b6fd3b8ce05e8cf4b892bec8525bb1a015c7c45,0x855b4a60806946fab16afccc7dda054c8ba6cf92,0xdf8461d158f02b7cf100a0cc2a22c6f0bbb93ec0,0.1,0.0001
0.1,2025-04-26 20:37:47.000 UTC,Withdrawal,0x62ac3911c246464a2732ad66f964ddcf8ebc36acf5660703f15a6cf8b264a26d,0x855b4a60806946fab16afccc7dda054c8ba6cf92,0xa750903f6d8f0a19dae5f97d8499ccfa62142099,0.1,0.0001
0.5,2025-04-25 19:45:47.000 UTC,Withdrawal,0x73ea3909e48dc07789ba972f0e2ccb7a9c04b2b86fb3fd4718202ee149d40673,0x855b4a60806946fab16afccc7dda054c8ba6cf92,0x67f8eba76192e96ee5acd1dfbe2d345e8d53d38a,0.5,0.0005
0.01,2025-04-25 18:50:59.000 UTC,Withdrawal,0xa48eed85a17db312700a2246b5373f3a79da6724c707390ada235bbcfff92c2a,0xa4176ab1c806e062dd54e1221c40267e14836447,0x1fdb7449ccdbb5135d3cba4c9201a61d709d4d5f,0.01,1e-05
0.1,2025-04-25 12:22:35.000 UTC,Withdrawal,0x2a5c34fa5e4bae24af2bc4a121e17bc27ed436b001763810c707ed8719a30897,0x855b4a60806946fab16afccc7dda054c8ba6cf92,0xc24146ca480f7248b5da792e4abfae104ff271f4,0.1,0.0001
0.35,2025-04-25 10:56:47.000 UTC,Withdrawal,0xa1376929487fb7665799aacd23e5f0d01d240a4a99e7215521ef0b1c72f177cd,0x855b4a60806946fab16afccc7dda054c8ba6cf92,0x002b4306a5fbd2ad9e231b38f73ee7e9a764781b,0.35,0.00035
0.1,2025-04-25 08:49:59.000 UTC,Withdrawal,0x9ddea963c18772b6c5802f9da5e1161497327ca46ed040e09eaf6ac00f14f43c,0x855b4a60806946fab16afccc7dda054c8ba6cf92,0xe5c8134e040c71c7d475916c81dacd12f78b1008,0.1,0.0001
0.15,2025-04-25 02:10:23.000 UTC,Withdrawal,0x10a2e3c464b532eff3bc24108d1c6cc106a121f7403b47e8a053fe80bb0b10d8,0x855b4a60806946fab16afccc7dda054c8ba6cf92,0x002b4306a5fbd2ad9e231b38f73ee7e9a764781b,0.15,0.00015
0.1,2025-04-24 20:28:35.000 UTC,Withdrawal,0xcd9792130e2529c01427eaefd0ff57270962becc170b353c4c285ffd4781bbf3,0x855b4a60806946fab16afccc7dda054c8ba6cf92,0x4fa453866d9624491911fac0da3e0e229f5a2f8a,0.1,0.0001
0.1,2025-04-24 20:27:23.000 UTC,Withdrawal,0x8727d9cdd06c3c9a4fa36b6bfb88e6bc20befd0cf6d9d45ffc285c540d6d94e0,0x855b4a60806946fab16afccc7dda054c8ba6cf92,0xa9688f2d118651889956feb197b66f73150d040a,0.1,0.0001
0.1,2025-04-24 20:26:35.000 UTC,Withdrawal,0x9bbe365c4c43ab84c62be538b5b82729a959e067825274dc5034a4d2776637ff,0x855b4a60806946fab16afccc7dda054c8ba6cf92,0x9d9883c00d21973574741f51726bc6b950ac1bf7,0.1,0.0001
0.5,2025-04-24 19:07:59.000 UTC,Withdrawal,0x6c4cf6e07223e1094dcce792c335d4bc6ed054feac850cad0314d86779d5dc65,0x855b4a60806946fab16afccc7dda054c8ba6cf92,0x15d040a76792acfad6378280fbc3198902ee91b3,0.5,0.0005
0.1,2025-04-24 06:48:23.000 UTC,Withdrawal,0xe19e8e195943b75cac0639b83889bbe678c913d32236df7246f2073435b12b33,0x855b4a60806946fab16afccc7dda054c8ba6cf92,0x9be11d12a244539ccbbf1d20f4a7e596f0aaca1e,0.1,0.0001
0.1,2025-04-24 00:59:11.000 UTC,Withdrawal,0xf63327bf9cba5209e9e26345a6726f8295ef28d843c2fdd3b6bbe174c7e7343f,0x855b4a60806946fab16afccc7dda054c8ba6cf92,0x589082b57316276ffd6f636eff9b3d6893493aff,0.1,0.0001
0.1,2025-04-24 00:57:23.000 UTC,Withdrawal,0xbc3e7a05b838911421b560d841fb52e62392293554c20be10b32265748bf83f3,0x855b4a60806946fab16afccc7dda054c8ba6cf92,0x67dfcaccf9f9d082544318bf5fd13ed77de9a9a8,0.1,0.0001
0.1,2025-04-24 00:53:35.000 UTC,Withdrawal,0x79835f40bcf8fac461755955f1971f3928a7c2fa3031dffadfa66785339907d9,0x855b4a60806946fab16afccc7dda054c8ba6cf92,0x7e71159e06ca661355ba8500d7951838e668dca2,0.1,0.0001
0.11,2025-04-24 00:00:47.000 UTC,Withdrawal,0x188d8f6bf7a46968c56fd53e8f4a4a67b02fc25a584cfdc1078faafea8bf69c0,0x855b4a60806946fab16afccc7dda054c8ba6cf92,0x2aaffa3f057ac205599e07a424b467a0d7f69ddb,0.11,0.00011
0.114,2025-04-23 23:58:59.000 UTC,Withdrawal,0xd3eadb1dc5fa25ca0179bd1198fd319be743da649d3e0d0c828704fb2f99cb99,0x855b4a60806946fab16afccc7dda054c8ba6cf92,0x8cd4896ce9aab5a01f1e916833d888402db07b27,0.114,0.000114
0.122,2025-04-23 23:56:35.000 UTC,Withdrawal,0x8f7d01294f374cb5be5db972abc8f983b94420e01797b079d6a72f6842cc84f5,0x855b4a60806946fab16afccc7dda054c8ba6cf92,0xe83a34a6371620565e5a348a942536d29da6a8ef,0.122,0.000122
0.113,2025-04-23 23:54:59.000 UTC,Withdrawal,0xbcc379a4ed43db7ecc210af36f49d47938a5b1aaf73b3605e1cb9305e13391f0,0x855b4a60806946fab16afccc7dda054c8ba6cf92,0x15c00ef2c4c7ecebabca7ac2f3fc30dbd9454403,0.113,0.000113
0.103,2025-04-23 23:52:47.000 UTC,Withdrawal,0xc64d9865ac268bd66324501379b47dc05d07b7f34b88454d7cb8b2afe2788cef,0x855b4a60806946fab16afccc7dda054c8ba6cf92,0x8809c49d2e8bdec6b950854ccc752d67560fac53,0.103,0.000103
0.112,2025-04-23 23:50:11.000 UTC,Withdrawal,0x7b7405f82cc6ea567fc4d864fef84bc0a2f9acddd462cbaaeaa00b144c6d0327,0x855b4a60806946fab16afccc7dda054c8ba6cf92,0x3e326f81d08f27fb31a42c966ae18cbf32f31028,0.112,0.000112
0.12,2025-04-23 23:47:35.000 UTC,Withdrawal,0x2a388e618f82282bc658736d81793ef2a6139593dad423ed7e20345aaba51af1,0x855b4a60806946fab16afccc7dda054c8ba6cf92,0x41afa98762e951023bb8b012dcc8134cb04b9fd3,0.12,0.00012
0.11,2025-04-23 23:45:59.000 UTC,Withdrawal,0xff1fa7f9f5ee633455d4ea0f12a05b6b90399fdba00b0295a177d3dcc8db7bd7,0x855b4a60806946fab16afccc7dda054c8ba6cf92,0x505dfa3a4bacfd5ebab9c3af0e052bff05066357,0.11,0.00011
0.1,2025-04-23 23:44:47.000 UTC,Withdrawal,0xd8a1eb0c97272ab05abd2133418f172299ce4572b06a989444ee472b28ebca19,0x855b4a60806946fab16afccc7dda054c8ba6cf92,0x507f7588998dea2a1facc722b37ca32a941f9c02,0.1,0.0001
0.1042,2025-04-23 23:43:35.000 UTC,Withdrawal,0x27a14a874b49cf88c0ccea090d86c8026766d74f3deb40492c17b8b3fae87cdc,0x855b4a60806946fab16afccc7dda054c8ba6cf92,0x02679a101280335d66662c6630a4eb93642ad73a,0.1042,0.0001042
0.1,2025-04-23 23:42:11.000 UTC,Withdrawal,0xfab377311c74a90cb66ee3cb3d96e9b3b3ad95eaf0e27e8dedbb84e9dc6e9c43,0x855b4a60806946fab16afccc7dda054c8ba6cf92,0x376a92311fd62cbb45d65fb99d8df57144d7115a,0.1,0.0001
0.1,2025-04-23 23:40:23.000 UTC,Withdrawal,0xfb515b8a01c6dac18612c389d3b9c8e87a26ffc3c28190341cbfebaf152a309e,0x855b4a60806946fab16afccc7dda054c8ba6cf92,0x4324a0b9f62848454ddb65ae5505ebde752e17fc,0.1,0.0001
0.102,2025-04-23 23:38:35.000 UTC,Withdrawal,0xcfc98a4bae349049415b11fc9ba6a695c8ad27d984ebcd6580333c1f2dac22d9,0x855b4a60806946fab16afccc7dda054c8ba6cf92,0x7864838dbfa15cf20d47bd218011ac20adde228d,0.102,0.000102
0.101,2025-04-23 23:36:35.000 UTC,Withdrawal,0x09b72d3fb679765bc9c319d7f574eb96bf07449f3cc6951711185e375e7b4326,0x855b4a60806946fab16afccc7dda054c8ba6cf92,0x9a007b6f308e681a861c7234795726105172af28,0.101,0.000101
0.1,2025-04-23 23:30:35.000 UTC,Withdrawal,0x3f071c53853a0742ff81c4abc13cd6bfd27b1cb48262d96126b1bb035d10bdf5,0x855b4a60806946fab16afccc7dda054c8ba6cf92,0xcab71033925501347c98d4f31d6c8ed55bf5f521,0.1,0.0001
0.1,2025-04-23 23:25:47.000 UTC,Withdrawal,0x4a286ba0fa2b898cb90de7efb3570a1b5a67bec3551bcacf8dd9658368f54e8c,0x855b4a60806946fab16afccc7dda054c8ba6cf92,0xe4d08ccba3bc76b59b73ace647e203c9b5e74885,0.1,0.0001
0.1,2025-04-23 23:24:23.000 UTC,Withdrawal,0xb52fe50eb1af65c4b788c9f9b7f7fcad2f47cacb882597495b4d3c9a0a7b3367,0x855b4a60806946fab16afccc7dda054c8ba6cf92,0x83fa2cb31e0a4ea3baf2db4680d8b1f30d530470,0.1,0.0001
0.1045,2025-04-23 23:21:23.000 UTC,Withdrawal,0x8b682b959b41971711defebe470fb9ffee404a3aa3395d874c2831e27b166e59,0x855b4a60806946fab16afccc7dda054c8ba6cf92,0x06c75f595b7fd72f4f3a5a521f00e905d4beb6c9,0.1045,0.0001045
0.101,2025-04-23 23:19:47.000 UTC,Withdrawal,0x8c9d73ad05d0cb296f7f516aae83ebff8e0130216f0a5a3693b09d5d8773b70a,0x855b4a60806946fab16afccc7dda054c8ba6cf92,0xa9911f873c4a0415a6f6315763288626edcde091,0.101,0.000101
0.109,2025-04-23 23:17:23.000 UTC,Withdrawal,0xec3c284e27cc44aed5fdfada4859ac0eebd903508fe85d7b1041e0aa9eca27f0,0x855b4a60806946fab16afccc7dda054c8ba6cf92,0xbbb37369c6a0d7db49aaf898dc71c90d9cf99b1b,0.109,0.000109
0.1,2025-04-23 23:09:47.000 UTC,Withdrawal,0x37ee42035e43fc91c049ae8222c6cd3bc9b20e008093fe7b359c1df683d71268,0x855b4a60806946fab16afccc7dda054c8ba6cf92,0x55d8a07181c868054d392395f53531ef6cb208a5,0.1,0.0001
0.1,2025-04-23 23:05:59.000 UTC,Withdrawal,0xcef56138d15e722b5c727e880a5ce6e2925a08b93735277f261c1e181033f62c,0x855b4a60806946fab16afccc7dda054c8ba6cf92,0x2d1bf803ed1f75aae5b338331242567348ebd626,0.1,0.0001
0.12,2025-04-23 22:00:11.000 UTC,Withdrawal,0xe7f4e8f47da2dd10a94af9c0642ebcf8732795cfde14438ee08513731fde994b,0x855b4a60806946fab16afccc7dda054c8ba6cf92,0x461337d4f089adf16455acb785415f6437da0c24,0.12,0.00012
0.1,2025-04-23 21:55:11.000 UTC,Withdrawal,0xddc00adc85a5a4e921011cd74ac4f708556a52bfef57231107cc0f5ce4382750,0x855b4a60806946fab16afccc7dda054c8ba6cf92,0x461337d4f089adf16455acb785415f6437da0c24,0.1,0.0001
0.1084,2025-04-23 21:05:11.000 UTC,Withdrawal,0x11bcdc7f2a437e9f7125d23cf2eee17b9fed6b6174f1e03c08f778f7554c66ec,0x855b4a60806946fab16afccc7dda054c8ba6cf92,0x17d22af31599e5de8ad8bd00bf47cc1030166634,0.1084,0.0001084
0.5,2025-04-23 20:29:23.000 UTC,Withdrawal,0x3f678c309695b3cdf1575fbc3542a233822683f9c30f30e16cc9190673cb89be,0x855b4a60806946fab16afccc7dda054c8ba6cf92,0xdd1fd6f0efb4e0eaf13a24a09363f4efe59030d1,0.5,0.0005
0.1,2025-04-23 19:57:11.000 UTC,Withdrawal,0x9f1bc0fa48888dfd7bca7260258a202cf5ceab77439c3dcdce7bb60cd04ef366,0x855b4a60806946fab16afccc7dda054c8ba6cf92,0x77b30bbd8f8c6c16cc051a98f3c0db98948757d5,0.1,0.0001
0.1003,2025-04-23 18:30:47.000 UTC,Withdrawal,0xa9b6aaa390669121084c2a599259977e08935410c3a14a566c4e2e2ff43125a2,0x855b4a60806946fab16afccc7dda054c8ba6cf92,0x01c7256aac691d93d1c9c24d8bcd165e37d9913c,0.1003,0.0001003
0.1,2025-04-23 18:20:47.000 UTC,Withdrawal,0xc5ee2b7486770ff71b076877a3c92c0874863aa7229b6b3efbf4758d9386af05,0x855b4a60806946fab16afccc7dda054c8ba6cf92,0x031781f40fe876469ca424ba06f657c0da539fc4,0.1,0.0001
0.1,2025-04-23 18:06:23.000 UTC,Withdrawal,0x839528a7175592bcc0ee87b0297fb36aaf0218e0c0547ca14b6c06bfe4f393cb,0x855b4a60806946fab16afccc7dda054c8ba6cf92,0x6cec8d1c8787b08259d27589e1eac843c780d940,0.1,0.0001
0.1001,2025-04-23 17:48:23.000 UTC,Withdrawal,0xfa61bff684fec38bc1d785771b441d156a3e049592b5c2ff3ed5279fb7d596b7,0x855b4a60806946fab16afccc7dda054c8ba6cf92,0x4138336f5c001df0f711813a86a92395887aee6b,0.1001,0.0001001
0.1,2025-04-23 12:40:47.000 UTC,Withdrawal,0xfadb5b6cbd2b30a6893bf68a83b04d4d4ee77af33610e2df3d0e93c2f16682a0,0x855b4a60806946fab16afccc7dda054c8ba6cf92,0x0ae9fbe9e77ae9b75e6996af8b87c67941d41736,0.1,0.0001
0.2,2025-04-23 08:09:47.000 UTC,Withdrawal,0x54ecb7c8690f3affbe5ecf2bb11a379ee708e2999edb35133cc4eb8a7f1e7a53,0x855b4a60806946fab16afccc7dda054c8ba6cf92,0xaba30e05b7f081d93812d20c247ec8560cbdff7c,0.2,0.0002
0.1,2025-04-23 00:17:59.000 UTC,Withdrawal,0xf31e6c77d8cae99a8e7c3dec6b279b783346f738ae88c562e57dd7d28944203e,0x855b4a60806946fab16afccc7dda054c8ba6cf92,0x77ae88356566b48500768e8bdd2ece9cdc43ffe2,0.1,0.0001
0.1,2025-04-22 21:35:47.000 UTC,Withdrawal,0x1d92fb7b2aa9a1355aaf02335a9bf73916d99e92e1053a3abce618eca294f4a9,0x855b4a60806946fab16afccc7dda054c8ba6cf92,0xe0fe108ecd251ecd0094cf35563c9a111386b17e,0.1,0.0001
0.1,2025-04-22 20:35:47.000 UTC,Withdrawal,0x7e2e6c34918113862962c35b3fb7eb0c0e75174f66114311ac556579b01947df,0x855b4a60806946fab16afccc7dda054c8ba6cf92,0x721844185df06710b9b909739d935fec1661236a,0.1,0.0001
0.1,2025-04-22 20:21:11.000 UTC,Withdrawal,0xb8c1b83d9f4b413b1347288d9c1f131b7138c9a2150e96262d14c7fdf7f4f4d8,0x855b4a60806946fab16afccc7dda054c8ba6cf92,0xef1d20abcb58c869c157319c121c63acab0e41da,0.1,0.0001
0.1,2025-04-22 19:30:35.000 UTC,Withdrawal,0x3f4b870ac359baf46b853912869598aaa42de1b45e56bcd939c44752fae44f2a,0x855b4a60806946fab16afccc7dda054c8ba6cf92,0x56a601a1ef1dd469640b9773a24f680fd28b68d6,0.1,0.0001
0.118,2025-04-22 17:50:47.000 UTC,Withdrawal,0x12dd4b6c91e10528e0a8bbbd221b5e869e2f5926e1cf548cff7590e0c5c59454,0x855b4a60806946fab16afccc7dda054c8ba6cf92,0xde818fe37d8f64e1ad0878eafe9c9e4a18bdb806,0.118,0.000118
0.1,2025-04-22 11:56:35.000 UTC,Withdrawal,0x697758dfb4107b01a2b04e6ec892595c0225bce79f94db0348dfea88d47a3b6d,0x855b4a60806946fab16afccc7dda054c8ba6cf92,0xbbd2e79d500596d04acddc5ae7c95e3e70e537e2,0.1,0.0001
0.5,2025-04-22 07:21:35.000 UTC,Withdrawal,0xc743b8593c788280bcca86fef5d262df3c212c9e354733582d65e66204828dc7,0x855b4a60806946fab16afccc7dda054c8ba6cf92,0xdd1fd6f0efb4e0eaf13a24a09363f4efe59030d1,0.5,0.0005
0.1052,2025-04-21 21:17:47.000 UTC,Withdrawal,0x4861601639cb7c5840805fcbe02f8c615fc4728a4767cc340b4821d89a1bf25b,0x855b4a60806946fab16afccc7dda054c8ba6cf92,0x2d7087000ec11ba403643ed165b25c146bda2647,0.1052,0.0001052
0.2215,2025-04-21 17:24:11.000 UTC,Withdrawal,0xf1bc22971b67c749be3cab4660852469f133c6d041cdff743e460d4b2afae09a,0x855b4a60806946fab16afccc7dda054c8ba6cf92,0x35d425e205f5f5f7f60038ef4b303a1fa7772b96,0.2215,0.0002215
0.1,2025-04-21 17:22:11.000 UTC,Withdrawal,0x99ca2ae7a99fdeaae9643851ccd3e7de4e3b4bbbecc58bfe242dad402fe66ae6,0x855b4a60806946fab16afccc7dda054c8ba6cf92,0x35d425e205f5f5f7f60038ef4b303a1fa7772b96,0.1,0.0001
0.1146,2025-04-21 17:20:47.000 UTC,Withdrawal,0x81edb77866b5eb82d4593f2a090d2eacab8d5e66bbd088a2f4ad533b32376154,0x855b4a60806946fab16afccc7dda054c8ba6cf92,0x35d425e205f5f5f7f60038ef4b303a1fa7772b96,0.1146,0.0001146
0.2854,2025-04-21 17:19:35.000 UTC,Withdrawal,0x9cf9f67c94fce9c8c7270ae8a1e4b16db55d8669fb75cf351912610ebbc359ae,0x855b4a60806946fab16afccc7dda054c8ba6cf92,0x35d425e205f5f5f7f60038ef4b303a1fa7772b96,0.2854,0.0002854
0.1,2025-04-21 15:19:23.000 UTC,Withdrawal,0xc1caf3ebb05cb75e8a44da72013d1f17550e9cbb8a771d7b5408173419bbba5e,0x855b4a60806946fab16afccc7dda054c8ba6cf92,0x0116b40637a802a01bf58e1c9bb42aad9d5650a4,0.1,0.0001
0.1,2025-04-21 13:45:59.000 UTC,Withdrawal,0xa97d2028dccf681f0e05d92fa2a55ce514edc82e4f1abc846693a6838c52e9a3,0x855b4a60806946fab16afccc7dda054c8ba6cf92,0x33b24af523625a36e99e33762d2404a0154294ca,0.1,0.0001
0.1,2025-04-21 13:09:35.000 UTC,Withdrawal,0xe89c4561da0f47e0894c8c1de97a1ce618dbc3a1b1fd95f9c453a855cadfbd1c,0x855b4a60806946fab16afccc7dda054c8ba6cf92,0x280cbff08def7adeee016ee7e0ede3fdfeb1e713,0.1,0.0001
0.1,2025-04-21 13:08:47.000 UTC,Withdrawal,0xbbb9301dd5fc0e228234e8777ae86e8101207d714ba1f77140234406969dd9e3,0x855b4a60806946fab16afccc7dda054c8ba6cf92,0x526484494f2d16ec2b4a15a6e87b2b0d8c32b892,0.1,0.0001
0.1,2025-04-21 11:39:35.000 UTC,Withdrawal,0x14767c855d0b637a9a744b2fda6e17c856e2e2c7f4b016ead50784659434a688,0x855b4a60806946fab16afccc7dda054c8ba6cf92,0x29f872f02da8ace8890e8d3e5105a752cd3b5792,0.1,0.0001
0.1,2025-04-21 09:40:23.000 UTC,Withdrawal,0x38cc84d3144b724e3f5324d16827cd9c4eb5536ec39ee56d8951ac9f8acdc8ac,0x855b4a60806946fab16afccc7dda054c8ba6cf92,0x229d926278c0d56db4fae7d390485c214e66a35b,0.1,0.0001
0.15,2025-04-21 09:17:11.000 UTC,Withdrawal,0x69b75fe5994b90fbc5cc1ffc69336938d7808d9bcf9d3fe2586493d6db75aedb,0x855b4a60806946fab16afccc7dda054c8ba6cf92,0xff66a858325ffbe089227cea34f970b3fc6d1ef9,0.15,0.00015
0.1,2025-04-21 07:45:35.000 UTC,Withdrawal,0x252a52625fcf0161713186f096bea65161b3ead075fa3ea6bccb84d12bf4a1ad,0x855b4a60806946fab16afccc7dda054c8ba6cf92,0x87d0fab8db7ccf53d2115f8dfa1460a301c53655,0.1,0.0001
0.1,2025-04-21 07:21:23.000 UTC,Withdrawal,0x6e891837b775501cba621f9a57c42b6d2d2a00a12b10756ab2c3141463d380b1,0x855b4a60806946fab16afccc7dda054c8ba6cf92,0xa750903f6d8f0a19dae5f97d8499ccfa62142099,0.1,0.0001
0.101,2025-04-21 06:58:11.000 UTC,Withdrawal,0xa0abe5b3c6fdb46e6a39ba6e048b8992e8050092642ad0b977a17e97f3b85244,0x855b4a60806946fab16afccc7dda054c8ba6cf92,0x647253b550dcf17d2537637a73c38f58bb676417,0.101,0.000101
0.1,2025-04-21 06:44:35.000 UTC,Withdrawal,0xb3d7d2268fa60a1c33d4d2b3d90a7fff5f84fd09534fbbef0b506149b7c68d38,0x855b4a60806946fab16afccc7dda054c8ba6cf92,0xdff2e005f8cc7a16b28d0708f2591d844408c3f9,0.1,0.0001
0.1,2025-04-21 04:07:11.000 UTC,Withdrawal,0x9ac17c6aa3c9b7e82cd867f521641e4ffd73bf39caffaaec7fc52dc328dd8b5c,0x855b4a60806946fab16afccc7dda054c8ba6cf92,0xc9fd99aadf3c5b98adee3bde40e28c3981696e22,0.1,0.0001
0.101,2025-04-21 03:18:59.000 UTC,Withdrawal,0xfc43148b32099d38cda10cb12e3d1cc7ca652efb03235a8ba054c84a973e6194,0x855b4a60806946fab16afccc7dda054c8ba6cf92,0xd5bce210fa67ae62cd8c61a5e213826966c769e4,0.101,0.000101
0.1,2025-04-21 02:43:59.000 UTC,Withdrawal,0xd48fe8ed3bb0c8f1a0f4b3b2138c678fcc35c05694df34e24c506dc400500eb0,0x855b4a60806946fab16afccc7dda054c8ba6cf92,0x5f36131717cd657e04ca6aed38d230f72547415c,0.1,0.0001
0.1,2025-04-21 01:18:59.000 UTC,Withdrawal,0xbeba74d1fb57338fc2cfa193176a81f56b3446c79ed8e6426443e52dc205501f,0x855b4a60806946fab16afccc7dda054c8ba6cf92,0x8407bd4bfbdc6070d3b0976b6f5143f3862555b8,0.1,0.0001
0.109,2025-04-20 22:17:47.000 UTC,Withdrawal,0x635c699000b37247fe1726c2c36e86c431e9c11bea1c6294b582f13500994119,0x855b4a60806946fab16afccc7dda054c8ba6cf92,0x05f057f9db9fc52f3c472104788b2aebbf6d5c53,0.109,0.000109
0.1,2025-04-20 22:12:35.000 UTC,Withdrawal,0x8657a34491603ea6a9b127474054682c9944282a9fe451e43d44f52e2e400b96,0x855b4a60806946fab16afccc7dda054c8ba6cf92,0x70a052469fab9f949aa4f1abc6b9ee04085de2db,0.1,0.0001
0.1,2025-04-20 21:55:47.000 UTC,Withdrawal,0x654c822d3ee7983cdb4df1cad81d39cfa1439ee6a711524743f6811ad0fdf8b2,0x855b4a60806946fab16afccc7dda054c8ba6cf92,0xf2d68f31377d8c4fbc17277e1f887ddc8c4599f2,0.1,0.0001
0.1,2025-04-20 21:53:23.000 UTC,Withdrawal,0x87fe7ea9667ab26fb7b5e4323531a695fb908ae55dc0cc8ba8446282dcc52d4b,0x855b4a60806946fab16afccc7dda054c8ba6cf92,0x3570da923ff41b2e857cd24c34b9cda3feb3ac28,0.1,0.0001
0.131,2025-04-20 21:39:47.000 UTC,Withdrawal,0x78aea388bc04c17054bc02a3f1b85368e51e0a6eae9a505926b6ddae92222394,0x855b4a60806946fab16afccc7dda054c8ba6cf92,0x9b7a78f673678b247a3808496786dd16c61cdb32,0.131,0.000131
0.1,2025-04-20 21:35:47.000 UTC,Withdrawal,0x849d1cb6370dc57cc43d9654d6a5b9772626deb4488034c38fe61f31e3ba7e7b,0x855b4a60806946fab16afccc7dda054c8ba6cf92,0xff63b2942f0767a885b2d45e1abd81231eeb169c,0.1,0.0001
0.1005,2025-04-20 21:27:47.000 UTC,Withdrawal,0xef16b171295b61626340b6c6aa6e1f955b8eea6d10c82359027cb90ca65d3ecb,0x855b4a60806946fab16afccc7dda054c8ba6cf92,0xf49d21ad409d9a0cccc39614058884883ff69507,0.1005,0.0001005
0.1,2025-04-20 21:25:47.000 UTC,Withdrawal,0x10c7f389a9b1b54c7cbfc5a26b3404b5fb07b6acb92d6944b511e5e9c7e0446e,0x855b4a60806946fab16afccc7dda054c8ba6cf92,0xb8c5d1f9ed43f7342df3d24da5b152b32361ccdc,0.1,0.0001
0.1,2025-04-20 21:21:59.000 UTC,Withdrawal,0x6c7e3272b7d50a0492b11d21a0774164622fdcbea4bdc2762e2db090f1bd524d,0x855b4a60806946fab16afccc7dda054c8ba6cf92,0xbfc7de27c3f5a1e112e92c9995dbd588f5cc8438,0.1,0.0001
0.1,2025-04-20 21:06:11.000 UTC,Withdrawal,0xa8d21e1faae434b4c66449449eab902e0ed3a44a5bd1c24743f3f6533392802f,0x855b4a60806946fab16afccc7dda054c8ba6cf92,0xe49fed8e64cd4bf98764e14d5c09bd6b990049b5,0.1,0.0001
1.0,2025-04-20 15:55:23.000 UTC,Withdrawal,0xf2a57796d83d8c74344b501b0f26b23c45810749f6eb9c26a52ac9d6bf35fc90,0x855b4a60806946fab16afccc7dda054c8ba6cf92,0x512e07a093aaa20ba288392eadf03838c7a4e522,1.0,0.001
0.1,2025-04-19 03:18:23.000 UTC,Withdrawal,0xf8d544f1fef271a978d1708f4feb1cab9a094f02a7191ac258b6e0d3885befab,0x855b4a60806946fab16afccc7dda054c8ba6cf92,0x30b1132f0ac36b580e169c8ec18b13543fd163e2,0.1,0.0001
0.1,2025-04-18 19:00:59.000 UTC,Withdrawal,0xcc0152129d87f16e844b267b320379ce55c70047ab738e4f2e35619eb3268c88,0x855b4a60806946fab16afccc7dda054c8ba6cf92,0xb6565c9a47b4566480705b85eb05c3d5c37f26ed,0.1,0.0001
0.1584,2025-04-18 17:18:47.000 UTC,Withdrawal,0xc9f8279cb5436187b344ccd42d1b2fc3fa02fdda84ddd3b21f0ef9ba476ad0e8,0x855b4a60806946fab16afccc7dda054c8ba6cf92,0x8fffa8d27c14284c9329ec43fcdb3ed45daad51c,0.1584,0.0001584
0.1,2025-04-18 16:31:47.000 UTC,Withdrawal,0x607fbbb38cea9db4c52cee7a5b7a22ece85a9a7021da9bfa7e6e94cc3204a689,0x855b4a60806946fab16afccc7dda054c8ba6cf92,0xeb8d69b107bbada2695f840f6031f67cc726e976,0.1,0.0001
0.1,2025-04-18 14:54:11.000 UTC,Withdrawal,0x188da76559efef1b6b92d17fbc6c19d7771cdaa75657e7529ad84886569f5f5a,0x855b4a60806946fab16afccc7dda054c8ba6cf92,0x96b3de122dd9e466c78a15b053f06da39619b9e2,0.1,0.0001
0.1,2025-04-18 14:46:11.000 UTC,Withdrawal,0xf80227586b3956d10250809d142a2c782996c626f3cb9b6a990949a4c33cc785,0x855b4a60806946fab16afccc7dda054c8ba6cf92,0x434687c89098eaf01f6b863dfb572f4afb9ba443,0.1,0.0001
0.11,2025-04-18 13:46:11.000 UTC,Withdrawal,0x51b878d00db4e85550c6593556fd4279c99707b3972ff44d3874f811e1babd3e,0x855b4a60806946fab16afccc7dda054c8ba6cf92,0x315f4fdc5b3858dc67c411601e9ffb9ade38843b,0.11,0.00011
0.1,2025-04-18 09:50:35.000 UTC,Withdrawal,0x64f5a76e9b976036838e161525b21acb343c04f167c1b0b7bf9ad80e242e64ed,0x855b4a60806946fab16afccc7dda054c8ba6cf92,0x74e20a54c58bcefb02e496c826d9c65b576ceb10,0.1,0.0001
0.1,2025-04-18 09:18:59.000 UTC,Withdrawal,0x51a6668b2c3546857cec87ea2ce47f4f4ac302c5dcd843dfffcb32cdfcc1388a,0x855b4a60806946fab16afccc7dda054c8ba6cf92,0xcf2c05a9edf8d8a0396ac23c6984a5496e1eb2e2,0.1,0.0001
0.1,2025-04-18 08:29:47.000 UTC,Withdrawal,0xbd57bdcdfd8f7564e5c3cdfa491e37f0f85432e8a183b5e210c80ac9c965cbe6,0x855b4a60806946fab16afccc7dda054c8ba6cf92,0x72b9f34f3c28c83945f6ca3de2d3bd0ea41aec3e,0.1,0.0001
0.1,2025-04-18 07:54:47.000 UTC,Withdrawal,0x29b3e7dd2918627fe7efc6c8033642726cb4c4ae8d136be12d4a77dd29bc9034,0x855b4a60806946fab16afccc7dda054c8ba6cf92,0x783dd665fd4bfe6851bb307f523a2fa60ed456fb,0.1,0.0001
0.5,2025-04-17 23:21:59.000 UTC,Withdrawal,0x95534a50c690b7ac77ceb3a81b859163f98162fb423341a5bcd5091e6007e098,0x855b4a60806946fab16afccc7dda054c8ba6cf92,0xfd2d9985c8723111d32d69480c18820628bb02d8,0.5,0.0005
0.1,2025-04-17 22:59:47.000 UTC,Withdrawal,0x895c233167f877a86e800f20640841f564f378643c99f867c1a35ce59957f7cc,0x855b4a60806946fab16afccc7dda054c8ba6cf92,0x95dc013b7b4b46d5aee60b2489c968134e9306c3,0.1,0.0001
0.1,2025-04-17 12:33:47.000 UTC,Withdrawal,0xa7a68cee6a2fe78c330a0a0c3813173e7cfdf7779f34e58262d9b1d092cbcdab,0x855b4a60806946fab16afccc7dda054c8ba6cf92,0x461337d4f089adf16455acb785415f6437da0c24,0.1,0.0001
0.195,2025-04-17 11:45:35.000 UTC,Withdrawal,0x23857df1a5f8d1879b767b1739f765595c8b3dd6889c17ea3f44cc5314e55a7e,0x855b4a60806946fab16afccc7dda054c8ba6cf92,0x05ff206d41226e82e744e273598353875bcc7740,0.195,0.000195
0.16,2025-04-17 10:23:47.000 UTC,Withdrawal,0xc22ad02b1d07a3a8eb72ec27c1ce3be761ea0d2ccb227457dd87d9812d772313,0x855b4a60806946fab16afccc7dda054c8ba6cf92,0x42613bac8604df0277451e239d0f14cffe5666b8,0.16,0.00016
0.1,2025-04-17 03:49:47.000 UTC,Withdrawal,0x598b645f0c0be4957ec4e7077d5e4cfb16c2afe14b31fe30bb08279945cc1599,0x855b4a60806946fab16afccc7dda054c8ba6cf92,0x30b1132f0ac36b580e169c8ec18b13543fd163e2,0.1,0.0001
0.1,2025-04-17 00:21:35.000 UTC,Withdrawal,0xc2277e807e996d81861fbbf0a26cb12731cbab60ed3cc3f2aefed05148d1dc1c,0x855b4a60806946fab16afccc7dda054c8ba6cf92,0x9d56d463ad87c7bc9e4ebed2aef72c4d438629d9,0.1,0.0001
0.1022,2025-04-17 00:05:59.000 UTC,Withdrawal,0x401a8910aeb1461be98bc1701e7db5499f23c4e5f89e41520795410db617f919,0x855b4a60806946fab16afccc7dda054c8ba6cf92,0xea31991f3c96fd658873ddb4d25ae236464a6b9c,0.1022,0.0001022
0.1,2025-04-16 21:28:35.000 UTC,Withdrawal,0x686903e72d03d9ddf81b7f75ace48c08f5d7200d1dc598e4272f3c3bd45282dd,0x855b4a60806946fab16afccc7dda054c8ba6cf92,0x9b2e2f6371cf099d3f913fcf9242e9f7fccf0684,0.1,0.0001
0.1,2025-04-16 20:54:35.000 UTC,Withdrawal,0x47e3cf074a99edcd89ca331e2308a70d51afaa84ed65e2f5517b12e1fab16de8,0x855b4a60806946fab16afccc7dda054c8ba6cf92,0x7b65e94c9b8b2968e883bda0c104cef643dbb653,0.1,0.0001
0.1,2025-04-16 20:43:35.000 UTC,Withdrawal,0xef0e62b23092f1df3379999813a6977a0ac6ded0eb1b1f2fb6a08f68275b25ca,0x855b4a60806946fab16afccc7dda054c8ba6cf92,0x015b2c96729317911908ffad1c79741c4b267d3a,0.1,0.0001
0.1,2025-04-16 19:27:35.000 UTC,Withdrawal,0x7ef839b9109aea4ebe9ed40a31109f72ade5015c68b4de32f00a8e0e0f2443e9,0x855b4a60806946fab16afccc7dda054c8ba6cf92,0xc309966467f988e4837f5435822296267506ace1,0.1,0.0001
0.1,2025-04-16 19:22:47.000 UTC,Withdrawal,0x590a53cc991c4255abbec4207456541149efee07b1218be5c8c32b61bee509f6,0x855b4a60806946fab16afccc7dda054c8ba6cf92,0x9446968d53569d1a700c78620a1b42cdefc4b3b1,0.1,0.0001
0.1,2025-04-16 19:07:47.000 UTC,Withdrawal,0x52e642b5e59ba07f0705c96ab3becdf4b9a43da090fefbf72c365b60df16f248,0x855b4a60806946fab16afccc7dda054c8ba6cf92,0x00127fa50aeb00d97135c2509613718a8e5cdcf8,0.1,0.0001
0.1,2025-04-16 10:18:59.000 UTC,Withdrawal,0x77e9459457e7d2d63bbfc55517a07f85f4857334760ff03ed27b9cd4f63a4334,0x855b4a60806946fab16afccc7dda054c8ba6cf92,0x111f530216fbb0377b4bdd4d303a465a1090d09d,0.1,0.0001
0.1,2025-04-16 06:37:47.000 UTC,Withdrawal,0xcbf0b01db1dd3ca171abb94c5be182e302ea1bce70613b342486b71e443f2b25,0x855b4a60806946fab16afccc7dda054c8ba6cf92,0xaba30e05b7f081d93812d20c247ec8560cbdff7c,0.1,0.0001
0.1995,2025-04-15 23:11:47.000 UTC,Withdrawal,0x085343655adbc4beea88e718ee20fe3512ffb84418a62c0085a12a9fbabf619a,0x855b4a60806946fab16afccc7dda054c8ba6cf92,0x35d425e205f5f5f7f60038ef4b303a1fa7772b96,0.1995,0.0001995
0.1,2025-04-15 21:25:11.000 UTC,Withdrawal,0xfde9c1a2b061d41059bd42d1651c2ae4f79151e03ce974b0b83efd39a615d67b,0x855b4a60806946fab16afccc7dda054c8ba6cf92,0xa51b233ad3a17fc8de064a6423e12a9abf8ef727,0.1,0.0001
1.0,2025-04-15 19:30:35.000 UTC,Withdrawal,0x7fd3ac9e9b4fabce98457fb91001db9bd825bf30739108379ff08faa1fb20c95,0x855b4a60806946fab16afccc7dda054c8ba6cf92,0x2105c9d146922cce3cc5bf9f2bce28e5e66b253c,1.0,0.001
0.107,2025-04-15 18:43:47.000 UTC,Withdrawal,0xd931b387a584a5ff02560f6fb8356f2898368a757ba5a98d763c7873152ff68c,0x855b4a60806946fab16afccc7dda054c8ba6cf92,0x35d425e205f5f5f7f60038ef4b303a1fa7772b96,0.107,0.000107
0.2,2025-04-15 18:30:59.000 UTC,Withdrawal,0xfa7a555dc6c7ba11b2272c08966d9cf6e8c3e92816e4a985b28d5d7bbc7783da,0x855b4a60806946fab16afccc7dda054c8ba6cf92,0x35d425e205f5f5f7f60038ef4b303a1fa7772b96,0.2,0.0002
0.1822,2025-04-15 18:22:59.000 UTC,Withdrawal,0x76dcde506899fe5c4cdbd761e1a68a898de8764662a4f69a18221c6a6245f2fe,0x855b4a60806946fab16afccc7dda054c8ba6cf92,0x35d425e205f5f5f7f60038ef4b303a1fa7772b96,0.1822,0.0001822
0.1178,2025-04-15 18:03:23.000 UTC,Withdrawal,0x11c3c5db85d0475be9313dfbe55cc95fdda9074ac877e5b9493b0ad8737a2e1d,0x855b4a60806946fab16afccc7dda054c8ba6cf92,0x35d425e205f5f5f7f60038ef4b303a1fa7772b96,0.1178,0.0001178
0.2,2025-04-15 18:00:11.000 UTC,Withdrawal,0xd02dde10af5f69e563ce7971e7391e61ac3b12a0e5a9e32ab2175e83941524c7,0x855b4a60806946fab16afccc7dda054c8ba6cf92,0x35d425e205f5f5f7f60038ef4b303a1fa7772b96,0.2,0.0002
0.1,2025-04-15 17:58:23.000 UTC,Withdrawal,0x0c8dfc97193bb329b1b646e0af81d1fdbceeb5ecec7573dde5d487f9477f3427,0x855b4a60806946fab16afccc7dda054c8ba6cf92,0x35d425e205f5f5f7f60038ef4b303a1fa7772b96,0.1,0.0001
1.0,2025-04-15 17:14:47.000 UTC,Withdrawal,0x8d67a59ce3d26dbe3df0b434917252a210c6a470039ba03fde297b51d55b3990,0x855b4a60806946fab16afccc7dda054c8ba6cf92,0xbbde1e05d96c5c4f7e377d5eaed21cac08a92945,1.0,0.001
0.1,2025-04-15 08:06:35.000 UTC,Withdrawal,0x7edc29866aa8c90dbd8c05e8d5a957321e6c4b42fff748b674c2bd912f048ad8,0x855b4a60806946fab16afccc7dda054c8ba6cf92,0x9037ceeb2189036068a0e2127d8932cff669a850,0.1,0.0001
0.1,2025-04-14 17:32:47.000 UTC,Withdrawal,0x34b0c5d8b298e8d3cead1995fbfe5601dfe48f679b400d1e7bb31c873f5a5a8e,0x855b4a60806946fab16afccc7dda054c8ba6cf92,0xf0c62ee71dda271480292811e0e6236d282f763d,0.1,0.0001
0.1,2025-04-14 14:27:35.000 UTC,Withdrawal,0xeb298b46ce90ea6ad22ef6866d86100666ded2021e7899263ac23218ba10919a,0x855b4a60806946fab16afccc7dda054c8ba6cf92,0x6d051fad72b2954d757b73f77cb38e7687842d2d,0.1,0.0001
0.1,2025-04-14 06:59:59.000 UTC,Withdrawal,0x8ee797e3262a7bce63738df0b96eab66342726061b96cfb55854d16ec09efde0,0x855b4a60806946fab16afccc7dda054c8ba6cf92,0x92c99e81239c8b06441bc48aaa7f75ac94844dc6,0.1,0.0001
1.0,2025-04-13 14:21:35.000 UTC,Withdrawal,0x591d51b23f551abfa44cb304db28a82bb1021a6e84e7cef664f02760c755ac22,0x855b4a60806946fab16afccc7dda054c8ba6cf92,0x185e47245d4f7ba135eddfbc147408b9f60181fc,1.0,0.001
0.1,2025-04-13 10:09:47.000 UTC,Withdrawal,0x51adf322c10e0d6416165bd60b6920ff6ddff7c2470a315571218a304db6d415,0x855b4a60806946fab16afccc7dda054c8ba6cf92,0xd34212e34841a24856b5368c0c1b4ae82aab2caa,0.1,0.0001
0.1,2025-04-13 05:17:59.000 UTC,Withdrawal,0xdd56da42c6d120642e15cf7e9c1c4fe78bdb31d7dfa882009918fc44774c1824,0x855b4a60806946fab16afccc7dda054c8ba6cf92,0xc2fd8c15450ad23e19bf25b2f83331d6cbb88f89,0.1,0.0001
1.0,2025-04-12 12:00:47.000 UTC,Withdrawal,0x6b56a897dcc7cb226364ad0845fb35d8792d4aeedea3b2da8d96ad75fa2fd9d2,0x855b4a60806946fab16afccc7dda054c8ba6cf92,0x77aa943a365161e499eaff59e936a799e6051e15,1.0,0.001
0.1,2025-04-10 11:07:47.000 UTC,Withdrawal,0xf406f3dd4673c184e64f8fed6b0e9fcdda4f0f8dc0776965ac33b9d8362697de,0x855b4a60806946fab16afccc7dda054c8ba6cf92,0x14d04ca5c041884125ec5df0eed048d201e220da,0.1,0.0001
0.15,2025-04-10 09:21:23.000 UTC,Withdrawal,0x9d404d85d442e525ccdc191951f7a5fb23bd0dd281b83e37bb5c26ef339ed2ec,0x855b4a60806946fab16afccc7dda054c8ba6cf92,0x6dc43be93a8b5fd37dc16f24872babc6da5e5e3e,0.15,0.00015
0.1,2025-04-10 00:55:59.000 UTC,Withdrawal,0xfce6bbbda8ea307e383853a44a9bda84fa6a661a316b7be0104182e5782512e7,0x855b4a60806946fab16afccc7dda054c8ba6cf92,0x70aefeb3b33a125d2ef7648b9229f9add3dae894,0.1,0.0001
0.25,2025-04-09 11:37:11.000 UTC,Withdrawal,0x27330af404f3457a22db4a503c9f3837e129850e06b32725983fada15f84edc9,0x855b4a60806946fab16afccc7dda054c8ba6cf92,0x053e6294400a9268e35df445624f58087c7f388f,0.25,0.00025
0.1,2025-04-09 09:21:47.000 UTC,Withdrawal,0x92db5b4e9fab0ebe1ec0b36b9eb9d5e1f8687d700b44f9f818ea5e4fefc4f1e1,0x855b4a60806946fab16afccc7dda054c8ba6cf92,0xc22d10c8b659e32d86627711faf7d83bab95b01d,0.1,0.0001
0.1,2025-04-09 08:19:23.000 UTC,Withdrawal,0xe4cffceca16589507557175415fa5d1af12e6cf10df92caaf509fb68dca93e2b,0x855b4a60806946fab16afccc7dda054c8ba6cf92,0xf956b29ed9c35b0e5ebc523a575b0250d2390d23,0.1,0.0001
0.1,2025-04-09 05:53:35.000 UTC,Withdrawal,0x2afeee220267cf499628a8b206e48dcdd02e2ac3365a440db5152b9d5cf36f73,0x855b4a60806946fab16afccc7dda054c8ba6cf92,0x6eee891d2c28bbf560ac945430d1ae06ab94cfe7,0.1,0.0001
0.1,2025-04-09 01:12:47.000 UTC,Withdrawal,0xec5b5dd923a394150b79b1b1beda8db22a743d4244c1022c8249ec5736b5a9fb,0x855b4a60806946fab16afccc7dda054c8ba6cf92,0x46cac574cff5f8e0712894a844302cf75c7cf8b2,0.1,0.0001
0.1,2025-04-08 22:24:11.000 UTC,Withdrawal,0xfa7c01083b504f48ef387f5d003c146c7a591b6d14c595d96f9959994706030e,0x855b4a60806946fab16afccc7dda054c8ba6cf92,0x6dc43be93a8b5fd37dc16f24872babc6da5e5e3e,0.1,0.0001
0.15,2025-04-08 15:33:11.000 UTC,Withdrawal,0x711631ed9732da1263cf253c0fcb8355e97857c5e7817fa9cd65b28e01d0c8cd,0x855b4a60806946fab16afccc7dda054c8ba6cf92,0xe360ee830bb3df8ab17c277f1802a2e861850b9b,0.15,0.00015
0.1,2025-04-08 09:51:47.000 UTC,Withdrawal,0xa9c46e054ac30b0d7b58f2658cb0e2af88e14eb1c56960c18bf3b376183669be,0x855b4a60806946fab16afccc7dda054c8ba6cf92,0x2640e6194f6eb2acbee8856c20bca348242761e9,0.1,0.0001
1.0,2025-04-08 01:30:11.000 UTC,Withdrawal,0xe1a5088ec1365857fbdd1bc05e7132f94c0cfe1037513094b005e7b740fcf8a5,0x855b4a60806946fab16afccc7dda054c8ba6cf92,0x53f54b3fc66831aff6900a92c787809d7adbe91b,1.0,0.001
0.1,2025-04-08 01:00:35.000 UTC,Withdrawal,0xb712713ef9860ca983927ac99e3deab8eb907231db692d5c52440631d761505d,0x855b4a60806946fab16afccc7dda054c8ba6cf92,0x2324c05f95c1f40f02cd2e194943f2033928516a,0.1,0.0001
0.1,2025-04-07 18:24:47.000 UTC,Withdrawal,0x04fb77d267bd219609eb07e5796d07d0491d11cc2f517aba8f74ddbb3cd8b540,0x855b4a60806946fab16afccc7dda054c8ba6cf92,0xe018ac6e9931b4d492ce2d75437749ce0a5a8888,0.1,0.0001
0.2,2025-04-07 18:08:35.000 UTC,Withdrawal,0xc66e6cbebde01fa8f704c9d8196b1f7a2e83cd39ef50cfcf07ccfdbfd17e7f56,0x855b4a60806946fab16afccc7dda054c8ba6cf92,0x9b7a78f673678b247a3808496786dd16c61cdb32,0.2,0.0002
0.1,2025-04-07 17:28:35.000 UTC,Withdrawal,0x4204591e9a0366e19da42f82629f3bf0ab9abbe298a7039a9dfe78d0631e978c,0x855b4a60806946fab16afccc7dda054c8ba6cf92,0x3d534d4f6099b94846b905068bc1d420258065e8,0.1,0.0001
1.0,2025-04-07 07:32:35.000 UTC,Withdrawal,0x99a6fec12690edfe3a7f027ea8d4a8cc4b54ee882e41896af2a3dccffabcd120,0x855b4a60806946fab16afccc7dda054c8ba6cf92,0x9d71657276a25c1d3b84e3cb570e58e5b51741f3,1.0,0.001
0.116,2025-04-07 06:50:35.000 UTC,Withdrawal,0xdedb4b9097b299a9519c5b1aa1a30e5e289b269b617da7adb598b4414369099f,0x855b4a60806946fab16afccc7dda054c8ba6cf92,0x97d84cb834df80aa8a927d75d6494a180bbd6e9d,0.116,0.000116
0.1123,2025-04-07 03:41:11.000 UTC,Withdrawal,0x871e1d09a87f404a9d882dcb49a492e392b737ac21e265ce2b80966b05e7c1b1,0x855b4a60806946fab16afccc7dda054c8ba6cf92,0x931433324e6b0b5b04e3460ef3fb3f78dda3c721,0.1123,0.0001123
0.1,2025-04-06 20:13:35.000 UTC,Withdrawal,0xb95b1d25095a23a258bc57ff656f39368912be4730e98e16e4f4a2a261be4018,0x855b4a60806946fab16afccc7dda054c8ba6cf92,0xc875fbb3d3df7f65cd192b43f5eba01b51954ab5,0.1,0.0001
1.0,2025-04-06 10:31:35.000 UTC,Withdrawal,0xf77bb6fe08c38652f6b2fefab1d07d075f64e3adca9cae7b2e7f01f3ec9276e4,0x855b4a60806946fab16afccc7dda054c8ba6cf92,0x4ea69768213e44f92d35b82171fc39c19ce89fc8,1.0,0.001
1.0,2025-04-06 10:30:11.000 UTC,Withdrawal,0x232bba649b2b3b31f7cc7650e88c5356e596a8e988150e0a2c9b16bb63a9ec65,0x855b4a60806946fab16afccc7dda054c8ba6cf92,0x4ea69768213e44f92d35b82171fc39c19ce89fc8,1.0,0.001
1.0,2025-04-06 10:28:59.000 UTC,Withdrawal,0x90635b4b62b632f418eac7b167cb787c6da7dc35b14b0e4d07019f017fd9296e,0x855b4a60806946fab16afccc7dda054c8ba6cf92,0x4ea69768213e44f92d35b82171fc39c19ce89fc8,1.0,0.001
0.1,2025-04-06 10:16:23.000 UTC,Withdrawal,0xb05c1bc8538ec347e997e438813a66a9c091e91bc560e99d1924aadc21fae952,0x855b4a60806946fab16afccc7dda054c8ba6cf92,0x8dbdac6f5929dfa7ef7477e17d4d498ffff1f317,0.1,0.0001
0.1,2025-04-06 03:27:47.000 UTC,Withdrawal,0xf22efb9ba4c141493da06ee8e99eca0b6ba5cc8ae83f3f49099581d963f053d4,0x855b4a60806946fab16afccc7dda054c8ba6cf92,0x1520fa306b0d09e3232b3fd3e22b8a9b69b850b5,0.1,0.0001
0.1,2025-04-06 02:31:59.000 UTC,Withdrawal,0xcf30b0dcbd644180d209e8bd9fe8f2d6be59ec3c58169cfda5c0bc6a4fc5e45f,0x855b4a60806946fab16afccc7dda054c8ba6cf92,0xce60698d862ab2c54e6c62446d428e14bd92fcba,0.1,0.0001
0.1,2025-04-05 18:00:47.000 UTC,Withdrawal,0x0d9d6b67a1a3a2a97946064dfa738641513638c119298c5af1a9077e144b02c8,0x855b4a60806946fab16afccc7dda054c8ba6cf92,0xe5c8134e040c71c7d475916c81dacd12f78b1008,0.1,0.0001
0.1,2025-04-05 15:57:23.000 UTC,Withdrawal,0xfd5024c3879a0ac9c305321ce8626e379af63c85f0d1614db2b1608e47c2eb71,0x855b4a60806946fab16afccc7dda054c8ba6cf92,0xd2a2a9bae8ec33f0d8df4c2bab049556de776fa1,0.1,0.0001
0.1,2025-04-05 12:09:47.000 UTC,Withdrawal,0x03e9dcb287079d4569cc970c0913b35cc29404c23065fccfce8b6a5abf9b53e1,0x855b4a60806946fab16afccc7dda054c8ba6cf92,0xde64df7d4c302a2dcdfd796c97bc6ebeab9c4bf0,0.1,0.0001
0.1,2025-04-05 10:30:11.000 UTC,Withdrawal,0x7c9bba059356919a4947b6cf9160dad6100ba276dcf8e640ab783ca3d516cedd,0x855b4a60806946fab16afccc7dda054c8ba6cf92,0x2105c9d146922cce3cc5bf9f2bce28e5e66b253c,0.1,0.0001
0.1,2025-04-05 09:49:59.000 UTC,Withdrawal,0x59503487d0657ace13102f6fc63567e77941a1576ae399c82ca8cce4adc864ce,0x855b4a60806946fab16afccc7dda054c8ba6cf92,0x81f7c3796f4b024b6700a0134a1c509acf920324,0.1,0.0001
0.1,2025-04-05 09:09:35.000 UTC,Withdrawal,0x7cb28809b22c94f55543b994bbb329ffcbf8c8f5457d28bb90f671f113f8780f,0x855b4a60806946fab16afccc7dda054c8ba6cf92,0x05ff206d41226e82e744e273598353875bcc7740,0.1,0.0001
0.1,2025-04-05 08:51:23.000 UTC,Withdrawal,0xed953aa525533cb3abab93b2c2bbe4cc36b354fce84d14e689f59b80cf47ac48,0x855b4a60806946fab16afccc7dda054c8ba6cf92,0x788b7bde4550724cad3977bd3551959d33303b79,0.1,0.0001
0.13,2025-04-05 07:10:59.000 UTC,Withdrawal,0x6deefc3a3b07c0c7e6ac5c24411f884f14ade3b7f2ec0f210c984556ba4d961b,0x855b4a60806946fab16afccc7dda054c8ba6cf92,0x992e25ff2da475841366b6ffff00d75dd6d265b7,0.13,0.00013
0.1,2025-04-05 05:29:59.000 UTC,Withdrawal,0x5f716ad142a921a478baf28b7c09eae579efef7fac44df01a9bb4d389a9d9133,0x855b4a60806946fab16afccc7dda054c8ba6cf92,0x18716be94049c71531d54fe9b53833f83cbfafaa,0.1,0.0001
0.1,2025-04-05 04:56:23.000 UTC,Withdrawal,0xe2c7081141e73d2280706fac6788c12c93b50eb6cd13854b250a03ecabf134dc,0x855b4a60806946fab16afccc7dda054c8ba6cf92,0x992e25ff2da475841366b6ffff00d75dd6d265b7,0.1,0.0001
0.5,2025-04-05 04:00:59.000 UTC,Withdrawal,0xa1ed40bb2a91b15922317ba85e9829e3e3372d70213836a03c61b491e5bf5a96,0x855b4a60806946fab16afccc7dda054c8ba6cf92,0x11aa6f96b277f1fe885515bcb2bdcae2fbd6a98b,0.5,0.0005
0.5,2025-04-05 03:02:11.000 UTC,Withdrawal,0x7387d27a0ba5986bece3187f5f6d944a291c3db12565cf2f9e312bae8ce386d0,0x855b4a60806946fab16afccc7dda054c8ba6cf92,0x22111eadb78eaa1b697995da6799ae68099f5472,0.5,0.0005
0.1,2025-04-05 02:34:11.000 UTC,Withdrawal,0xaa071f783fa389212a3a17c2277af4fa3231b3b049383995417d052a211b3f47,0x855b4a60806946fab16afccc7dda054c8ba6cf92,0xaace72329cc8b9a510b7d6f62e566eb181bd8f0e,0.1,0.0001
0.1,2025-04-04 23:27:23.000 UTC,Withdrawal,0xe585aa4e146da04c2be68b34d10091d1716061f2dcd5fa7f8ff17f3f1408312b,0x855b4a60806946fab16afccc7dda054c8ba6cf92,0x9ce70065fe3f62adf8ddf1d10d3b6406ed59f79a,0.1,0.0001
1.0,2025-04-04 22:29:59.000 UTC,Withdrawal,0xf03316503f5a4de1a99510e57dc67ec7e66675a3625297d0e234d0987bdfa94b,0x855b4a60806946fab16afccc7dda054c8ba6cf92,0x4dff12faefbb14786a7b0d18a46ff0c0057d1655,1.0,0.001
0.5,2025-04-04 20:59:47.000 UTC,Withdrawal,0xf2ae841a2f1cbaa238e7b37164befbb949b89ec0be47d75cfbd7c06472cc81be,0x855b4a60806946fab16afccc7dda054c8ba6cf92,0x2199525c04a4c58c9b5c2e4ef17c5359b63854b1,0.5,0.0005
0.1,2025-04-04 19:06:59.000 UTC,Withdrawal,0x70435c123dba41e15c5a4c3b2a61851281ec7c0f5c3ea64818b16b50512ab7e8,0x855b4a60806946fab16afccc7dda054c8ba6cf92,0x0543d87e082fd30b5ead2470e1015af48e65b599,0.1,0.0001
1.0,2025-04-04 18:31:11.000 UTC,Withdrawal,0xcfdbc26df83c9f100942219a40db478252d70c580332bdbc8da41a301c469629,0x855b4a60806946fab16afccc7dda054c8ba6cf92,0x512e07a093aaa20ba288392eadf03838c7a4e522,1.0,0.001
0.1,2025-04-04 17:10:47.000 UTC,Withdrawal,0x04cb1a6e20b63926b3737dc5a5b4d506967b11eb7ebbba378a300e93c0dc9254,0x855b4a60806946fab16afccc7dda054c8ba6cf92,0xfe61e74f71c9bc8113e27b43facef42539352f57,0.1,0.0001
0.1,2025-04-04 16:52:47.000 UTC,Withdrawal,0x9225d9dbc2b6b943b44d2257a3213f419227841ab95d754770a9337e8da71089,0x855b4a60806946fab16afccc7dda054c8ba6cf92,0x246d5417dc2e4eedc25c4ca37b885c95e3dcb7eb,0.1,0.0001
0.1,2025-04-04 16:47:11.000 UTC,Withdrawal,0xfb8ddf23bee93971a31f373c9ce577574cbdda44f9f24249979cec41eaecfd3c,0x855b4a60806946fab16afccc7dda054c8ba6cf92,0x6dc43be93a8b5fd37dc16f24872babc6da5e5e3e,0.1,0.0001
0.15,2025-04-04 16:34:35.000 UTC,Withdrawal,0x531023cffbae546f327f74a7ca3afc84a7431e24ab7a3bb86564bf7ee18a3b0a,0x855b4a60806946fab16afccc7dda054c8ba6cf92,0x9429cd74a3984396f3117d51cde46ea8e0e21487,0.15,0.00015
1.0,2025-04-04 14:26:47.000 UTC,Withdrawal,0xceabc961c84507b8f88769d389b3a2e411f428b0b0240e680dfd85ec9004a78a,0x855b4a60806946fab16afccc7dda054c8ba6cf92,0xd16d6367187600c95ab14d997c8ee382aac55fdc,1.0,0.001
0.1,2025-04-04 14:21:47.000 UTC,Withdrawal,0xe7538ba4fd4730c8148ef6b26d3d1323d8614ef0c950384f149a26bc53aa0728,0x855b4a60806946fab16afccc7dda054c8ba6cf92,0x783da7ccf6ef2707a475711de104f7cd2aec395c,0.1,0.0001
1.0,2025-04-04 11:57:47.000 UTC,Withdrawal,0xeb22f25320b1b56d05ae398596a0b857d40b2fca237efc21ebd9ea94f4d03d64,0x855b4a60806946fab16afccc7dda054c8ba6cf92,0x512e07a093aaa20ba288392eadf03838c7a4e522,1.0,0.001
0.1,2025-04-04 11:00:59.000 UTC,Withdrawal,0x3fc36b953076c4124c7f890c61603ad3213228b27274f0aa465cb0bd3807b7ed,0x855b4a60806946fab16afccc7dda054c8ba6cf92,0x3d534d4f6099b94846b905068bc1d420258065e8,0.1,0.0001
0.1,2025-04-04 08:52:35.000 UTC,Withdrawal,0xcc33b2fddd917c547737f9f44089cb5ce945399da88aca6fcbfecf7398a2f239,0x855b4a60806946fab16afccc7dda054c8ba6cf92,0xdf19f749cd934df98ef5db8f62304609424e0176,0.1,0.0001
0.5,2025-04-04 07:50:47.000 UTC,Withdrawal,0xc2fafa7b6d97ca7d3950475690944ece69961c167d04d18a183577c46c2e9589,0x855b4a60806946fab16afccc7dda054c8ba6cf92,0x9ea09816db61c2fd860ecd4a615431fe86b944aa,0.5,0.0005
0.1,2025-04-04 04:00:59.000 UTC,Withdrawal,0x9942be2887f0bc5968bad36c96ee079760c951edfe17549c605c1a072df4cbfb,0x855b4a60806946fab16afccc7dda054c8ba6cf92,0xa4d6739b301c0521e23b8a6f7efcb0f679f2e549,0.1,0.0001
0.1,2025-04-04 03:58:11.000 UTC,Withdrawal,0x215663064eb678ef76be94f7708521cebdf9ad7919b76d442b373ea0f7319ca1,0x855b4a60806946fab16afccc7dda054c8ba6cf92,0xbaacc18e9ec158820ef53f5346f35febf8779f0d,0.1,0.0001
0.1,2025-04-04 01:43:47.000 UTC,Withdrawal,0xb4fa3a187949ab876da17a1c4640ef7886b8c986e57c864f3d67de6b3003c52e,0x855b4a60806946fab16afccc7dda054c8ba6cf92,0x172400876138bbbf4a7bbd4f31ff41da8216a95c,0.1,0.0001
0.1,2025-04-03 23:10:23.000 UTC,Withdrawal,0xd97d1481e42efedab6c56f9c2e4f786cb12b0133dcb26b89bb306586727147b7,0x855b4a60806946fab16afccc7dda054c8ba6cf92,0xa5d8f041bf3100952ff21e0679169b93a9df777a,0.1,0.0001
0.1,2025-04-03 16:56:59.000 UTC,Withdrawal,0xfe1d2d2336539b33790f97c761d72c0c0d91145018f0c537eb515a53fddb5bab,0x855b4a60806946fab16afccc7dda054c8ba6cf92,0xc311d12e3f0ff03ba5f5c2cb6a91447bd8460e73,0.1,0.0001
0.1,2025-04-03 15:56:47.000 UTC,Withdrawal,0xe142d40b0bfbff43d64b0f0c71c9c46efc8b0e4b100615dbd105682074ced780,0x855b4a60806946fab16afccc7dda054c8ba6cf92,0x2ee86261d100e7b635ff9a7a519bcc45d4c7e6ac,0.1,0.0001
0.1,2025-04-03 12:39:47.000 UTC,Withdrawal,0x590f086cf656e85a056da61ad4b4a9a7c9b1d0026288d58d50c68606f134c898,0x855b4a60806946fab16afccc7dda054c8ba6cf92,0x6c99c20ddedecea520975c2a31297aa1c5a2c9ce,0.1,0.0001
0.114,2025-04-03 08:55:23.000 UTC,Withdrawal,0xdc3f281b59c39d5c0f9603bdac0160c2b35a0bba3dbd98686f81ab49ed1ee85d,0x855b4a60806946fab16afccc7dda054c8ba6cf92,0xfce58e0d0f0815a8663448df8bed08c00286af62,0.114,0.000114
0.1,2025-04-02 19:21:35.000 UTC,Withdrawal,0x2200a6e41a286c0f075322ad8b657761564033cae719eee2f123f4dab16ebc76,0x855b4a60806946fab16afccc7dda054c8ba6cf92,0xe08aa06c05dbe57ef4eefb86fa3329f241e3c159,0.1,0.0001
0.13,2025-04-02 18:41:47.000 UTC,Withdrawal,0xebfb31912111af9af131e9e473dd2eaabb563c7ba57495682e1ff443489002aa,0x855b4a60806946fab16afccc7dda054c8ba6cf92,0xb84e827cedb57a8770c0d2661a6051f3b9e28afc,0.13,0.00013
0.1,2025-04-02 17:53:59.000 UTC,Withdrawal,0x400b18a2cabbfb57a0b1955b89a6cdd4e915c0c55818e5aaaf17d84e5883e3fa,0x855b4a60806946fab16afccc7dda054c8ba6cf92,0x982daf4d8ba3bcc03b9f3186b5bf3e3467346927,0.1,0.0001
1.0,2025-04-02 16:09:35.000 UTC,Withdrawal,0xf7dd7256e875f6e4249699655fafdab859ad3e93c4bf189b68fabdd60a53eb89,0x855b4a60806946fab16afccc7dda054c8ba6cf92,0x512e07a093aaa20ba288392eadf03838c7a4e522,1.0,0.001
0.1,2025-03-31 17:17:35.000 UTC,Withdrawal,0xdc7be15d61efc01999ab493b90ad80545e8108caa4e36b76239f5f1bd9a132a1,0x855b4a60806946fab16afccc7dda054c8ba6cf92,0xe95dcdd02a84f36f31976128e72772718cbfd2a6,0.1,0.0001
0.1,2025-03-31 17:13:11.000 UTC,Withdrawal,0x3980801e0e16345198639eddd4b3caef9100b5370e6ec9aaf08855b5fa171304,0x855b4a60806946fab16afccc7dda054c8ba6cf92,0x512e07a093aaa20ba288392eadf03838c7a4e522,0.1,0.0001
0.1,2025-03-31 14:42:59.000 UTC,Withdrawal,0x51fdc6cf55af6598544db3cef441e405df9a24d17d7ca9e47a287828839aa786,0x855b4a60806946fab16afccc7dda054c8ba6cf92,0x3299be89e5180d15dc4a68f3cbc395044eba8946,0.1,0.0001
