amount_eth,depositor,time
0.04391,0xfe09cae0429099e45caf1e2a2ebca5a402b02de7,2026-06-19 03:37:11.000 UTC
0.5,0x50174919350fd2944439ba719488b78ec4be9357,2026-06-19 02:18:59.000 UTC
0.03,0x73cf1cd19a5682cb2ef81a81527e1e7e9b3ac376,2026-06-19 01:29:35.000 UTC
1.0,0xfc2d9450ee35fc00ccc290e785d9e24bbacf7d86,2026-06-18 21:19:59.000 UTC
0.265,0xf49d25b497d44cf8881b5d301114f35f71327ac8,2026-06-18 16:15:35.000 UTC
0.1,0x27c649f3ef76b74ff990eda6a14bc2bbd674546f,2026-06-18 14:49:35.000 UTC
0.01,0x27c649f3ef76b74ff990eda6a14bc2bbd674546f,2026-06-18 14:37:59.000 UTC
0.00995,0x034031e09e7679ba57d5a9335341357a7fb7abca,2026-06-18 13:23:23.000 UTC
0.42164,0x25b6faa00746559f8c7a09d77e44f18c093054cb,2026-06-18 13:15:23.000 UTC
0.3,0x25b6faa00746559f8c7a09d77e44f18c093054cb,2026-06-18 13:07:59.000 UTC
0.555,0x25b6faa00746559f8c7a09d77e44f18c093054cb,2026-06-18 12:47:47.000 UTC
0.01,0x70b652c9818fb4fadc46b513ed183f68c343163f,2026-06-18 12:42:23.000 UTC
1.0,0x25b6faa00746559f8c7a09d77e44f18c093054cb,2026-06-18 12:39:47.000 UTC
0.01385,0x36ae8495e33e386fae3f094b8f68a2ccf6642858,2026-06-18 12:34:47.000 UTC
0.1,0x029f1c62662cbbfe79ce55b285fee4e2db081a06,2026-06-18 12:33:47.000 UTC
0.2,0x25b6faa00746559f8c7a09d77e44f18c093054cb,2026-06-18 12:21:47.000 UTC
2.0,0x25b6faa00746559f8c7a09d77e44f18c093054cb,2026-06-18 12:16:11.000 UTC
0.05,0xc6f0e9eefcf3bf41ce33d8352d3aba578e4de4ce,2026-06-18 12:05:59.000 UTC
0.2,0xc6f0e9eefcf3bf41ce33d8352d3aba578e4de4ce,2026-06-18 12:05:11.000 UTC
0.1,0xc6f0e9eefcf3bf41ce33d8352d3aba578e4de4ce,2026-06-18 12:02:11.000 UTC
0.05,0xc6f0e9eefcf3bf41ce33d8352d3aba578e4de4ce,2026-06-18 10:37:35.000 UTC
0.33327,0xf56e893747e4b88090922b33262ef34008933904,2026-06-17 19:20:59.000 UTC
0.285,0xf0e3cd13e966b163da954ac83909db8d8fca1455,2026-06-17 16:59:11.000 UTC
0.04652,0x2caf9e690b9b33fd1ec6dfca52ad4eb628ee401b,2026-06-17 11:30:59.000 UTC
0.05802,0xa048efc0b698466307f6c67fd8917b8333c59159,2026-06-17 08:28:35.000 UTC
0.01,0x871a77cf5a43d99b4a77bdcfdca2ce8b20081892,2026-06-17 00:29:59.000 UTC
0.058571737653663934,0x189eb925aa7ebdc9ad216000fc49dfa52e010226,2026-06-16 21:24:11.000 UTC
0.059085185415120575,0xbebcf6e58929a100d85b8df076eb5384511083a5,2026-06-16 20:27:23.000 UTC
3.37,0xc46bc7d74ffaa62868f3f34ea701cc434afb1489,2026-06-16 20:12:11.000 UTC
0.059641432134957685,0xebd9d564a62dce3cc476b5e01a103ea9a083f96f,2026-06-16 19:27:11.000 UTC
0.060220386709733675,0x6b9cad3608b8a99dcd2333f01efe15b18f68a73c,2026-06-16 18:28:11.000 UTC
0.06093819095520393,0xe268e2125211ff4683e01dbfc43405ec6d212daa,2026-06-16 17:35:35.000 UTC
0.06157409062007602,0x9ab487134a90ee50a6b2ee5d20528c43a279db76,2026-06-16 16:47:11.000 UTC
0.062497668229144814,0x3f29e10c114d35e1b3906c299c3c7bbcfd1ccca3,2026-06-16 13:24:59.000 UTC
0.0995,0xddcd43a2906b210dd21b9c32260dc655eb3164ff,2026-06-16 12:53:23.000 UTC
0.01,0x8ec2ae9971e26847bdbac281abab7e53cdb06ebc,2026-06-16 12:49:47.000 UTC
0.06326372880779227,0xad56d5ebca2e61a334534d429a8fb922fc345848,2026-06-16 12:20:59.000 UTC
0.06392331457987523,0x5de835054d89122f0bdeb7afd23d71c12f8b27d3,2026-06-16 11:20:35.000 UTC
0.06451227195518415,0x67c8d1907a769d2027a7c8e4a588c4ea0fc69b27,2026-06-16 10:18:47.000 UTC
0.06511540814728127,0x09df98f6382ee68450cb944f3cb9ed70a6cf530b,2026-06-16 09:21:11.000 UTC
0.06583485084764093,0x6f62b29d3b4f31b7d9067337eab11b2a021aeb87,2026-06-16 08:19:47.000 UTC
0.06648422639726397,0xe9853ea466b0c3761323fb1604257e754f3c6392,2026-06-16 07:16:59.000 UTC
0.06711572302574886,0x331217a3a59c19c6cb6d7811d34c998f7335bfa2,2026-06-16 06:22:11.000 UTC
0.067737523281918,0x39b17e2c2a124118aac8a94d78629610901af2eb,2026-06-16 05:17:35.000 UTC
0.06845805312969466,0x30895b9ebde6788cf9dddafa15402e3f7cd931b6,2026-06-16 04:15:35.000 UTC
0.06911180671633183,0xc339865cd0688f814f72aef84451a88ba5bedad8,2026-06-16 03:18:35.000 UTC
0.0697134925193795,0x1f0ec26e4bf9fc1d2bb7a4c97fcc935879514346,2026-06-16 02:15:47.000 UTC
0.07035429698446136,0x5fce36f4edabb1066ec55ad66577c732a097f2b7,2026-06-16 01:16:11.000 UTC
0.01,0x039dca590bd9b21f2aac70ac16048f921b9811ba,2026-06-16 00:26:23.000 UTC
0.07093942184105441,0x606a902cfb4638ecc64b843c75838440d177d42b,2026-06-16 00:13:23.000 UTC
0.07154145721485193,0x10ebed3a273fa62c1e9fda1dfba154a04bcfd0d3,2026-06-15 23:16:35.000 UTC
0.07214280724305931,0xa76a1d10070eb87e7123c8b6368aefae6aa11c72,2026-06-15 22:15:47.000 UTC
0.07275901393847299,0xc14923b376612cd54d5039abdc7884c0a21aa8df,2026-06-15 21:16:59.000 UTC
0.01,0x74c1392a7d2b87d0042a10d236cd49c2619c111a,2026-06-15 20:16:11.000 UTC
0.07341218786274237,0x23ab887fa420408b82ce1510070d1cbc08b8968f,2026-06-15 20:15:11.000 UTC
0.0742184891242337,0x46323ba7cf0f3a8b685ab7c166c88de104474daa,2026-06-15 19:13:35.000 UTC
0.07495491020960905,0xfc0b35d1ff570ec0cc2878f273093d7454bc2a45,2026-06-15 18:40:47.000 UTC
0.07602320557099392,0x33dca1bb1cbc4eb5f13ae728b81bcdfd75be95f9,2026-06-15 17:47:59.000 UTC
0.07693763700063576,0xfe90e54eda858b701d1e308b155e65772afc233e,2026-06-15 12:03:35.000 UTC
0.07772977303975102,0xabf2a2e9c07f7265be551932b2ab7655fb8d9980,2026-06-15 11:04:47.000 UTC
0.07842028393798707,0xeb9828c1c412bdf4365ac6199931237ebbd12fa7,2026-06-15 10:09:11.000 UTC
0.07908610647592329,0x76e7f2e6b895e92af1423f666f90826051ab7182,2026-06-15 09:20:11.000 UTC
0.0797492523338695,0xcb874b1a6ff59845bf1ab92c3a5f37544293ac99,2026-06-15 07:59:35.000 UTC
0.08043307220462718,0xed0b620b60825737f83e0cb1bbcaba1a6e0ee115,2026-06-15 07:00:47.000 UTC
0.08108093514300468,0x581b3b3c40c6935e02f221acb0cd74c25b34ccf1,2026-06-15 06:00:47.000 UTC
0.08176062951811731,0x80d5062e26ee858636a85fbaa7489e2678b4fd4e,2026-06-15 04:56:23.000 UTC
0.08241968997290337,0xe586dc78a7f091416819ee4d99700b1f7e67dfcc,2026-06-15 03:54:23.000 UTC
0.08324597431687152,0xe1b3162f44f363d3449b3e40c6f8121c13215a55,2026-06-15 02:56:59.000 UTC
0.5,0xa78fce74e3c19159b7b1b8b331213825d6b46f5d,2026-06-15 02:45:11.000 UTC
0.08390074613830659,0x69521a2e6f7d4be2e8aed3232d1307a6c86a2ed8,2026-06-15 01:54:47.000 UTC
0.08459409662334794,0xcd1ab5f93d94073908741185f550ccaf86603d4a,2026-06-14 21:59:23.000 UTC
0.06446,0x9369a3a5591c6ea9b32992e28a2e47b7e3f9211d,2026-06-14 21:27:11.000 UTC
0.08545289879823248,0x127c2096fcf4c9f542d0f8088045c8d790f50177,2026-06-14 20:54:11.000 UTC
0.08617054942068861,0x9ef2ad76e94e1fe47a7b8a34b6f856bd8812e1a7,2026-06-14 19:53:47.000 UTC
0.08687927631072415,0x68b3f3e0831961dfd8721cc57a50a842ab27f6b4,2026-06-14 18:54:35.000 UTC
0.08761478357344625,0x21172d63ea06f2a5fe8ea0d9b68c985aecc6a21f,2026-06-14 17:51:35.000 UTC
0.08838528812812672,0x2758b1ac127818e7b11164c8979c3acf7a7d4f1a,2026-06-14 16:53:59.000 UTC
0.08919976854800275,0x4f7439cf90f2f089281fe8ddf9071ed97162efaf,2026-06-14 15:53:11.000 UTC
1.57921,0x2b11d299a221996d24ec0a10c72ba926e267f1da,2026-06-14 15:01:35.000 UTC
0.0900034106745656,0x666bc17229e834544d5505e6929dbbb630bdfe0d,2026-06-14 14:55:59.000 UTC
0.09082761193026867,0x968ff3834508954813243beb80b344c3100ea5a4,2026-06-14 14:37:47.000 UTC
0.01,0xce84286375fa501f8744bb5b4a974c149c3bb71b,2026-06-14 13:43:59.000 UTC
0.09168929734923356,0x2da389d6fd466305fa7bee8267e1dadcca6ef78c,2026-06-14 12:59:35.000 UTC
0.09249264120060939,0x3ede1273c9a92fb5c97a399efccdc81265551253,2026-06-14 10:51:23.000 UTC
0.09326790755283217,0x4b437185f08c0d66f03d512d1e1e22c44a8f9620,2026-06-14 09:49:47.000 UTC
0.09409277464554852,0x6c3d04c469d30a341e42b52d486524fa1c0706ec,2026-06-14 08:50:47.000 UTC
0.09490434107173133,0xab93f19c7ae953978788c8eeb73a7014ca76fa10,2026-06-14 08:29:47.000 UTC
0.09573175641517821,0xfe09e50573ca8e1847358b80f1d7efb42b4f7fc7,2026-06-14 05:47:11.000 UTC
1.0,0x055c55d68781127a25c5bc5c909790d3c0ba49b9,2026-06-14 05:00:11.000 UTC
0.09655758795920627,0x682a93b6c3beda9c456221815724f550bcb258f3,2026-06-14 04:48:11.000 UTC
0.0974214500473153,0xa3fdd4b209cae39dc3cfae12aaa9f21eb87590d2,2026-06-14 03:47:11.000 UTC
0.09825143466533648,0xbf67879466a4b52de7fe4442f4498ff3407c6855,2026-06-14 02:47:59.000 UTC
0.09912264656861189,0xcfed7d17202d89e9784bd57187150927fe46ed45,2026-06-14 01:46:23.000 UTC
0.09995867913575059,0xcb1ac8ca1510a03a49c6a0cd8aa354f41dc6b43a,2026-06-14 00:43:35.000 UTC
0.10083559599755912,0x1c615dfd2ded9446fc03009a691e81d874adf9eb,2026-06-13 23:43:59.000 UTC
0.10172631101242799,0x299c9279cffd3eda3fc0c127ed959a39b4ef492b,2026-06-13 22:45:35.000 UTC
0.10261560278393476,0xb77c9e9c1214d38f7fa4f136fca289c449da4fb6,2026-06-13 21:43:23.000 UTC
0.07813,0x9c3db9f2b1bdbc535b20f50e9f1b1a3bbcf7da45,2026-06-13 21:34:23.000 UTC
0.1034869448449203,0x61e37c8756f4eb665971b49d6473d5b616c04664,2026-06-13 20:40:23.000 UTC
0.10439012664172444,0xb97b8050c2e87959790eaf89b372cee12d5844b5,2026-06-13 19:45:23.000 UTC
0.10523621885374904,0x3faa17cf79717adb6f85a57a726c40853aea4b0e,2026-06-13 18:42:11.000 UTC
0.10611133143273951,0x81b583e9f34501b62454520541c88d4c640d8909,2026-06-13 17:42:35.000 UTC
0.10705848333328183,0x449dc257ecb6929b4b3a02e0f2e8bc9f64b236a4,2026-06-13 16:34:59.000 UTC
0.101,0x2d41e78eb5fca77f6325f0fb471350237cc96855,2026-06-13 15:59:35.000 UTC
0.16,0x335696a07a95decf842c3c88da0e48af375235ce,2026-06-13 09:07:47.000 UTC
0.08413,0x940a7490062b11c489b294706ad5b6523873e3d1,2026-06-12 22:55:47.000 UTC
0.10799494346256577,0x9b9a4c3febc12acd24f8866007a82182da45dbc4,2026-06-12 18:24:35.000 UTC
0.06475,0x1f0510ad7c3fd6597cd8df1e382b2cdcab0792f2,2026-06-12 17:30:11.000 UTC
0.12365,0x7892037b68230906406ceee66dcf754cbb6acb92,2026-06-12 09:13:35.000 UTC
0.01,0x96362479b573b885601a4aaf463934cc218ba735,2026-06-12 08:45:11.000 UTC
0.48345,0x78894d57a442959032306cdaf646a4ca6b6b915d,2026-06-11 22:28:23.000 UTC
2.7,0x5a57183b748ba614d900f224fa55c5a96b7f7971,2026-06-11 17:09:23.000 UTC
0.02739,0x9ee370d049e41352e00ae12014b1d9b1cd2c1933,2026-06-11 16:59:35.000 UTC
0.01,0x4062778726b8640a6e5346fff0d3f21ca2d441b8,2026-06-11 15:03:35.000 UTC
0.01,0x9f91a8ba78e0ed508a29b5ddd0cf4dea55d6f127,2026-06-11 11:45:23.000 UTC
0.015,0x70f96efde58b34ff2244eb587917ae970492636b,2026-06-11 11:20:59.000 UTC
0.099,0x437b66d62a344b74489c825478a95e87a5c8e807,2026-06-11 09:20:35.000 UTC
0.098,0x625523f13c3062aaafc932e2e064994f35a54a7e,2026-06-11 09:14:47.000 UTC
0.1,0xd64d25d6fdf27514071dc7f66a1a08b84ac4fe29,2026-06-11 09:07:35.000 UTC
0.098,0x1458ebba7e380db99f313fcb7012d71a83a5b618,2026-06-11 08:41:47.000 UTC
2.44918,0xea0c37c358abb148702c5991487fabd126b5f457,2026-06-11 08:38:35.000 UTC
0.099,0x7bf6f95dfa884e482c9b97840af94f1a72840df0,2026-06-11 08:25:59.000 UTC
0.10929537566527316,0x2086fd8908ddfdbaf7158b0a1547f63afd76f664,2026-06-11 00:56:11.000 UTC
0.11054273868933873,0x830b1f81ad8ac4e23eb6ddaf17bb841de8df4eb5,2026-06-10 23:39:59.000 UTC
0.00995,0x4b66d40f0089cca6f24c50c735580c5134c4ce87,2026-06-10 23:32:59.000 UTC
0.11149327499421893,0x8a011ef5f1b4c491cfb683f162c57d700514bce1,2026-06-10 22:38:59.000 UTC
0.11244256036159296,0x718240a4b5ef426f7a72249a73f1c5c854079c18,2026-06-10 21:43:47.000 UTC
0.11348928953553157,0x07cf9850ea9e26e0d5f42ce0af16d59842874aac,2026-06-10 20:40:23.000 UTC
0.11445995586931185,0xd65c62ad335ea36445e4f3992170a5a2ee8d296d,2026-06-10 19:35:47.000 UTC
0.11545973661484353,0x005162f0ac766d9a47a708f3300aa2b5d1088ab5,2026-06-10 18:41:47.000 UTC
1.5,0xe04885c3f1419c6e8495c33bdcf5f8387cd88846,2026-06-10 18:11:47.000 UTC
0.11661329397659856,0x88d55ce6e5efe9d60d744942600e84bc1030cd4d,2026-06-10 17:47:11.000 UTC
0.1176946442369682,0xe264b633e26715ea6d2359e3515b962054ed4404,2026-06-10 17:10:35.000 UTC
0.5,0xabe9b4ff7b32c9eb45b29a1f8065fd7d2cd4cfb6,2026-06-10 17:07:59.000 UTC
0.405,0xcd0b3ceb61b4eb0b673833860978d1de5934b90d,2026-06-10 15:20:35.000 UTC
0.11896634029322323,0x62d60da4639e6dd7f17c9347f4354d0f7943fae6,2026-06-10 12:43:59.000 UTC
0.12000852264777687,0x1716c358ec92e219f70af1f09e5cbec2134766ee,2026-06-10 11:35:47.000 UTC
0.1210254437597358,0x0d0b6e9da61fbe3129db414b0e03302cfd33561f,2026-06-10 10:36:35.000 UTC
0.12200429059693592,0xfaa0697b41abf35e6dc95712d59589dd09fdde53,2026-06-10 09:34:11.000 UTC
0.083,0xf6b67eb0ebc18733103b6a2f70b8bdb26d02be6d,2026-06-10 09:23:47.000 UTC
0.082,0x5888fb69e54d5d835c9c76181fbc4bdd14a10bc6,2026-06-10 08:52:23.000 UTC
0.12303089602247648,0x39fbb420f23d401378b636ae0bded97c6664a5dc,2026-06-10 08:33:23.000 UTC
0.12403765758015049,0x8bbc6578982488e87c5e14c9c36008fd4bf4697c,2026-06-10 07:32:35.000 UTC
0.1175,0xfb9185e0cb537ed87bed5f308c542135f07c0056,2026-06-10 07:10:11.000 UTC
0.12502487860572511,0x4f8302031e7360d4981fbf3976a9da6b59892325,2026-06-10 06:36:47.000 UTC
0.1261158162049216,0x44648c161e37cde30e0cc994e34bd1390d68a272,2026-06-10 05:46:47.000 UTC
0.12719843230461209,0x58ec6381849572fd67996f64fb2646dab2135455,2026-06-10 05:12:11.000 UTC
0.12816984728802444,0x0d4d785330f7fe09034e3ee126e85c9a0b62e15a,2026-06-10 04:07:47.000 UTC
0.129214822363933,0x5f9695d7c163b509c453b24fbf2117f9581cc84d,2026-06-10 03:10:47.000 UTC
0.13024179270525174,0xa540abda3f05ccf8ef78896c36cb81f0eb8f18f8,2026-06-10 02:07:47.000 UTC
0.13128280677984563,0xf06e3bf21fc065e69221a0cb60d32f5525de7f20,2026-06-10 01:10:23.000 UTC
0.17833,0x9a675d19243a752f286e45173785ea2e8fdce669,2026-06-10 00:35:11.000 UTC
0.13229918636913415,0xd4fcb9f8a1d506e872eb596c9ded24753008d021,2026-06-10 00:07:59.000 UTC
16.28802,0x9a675d19243a752f286e45173785ea2e8fdce669,2026-06-09 23:52:59.000 UTC
0.13334876465565423,0xba23364ddc5d136aeb01ec00d4bcffef8b4ca62d,2026-06-09 23:09:47.000 UTC
0.13440242074919564,0x088cba5132c7f86c8a75d09eabfec27fe4ec6925,2026-06-09 22:08:35.000 UTC
0.13553388575443462,0x4a2aa7bd95a0d352aa8327367cfcfac093e4163e,2026-06-09 21:04:59.000 UTC
0.1366044317110415,0x739c02a4f5227b4b5efa947daac4cf96e510c11d,2026-06-09 20:06:23.000 UTC
0.1377763113969696,0xb4d2e9faa1ef4fa598b1810fb992259418d88bde,2026-06-09 19:15:47.000 UTC
0.13899086561328597,0xb8e0ac9b110356eacdf356729822acf680477444,2026-06-09 18:16:23.000 UTC
1.825,0x8c0c9b3164aff16be9fa122f51dbfdb369400de3,2026-06-09 18:04:23.000 UTC
0.1403212901038238,0x954f154a57baaf5d5fd8be0b3901e2f6c40d1e11,2026-06-09 17:42:47.000 UTC
0.14909,0x36aaee3ab13c73a5856f970c8424219493f2b16e,2026-06-09 15:54:59.000 UTC
0.013,0x940a7490062b11c489b294706ad5b6523873e3d1,2026-06-09 15:02:59.000 UTC
0.17,0x940a7490062b11c489b294706ad5b6523873e3d1,2026-06-09 14:39:47.000 UTC
0.1,0x9761df2c3e485e33fa128e56a1c61717a69f4af3,2026-06-09 13:53:59.000 UTC
0.14156124635377057,0xffcfb41a00b138f277b8002325c8ec8891fac051,2026-06-09 12:05:59.000 UTC
0.1426609473055127,0x8497ee078b14ea3bf8028ab1a9871a297b49a8c3,2026-06-09 11:06:11.000 UTC
0.1437600767286144,0x09d6096903d9e328180411d341ab3eb6a3f445ce,2026-06-09 10:45:11.000 UTC
0.012228461215090709,0xffcfb41a00b138f277b8002325c8ec8891fac051,2026-06-09 09:04:35.000 UTC
0.012542750246745275,0x8497ee078b14ea3bf8028ab1a9871a297b49a8c3,2026-06-09 07:59:35.000 UTC
0.1,0xfb9185e0cb537ed87bed5f308c542135f07c0056,2026-06-09 07:08:47.000 UTC
0.012828443058240649,0x09d6096903d9e328180411d341ab3eb6a3f445ce,2026-06-09 06:52:47.000 UTC
0.01,0xb9ed955fc3a389229a1873f631669a40c345f5f4,2026-06-09 05:29:47.000 UTC
1.0,0xf94e5cdf41247e268d4847c30a0dc2893b33e85d,2026-06-09 03:13:11.000 UTC
0.01,0x0f368419bba97796749936e0d46a73f38d4ef10c,2026-06-09 02:05:35.000 UTC
0.1,0x93d62342451cf91d7a46aa8dc275155dc51e3278,2026-06-08 14:03:59.000 UTC
0.8,0x726f9fb03cf18d247decbd4e91f5657908c786b4,2026-06-08 04:32:47.000 UTC
1.0,0x79330aab8c32e616b4b9b177eeb72264c611118a,2026-06-08 01:05:59.000 UTC
0.010945,0x837aa0173b385e2348150c505232a838ac498b8e,2026-06-08 00:17:35.000 UTC
4.0,0xc899d17ef53485c99441fbc4212b6ab9edbba844,2026-06-07 22:28:35.000 UTC
5.0,0xc899d17ef53485c99441fbc4212b6ab9edbba844,2026-06-07 22:27:23.000 UTC
5.0,0xc899d17ef53485c99441fbc4212b6ab9edbba844,2026-06-07 22:25:59.000 UTC
0.01,0xcafdbb1d11efc07ac7fdcc19325cd5f2751eb8ac,2026-06-06 21:22:11.000 UTC
5.75,0x1c9ae149000615ca50da936388b73e40b19c03ad,2026-06-06 20:35:23.000 UTC
0.021,0x1a81c49d180e3daf02f7b3a2b9bb88ef7137a012,2026-06-06 18:26:11.000 UTC
0.265,0x99ceef10cfe837b425b99d8faea6ed48a1f853ed,2026-06-06 13:18:59.000 UTC
0.20042,0x4bb7e7a416acbd88841e2fa066de168b0179814a,2026-06-06 08:05:23.000 UTC
0.20127,0xb81eb725e20dc74b86301c03016cd5ed285d9ee0,2026-06-05 21:37:11.000 UTC
2.0,0x1cf2b8c64aed32bff2ae80e701681316d3212afd,2026-06-05 14:35:35.000 UTC
1.0,0xb565c050b12e991c4d4fb45be4348785bd39295e,2026-06-05 13:01:59.000 UTC
2.45468,0x2924b570498938bbfd9aef32244fbfd6af3399f6,2026-06-05 08:15:47.000 UTC
3.35289,0x1f193e4477abc490601bfa212ee63ace18b975eb,2026-06-05 07:33:35.000 UTC
0.00995,0x6d47e54d9ce2a5fe0dccb2df34937e667196f8d4,2026-06-04 22:41:35.000 UTC
3.303,0x1558b49d6736e00fdf22b07a52b8c68be5f210a1,2026-06-04 13:01:23.000 UTC
0.36036,0x4735de1df1c261839d1f64b42c811fdf11e0b18e,2026-06-04 09:35:23.000 UTC
0.01479,0x7f255513056235c0656c84050ef808fb5cb67cd9,2026-06-04 09:17:11.000 UTC
0.2,0x01ec8998c605aba604e73f1687d02db89d14739b,2026-06-03 17:09:23.000 UTC
100.0,0x2cddcbc4305ba08a97a0dde1ab9f07a6639f124e,2026-06-03 16:10:47.000 UTC
0.1,0x7b2e78d4dfaaba045a167a70da285e30e8fca196,2026-06-03 07:48:47.000 UTC
0.08,0x150c13dbf23528bad28c8d31e9784e8ec5ad561b,2026-06-03 06:47:47.000 UTC
2.349,0xfae6b21aa8f8389e8a54059d779c66c699eccc00,2026-06-02 19:16:47.000 UTC
0.022,0x62a7a236b7e6c7934a63077c73c70310d91d80f9,2026-06-02 11:40:23.000 UTC
0.017,0xa2d4500905ea383f40c474f80c4417493de639cf,2026-06-02 10:47:11.000 UTC
2.282,0x42237c62c7fecf035da15c98432c684c5f623d86,2026-06-02 09:05:47.000 UTC
0.042,0x34cfc00b218a851a8eadbb8f53a96bc17522dab2,2026-06-02 07:26:11.000 UTC
0.037,0x9216025e9a5fb248aa1df99a4ffe25d620594875,2026-06-02 07:00:47.000 UTC
0.015,0xf76421d3e1ef8264788f308ee413a627c5286fbd,2026-06-02 04:52:47.000 UTC
0.554,0xb32540983186a85721c01bd30e089604d71034ac,2026-06-01 14:40:11.000 UTC
0.5,0xa05ee11735d861afa66bf06004cb61f7370b1d2e,2026-06-01 08:57:35.000 UTC
0.0195,0xae7ad5c687ea2088f672ba30452abc8efbd67eae,2026-06-01 03:07:35.000 UTC
0.01,0x93fbf38a8be53283d863230f6de965f213a83ff4,2026-06-01 00:42:59.000 UTC
0.01,0x93fbf38a8be53283d863230f6de965f213a83ff4,2026-05-31 16:36:23.000 UTC
0.01537,0xf7d84bf8177da67d1cb04c040b80a72aac84abb0,2026-05-31 14:11:47.000 UTC
8.0,0x1c9ae149000615ca50da936388b73e40b19c03ad,2026-05-30 20:12:23.000 UTC
0.31029,0xb32540983186a85721c01bd30e089604d71034ac,2026-05-30 16:00:59.000 UTC
0.03,0xcd21447f891fa4b33155bafae4a971b6d3333c0d,2026-05-30 09:26:59.000 UTC
0.5,0xe76d4f0b98755b704053940cb035ce0a1ad36160,2026-05-29 21:25:35.000 UTC
0.01053,0x9b69d3de442323182c875e0c60386729d9b605bc,2026-05-29 18:17:47.000 UTC
0.02,0xbef8812d156ef101c103d06feaa842badde44a9d,2026-05-29 16:59:23.000 UTC
0.03,0x126eefa566abf5ac3efdaef52d79e962cffdb448,2026-05-29 13:26:59.000 UTC
9.95,0x016452a1139dfbe6f6be85de8e59147dca52cf43,2026-05-29 01:50:47.000 UTC
0.05,0xcd0108ec905b40502541484c2be877494359a3a1,2026-05-28 19:33:47.000 UTC
0.01234,0xf2b399064d07aa9542fdb9db3ad0931ef90473cc,2026-05-28 18:32:59.000 UTC
0.14,0x313d146f9222eb77cbddb81906798af4fac5737e,2026-05-28 15:52:47.000 UTC
0.01,0x29935ea40d1ff667816fa243c4913f54d01c092f,2026-05-28 15:36:47.000 UTC
0.04,0x7f457946582943595ee3fc48cde47c50c451bfff,2026-05-28 10:26:23.000 UTC
0.185,0x9060ff5e17aadd205d45891cfafec9cb83feae62,2026-05-28 09:51:59.000 UTC
0.01,0x9060ff5e17aadd205d45891cfafec9cb83feae62,2026-05-28 08:54:59.000 UTC
0.01721,0xfaa0c1a1c39d58a724160427fbb39608fe63233a,2026-05-27 10:34:35.000 UTC
0.01445,0x92a451882dab251d2ed6298b153065f8ad32433d,2026-05-27 07:55:11.000 UTC
0.53436,0xb28193b29a27308ed25cd5ee967eb700435f1088,2026-05-27 07:16:47.000 UTC
2.25496,0xbb9e6b5e0730f20d1cae914daaa0ba91e43fe2f8,2026-05-27 03:04:11.000 UTC
2.0,0xbb9e6b5e0730f20d1cae914daaa0ba91e43fe2f8,2026-05-27 02:59:23.000 UTC
1.98,0xe69a634a27a0cb65e755a1bc031eab8c582b338f,2026-05-26 22:21:11.000 UTC
10.2,0xa3dce08c0d4723a42d44c5926c7efafbe4479118,2026-05-26 21:39:47.000 UTC
0.101,0x21235cb051cc004d2fb3901fdfacfd406d833cf0,2026-05-26 19:27:59.000 UTC
10.0,0xba9b359c89bb8b8985b7bedba7ff143abbd2dadd,2026-05-26 16:50:59.000 UTC
0.10695,0x21235cb051cc004d2fb3901fdfacfd406d833cf0,2026-05-26 01:32:11.000 UTC
0.468,0x8fc1b5634f89b2fc50880a70e7e8e054f9496d2f,2026-05-25 18:31:35.000 UTC
0.03697,0xa2c41535b6c77e9a0a8012637ec79b21a93a70a6,2026-05-25 17:17:47.000 UTC
0.0461,0x7cea076162dd284747fd04fb5fdfe3e69832d024,2026-05-25 16:01:23.000 UTC
4.17,0x7cea076162dd284747fd04fb5fdfe3e69832d024,2026-05-25 15:57:11.000 UTC
0.62333,0x772318aac576f599e7b989520b017a8124d4b4b9,2026-05-25 07:26:23.000 UTC
0.35,0xea869669210a69b035b382e0f2a498b87dc6a45c,2026-05-25 03:46:23.000 UTC
1.0,0x8d098d7a59c234fe66175cb2994f1eef3456cb1b,2026-05-24 17:38:47.000 UTC
5.0,0x4cbc16e83d42c9550d32a789687c178c9cf4c1e2,2026-05-24 12:55:23.000 UTC
1.887,0x1ca8c4f3c77495da7e197c5b14154c19b8beee5f,2026-05-23 23:41:11.000 UTC
0.02804,0x87a5769ee0f51575b47ec07362b94e13868c25ba,2026-05-23 12:59:35.000 UTC
3.01784,0xdcf1a0b0c03b4df58e052133662a3b74cb9d47e1,2026-05-23 09:34:11.000 UTC
0.55235,0x92a451882dab251d2ed6298b153065f8ad32433d,2026-05-22 23:53:35.000 UTC
0.181,0x69aa4b1c616c9f2a08d57bc8809a199d07c978c0,2026-05-22 19:13:23.000 UTC
0.01,0x62a7a236b7e6c7934a63077c73c70310d91d80f9,2026-05-22 18:56:35.000 UTC
4.5,0x2d41e78eb5fca77f6325f0fb471350237cc96855,2026-05-22 18:07:35.000 UTC
0.02728,0x7e1314d619dd690d47584f60a9fa619a148b88a6,2026-05-22 13:06:47.000 UTC
0.5,0x20ac49a77978e58654accf2fdbacd11cefafe3b8,2026-05-22 10:38:23.000 UTC
13.0,0xba9b359c89bb8b8985b7bedba7ff143abbd2dadd,2026-05-22 09:58:23.000 UTC
0.2,0x322e128453efd91a4c131761d9d535ff6e0ccd90,2026-05-22 07:46:11.000 UTC
0.01,0xaf0753280b83cc691169614e39544dcc57216a41,2026-05-21 21:07:23.000 UTC
0.042,0xc88bfccf6f2eb6353590b4a0c2b72090b430986d,2026-05-21 20:12:59.000 UTC
10.0,0xba9b359c89bb8b8985b7bedba7ff143abbd2dadd,2026-05-21 19:49:59.000 UTC
0.06804,0x75beff45c9093dc1f0692eabac022e2e60a8ddcc,2026-05-21 14:55:11.000 UTC
0.994,0x1e82ec431735b6fba229d26ac427df7443ff78c0,2026-05-21 08:25:59.000 UTC
0.01,0xf7d4041e751e0b4f6ea72eb82f2b200d278704a4,2026-05-21 07:39:23.000 UTC
0.05535,0xab968fb9c837de8e76639c645201cce4591e1186,2026-05-20 10:32:11.000 UTC
0.5,0xeab8b1547818c37fdcf825bd7a5c3e384b2afd31,2026-05-20 09:51:23.000 UTC
0.03371,0x5701a8f44906e4b515f5cfc0e09ea0d910f4fbd4,2026-05-20 02:58:11.000 UTC
1.0,0x92a451882dab251d2ed6298b153065f8ad32433d,2026-05-19 23:26:35.000 UTC
0.1,0x91af83c06340da04ea53c5cf917fa843ed094ec5,2026-05-19 23:06:23.000 UTC
0.01234,0x4668988ed1d9226cbae65c4c7c8c268c2ead2aca,2026-05-19 22:54:11.000 UTC
0.01962,0xafbc93ccb2b0edf4d6bbe4a604c31806f216839f,2026-05-19 17:17:11.000 UTC
1.39171,0x70380e4edd5834399681f953c4bb2fb6b6fb1391,2026-05-19 15:26:23.000 UTC
10.0,0x5db5286cec9a28d76feb4ee22e0722e6a6912b22,2026-05-19 14:26:23.000 UTC
0.01,0xde6f889d24471f618bc371d68232fb99f3ce4d2a,2026-05-19 08:47:59.000 UTC
0.053141840405245055,0xc53628263e78e42edd621959151e20dde2077a3a,2026-05-19 08:37:23.000 UTC
0.02273,0x82617c5ead9f3f1a89c4b4069bc3e8d442a7fb57,2026-05-18 13:42:47.000 UTC
4.7623,0x4b92ff7faa400266241075e4ee2b146e3fbe6664,2026-05-18 13:40:47.000 UTC
1.251,0x84fc011c5d865eef0ca48a08da9d5ff0e33c82c4,2026-05-18 10:10:11.000 UTC
0.01701,0x82617c5ead9f3f1a89c4b4069bc3e8d442a7fb57,2026-05-18 10:02:23.000 UTC
0.05,0xe70f3bfe1ca6e3b277370df3b2e39bac393b2224,2026-05-18 07:20:59.000 UTC
0.935,0x1e82ec431735b6fba229d26ac427df7443ff78c0,2026-05-17 23:03:59.000 UTC
0.07145,0x0b5efa9f66372d1f3873a20b6c5a168893f05fee,2026-05-17 15:53:35.000 UTC
0.1,0xe0c0a750dd14b2755f27bf74cdff9b17d74aa5f3,2026-05-17 13:14:47.000 UTC
1.0,0x24377319a876e7fa143a0cb3c95d68308e12849e,2026-05-17 08:39:59.000 UTC
1.0,0xba9b359c89bb8b8985b7bedba7ff143abbd2dadd,2026-05-17 07:53:47.000 UTC
1.0,0x6ceaeb43bcc326033d86ae33f991c03467679ce4,2026-05-17 00:02:59.000 UTC
1.0,0x24377319a876e7fa143a0cb3c95d68308e12849e,2026-05-16 16:25:47.000 UTC
2.69089,0x810e2501778eb8bcd553753a57864f32cb328474,2026-05-16 11:16:11.000 UTC
0.01,0xa3c04e03aa5fb368d66c60d985b97e074cc4e686,2026-05-16 11:12:47.000 UTC
0.037595818118167666,0x7ea423eaf67b2fa4d755340ab3951f709f0e4088,2026-05-16 08:54:59.000 UTC
0.01507,0x14e59f91c2a757fe636af2a451a5647f6af40775,2026-05-16 06:15:23.000 UTC
0.01,0x8b34af48e6d9decf8d3360888e2633b48d964cb8,2026-05-16 04:25:47.000 UTC
0.016223269517879554,0x4a77bbf59a9ffa7ab370985667311e879425aecc,2026-05-15 21:21:23.000 UTC
0.010973781930961334,0x38fe097a85d880ebb752fb07d895b11aa5715ac1,2026-05-15 21:20:11.000 UTC
0.01,0xaf985996948c24d690cff39282d43e295f52820d,2026-05-15 14:29:23.000 UTC
0.3043509089545346,0xac376e51dde5eb61f457f2762101006718c86887,2026-05-15 12:49:59.000 UTC
0.281,0xad3abcc0f8c241e520f4ecd496a3bc792e96e1a5,2026-05-15 11:59:11.000 UTC
0.01,0xad3abcc0f8c241e520f4ecd496a3bc792e96e1a5,2026-05-15 11:13:23.000 UTC
9.933,0xc88bfccf6f2eb6353590b4a0c2b72090b430986d,2026-05-15 07:19:23.000 UTC
50.0,0xab5801a7d398351b8be11c439e05c5b3259aec9b,2026-05-15 06:27:35.000 UTC
0.01,0xc88bfccf6f2eb6353590b4a0c2b72090b430986d,2026-05-14 23:29:35.000 UTC
0.08522326966580716,0x2a2334216b7b76df267617e52604cc17a5bb7d73,2026-05-14 21:40:47.000 UTC
1.378,0x920c02568c6e63198c6abb8f8a6506597d8d0eb7,2026-05-14 17:26:59.000 UTC
0.1,0x8251a50ef7ccd7c5c216d8ca67276f24332d8573,2026-05-14 15:57:35.000 UTC
0.025,0xef878c3d52d5372df671c0e3126def8fe69f4bf1,2026-05-14 09:41:11.000 UTC
0.26,0xef878c3d52d5372df671c0e3126def8fe69f4bf1,2026-05-14 09:36:47.000 UTC
0.01,0xc88bdb7d26c49d6860891ea5b584cad55986978f,2026-05-14 07:29:59.000 UTC
0.01,0x438615976c27b2b44f57ced3ac73b5ac113b8730,2026-05-14 07:15:11.000 UTC
0.01,0x01a5b80d449fcbc0d99c9feaf07c72bf59a81bb2,2026-05-13 22:08:11.000 UTC
0.05,0xf7d84bf8177da67d1cb04c040b80a72aac84abb0,2026-05-13 21:43:11.000 UTC
0.058,0x7c92619e6f313a329702b323cc6c729ea2dd18ab,2026-05-13 20:22:47.000 UTC
1.484,0x1a02af50f11fa5fa5e2ece35469e7467b6d4d7b4,2026-05-13 17:47:47.000 UTC
0.743,0x02d49697139f40bdf3950cdae931b150e0fc05f0,2026-05-13 15:00:59.000 UTC
0.9962,0x02d49697139f40bdf3950cdae931b150e0fc05f0,2026-05-13 10:22:59.000 UTC
1.698,0x1a02af50f11fa5fa5e2ece35469e7467b6d4d7b4,2026-05-13 09:54:11.000 UTC
0.40201832696274675,0x69c9fc84415ca15822e533847b5d60518709085c,2026-05-13 08:47:47.000 UTC
1.3,0x920c02568c6e63198c6abb8f8a6506597d8d0eb7,2026-05-13 07:59:35.000 UTC
0.9835,0x920c02568c6e63198c6abb8f8a6506597d8d0eb7,2026-05-13 07:09:59.000 UTC
0.8963,0x53bc793bb9afde6c9ccedcf33018f1611507b7b3,2026-05-13 02:06:47.000 UTC
0.37,0x1e82ec431735b6fba229d26ac427df7443ff78c0,2026-05-13 00:51:11.000 UTC
0.9653,0x1a02af50f11fa5fa5e2ece35469e7467b6d4d7b4,2026-05-12 15:21:47.000 UTC
0.01,0x8e7c83d8a6577bbfa48493c94e7784b5b164caf0,2026-05-12 10:03:59.000 UTC
0.01,0x1e82ec431735b6fba229d26ac427df7443ff78c0,2026-05-12 03:32:35.000 UTC
0.01,0x14690c80f670353f5c041b6cfdbfe6fb8aa2ccad,2026-05-12 02:42:47.000 UTC
0.1,0x14690c80f670353f5c041b6cfdbfe6fb8aa2ccad,2026-05-12 02:41:59.000 UTC
0.01,0x87efe13f5835865a03a10bf365a8c499ce4da3d7,2026-05-12 02:37:47.000 UTC
0.05,0xfc4b2a62a06cb2e1c6a743e9ae327bb16977e4c1,2026-05-12 00:30:47.000 UTC
8.15677,0xae4d03c653ca3cb60331e6c222ee3f37a5684458,2026-05-11 21:33:47.000 UTC
0.05,0xf7d84bf8177da67d1cb04c040b80a72aac84abb0,2026-05-11 21:31:11.000 UTC
0.02701324619892008,0xed1e1c44f2ff7f411152e2f74717b60127c5e313,2026-05-11 11:58:59.000 UTC
1.0,0x016452a1139dfbe6f6be85de8e59147dca52cf43,2026-05-10 21:09:35.000 UTC
0.5,0x642c9beb46de344c1ecdedf296e0a82fc581a728,2026-05-10 20:42:11.000 UTC
1.0,0x2c846cb9073cdae13833eb6e987794e9cb5063ab,2026-05-10 18:30:35.000 UTC
0.02,0xeb74bd3d13261c79a85a0b1381f962beff8677f5,2026-05-10 14:48:35.000 UTC
0.015,0x61e1d48f6569e03fe203d15e92ec20bdca73a7f5,2026-05-10 12:52:11.000 UTC
1.0,0x810e2501778eb8bcd553753a57864f32cb328474,2026-05-10 11:36:47.000 UTC
0.2,0x36bafdb7052c17e08f269b27c7a3e8b90386d74e,2026-05-09 18:58:23.000 UTC
0.088,0xdb7ec159ca69ae19647e8db5fd5809a6bac17d4b,2026-05-09 18:15:23.000 UTC
1.0,0xf69696da236cff4a67c4b03fdbf82e592725ff09,2026-05-09 15:49:47.000 UTC
0.36456304611012763,0x86cba6f2749a58738e5f177a3c9ce594aa0874f5,2026-05-09 07:07:23.000 UTC
9.9,0x300f5c34a2b197b24131173ca7c677c1662f04f9,2026-05-08 21:32:35.000 UTC
0.01,0x559f4470570c1fc9e0e50dc8f25c1d43a78e65a3,2026-05-08 21:30:11.000 UTC
3.0,0x87f19ee730aae93ac8654fe1543aabbe47b515d9,2026-05-08 16:30:11.000 UTC
1.5,0xe04885c3f1419c6e8495c33bdcf5f8387cd88846,2026-05-08 12:53:59.000 UTC
0.1,0x2908d78a4aa610d759863f4f8315fa45d8c2ac38,2026-05-08 05:39:11.000 UTC
0.32547,0x6e6031664a1d3d7f5d3ca8b8af5ea5844ba9ad60,2026-05-08 05:37:47.000 UTC
0.01,0xac52f6a5bc82338f338b041fcb7c936d5380aae7,2026-05-08 00:49:11.000 UTC
0.4975,0xf4f7f1bd0905efe61382de895ec3c1ed321b995b,2026-05-07 15:58:47.000 UTC
0.01,0xaed258dd5279b6ce2919abaf27bddfbc4b7a59bd,2026-05-07 14:50:11.000 UTC
0.01,0x1c1eee38fafcd3ad45acc24713a6986db7067e61,2026-05-07 11:07:59.000 UTC
0.5,0x999b19896825ed756bdaff88eb6f3343e5009d94,2026-05-07 02:36:59.000 UTC
0.1,0xf29bf2c1e37e489ff8bc46314466aa75aed04ad2,2026-05-06 21:58:35.000 UTC
2.75,0x5a57183b748ba614d900f224fa55c5a96b7f7971,2026-05-06 21:17:59.000 UTC
0.04166,0x3a3565a98de133190f7aacb06d6c684c61562b18,2026-05-06 19:03:23.000 UTC
0.1,0x51c78f231e370cede067947d850c0c94ce5c9a2b,2026-05-06 15:55:47.000 UTC
0.43,0xc3ab4f4451d65299540242bb8ab3c2c65154b3f6,2026-05-05 17:36:35.000 UTC
0.01,0x6216dc3a208650866599f39b021614e5779da96f,2026-05-05 13:42:47.000 UTC
0.013,0xfead4a41bf3654b1531b705001cbe94d2078ee1d,2026-05-05 13:08:47.000 UTC
2.22,0x9fb0873a5392d4fe376f18c67f5199676ea9a81a,2026-05-04 20:33:11.000 UTC
0.5,0xb9d800cf1e46eeb00cd1c15a887a2c2e049c30eb,2026-05-04 19:47:35.000 UTC
0.03777,0xa0df0e58e5a0d7c61d3ef0a140cce006cd1b12e6,2026-05-04 19:29:35.000 UTC
3.473,0xa0df0e58e5a0d7c61d3ef0a140cce006cd1b12e6,2026-05-04 19:28:23.000 UTC
0.01,0x1b444476659be63a7912fe1b1b0cb6075d1426aa,2026-05-04 13:39:59.000 UTC
0.01,0x1b444476659be63a7912fe1b1b0cb6075d1426aa,2026-05-04 07:37:47.000 UTC
4.194696844602712,0x1bbebe590be080a6b32d853167679480e7a973d1,2026-05-04 07:20:11.000 UTC
1.0,0x14690c80f670353f5c041b6cfdbfe6fb8aa2ccad,2026-05-04 03:29:23.000 UTC
0.01,0xc83081cce55157bab220bcbebec51661c8053546,2026-05-04 03:22:47.000 UTC
0.0871,0xc07d58cbb4b96deb79edb2c37c46127233697a94,2026-05-04 03:06:59.000 UTC
0.398,0x4effd990230ae0826d27141ee1caf9a199f33559,2026-05-04 00:47:59.000 UTC
0.03175,0xe476ef097ed0dfb6d96a31052eb219a4ce1cad1f,2026-05-03 21:26:47.000 UTC
0.01,0xc48b1d6ef9ac4e6d46445aebdbeb556cfef1ee99,2026-05-03 19:56:23.000 UTC
0.0165,0x860c12329c89c9131b2dc90b20769f5388b24b1d,2026-05-03 17:51:23.000 UTC
0.106,0x028c018a43758e410442208d0e646ce30bf8dee6,2026-05-03 08:49:23.000 UTC
0.01,0xf06bea76361c200c8200117bd1c0f836fc4a0e70,2026-05-02 23:17:35.000 UTC
0.13,0x44fb69fac1ba1b6416f5e3699c18be4be18392f7,2026-05-02 23:10:47.000 UTC
0.456,0x9da4cde5f6c4468cff8e0bbb7875ee20e856c9d1,2026-05-02 10:37:47.000 UTC
0.03960933912168169,0x2143098d9dc36e212d90e7b402f121d9fe83a3b3,2026-05-02 08:23:35.000 UTC
0.02291623340582744,0x002e69d2be3be4339db5701d0c317f2ad86243cc,2026-05-02 01:57:47.000 UTC
0.01,0x6ba3c8b1565069d78ad8ee351c8a67286514ca36,2026-05-01 21:00:35.000 UTC
5.7,0xf584fa2fca469641b30484d5c28b38af7b1b787d,2026-05-01 17:45:11.000 UTC
0.035,0x61e1d48f6569e03fe203d15e92ec20bdca73a7f5,2026-05-01 15:13:23.000 UTC
0.01,0x6bec2249d4e72363f509de721c2b43f8f86c67b4,2026-05-01 08:47:47.000 UTC
0.2,0x63d0181f7416034e5b373ad0a74722bc0ab02176,2026-04-30 13:47:23.000 UTC
2.0,0xa3dce08c0d4723a42d44c5926c7efafbe4479118,2026-04-30 07:16:11.000 UTC
0.01001203917553202,0x1805a487036ac67e6a23b1f7cc44d60cce82a91c,2026-04-29 23:35:59.000 UTC
0.02,0x1821bd18cbdd267ce4e389f893ddfe7beb333ab6,2026-04-29 13:32:59.000 UTC
0.01532,0x97830f7e38fb5b55fc7891a6a68ffc8b3b628a1d,2026-04-29 10:41:23.000 UTC
0.1,0xf3bed1f7d1b8ae9a4bdd0e0c77b34d3143c04d94,2026-04-28 22:23:23.000 UTC
1.8,0xda11338bb67912bd819359488263a4793faf4320,2026-04-28 11:55:47.000 UTC
0.05,0x5b9950c198aa3e2ef0a8d0c1c640b6b13c3ef216,2026-04-28 08:27:59.000 UTC
0.01,0x03587c946ecfa8de4f9d1c14700a3d88b7e017aa,2026-04-27 19:08:23.000 UTC
0.1,0x2dd7075d0f2cd87d8f0de1fc48d77ac0efd28950,2026-04-27 05:20:47.000 UTC
1.0,0xba32a5a5082a7a411a55d3ea2f7740e35923cf0a,2026-04-27 01:44:11.000 UTC
2.0,0xda238218e8180df6083b7fd511f23c05c2b1d609,2026-04-26 23:37:23.000 UTC
0.01,0x37efb02280e73719c70059df2437d33512a60467,2026-04-26 20:59:11.000 UTC
5.0,0xf49559a962d46b02b49a70320cbbdf2cc7ba40a7,2026-04-26 17:23:59.000 UTC
0.01,0x87012806ba38c9754d4849a8511aeb41ba4db6d9,2026-04-26 16:51:23.000 UTC
0.0776,0x940a7490062b11c489b294706ad5b6523873e3d1,2026-04-26 12:13:23.000 UTC
0.9,0x1c0eaa81c38a15379c2ddf33ecddde6c6be1872b,2026-04-26 11:29:11.000 UTC
1.0,0x14690c80f670353f5c041b6cfdbfe6fb8aa2ccad,2026-04-26 03:58:23.000 UTC
1.5,0x30a4ebe6af35241a4f08c96167b259af017395a9,2026-04-25 02:11:47.000 UTC
0.018,0xcf99569890771d869bfc28c776d07f59b0636d72,2026-04-24 22:53:59.000 UTC
0.01,0x7e64b83208aee1be5cd8e20df3aad2040e7418c6,2026-04-24 16:52:35.000 UTC
0.02,0x78d410514b72f4c5cfa4a909c84097f10be5ec39,2026-04-24 06:39:35.000 UTC
0.01,0x3e2c7285fa2f1b39967b803d41619de3ef9d67bd,2026-04-23 19:14:35.000 UTC
0.01,0x184e7acad06031a2d362c144650e09e35b0b7cff,2026-04-23 17:42:59.000 UTC
0.7,0xc8d5e99b361deec9cf26af0954c365ef65ab7069,2026-04-23 07:04:59.000 UTC
0.0342945,0x2fddc15a3dfba8e94a161ded1e96a65ea8797648,2026-04-23 02:27:59.000 UTC
0.05,0x7706228a2a1b9c2c54c923fc1c67ccf2f4e77bbc,2026-04-22 16:34:35.000 UTC
0.01263,0xceee10b100e1c9e9fb0c8be0475bb505ef16c08a,2026-04-22 11:50:23.000 UTC
0.01,0x690f947a7f09ac21ea73236621b5a36e2dd70901,2026-04-22 09:05:23.000 UTC
0.07031,0x7ac7abf5a9bd384f4aabc6b0db8d4639cb9e6f6d,2026-04-21 20:24:35.000 UTC
0.05,0xceee10b100e1c9e9fb0c8be0475bb505ef16c08a,2026-04-21 11:04:23.000 UTC
0.246,0x77cdfc29c5fd43e1263b2d887eec6dc5e86dfc9a,2026-04-21 09:57:11.000 UTC
0.5,0xc8d5e99b361deec9cf26af0954c365ef65ab7069,2026-04-21 02:50:11.000 UTC
1.155,0xcafe879f8a164b508db934622dfa2fd3ca71fdd2,2026-04-20 22:22:59.000 UTC
0.044856283506441726,0x09850fe2bf538a0b5ecfe70eae290286304f7fc5,2026-04-20 08:51:11.000 UTC
0.2,0x3787f675bd06effabef1303e2fd7d26088ba07c4,2026-04-19 22:35:23.000 UTC
0.01,0x4a6f3c2858e71faa530f7902cb1732344d443600,2026-04-19 19:16:59.000 UTC
0.01484,0xdf7901c6cf836e0dc87547b51e541c5556a4738d,2026-04-18 13:27:47.000 UTC
0.14,0xfb7c1d49e006eaddff2385c7ef8b0c5cf49d038a,2026-04-18 07:38:23.000 UTC
3.838,0x28cf37962ff401452672f265ec10b820ad435f05,2026-04-18 03:29:35.000 UTC
0.015,0x214f00044188d3c6f9a501aa7b4fc7f2c3c6782b,2026-04-17 18:34:59.000 UTC
0.1,0x940a7490062b11c489b294706ad5b6523873e3d1,2026-04-17 14:25:35.000 UTC
0.4673,0x2e3bd4e33281ec73b88233ab5f8b0e52a8d6f913,2026-04-17 13:47:11.000 UTC
0.0285,0x4e1579198621642ee558309e3544fe00bc4a15ee,2026-04-17 13:46:23.000 UTC
0.08564,0xa5e6b86b278ae2511518e0837047ae9595777434,2026-04-17 13:44:11.000 UTC
0.01,0x30d83ca6fec1fab4cfe64e7229a6b01b40e9e900,2026-04-16 21:20:11.000 UTC
0.289,0xcafe00ad6c7961deda1658a587c159063067a9a6,2026-04-16 21:17:23.000 UTC
0.535,0xcafe00ad6c7961deda1658a587c159063067a9a6,2026-04-16 20:53:47.000 UTC
0.013800012593300484,0x436e53290d25bf57f09ba2c989640a1925bbc42b,2026-04-16 20:34:35.000 UTC
0.031961,0x603b06f16e2f027170f73ae09ba73881ece8ea9f,2026-04-16 20:30:47.000 UTC
0.01,0xcafe00ad6c7961deda1658a587c159063067a9a6,2026-04-16 12:04:47.000 UTC
0.01,0xcafe00ad6c7961deda1658a587c159063067a9a6,2026-04-16 12:00:47.000 UTC
2.91502,0xa4055e8dfbfa1d2d4f1a5fcf14a00f6b26e861aa,2026-04-16 11:12:23.000 UTC
0.3,0x507ff837bb672f2761898a49887dec4ad6ae81d0,2026-04-16 11:11:23.000 UTC
0.1,0x507ff837bb672f2761898a49887dec4ad6ae81d0,2026-04-16 10:02:47.000 UTC
0.25,0x77cdfc29c5fd43e1263b2d887eec6dc5e86dfc9a,2026-04-16 09:07:35.000 UTC
0.15789,0xcafe00ad6c7961deda1658a587c159063067a9a6,2026-04-16 06:11:47.000 UTC
2.5035,0x034265d7289c4a0bca704d1b75d2f829fca852e7,2026-04-16 05:33:11.000 UTC
0.01,0xcafe00ad6c7961deda1658a587c159063067a9a6,2026-04-15 23:14:47.000 UTC
0.1,0x0be43be06b804b6300d572751f959b48a9782237,2026-04-15 08:24:11.000 UTC
10.0,0x96a97edd3b73db83f75540cc2cc9f7d9f711c388,2026-04-15 07:17:47.000 UTC
3.5,0x0eb9a7ff5cbf719251989caf1599c1270eafb531,2026-04-14 21:24:11.000 UTC
0.025,0x0b4ead9adb79457816d446deb57d7a22f88c644c,2026-04-14 17:26:11.000 UTC
0.172,0x49be8a0773824e2917f4baccebbdf298e7cf27bd,2026-04-14 17:21:59.000 UTC
0.19,0x8437e936eaa398b408ecb087caab2f0c27e7c2f1,2026-04-14 17:04:47.000 UTC
1.0,0xb565c050b12e991c4d4fb45be4348785bd39295e,2026-04-14 03:28:47.000 UTC
0.00995,0xa5c8fa4cc327de14da1235280c3ca4d6ab2505b4,2026-04-13 16:34:47.000 UTC
0.01,0x1312fab9b33ee37aa9ea3dbaef3470824d795a92,2026-04-13 14:08:47.000 UTC
0.02,0x0b4ead9adb79457816d446deb57d7a22f88c644c,2026-04-13 10:40:23.000 UTC
0.01,0xb5a7ffcf95a4b505614780630bd03f87123dbfcc,2026-04-13 09:45:23.000 UTC
0.01427209831423382,0x1fa375341fe8b74a2eb116516b550ba21b689819,2026-04-13 02:31:59.000 UTC
0.18391,0xea8480be7ceb0cd7014ec043c84cf48b344861f2,2026-04-12 21:46:59.000 UTC
4.0,0xe39b916a35d28d27741b46e1b49614ac6e966d33,2026-04-12 20:30:23.000 UTC
0.9,0x5a57183b748ba614d900f224fa55c5a96b7f7971,2026-04-12 15:34:35.000 UTC
0.01,0xc33dd21ff995cd9c6bd4349d344b1e8c48157406,2026-04-12 02:41:59.000 UTC
0.01,0x2818b70d474a12938a5cb5dac5fb9fdbafb81ba0,2026-04-12 02:38:47.000 UTC
0.01,0x917d98610266d5022d7a14d21df733281ced6008,2026-04-12 01:42:59.000 UTC
0.01,0x5994670ea5c6a71912e34f0a93efc3d5af8707ee,2026-04-12 00:50:35.000 UTC
0.05513075,0x1b3fd74d1c4d7c22cddd3e035a0cc29d1c1d6514,2026-04-12 00:19:35.000 UTC
0.05,0xf60f39983e2503b1707033123b9f420e2e9e8ee8,2026-04-11 18:53:11.000 UTC
0.01888,0x052a3c21baa95f664397367856ff90d7296c8dc9,2026-04-11 16:36:23.000 UTC
0.05053186310044824,0x9783d207e3cbc58998fbb17f40e43205d6319b24,2026-04-11 12:26:35.000 UTC
0.039,0xdec0de729092bff045e093083f76063fe7f76aa0,2026-04-11 10:36:11.000 UTC
1.0,0x78cea58038a374b8a985737a9b666756e424916c,2026-04-11 04:02:23.000 UTC
0.01,0xce7775b5a331af6e6d6ee49f4077da13bc09226d,2026-04-10 20:44:35.000 UTC
0.02607,0x5083efc06573835c8459af6ab91b434f8d1858fa,2026-04-10 15:57:47.000 UTC
0.010556677519630372,0x1afc904a652c15187ed3e38e1377e3587f6c6b4f,2026-04-10 15:47:47.000 UTC
0.01745,0xeb8663ecc9126aae55d39c15359b14e5e998be32,2026-04-10 15:38:59.000 UTC
0.014691489013034109,0x7185fb733198ec9739f3b6235af17b3d3030aa3e,2026-04-10 14:00:47.000 UTC
31.48701,0xaab7036a313d188f4b0d130b8087f448e03e218c,2026-04-10 06:44:11.000 UTC
0.01,0x6ee67cc3368410f1d2aae7097d333b044ebdda7c,2026-04-09 22:03:35.000 UTC
0.01,0x8db8a6f6b3f2f585d2956361ef338261a63ebba3,2026-04-09 21:25:23.000 UTC
0.0426985,0x8a58443fd1d652a1941aad07e786000c1af4ef09,2026-04-09 20:43:59.000 UTC
0.1,0xe9e7da4503a8eb7a62781a3b7b2ccb7abeecacbd,2026-04-09 20:03:23.000 UTC
1.0,0x14690c80f670353f5c041b6cfdbfe6fb8aa2ccad,2026-04-09 19:02:11.000 UTC
0.05714825,0x66c09f766ecf9d0e676cbd399f0b261e456f5179,2026-04-09 17:13:47.000 UTC
0.01,0x370e1efae1e0dc3a7a7ad912fcb1743676f9446d,2026-04-09 17:00:47.000 UTC
0.02,0x54fed82edc9452892e5c6c76a39dda05b59e4558,2026-04-09 16:54:35.000 UTC
0.13935,0xbe3743d7df77ea127f56a146a7451604a96854b6,2026-04-08 18:59:23.000 UTC
0.01,0x06a9ecc77b58f19cb35b6eb5ec38b364af03f365,2026-04-08 12:27:35.000 UTC
0.03,0x6b6e87c037aa8c3a50a5010d8704bc5ea5c3d3ad,2026-04-08 08:33:11.000 UTC
0.2,0x6b6e87c037aa8c3a50a5010d8704bc5ea5c3d3ad,2026-04-08 08:31:23.000 UTC
0.01,0x86ab32b40dc88041d2105613d132464467e0a24f,2026-04-08 04:08:47.000 UTC
0.75,0x31500a5975d6defa31912ecdd8b84f9ac3bdf72e,2026-04-07 15:52:59.000 UTC
0.060909,0xf1df7061c56d69401da0a45eded62875599a9650,2026-04-07 09:04:47.000 UTC
0.08514,0x5dc983f01dc3691054755e0540e6c669a27e0793,2026-04-07 08:31:23.000 UTC
37.0,0x31500a5975d6defa31912ecdd8b84f9ac3bdf72e,2026-04-07 07:24:35.000 UTC
0.6,0xc8d5e99b361deec9cf26af0954c365ef65ab7069,2026-04-07 06:28:23.000 UTC
0.1,0xc8d5e99b361deec9cf26af0954c365ef65ab7069,2026-04-07 06:26:23.000 UTC
0.102,0x905bc780dd5a1e4809a8bc0a877c92772624d8b8,2026-04-06 21:33:47.000 UTC
0.3,0xc7460c90a11dcce2b2ba5e746673cfb794ca4e3a,2026-04-06 16:12:23.000 UTC
1.15,0xe04885c3f1419c6e8495c33bdcf5f8387cd88846,2026-04-06 14:36:23.000 UTC
0.1,0xe04885c3f1419c6e8495c33bdcf5f8387cd88846,2026-04-06 14:35:47.000 UTC
0.1025,0x1a7d20f8bd74eed5ba703da4fae5bdf1ba69c2ab,2026-04-06 13:28:59.000 UTC
0.1,0x1a7d20f8bd74eed5ba703da4fae5bdf1ba69c2ab,2026-04-06 13:24:47.000 UTC
0.1,0x1a7d20f8bd74eed5ba703da4fae5bdf1ba69c2ab,2026-04-06 13:22:11.000 UTC
0.015,0x3d6be7303255c94aafea2231921c9d37a1f8837b,2026-04-06 06:30:11.000 UTC
0.1,0x5fb0a30278c1b6ee4681a48f2a23bd84c2762835,2026-04-05 20:06:11.000 UTC
0.14812,0x4e1579198621642ee558309e3544fe00bc4a15ee,2026-04-05 20:03:11.000 UTC
0.01,0xd5b1547d1bcf2683b1f016875f5c0269cdfd7870,2026-04-05 19:35:59.000 UTC
0.01,0x59941d8dbf51ec515f1235c2c3d900fc94fe5e89,2026-04-05 18:56:23.000 UTC
0.01588475,0x8fe0dc2d5132ad8612540d8f721721c2babc3116,2026-04-05 17:24:59.000 UTC
0.01,0x31652457382795b8687ef0a57dc36a1534701f64,2026-04-05 16:13:35.000 UTC
0.01,0x9f5e3b9c909dc22dd131dbab6c64dfcccb2c8eef,2026-04-05 15:27:59.000 UTC
0.0125,0xe56091c58682c3e4335dae7800ccb3eb385b4151,2026-04-05 14:02:11.000 UTC
0.011,0x544c5bda9645ebbfca4a4832342f31053ba126e8,2026-04-05 10:47:23.000 UTC
0.01,0x4b97612e25c7f501881735759f253294d380974a,2026-04-04 14:29:23.000 UTC
0.14584,0x1f0dbd861ec9022714d73fb54a71ee9135d6c172,2026-04-04 12:29:11.000 UTC
0.064469,0x040963903e15219082537cdec713760febd893ee,2026-04-04 03:09:47.000 UTC
0.0324175,0xf092fa0bccf1f2449d931126f3bb1e99ad31d436,2026-04-04 03:01:47.000 UTC
0.01,0x3007dc799912ad5da97bc5f5cdb988ac26947485,2026-04-04 02:36:23.000 UTC
0.02,0xa47fd87693cd393b74bb12ec91b3a3643a2e0ead,2026-04-03 22:14:47.000 UTC
0.06,0xe2785c3460826bb0dc51d9eefd2fb102abba19b3,2026-04-03 19:33:11.000 UTC
0.01,0x1804c8af425480c3625e72cdb33efec33e787a6d,2026-04-03 18:06:23.000 UTC
0.05387,0x6ade9d3012b33911c300fe39d7495da6f59dc670,2026-04-03 16:26:47.000 UTC
1.0,0xd5c252c150e28774a63653b9c34da3037dae1850,2026-04-03 15:52:11.000 UTC
2.2,0x93d730ff5a6e11d0b7f57f053f15d8b85a582341,2026-04-03 14:45:35.000 UTC
0.01,0x2ee9f6a2d3c2f1df75d3823600665f717dd9a06c,2026-04-03 10:28:59.000 UTC
0.01925,0x5243757f2dff6561c3a61ce1f77958a51618e1b7,2026-04-03 02:22:59.000 UTC
2.01364,0x2812a24307d79ebee2ea0a76d75b4244b65c27a4,2026-04-03 01:47:59.000 UTC
0.01,0x447ce8df5673202142c4fa8eb18192c3e47e743b,2026-04-02 17:02:35.000 UTC
4.675,0x2812a24307d79ebee2ea0a76d75b4244b65c27a4,2026-04-02 16:53:47.000 UTC
1.0,0x6482a191a27ed70f5ee1feb85124eef5b3d9054a,2026-04-02 12:16:35.000 UTC
1.5,0x999b19896825ed756bdaff88eb6f3343e5009d94,2026-04-02 04:58:47.000 UTC
0.54238,0xdcdf73329ecf0aa062e52f636cd623420e085e0b,2026-04-02 03:43:59.000 UTC
0.02,0xdcdf73329ecf0aa062e52f636cd623420e085e0b,2026-04-02 03:18:11.000 UTC
0.01,0xdcdf73329ecf0aa062e52f636cd623420e085e0b,2026-04-02 02:38:35.000 UTC
0.01,0x0da6082761696cfb58d2a87332ee1afa7053a980,2026-04-01 23:40:23.000 UTC
0.115586,0xcbde17ca8b9163644a9d9679699cceb1ab10c46a,2026-04-01 19:40:59.000 UTC
0.01,0x88a272392fdc5180bf7d20b77cb53bea57e0f580,2026-04-01 12:30:47.000 UTC
0.01,0x863364180b9f3d0287b067f6dd393ea6a1f1d14c,2026-03-31 22:58:59.000 UTC
3.25,0x159495dbb22ae47fbc282ec87a6b614092e255aa,2026-03-31 20:47:47.000 UTC
0.01,0x30116e42880321f8c715939479ff03593e6e26c2,2026-03-31 15:56:35.000 UTC
0.3,0xbcc752c6c5db351d52460461adb64e24460496d2,2026-03-31 09:13:47.000 UTC
0.01,0x92218d6a25fc446aa9ed46e6b02673743e43fc9b,2026-03-30 14:42:47.000 UTC
0.01,0x19714ceecc8927f7c3f2ea73e43a256cfdbfbe6a,2026-03-30 14:41:47.000 UTC
1.0,0xba32a5a5082a7a411a55d3ea2f7740e35923cf0a,2026-03-30 09:11:59.000 UTC
0.01,0x43f4fb17f92ea60ca6fac74ebf492ea6fe623c37,2026-03-29 19:23:59.000 UTC
0.947208,0xdedc1c2587e75df2774ebbc624ab6d2bd637eb72,2026-03-29 18:21:59.000 UTC
0.1,0x04b518e1a6442454bcf4bcb70668cd8b2a7d595e,2026-03-29 16:14:59.000 UTC
0.017,0xf31edeaf375cecb2b2f89687b84a79ac718e4c52,2026-03-28 23:55:47.000 UTC
0.026105,0x30ef4cfe6e4d450dbd315ed695e256be91659b0a,2026-03-28 19:29:35.000 UTC
0.031406,0xa4318c0f24b161becf425e33a437e18eabdeb54c,2026-03-28 19:29:23.000 UTC
0.01,0xfdf1584097ed585be43798b96f76078dad2e40f9,2026-03-28 16:22:11.000 UTC
0.02,0x291c0b2ccf374cb52d4cc0f8526a058b38d4bcbe,2026-03-28 14:51:59.000 UTC
0.01,0x4898207ae0022a4a075e5c9c30f34e220bfdbd12,2026-03-28 14:22:23.000 UTC
0.01,0x20f29a9bbee86b9510233f04bb7af4de91c67755,2026-03-28 09:58:35.000 UTC
0.047,0x6c5d494b168a27f750cf7a95053d9e877cfa4ddc,2026-03-28 08:37:23.000 UTC
1.0,0xf271ac8322e635dc7cca3b7fafd788d321269ee3,2026-03-28 03:53:11.000 UTC
0.01,0xbe9078b15baa4a7e3a0848a2a4adef6014b2dbff,2026-03-27 21:47:11.000 UTC
0.27,0x860c12329c89c9131b2dc90b20769f5388b24b1d,2026-03-27 21:12:23.000 UTC
0.01,0xf6211dda5c64f8857070a513d555f85e4ee50e55,2026-03-27 21:08:59.000 UTC
0.01,0xfdf1584097ed585be43798b96f76078dad2e40f9,2026-03-27 21:07:59.000 UTC
0.011289,0xa63dc2738b37f3de2854b0918921eb9c0339039d,2026-03-27 18:49:47.000 UTC
0.01234,0x1619d679a97de4589a11bcf1fa3cca9c4a488966,2026-03-27 18:48:35.000 UTC
0.012,0x5d196eccfbbc5a40f8d86a70a77d0ede34c52545,2026-03-27 17:28:35.000 UTC
0.01,0x5e47ea217b18a8d63117bccd00b483b7ba448910,2026-03-27 17:21:35.000 UTC
0.16938,0xb87010baaa4e05bcbc8bd8b7a7f27b2bd60b0917,2026-03-27 15:50:47.000 UTC
0.03105,0x23c56e08171ea32b0aed36a08b6a17a13de47a14,2026-03-27 13:31:23.000 UTC
0.05,0x315dc80783380bcf56b72de6f051f6be81ae1c8d,2026-03-26 23:15:35.000 UTC
0.05,0x5ef6c81492fce9cd8ac1a7c66ccce2246f9be366,2026-03-26 23:12:47.000 UTC
0.08963,0x98ab5781d2f03402fe17d334ce4a527f1848a2b4,2026-03-26 12:35:11.000 UTC
0.01,0x6451110b1075bb4ef9e8e681b273fa655e425260,2026-03-26 04:58:23.000 UTC
5.0,0x5a57183b748ba614d900f224fa55c5a96b7f7971,2026-03-25 22:29:35.000 UTC
0.01,0x2843df91df16e9b5beea7b6629684ba8b6b9e8dc,2026-03-25 22:13:47.000 UTC
1.1602,0x5e60514a1ab19fa5902d271842e8a959441241a8,2026-03-25 19:42:35.000 UTC
0.02,0x0b4ead9adb79457816d446deb57d7a22f88c644c,2026-03-25 18:43:11.000 UTC
0.018,0x8efb1d00c8e39f7fdc84deffd2714d4155ca8f80,2026-03-25 14:26:11.000 UTC
1.0,0x93d730ff5a6e11d0b7f57f053f15d8b85a582341,2026-03-25 13:33:11.000 UTC
0.02,0x1821bd18cbdd267ce4e389f893ddfe7beb333ab6,2026-03-24 18:13:23.000 UTC
0.1,0xd9ff8caa5fdca73a714267d967b778373eb5219d,2026-03-24 18:06:59.000 UTC
0.1,0x89b862fae7fd4b3634bfadf1e071505ac6e9a462,2026-03-24 18:04:47.000 UTC
0.1,0xab094704a4430bd59683889aa249fd135060f270,2026-03-24 18:01:23.000 UTC
11.25564,0x89f8b29387a10f8c32f51fe9cfd1f21160598408,2026-03-24 17:58:59.000 UTC
0.1,0x8d2f6dcacb7668f83e102fb1aec44ca19d40a130,2026-03-24 17:58:35.000 UTC
0.1,0x11373fd96f9fc0350ea1d30303058276c366c168,2026-03-24 17:52:47.000 UTC
0.1,0x2dadfa008a22979c356a7df5f2b044bf269567d2,2026-03-24 17:13:35.000 UTC
3.93,0xc31a38d5bca57961df3cc002c394c9d7a5566ac6,2026-03-24 09:49:23.000 UTC
0.4,0xe04885c3f1419c6e8495c33bdcf5f8387cd88846,2026-03-23 23:25:47.000 UTC
0.01,0x87555be48ffe2743b15be0e44d1dbd39a7432e8e,2026-03-22 21:53:11.000 UTC
0.01893,0x2b0d0023aa822a35943738c5dcc1061977ac020b,2026-03-22 20:13:47.000 UTC
1.0,0xb565c050b12e991c4d4fb45be4348785bd39295e,2026-03-22 01:56:59.000 UTC
0.02,0x2843df91df16e9b5beea7b6629684ba8b6b9e8dc,2026-03-21 17:25:35.000 UTC
0.01001,0x2843df91df16e9b5beea7b6629684ba8b6b9e8dc,2026-03-21 16:00:47.000 UTC
0.80944,0x2f3b4be902fdf4453d92782593cd103dbed4a133,2026-03-21 12:36:23.000 UTC
1.0,0x93d730ff5a6e11d0b7f57f053f15d8b85a582341,2026-03-21 12:31:23.000 UTC
0.04451,0x2f3b4be902fdf4453d92782593cd103dbed4a133,2026-03-21 05:43:23.000 UTC
1.0,0xa3dce08c0d4723a42d44c5926c7efafbe4479118,2026-03-20 09:47:23.000 UTC
0.01,0x65e5817481e8b71e2eae1e559137cda0ed347df7,2026-03-20 09:40:35.000 UTC
0.37997,0x2c1a8dddcd1d44ee50ea65da9ca328186e460b80,2026-03-20 05:39:23.000 UTC
0.01,0xb08979f3806e2139000d9dd657e4f58af6b4ca79,2026-03-19 21:13:11.000 UTC
0.01,0xd7a9922fdf27fc9f6c1e65f1d3a1381960e2a9f4,2026-03-19 21:10:11.000 UTC
0.01,0xd7a9922fdf27fc9f6c1e65f1d3a1381960e2a9f4,2026-03-19 20:42:59.000 UTC
0.05,0xf95947ae3b1555aba049039d10c42483980f7f4b,2026-03-19 16:05:47.000 UTC
0.07,0x42036ffef91666884474e849fd98738c0a28c727,2026-03-19 13:21:47.000 UTC
1.0,0xba32a5a5082a7a411a55d3ea2f7740e35923cf0a,2026-03-19 06:20:47.000 UTC
0.3,0x44c466f3c93c0890e9f3baf33265976a9096b9a3,2026-03-18 23:48:35.000 UTC
2.792,0xc31a38d5bca57961df3cc002c394c9d7a5566ac6,2026-03-18 17:16:11.000 UTC
0.20723,0x6b6e87c037aa8c3a50a5010d8704bc5ea5c3d3ad,2026-03-18 14:15:23.000 UTC
0.01,0xd7a9922fdf27fc9f6c1e65f1d3a1381960e2a9f4,2026-03-18 12:02:35.000 UTC
0.32097,0x6b6e87c037aa8c3a50a5010d8704bc5ea5c3d3ad,2026-03-18 10:17:11.000 UTC
0.01,0x7c1e064bb347cfa8b042e33baf38503014dfc58e,2026-03-18 09:02:47.000 UTC
0.01,0x74ec8d25c993e71b3536eee001e07bc54a3e2366,2026-03-17 11:57:47.000 UTC
0.02,0xdf2df4d02a1782a22dc2c69988e05dd8452a81c2,2026-03-17 10:40:11.000 UTC
0.5,0xba478fda4946e084e17b378d7a2b80bc04e12e6c,2026-03-17 00:19:59.000 UTC
0.025,0xc9d6a268ab7a3dc1fb05bb904ecb9ab1e8dd845b,2026-03-16 20:32:35.000 UTC
0.1,0xe32528b60302e3595145543ee401e6d2d45ffc5d,2026-03-16 15:06:23.000 UTC
0.078,0x34f6e6f2df175ab2a13e75cdb56e7c3a4bbfa417,2026-03-16 13:21:59.000 UTC
10.0,0x96a97edd3b73db83f75540cc2cc9f7d9f711c388,2026-03-16 06:46:23.000 UTC
0.5,0x999b19896825ed756bdaff88eb6f3343e5009d94,2026-03-16 03:06:23.000 UTC
5.0,0x5a57183b748ba614d900f224fa55c5a96b7f7971,2026-03-14 14:11:47.000 UTC
1.0,0x97fd0f1acce4bf72f214492af39fe9e065e17fb7,2026-03-14 05:41:11.000 UTC
0.5,0xdbe78f91226fc49d99084f505a5d1da0d77260c3,2026-03-14 05:14:11.000 UTC
0.91,0x97fd0f1acce4bf72f214492af39fe9e065e17fb7,2026-03-14 04:32:47.000 UTC
3.2,0xab7f180de2afaef67f94e51b7499c8cdd45a21dc,2026-03-13 14:28:35.000 UTC
0.01,0xb08979f3806e2139000d9dd657e4f58af6b4ca79,2026-03-13 14:12:35.000 UTC
1.1,0xc88ded87361527d242bdc98f611dca8bf580de89,2026-03-13 10:12:59.000 UTC
0.25,0x31500a5975d6defa31912ecdd8b84f9ac3bdf72e,2026-03-13 04:09:59.000 UTC
0.01,0x97fd0f1acce4bf72f214492af39fe9e065e17fb7,2026-03-13 03:52:35.000 UTC
0.0199,0x7604ebbed775f85274000dd9245dbad296ecb051,2026-03-13 03:14:23.000 UTC
0.2,0x3be1e4d3bd12f24d5c8b15d7d371baf2ce4eda27,2026-03-12 23:05:47.000 UTC
5.0,0x5e30c0ddb25c04bf9ef5459114cf270bfaff50c8,2026-03-12 22:51:35.000 UTC
0.01,0xb08979f3806e2139000d9dd657e4f58af6b4ca79,2026-03-12 20:33:59.000 UTC
2.1,0x322956ea3f126a68fa6103965a75f6f4da7affc9,2026-03-12 20:13:59.000 UTC
0.01922,0x9249f0291d6dd05b7d49ea7fbeae668c58774cb6,2026-03-12 14:24:11.000 UTC
0.1,0x5e30c0ddb25c04bf9ef5459114cf270bfaff50c8,2026-03-11 23:06:59.000 UTC
1.0,0x14690c80f670353f5c041b6cfdbfe6fb8aa2ccad,2026-03-11 05:21:23.000 UTC
0.01,0xb08979f3806e2139000d9dd657e4f58af6b4ca79,2026-03-11 02:36:35.000 UTC
1.65,0x8c0c9b3164aff16be9fa122f51dbfdb369400de3,2026-03-10 20:00:11.000 UTC
0.3,0xf9723c581ebaadcd156c0235c1d1e5e93a5395d1,2026-03-10 19:54:35.000 UTC
0.6,0x20b4de8180df1890beccf169935101972c387a90,2026-03-10 10:51:11.000 UTC
1.0,0x79330aab8c32e616b4b9b177eeb72264c611118a,2026-03-10 06:53:47.000 UTC
0.9,0x44c466f3c93c0890e9f3baf33265976a9096b9a3,2026-03-10 05:23:23.000 UTC
0.1529,0xa0a72df3fca4ac9c7e29e4f4b4b4f9375be66075,2026-03-09 23:16:35.000 UTC
1.0,0xd3320435692de26a6a4f51d63feb44cb7e9f0c63,2026-03-09 22:35:23.000 UTC
0.4,0xc88ded87361527d242bdc98f611dca8bf580de89,2026-03-09 18:02:11.000 UTC
0.98767,0x2c1a8dddcd1d44ee50ea65da9ca328186e460b80,2026-03-09 12:50:47.000 UTC
0.01,0x7c1e064bb347cfa8b042e33baf38503014dfc58e,2026-03-09 09:59:47.000 UTC
0.13634,0x2ae3b2e465f4f8e6f3e3c9822c75a4278d88489d,2026-03-09 06:53:35.000 UTC
1.0,0xdbe78f91226fc49d99084f505a5d1da0d77260c3,2026-03-08 17:11:47.000 UTC
0.80689,0x1eed555d186a3a9835741a5c09c64bf458402817,2026-03-08 08:55:23.000 UTC
0.026,0x13c8fd57d43b27daa6f8d3c5cd6e089045600b23,2026-03-08 03:04:59.000 UTC
0.01,0x1b3589ac49043b0cbc6747f6f59942db3a6bcb4d,2026-03-07 21:14:47.000 UTC
0.01,0xe472fef1286cc1c367821e317921fc07084a62d2,2026-03-07 07:10:59.000 UTC
0.25,0x77363681bf4dd89cb5f7dde61518a670e5ab3074,2026-03-07 06:59:35.000 UTC
0.01,0xd7a9922fdf27fc9f6c1e65f1d3a1381960e2a9f4,2026-03-06 16:26:47.000 UTC
0.2311,0xcadf66193bfa9892d90886f7ada6cc4a0af86c9e,2026-03-06 15:51:59.000 UTC
0.6,0xa62c4b140d11a43234e8e33e1d50cc2d3a27fa24,2026-03-06 03:32:23.000 UTC
0.01,0xb08979f3806e2139000d9dd657e4f58af6b4ca79,2026-03-05 13:58:23.000 UTC
0.15,0x23802e21c6cd72c091792bfb9f7afc2265cc68d6,2026-03-05 06:53:35.000 UTC
5.0,0x5a57183b748ba614d900f224fa55c5a96b7f7971,2026-03-04 22:31:23.000 UTC
0.48465,0xafdc9729d35d7d8a0ec479841f55eb0c2690042a,2026-03-04 22:23:47.000 UTC
1.5,0x17c3b0f9f97f54d8564d89225508e6a7d0f3f701,2026-03-04 21:42:35.000 UTC
0.5,0x9ff2c0d897dd7fe204ea518370bd5f31121bb6e7,2026-03-04 21:30:11.000 UTC
6.21746,0xcec22dbbe17d5f7fba23a76178acb0613211fb44,2026-03-04 13:47:59.000 UTC
0.01,0x0281c6bb9748aba491dfa68ad505fc3fc16bf10e,2026-03-04 08:34:11.000 UTC
1.0,0xab97e97216cf678bfc4c3c22b2bae63e2b6281e9,2026-03-04 05:41:11.000 UTC
3.0,0xcec22dbbe17d5f7fba23a76178acb0613211fb44,2026-03-03 21:32:23.000 UTC
15.15,0x31500a5975d6defa31912ecdd8b84f9ac3bdf72e,2026-03-03 16:50:35.000 UTC
0.01,0x579fd149e61ac77ccbad9bdd4a66c6139ffce185,2026-03-03 16:19:11.000 UTC
25.125,0x31500a5975d6defa31912ecdd8b84f9ac3bdf72e,2026-03-03 09:55:11.000 UTC
10.0,0x159afbfe4b0e932644d42ec01e32cb2da5140a38,2026-03-03 09:52:47.000 UTC
1.45612,0xd4fa36def1a01795a45860f9b4c057c739cedfcc,2026-03-02 23:59:59.000 UTC
1.0781,0xafc09e216b2e0bcee79f2a4cbbd72852848e29e1,2026-03-02 20:24:59.000 UTC
0.5,0xe05735299c38825ac3f3f742ea8752e70ee11e74,2026-03-02 20:03:11.000 UTC
8.795,0xe05735299c38825ac3f3f742ea8752e70ee11e74,2026-03-02 20:00:11.000 UTC
1.0,0xe05735299c38825ac3f3f742ea8752e70ee11e74,2026-03-02 17:57:47.000 UTC
4.57896,0x2151e5d895ed378f28ff29bf74bb0e9b5a556f50,2026-03-02 16:38:59.000 UTC
0.5,0xe05735299c38825ac3f3f742ea8752e70ee11e74,2026-03-02 16:37:47.000 UTC
0.33,0x2151e5d895ed378f28ff29bf74bb0e9b5a556f50,2026-03-02 16:06:35.000 UTC
8.75111,0xafc09e216b2e0bcee79f2a4cbbd72852848e29e1,2026-03-02 15:51:59.000 UTC
1.0,0xcec22dbbe17d5f7fba23a76178acb0613211fb44,2026-03-02 13:06:35.000 UTC
0.48,0x94dcda1a9de41f599f22b5d80a84b842bad346b0,2026-03-02 12:48:11.000 UTC
0.0355,0xb09056ecd83db0c285a47564220a8c236d9f3ee9,2026-03-02 12:47:47.000 UTC
0.017,0xd58f714ed6de482349d7badacacd6f7e08c713fd,2026-03-02 12:46:59.000 UTC
0.029,0xd871d402050bab512dcc3f1b2cd781d1c8134863,2026-03-02 12:46:23.000 UTC
0.03604,0xc483305eb494a2bad5108f97bb5efa663c6157ff,2026-03-02 12:45:23.000 UTC
0.46743,0xed56d9723e2a2e9cc989a803aafec2189b67efa0,2026-03-02 12:44:47.000 UTC
0.01,0xbc5b552641e5d203f0a6c230aa9dc14da7450053,2026-03-02 01:45:35.000 UTC
0.026,0xd4511228019120eff7a2b1aa197258bf2ff415c4,2026-03-01 22:54:35.000 UTC
0.1,0xba69674066bbd3799d65794866b79916c092e062,2026-03-01 18:29:11.000 UTC
1.0,0xafc09e216b2e0bcee79f2a4cbbd72852848e29e1,2026-03-01 16:03:23.000 UTC
0.01,0x64482a3c7a2bdb509456e42e94b58b8495db4e73,2026-03-01 14:31:47.000 UTC
0.05,0xb14fa11230e7481065715031121543db723cc45e,2026-02-28 21:20:59.000 UTC
0.1,0x6bec2249d4e72363f509de721c2b43f8f86c67b4,2026-02-28 07:33:11.000 UTC
0.08,0x815956eb77b37401450aa332edeb51db8c4f31eb,2026-02-28 06:03:35.000 UTC
0.00995,0xf4f7f1bd0905efe61382de895ec3c1ed321b995b,2026-02-28 04:44:35.000 UTC
0.01,0x3fa6093e7a55a1bd0e54b9f7ea0beca861f15724,2026-02-28 03:09:23.000 UTC
0.09,0x136d8211f17cfe11873f467b63d91540a7f564b5,2026-02-27 10:55:35.000 UTC
0.01,0x8b25f43d351c2b21129a556838ff1441dbc6234b,2026-02-26 22:24:11.000 UTC
0.01,0x41f6fce78dce05fcdd597cc1ce12ba1ba4898c57,2026-02-26 19:22:23.000 UTC
0.59,0xa62c4b140d11a43234e8e33e1d50cc2d3a27fa24,2026-02-26 19:14:23.000 UTC
0.1,0xa62c4b140d11a43234e8e33e1d50cc2d3a27fa24,2026-02-26 19:10:11.000 UTC
0.026,0x5dc983f01dc3691054755e0540e6c669a27e0793,2026-02-26 18:33:11.000 UTC
0.051,0x27b981579f1bf9326a08c954327e6f876aeba3e8,2026-02-26 18:28:23.000 UTC
1.2,0xa3dce08c0d4723a42d44c5926c7efafbe4479118,2026-02-26 04:34:23.000 UTC
0.01,0xcb4272920a76bf35141c29f18cd2d970fc1918bd,2026-02-26 04:20:23.000 UTC
0.01,0x37219a6e8c58415dcc6d78bbac5e27f616d3a3fd,2026-02-26 04:19:35.000 UTC
0.01,0xe6428625aefc08d67551bff31af9be6e715531c7,2026-02-26 04:18:35.000 UTC
0.01,0x0850def76407df8ad9f80c5aba26de964aa4a6e5,2026-02-26 04:17:59.000 UTC
0.1007,0xe23b618a6eac9f31d043c220b5f924d80a2c60e4,2026-02-26 01:28:23.000 UTC
5.0,0x3f88179bdf139c56d19d04fb731ceaa007c9f9dd,2026-02-25 13:55:59.000 UTC
10.0,0x96a97edd3b73db83f75540cc2cc9f7d9f711c388,2026-02-25 12:25:23.000 UTC
0.3,0xd033670964d886403b306e7ade36dbc5880af883,2026-02-24 21:42:35.000 UTC
0.09739,0x22b4a5ef59b1c6dde5823028d177ae79a764bd76,2026-02-24 18:16:59.000 UTC
5.0,0x5db5286cec9a28d76feb4ee22e0722e6a6912b22,2026-02-24 13:50:35.000 UTC
0.01,0x13e73d568dbceaf6b4933069f6f7edd2d83f6aa1,2026-02-24 06:15:59.000 UTC
0.01,0x98addcc75931795eb66c52ca954541c18535e3c0,2026-02-24 01:34:47.000 UTC
0.01,0xd7a9922fdf27fc9f6c1e65f1d3a1381960e2a9f4,2026-02-23 19:08:35.000 UTC
2.2,0x4a060ee7d368cd39b761f18c14ee5c5fa851a314,2026-02-23 15:20:11.000 UTC
0.85,0xf271ac8322e635dc7cca3b7fafd788d321269ee3,2026-02-23 12:10:23.000 UTC
0.23955,0x0cb980ac19f042555618bc112b485d84cbc05b35,2026-02-22 15:07:59.000 UTC
0.95,0x10da19c14a019913221ea36914153822d1d01037,2026-02-22 13:55:59.000 UTC
0.15,0x4fbd9f97e8be48751885799e76d148c7ff320b28,2026-02-22 11:11:35.000 UTC
0.03,0x4843214523fbfcf203275b6418de7341f6135b42,2026-02-22 07:22:11.000 UTC
35.0,0x726f9fb03cf18d247decbd4e91f5657908c786b4,2026-02-22 02:31:11.000 UTC
0.01,0x726f9fb03cf18d247decbd4e91f5657908c786b4,2026-02-22 01:56:47.000 UTC
0.071,0x251f21ad94980dcc00215c943015d8d0c748d132,2026-02-21 18:51:23.000 UTC
0.15,0x4411ecf713647a417ddaf3d33639199b306ac04f,2026-02-21 18:48:35.000 UTC
0.221,0x50267dbda0c20652262d9fb38335656ca7fc6499,2026-02-21 17:58:35.000 UTC
0.211,0x4bb5d0ea619fb5ed3d5472866115409377682199,2026-02-21 17:47:35.000 UTC
0.01,0x0b4ead9adb79457816d446deb57d7a22f88c644c,2026-02-21 13:00:23.000 UTC
0.00995,0x1c0aa8ccd568d90d61659f060d1bfb1e6f855a20,2026-02-21 02:57:59.000 UTC
3.18021,0x327d9ce46df6c6c53c1c0d7a5188f52047fbfb12,2026-02-20 21:27:47.000 UTC
2.3576,0xde9597756a6bb79af11fde990e62d3203d1172f2,2026-02-20 20:55:47.000 UTC
0.1001,0x67f5a11abcfbfdf446b5cb75d0d9baa5315246ad,2026-02-20 20:35:23.000 UTC
0.5,0x7f53159aeb1f448941c0188e0225ad853393cf94,2026-02-20 19:22:35.000 UTC
0.141,0xac6f351fe9966e00ce8b853b10e7f45b1a711aaf,2026-02-20 19:01:35.000 UTC
0.49,0x411fb66ade0b9d540d51fd03dc83d78fc20b3c3d,2026-02-20 13:50:59.000 UTC
0.01,0xcb4272920a76bf35141c29f18cd2d970fc1918bd,2026-02-20 08:30:59.000 UTC
0.01,0x37219a6e8c58415dcc6d78bbac5e27f616d3a3fd,2026-02-20 08:30:11.000 UTC
0.01,0xe6428625aefc08d67551bff31af9be6e715531c7,2026-02-20 08:28:59.000 UTC
0.01,0x0850def76407df8ad9f80c5aba26de964aa4a6e5,2026-02-20 08:28:35.000 UTC
0.01,0xcab3e21c35428a8b90d61d3f5b738c8c5a6df835,2026-02-20 08:26:35.000 UTC
0.01,0xcbff9f7cd136a27cd2a3d31c86e6bc29957da79c,2026-02-20 08:25:59.000 UTC
0.01,0xa46dbb5358e2391b0a519fc45f97c3870036af47,2026-02-20 08:25:23.000 UTC
10.0,0x3f88179bdf139c56d19d04fb731ceaa007c9f9dd,2026-02-20 05:16:47.000 UTC
10.0,0x3f88179bdf139c56d19d04fb731ceaa007c9f9dd,2026-02-20 05:16:11.000 UTC
0.2,0xcc717037652940f319272b0bf57591e41d157f95,2026-02-19 22:11:59.000 UTC
0.00999,0xd9e890e2038496101622c521414dae56f24e27d2,2026-02-19 20:33:59.000 UTC
0.07,0xfc1bc3ecbf9b3a24adc65aa9acd44626c0167d56,2026-02-19 20:26:47.000 UTC
0.01194,0xc126ec67c06d2ec618663bdd9e65b195bedd1d3d,2026-02-19 16:16:47.000 UTC
0.15,0xd8993674323d67b7a2fa4cc6a34960d67d363db6,2026-02-19 16:10:47.000 UTC
0.0155,0xfd32efe40fbdadf2c16392a3bd9ff498137167c1,2026-02-19 14:19:59.000 UTC
0.01210436663858218,0x000000000000fb114709235f1ccbffb925f600e4,2026-02-19 12:44:47.000 UTC
0.00995,0x1c0aa8ccd568d90d61659f060d1bfb1e6f855a20,2026-02-19 12:27:59.000 UTC
0.01,0xcb4272920a76bf35141c29f18cd2d970fc1918bd,2026-02-19 07:11:35.000 UTC
0.01,0x37219a6e8c58415dcc6d78bbac5e27f616d3a3fd,2026-02-19 07:10:47.000 UTC
0.01,0xe6428625aefc08d67551bff31af9be6e715531c7,2026-02-19 07:09:23.000 UTC
0.01,0x0850def76407df8ad9f80c5aba26de964aa4a6e5,2026-02-19 07:08:59.000 UTC
0.01,0xcab3e21c35428a8b90d61d3f5b738c8c5a6df835,2026-02-19 07:07:11.000 UTC
0.01,0xcbff9f7cd136a27cd2a3d31c86e6bc29957da79c,2026-02-19 07:06:47.000 UTC
0.01,0xa46dbb5358e2391b0a519fc45f97c3870036af47,2026-02-19 07:06:11.000 UTC
0.01,0xcbff9f7cd136a27cd2a3d31c86e6bc29957da79c,2026-02-19 05:46:23.000 UTC
0.01,0x37219a6e8c58415dcc6d78bbac5e27f616d3a3fd,2026-02-19 04:47:11.000 UTC
0.01,0xcab3e21c35428a8b90d61d3f5b738c8c5a6df835,2026-02-19 04:43:35.000 UTC
0.01,0xcbff9f7cd136a27cd2a3d31c86e6bc29957da79c,2026-02-19 04:42:59.000 UTC
0.014971418952107006,0x000000000000fb114709235f1ccbffb925f600e4,2026-02-19 04:13:47.000 UTC
0.1,0xe8aa2a48472ea73444012a038865b5b373094550,2026-02-18 22:12:11.000 UTC
0.013108144559799547,0x000000000000fb114709235f1ccbffb925f600e4,2026-02-18 21:04:11.000 UTC
5.0,0xeb6bea6f917124233dcc2b046d8bd64897ce0ced,2026-02-18 18:08:35.000 UTC
0.01,0xe6820e5e57bed63ca73723627c05f4903bc526ab,2026-02-18 13:46:11.000 UTC
0.5,0xa05ee11735d861afa66bf06004cb61f7370b1d2e,2026-02-18 12:47:35.000 UTC
6.13,0x9886fd1897ebdcbf8c39c4f9fc8e3167fc5c7e85,2026-02-18 05:57:23.000 UTC
0.125,0x6011e643b8ba18d161c62a9408b5db018b50ca03,2026-02-17 22:08:59.000 UTC
0.2,0x7f53159aeb1f448941c0188e0225ad853393cf94,2026-02-17 02:35:59.000 UTC
11.0,0xe39b916a35d28d27741b46e1b49614ac6e966d33,2026-02-16 21:17:47.000 UTC
0.022,0x265e7bf9f12a708045ba3188235d817b0bc5e276,2026-02-16 17:01:35.000 UTC
0.1,0x609fb8f19b28a76f12557a235c3e88f621267c36,2026-02-16 12:59:23.000 UTC
2.0,0x85c7891055dd8ec4b6297471d3cced4bc6812c26,2026-02-15 21:37:11.000 UTC
0.3,0xfe26421851be7d7ca50c941f7408981c403bda64,2026-02-15 21:29:23.000 UTC
0.028,0xa5479c21f8375c68a903d505bbcc860921565217,2026-02-15 21:22:59.000 UTC
0.1,0x9c49b724c6079aafd5a0475e4591f0c7a8bd2802,2026-02-15 19:15:47.000 UTC
0.01,0x9300583051ce99b0e7dc9bafe76b3c508750e944,2026-02-15 07:50:59.000 UTC
0.01,0x9300583051ce99b0e7dc9bafe76b3c508750e944,2026-02-14 13:21:11.000 UTC
0.011,0x3c37dc9b5d4c60d404ec834987c106510d03442f,2026-02-14 13:16:35.000 UTC
0.03,0x8d90a4fe233c2e5f59ee8180ac497a6c1749d0f7,2026-02-14 04:41:23.000 UTC
4.06861,0x9a344679a0bcc11fcd5dd63d75f15bfea0461a27,2026-02-13 22:03:23.000 UTC
3.0,0x9a344679a0bcc11fcd5dd63d75f15bfea0461a27,2026-02-13 19:54:23.000 UTC
2.97041,0x16c0a9c9967d8e860bf84596769ef513dd6f2094,2026-02-13 19:49:11.000 UTC
1.0,0x9a344679a0bcc11fcd5dd63d75f15bfea0461a27,2026-02-13 18:53:11.000 UTC
0.104,0x7bdb96ff4c314e716ca5d4283177862c4708046c,2026-02-13 18:06:47.000 UTC
0.01,0xa53c36ee78333f3bd6b509adae5b6dc1f4a936e8,2026-02-13 14:54:11.000 UTC
0.1,0x9a344679a0bcc11fcd5dd63d75f15bfea0461a27,2026-02-13 14:52:59.000 UTC
0.1045,0xd7fb18a5ea54604e3fc5299daea4373de898203b,2026-02-13 14:32:23.000 UTC
0.58374,0xd7fb18a5ea54604e3fc5299daea4373de898203b,2026-02-13 13:52:11.000 UTC
1.0,0xe39b916a35d28d27741b46e1b49614ac6e966d33,2026-02-13 13:47:35.000 UTC
0.2,0x8d19d3ba6d68f5f8bcb7660ba644c93c932f13ee,2026-02-13 10:47:23.000 UTC
0.41089,0xa31463942c8b79af930e9f3c8e932d49fdaa8fbc,2026-02-13 10:46:23.000 UTC
0.7038,0x8e06fb3b9177ef9141f7d4cb5fe14019cabce38c,2026-02-13 09:54:35.000 UTC
5.0,0x785bd6e9f87fff9c88edb4041cfffe7299d636e1,2026-02-13 07:59:23.000 UTC
5.0,0x785bd6e9f87fff9c88edb4041cfffe7299d636e1,2026-02-13 07:56:59.000 UTC
5.0,0x785bd6e9f87fff9c88edb4041cfffe7299d636e1,2026-02-13 07:56:23.000 UTC
0.05861,0xfd80a14a7d87a7431a036e4e12978d99f1671220,2026-02-13 07:45:35.000 UTC
0.01,0x728091246dbbba7c8fc51ea45a49c08a87dee66c,2026-02-13 05:55:23.000 UTC
0.02,0x3f88179bdf139c56d19d04fb731ceaa007c9f9dd,2026-02-12 17:58:47.000 UTC
2.09529,0x3f88179bdf139c56d19d04fb731ceaa007c9f9dd,2026-02-12 17:58:23.000 UTC
5.0,0x3f88179bdf139c56d19d04fb731ceaa007c9f9dd,2026-02-12 17:57:11.000 UTC
3.0,0x3f88179bdf139c56d19d04fb731ceaa007c9f9dd,2026-02-12 17:56:47.000 UTC
3.0,0x3f88179bdf139c56d19d04fb731ceaa007c9f9dd,2026-02-12 17:55:47.000 UTC
3.0,0x3f88179bdf139c56d19d04fb731ceaa007c9f9dd,2026-02-12 17:55:23.000 UTC
3.0,0x3f88179bdf139c56d19d04fb731ceaa007c9f9dd,2026-02-12 17:54:59.000 UTC
0.1,0xed25777635ee1f547b3ced38daea6070ce4aec2e,2026-02-12 17:01:35.000 UTC
0.1,0xa31463942c8b79af930e9f3c8e932d49fdaa8fbc,2026-02-12 14:59:23.000 UTC
1.0,0x3f88179bdf139c56d19d04fb731ceaa007c9f9dd,2026-02-12 11:42:23.000 UTC
1.0,0x3f88179bdf139c56d19d04fb731ceaa007c9f9dd,2026-02-12 11:41:47.000 UTC
1.0,0x3f88179bdf139c56d19d04fb731ceaa007c9f9dd,2026-02-12 11:40:59.000 UTC
5.0,0x785bd6e9f87fff9c88edb4041cfffe7299d636e1,2026-02-12 11:15:11.000 UTC
5.0,0x785bd6e9f87fff9c88edb4041cfffe7299d636e1,2026-02-12 11:14:11.000 UTC
0.01,0x8103e115deac098104c40c0a669d626830158304,2026-02-12 10:37:23.000 UTC
1.0,0x055c55d68781127a25c5bc5c909790d3c0ba49b9,2026-02-12 08:08:23.000 UTC
0.01,0x136d8211f17cfe11873f467b63d91540a7f564b5,2026-02-12 04:36:47.000 UTC
0.1,0x7f53159aeb1f448941c0188e0225ad853393cf94,2026-02-11 15:30:59.000 UTC
0.05,0x27b981579f1bf9326a08c954327e6f876aeba3e8,2026-02-11 11:51:23.000 UTC
0.06,0xf0074cde36b7e29e2aec49ecfb883543cef57a3d,2026-02-11 11:04:11.000 UTC
1.0,0x8cbc6408b3a7990e6ace9ed541af3c4ce3f9991d,2026-02-11 07:37:23.000 UTC
0.01,0xd54c9326489c7bc6955e33a7d6f8c7a808d746dd,2026-02-11 06:11:59.000 UTC
0.01,0xfc614b8570662b9a824bd4148e4d21b9d3fa5589,2026-02-10 17:52:59.000 UTC
0.03,0xfc614b8570662b9a824bd4148e4d21b9d3fa5589,2026-02-10 16:05:35.000 UTC
0.05,0x9e2e5fb96a8e19832aa948dfc46f1b5d9a96de7e,2026-02-10 12:07:59.000 UTC
0.2,0x8d19d3ba6d68f5f8bcb7660ba644c93c932f13ee,2026-02-10 09:10:11.000 UTC
0.2,0xf271ac8322e635dc7cca3b7fafd788d321269ee3,2026-02-09 19:51:47.000 UTC
0.23044,0xe67c860e2595f1549400b9d380aa2a0ffacca19f,2026-02-09 19:24:23.000 UTC
0.2,0xf271ac8322e635dc7cca3b7fafd788d321269ee3,2026-02-09 19:08:23.000 UTC
0.43209,0xf50d01e5e31cb042c32885ce8b58d330ff40159a,2026-02-09 11:56:23.000 UTC
0.01,0x1821bd18cbdd267ce4e389f893ddfe7beb333ab6,2026-02-09 10:48:47.000 UTC
0.06258,0x03b9738da2eb45180ca4d15c4ada95a1f24c70f2,2026-02-09 10:30:59.000 UTC
0.01,0x03b9738da2eb45180ca4d15c4ada95a1f24c70f2,2026-02-09 10:03:59.000 UTC
0.01,0x9d814bbf307ca88a268c48d42507c1f9a7987bef,2026-02-09 07:57:47.000 UTC
0.01,0xe7c6f6c9d3bb5502b91da6018016f7e1e6d74100,2026-02-09 07:48:23.000 UTC
0.01,0x3c5d2853c3d349829bd5f5f69182e0cc348506b3,2026-02-09 07:48:23.000 UTC
0.01,0x3da22f42bcf0847b32c5b913e178c1226923cb42,2026-02-09 07:39:23.000 UTC
0.01,0xd87de5ece27c551358688777fab9d2c21afb6aba,2026-02-09 03:21:23.000 UTC
5.0,0xda238218e8180df6083b7fd511f23c05c2b1d609,2026-02-09 01:10:23.000 UTC
0.01,0x7f955a67edbad58547eb4ed729f64c5aa70cc349,2026-02-08 23:32:59.000 UTC
0.025,0x1d91d6e64f1893d4f1d67c6e17e8327d3c0cbf48,2026-02-08 23:26:59.000 UTC
0.03,0xae14a2ceb9bfb3fe5c7c19f4276c51b0b07b20a4,2026-02-08 21:32:47.000 UTC
0.2,0x84f67d8648d011aa0864a5ff182ada141b4d3b5e,2026-02-08 20:45:47.000 UTC
0.5,0x84f67d8648d011aa0864a5ff182ada141b4d3b5e,2026-02-08 20:42:35.000 UTC
0.01,0x0850def76407df8ad9f80c5aba26de964aa4a6e5,2026-02-08 12:25:23.000 UTC
0.01,0x2061a73fc90c3efa8d7ec449fa8c256879cffcf6,2026-02-08 12:19:59.000 UTC
0.01,0x7a22e9f2cc7c6aff8b9c6b6ed7c34cc46fa0f907,2026-02-08 12:19:23.000 UTC
0.01,0xe6428625aefc08d67551bff31af9be6e715531c7,2026-02-08 12:17:35.000 UTC
0.01,0xcb4272920a76bf35141c29f18cd2d970fc1918bd,2026-02-08 12:12:47.000 UTC
0.01,0x3c5d2853c3d349829bd5f5f69182e0cc348506b3,2026-02-08 12:11:59.000 UTC
0.01,0x85cb05aa6a7ad983b812020d8a8268acb48430a8,2026-02-08 12:11:59.000 UTC
0.01,0x0b79d076fa83cfc9a66f69231e6b8a5b30bda64c,2026-02-08 12:05:23.000 UTC
0.01,0xcab3e21c35428a8b90d61d3f5b738c8c5a6df835,2026-02-08 12:02:47.000 UTC
0.01,0xcbff9f7cd136a27cd2a3d31c86e6bc29957da79c,2026-02-08 12:02:47.000 UTC
0.01,0x9d814bbf307ca88a268c48d42507c1f9a7987bef,2026-02-08 11:59:59.000 UTC
0.01,0x5cd6eb97dea47ab560e0884f6023b2e06da0b6a2,2026-02-08 11:59:59.000 UTC
0.01,0xa46dbb5358e2391b0a519fc45f97c3870036af47,2026-02-08 11:59:59.000 UTC
0.255,0xdac78f75d35dbfd802868746904ad85c12ef325a,2026-02-08 02:42:23.000 UTC
2.0,0xa3dce08c0d4723a42d44c5926c7efafbe4479118,2026-02-07 23:41:47.000 UTC
0.011,0x9e2f4c2472f6385212fedeb89c86d9e8abb1afd1,2026-02-07 23:37:11.000 UTC
0.05,0x9eeeaa6b00e69be68f32a5a78f2cc8a872a0df57,2026-02-07 14:49:47.000 UTC
0.1,0x1b56cb5e6a36da42968869d0f2aca8499bff83fe,2026-02-07 14:05:35.000 UTC
0.00995,0xf3ea39310011333095cfcccc7c4ad74034caba63,2026-02-07 07:38:11.000 UTC
0.27,0x69bea6ab71f076839f427daaa1c639f5e4d36ab5,2026-02-06 22:14:35.000 UTC
0.025,0x68a837bde49263e4c0dec64e106e4e4f8a673d43,2026-02-06 17:06:47.000 UTC
0.0217,0xb276fa582e4f9b2c575889b9c06c026f54f1d74b,2026-02-06 16:50:59.000 UTC
0.31,0x7bdb96ff4c314e716ca5d4283177862c4708046c,2026-02-06 16:31:35.000 UTC
0.60278,0x7bdb96ff4c314e716ca5d4283177862c4708046c,2026-02-06 15:50:35.000 UTC
0.10798,0xfd0cbcd05b9e79d8a4ac6a3bd692ba8bfd1a35d2,2026-02-06 15:32:47.000 UTC
10.0,0xf49559a962d46b02b49a70320cbbdf2cc7ba40a7,2026-02-06 08:38:59.000 UTC
0.07,0x69bea6ab71f076839f427daaa1c639f5e4d36ab5,2026-02-06 07:38:11.000 UTC
0.6,0xeffe71cb9d14d6ad60b35902abc287424a6186c7,2026-02-05 20:07:23.000 UTC
0.02,0x147037f0d4805a7582c381424e1705b2f45cda89,2026-02-05 16:39:11.000 UTC
0.011,0x3801217f8d0901cef6855b7d9d5b4669abc2bb49,2026-02-05 14:49:11.000 UTC
2.0,0x31500a5975d6defa31912ecdd8b84f9ac3bdf72e,2026-02-05 08:48:23.000 UTC
5.0,0xda238218e8180df6083b7fd511f23c05c2b1d609,2026-02-04 23:08:11.000 UTC
9.5,0xd9486ad8b64368b788d63dcd85a9967b71a912d7,2026-02-04 20:32:35.000 UTC
0.046,0x61d3f5f3b51b386a8d3c7de7b90c2df3ed1234c2,2026-02-04 17:44:11.000 UTC
0.01,0x3c5aac016ef2f178e8699d6208796a2d67557fe2,2026-02-04 17:34:59.000 UTC
0.18,0x6b6e87c037aa8c3a50a5010d8704bc5ea5c3d3ad,2026-02-04 09:55:23.000 UTC
0.03,0x6b6e87c037aa8c3a50a5010d8704bc5ea5c3d3ad,2026-02-04 09:22:47.000 UTC
0.2,0x6b6e87c037aa8c3a50a5010d8704bc5ea5c3d3ad,2026-02-04 09:21:59.000 UTC
0.31823,0xcdae65ab5a5a50ddcecb42722d87a99c1d9d9889,2026-02-04 06:19:59.000 UTC
1.0,0xdeafd11fd890f655c7bf909e2f1511a606ddc4ef,2026-02-03 23:48:59.000 UTC
0.1,0xa05ee11735d861afa66bf06004cb61f7370b1d2e,2026-02-03 20:09:11.000 UTC
0.01194,0x5de1b796fe481e0e3771fea353798384d38258a1,2026-02-03 14:47:11.000 UTC
0.01194,0x5de1b796fe481e0e3771fea353798384d38258a1,2026-02-03 14:37:59.000 UTC
0.01194,0x5de1b796fe481e0e3771fea353798384d38258a1,2026-02-03 14:26:35.000 UTC
0.5,0xfb8429acbe7854b27ad20100da2157af0d76e7cd,2026-02-03 01:46:11.000 UTC
0.03,0x0afb1331cb6c5a97b200f8bbfdbf491619336b5f,2026-02-02 18:46:47.000 UTC
19.2,0x9886fd1897ebdcbf8c39c4f9fc8e3167fc5c7e85,2026-02-02 16:38:47.000 UTC
0.4,0x44c466f3c93c0890e9f3baf33265976a9096b9a3,2026-02-02 09:59:11.000 UTC
0.576,0xdeafd11fd890f655c7bf909e2f1511a606ddc4ef,2026-02-02 01:13:11.000 UTC
0.03166,0x74dc84ed9d4184379168ea16dee8603310352185,2026-02-01 20:07:11.000 UTC
0.08065,0x2c4971f49a8d1f248a4c0334f30d8288a83903dd,2026-02-01 06:54:59.000 UTC
4.4,0x9886fd1897ebdcbf8c39c4f9fc8e3167fc5c7e85,2026-02-01 05:57:11.000 UTC
0.011,0xe2ec44f28989253d621547b1216a8a07a2b0264d,2026-02-01 02:48:23.000 UTC
0.46,0x69aa4b1c616c9f2a08d57bc8809a199d07c978c0,2026-02-01 01:32:59.000 UTC
0.1,0xba69674066bbd3799d65794866b79916c092e062,2026-01-31 15:42:47.000 UTC
0.39,0x199a048ef3aca06811836c55da107e069cad85c8,2026-01-30 23:49:47.000 UTC
0.01,0xff5a6d0f1bc742207a4e83634a1cb9522f4b1dc0,2026-01-30 22:03:23.000 UTC
0.07,0xc7b438bdcb4bccfd66021e4c37ba9a55139bc509,2026-01-30 18:39:11.000 UTC
0.07697,0x20a690167060542efff10a947958286c31c7ff41,2026-01-30 17:02:59.000 UTC
0.2,0x3f88179bdf139c56d19d04fb731ceaa007c9f9dd,2026-01-30 16:05:23.000 UTC
2.0,0x3f88179bdf139c56d19d04fb731ceaa007c9f9dd,2026-01-30 16:04:47.000 UTC
0.01,0x6b6e87c037aa8c3a50a5010d8704bc5ea5c3d3ad,2026-01-30 13:06:47.000 UTC
0.01,0x6b6e87c037aa8c3a50a5010d8704bc5ea5c3d3ad,2026-01-30 13:05:59.000 UTC
0.01,0x6b6e87c037aa8c3a50a5010d8704bc5ea5c3d3ad,2026-01-30 13:05:23.000 UTC
0.15,0x6b6e87c037aa8c3a50a5010d8704bc5ea5c3d3ad,2026-01-30 13:04:35.000 UTC
0.01,0x6695781be146c93383e6b911e0b68d2d7a053532,2026-01-30 12:19:23.000 UTC
0.67087,0x20a690167060542efff10a947958286c31c7ff41,2026-01-30 02:16:47.000 UTC
1.01,0x417fed6f9034a166b05e493bde74fb99ab1c9fb2,2026-01-30 01:01:11.000 UTC
0.079,0x20a690167060542efff10a947958286c31c7ff41,2026-01-30 00:37:11.000 UTC
0.01,0x417fed6f9034a166b05e493bde74fb99ab1c9fb2,2026-01-29 20:10:23.000 UTC
0.01058,0x6310b2251db6133e18345d4c7363ef775046855c,2026-01-29 05:13:23.000 UTC
0.0101,0xf2de7127320a5d1a1cf97212a5c100a55089dc6f,2026-01-29 04:17:47.000 UTC
0.01175,0x789fd5c0a57eab700ce4f26c3003da6031af7d86,2026-01-28 21:37:11.000 UTC
0.01128,0x57ad3462be381a0a1913f1dfd1564a9a1c9907ff,2026-01-28 21:16:35.000 UTC
3.0,0x75c3bd15d22f8a1d31ed3be3498bb8fb6c0ceb09,2026-01-28 17:44:11.000 UTC
1.0,0xc579b72fe7986b64a84948f8a41c4bee396835b5,2026-01-28 07:04:47.000 UTC
0.1,0xc579b72fe7986b64a84948f8a41c4bee396835b5,2026-01-28 04:52:35.000 UTC
0.25212,0x6695781be146c93383e6b911e0b68d2d7a053532,2026-01-28 03:56:11.000 UTC
2.0,0x141ee5fd95a4721c2ed8cc782e749cb09a5c6516,2026-01-28 01:16:11.000 UTC
0.15,0x7434672e89b055fd02deebef203738cf0802c01b,2026-01-27 23:49:47.000 UTC
0.47619,0x48c19eaad056b700ca5c4e2338e174a01bc35e78,2026-01-27 22:47:47.000 UTC
0.01,0xd450f7fd88a6091b0e86bafa694f6a6c14c45dc9,2026-01-27 18:59:35.000 UTC
0.02,0x609fb8f19b28a76f12557a235c3e88f621267c36,2026-01-27 17:27:59.000 UTC
0.05,0x40c59cfaf8aa17a43eb2f1d50384c95ff50adef9,2026-01-27 16:36:47.000 UTC
0.0125,0xcebcfdac0291fe33374783fa4c422ef85599a446,2026-01-27 10:52:35.000 UTC
0.013,0xb9b53b225c5225223dd58dcef0d7a39230c426ec,2026-01-27 10:49:35.000 UTC
0.01,0x6695781be146c93383e6b911e0b68d2d7a053532,2026-01-27 10:07:59.000 UTC
0.21,0x5c74387a769c8f7c8cea3b97e92025fb125ccf30,2026-01-27 09:17:59.000 UTC
0.05,0x5b5f3340e82ad583134eb1294138e94593315e80,2026-01-27 07:08:59.000 UTC
0.09,0xfb7c1d49e006eaddff2385c7ef8b0c5cf49d038a,2026-01-27 06:30:47.000 UTC
0.01,0x5c74387a769c8f7c8cea3b97e92025fb125ccf30,2026-01-26 23:24:35.000 UTC
0.1,0xbcd00ac6954a9e5c2c2913de5f52139fa07020f6,2026-01-26 21:43:35.000 UTC
1.38,0xa38496a921e35ceab311270ccbdf514dc4976651,2026-01-26 20:47:59.000 UTC
0.3685,0xdb6efc45d5856ade3f0764e9d5cf652b8fc70501,2026-01-26 17:57:59.000 UTC
0.4,0xb692784113e929aa29710504c8f8ea8427af7cf9,2026-01-26 16:43:47.000 UTC
0.5,0xb941c7aad899b5f7a575a566c85f5132c8a9e4aa,2026-01-26 13:56:59.000 UTC
0.02,0x9f61c9c69569346c897ef75d8a472d08a4dfb4f4,2026-01-26 13:48:35.000 UTC
0.1,0x3f88179bdf139c56d19d04fb731ceaa007c9f9dd,2026-01-26 13:14:11.000 UTC
4.0,0x3f88179bdf139c56d19d04fb731ceaa007c9f9dd,2026-01-26 13:13:35.000 UTC
4.0,0x3f88179bdf139c56d19d04fb731ceaa007c9f9dd,2026-01-26 13:13:11.000 UTC
4.0,0x3f88179bdf139c56d19d04fb731ceaa007c9f9dd,2026-01-26 13:12:47.000 UTC
0.223,0x90eb1303e87e824db55fd53e00816796d281a51d,2026-01-25 10:04:11.000 UTC
0.01,0x30ee197492d767fffc29555b536d478440167bc1,2026-01-25 09:51:11.000 UTC
0.0857,0xb1885d6e2a71b9d7318288ae2e773a37d43d9dc5,2026-01-25 03:38:47.000 UTC
0.34464,0x946e28227263571041ea6f5e215599cbbb257569,2026-01-24 11:15:47.000 UTC
0.05,0x4595040d49706801fc88450433db487b6c1f5452,2026-01-24 09:35:35.000 UTC
1.0,0x44c466f3c93c0890e9f3baf33265976a9096b9a3,2026-01-24 03:52:23.000 UTC
0.1,0x44c466f3c93c0890e9f3baf33265976a9096b9a3,2026-01-23 19:35:23.000 UTC
7.2,0x8c3e53d3b31a222d9af761513ddb9635206de815,2026-01-23 16:42:23.000 UTC
0.0157,0x35dc867d91e32bdf6b6034fe4f131f6fc2069397,2026-01-23 10:09:35.000 UTC
0.25377,0x644b6df7cf6888d26fc6adfaf1ee007533c646c5,2026-01-23 09:02:11.000 UTC
0.04,0x65f01844ae141d48ca364f13d5bb9a99be8e70d3,2026-01-23 07:36:59.000 UTC
1.3,0x65f01844ae141d48ca364f13d5bb9a99be8e70d3,2026-01-23 07:35:23.000 UTC
3.0,0x65f01844ae141d48ca364f13d5bb9a99be8e70d3,2026-01-23 07:34:35.000 UTC
3.0,0x65f01844ae141d48ca364f13d5bb9a99be8e70d3,2026-01-23 07:24:35.000 UTC
3.0,0x65f01844ae141d48ca364f13d5bb9a99be8e70d3,2026-01-23 07:23:23.000 UTC
3.0,0x65f01844ae141d48ca364f13d5bb9a99be8e70d3,2026-01-23 07:22:59.000 UTC
1.0,0x2ac9c973189f42a3f1bb854f031a7fca9d9cb69d,2026-01-23 07:10:35.000 UTC
1.5,0x3f88179bdf139c56d19d04fb731ceaa007c9f9dd,2026-01-23 06:37:35.000 UTC
0.1,0xa0ec2ed88edb80ee543b1ca7170488fe8884cc09,2026-01-23 06:06:23.000 UTC
5.0,0x3f88179bdf139c56d19d04fb731ceaa007c9f9dd,2026-01-23 05:57:11.000 UTC
0.06343,0xb7a1580b5603b61393d068faf04759d341ec6521,2026-01-22 19:14:11.000 UTC
0.01,0xe6cc8516d796051931ce985326db04e3a5457afa,2026-01-22 18:34:47.000 UTC
0.01,0xcbaea7af074b46be5232d20c686419f76c95d1e4,2026-01-22 17:00:35.000 UTC
0.09149,0x644b6df7cf6888d26fc6adfaf1ee007533c646c5,2026-01-22 16:52:35.000 UTC
0.3,0x30b91b21dda095972813d4d7a7a4e9cd6ddc352c,2026-01-21 22:47:47.000 UTC
0.164,0x63b1a04932879fbd18f8e7f7576b2490f1e0ac4e,2026-01-21 21:41:59.000 UTC
0.1,0x644b6df7cf6888d26fc6adfaf1ee007533c646c5,2026-01-21 11:21:35.000 UTC
0.2,0x63b1a04932879fbd18f8e7f7576b2490f1e0ac4e,2026-01-21 10:36:23.000 UTC
0.82,0x8c0c9b3164aff16be9fa122f51dbfdb369400de3,2026-01-20 22:39:11.000 UTC
0.01,0x4d60b90baf13eecb6aa28e5703b4fbfc7f8f8eff,2026-01-20 21:58:11.000 UTC
0.33,0x63b1a04932879fbd18f8e7f7576b2490f1e0ac4e,2026-01-20 21:52:59.000 UTC
0.01,0x00f63453b2095a1401869949a45f626f572437c6,2026-01-20 21:51:47.000 UTC
1.204,0x7954024dd845361f5ee49856cdf02c502ef6b6d7,2026-01-20 15:36:59.000 UTC
0.30449,0x63b1a04932879fbd18f8e7f7576b2490f1e0ac4e,2026-01-20 10:36:59.000 UTC
1.0,0x5e60514a1ab19fa5902d271842e8a959441241a8,2026-01-20 02:02:23.000 UTC
3.96337,0xcd7c8ea0aa06dd6e7f06b5daaeb35029f12dc2a7,2026-01-19 20:24:59.000 UTC
0.21,0xc240272c76e69a0d9ada5a0ef95adacc077dc6a4,2026-01-19 18:28:47.000 UTC
2.47091,0xcd7c8ea0aa06dd6e7f06b5daaeb35029f12dc2a7,2026-01-19 17:52:35.000 UTC
0.98306,0xcd7c8ea0aa06dd6e7f06b5daaeb35029f12dc2a7,2026-01-19 16:50:23.000 UTC
0.024,0xc594e964fb4b9414da66c5f2063bc9f07d57e955,2026-01-19 16:42:47.000 UTC
2.10768,0xc594e964fb4b9414da66c5f2063bc9f07d57e955,2026-01-19 16:38:11.000 UTC
0.01,0x651804df3b68eb592ec93af30d1739085ef3d5c8,2026-01-19 14:58:23.000 UTC
0.687,0xc240272c76e69a0d9ada5a0ef95adacc077dc6a4,2026-01-19 13:49:47.000 UTC
0.01,0x5ccc895ef278cb5bd8ac76b4c1e3ff4816b710a4,2026-01-19 13:28:47.000 UTC
0.0101,0x9a0f21b00d45856bf67be52d822fa3d4f8888de8,2026-01-19 13:26:47.000 UTC
3.0,0xe39b916a35d28d27741b46e1b49614ac6e966d33,2026-01-19 13:13:59.000 UTC
0.14708,0xc81fab87fc197c5e49aeee899710b22d243e2cae,2026-01-19 12:24:11.000 UTC
0.04584,0x6975abc45eae5186c0ae4d75cdb82fa8b2ef3bab,2026-01-19 12:20:47.000 UTC
0.0101,0x61ff9cbe2d6ce98f4c8ecf3807339474f4c09630,2026-01-19 12:10:23.000 UTC
0.0101,0xc6d7208dadee4f431bd0f3f11e7d4c91ff51bfb2,2026-01-19 11:58:11.000 UTC
1.0,0xd0f08d8dcb6432c563c653ee478267cb772c742f,2026-01-19 10:34:47.000 UTC
0.01,0xc36aa124a4b359734b1cd9b6ac407717f3159e66,2026-01-19 10:27:23.000 UTC
0.48925,0xeef1df20b597de3f9127664f4b24732248128413,2026-01-19 10:26:11.000 UTC
0.011,0x16a6f0827ad3b4ccb35c13f65a5e149571b9699a,2026-01-19 09:52:59.000 UTC
0.01,0x3932e488b9ddacc170d1e0262e36792ddcff984d,2026-01-19 08:21:47.000 UTC
0.01,0xb336bf27c82584023cc1f608bd33e29011357b77,2026-01-19 06:45:11.000 UTC
0.01001,0x2df20a817a833082b7cf92fc3f20c75abfb5130e,2026-01-19 05:07:59.000 UTC
0.105,0x797e2cd952df539ccfea5554911afeb2a77fb760,2026-01-19 00:39:23.000 UTC
0.033,0x2fb2c27516ed997d0af627ada6934ee84c3ee59f,2026-01-18 23:47:59.000 UTC
0.28,0xc240272c76e69a0d9ada5a0ef95adacc077dc6a4,2026-01-18 23:31:35.000 UTC
0.12,0xc240272c76e69a0d9ada5a0ef95adacc077dc6a4,2026-01-18 22:52:47.000 UTC
0.5,0xafdc9729d35d7d8a0ec479841f55eb0c2690042a,2026-01-18 21:46:35.000 UTC
0.072,0xd3c6e57aabd189fb208529d367e927fee74d55ea,2026-01-18 21:28:59.000 UTC
0.087,0x5335011c5a7d87f23dfdb025e99c7c3af5902261,2026-01-18 21:28:11.000 UTC
0.096,0x4d30f34db664cb5e016771bbcc1c3730174a4830,2026-01-18 21:26:47.000 UTC
5.0,0x10da19c14a019913221ea36914153822d1d01037,2026-01-18 20:52:35.000 UTC
0.77656,0x1af6e886e7bf353dc989e6666cf6e7ad8dface5c,2026-01-18 14:19:35.000 UTC
0.5,0xc240272c76e69a0d9ada5a0ef95adacc077dc6a4,2026-01-18 10:39:47.000 UTC
0.01,0x7760a562254bf400e32a214fc0e099d79bc7d754,2026-01-18 04:54:23.000 UTC
3.0,0xf44f97f4113759e0a57756be49c0655d490cf19f,2026-01-18 04:17:11.000 UTC
1.01,0x24be4606919cfad21a3b973036f26f7b4a3a7c88,2026-01-17 21:57:59.000 UTC
0.0335,0xbbdb3df52c5742bf5dc5afb2e0b11c0dcc38cefa,2026-01-17 17:31:23.000 UTC
2.977,0xbbdb3df52c5742bf5dc5afb2e0b11c0dcc38cefa,2026-01-17 17:30:47.000 UTC
3.0,0xbbdb3df52c5742bf5dc5afb2e0b11c0dcc38cefa,2026-01-17 17:26:11.000 UTC
5.123,0xbbdb3df52c5742bf5dc5afb2e0b11c0dcc38cefa,2026-01-17 17:25:35.000 UTC
4.786,0xbbdb3df52c5742bf5dc5afb2e0b11c0dcc38cefa,2026-01-17 17:23:47.000 UTC
7.45,0xbbdb3df52c5742bf5dc5afb2e0b11c0dcc38cefa,2026-01-17 17:22:35.000 UTC
0.4,0xbbdb3df52c5742bf5dc5afb2e0b11c0dcc38cefa,2026-01-17 15:09:23.000 UTC
1.2,0xc240272c76e69a0d9ada5a0ef95adacc077dc6a4,2026-01-17 14:47:47.000 UTC
3.0,0x10da19c14a019913221ea36914153822d1d01037,2026-01-17 13:46:11.000 UTC
0.42382,0x2ac9c973189f42a3f1bb854f031a7fca9d9cb69d,2026-01-17 10:57:47.000 UTC
0.01,0xd77c3cf977df605cac7c191f106898f318019033,2026-01-17 08:57:59.000 UTC
0.01,0xde9c7e01a1e16fc8736d6d073df455ab50053e5b,2026-01-17 08:46:35.000 UTC
0.01,0xb30ee82bbf749ddbcf256b10516bc6271585ea75,2026-01-17 06:54:23.000 UTC
0.055,0x163e284dd220d8624322553e7ec872e896de4f18,2026-01-17 00:49:47.000 UTC
0.01,0xd91e76924843cb62a5339520a6d7d62bee01fbb6,2026-01-16 23:33:59.000 UTC
0.49,0xc240272c76e69a0d9ada5a0ef95adacc077dc6a4,2026-01-16 20:32:23.000 UTC
0.01,0x85b7bd0edea4994e87ea1ce792de61d144f427b6,2026-01-16 12:18:23.000 UTC
0.01,0xeac6a75e19beb1283352d24c0311de865a867dab,2026-01-16 11:41:59.000 UTC
3.3,0xe6848f956b659ceb3d1af013e9bdba8b3c437c44,2026-01-16 11:34:35.000 UTC
0.01,0x9d8d7220d060fd12ca33336b7239688e366327de,2026-01-16 10:27:23.000 UTC
1.5,0xeef1df20b597de3f9127664f4b24732248128413,2026-01-16 08:17:47.000 UTC
0.0101,0x5b32ea1bcee29fde609d777dd04b61b4da8a0ed1,2026-01-16 07:42:23.000 UTC
0.01,0x33850158f8cd1cd790cca985b209e1aaea7bb960,2026-01-16 05:48:47.000 UTC
1.0,0x2ac9c973189f42a3f1bb854f031a7fca9d9cb69d,2026-01-15 18:21:59.000 UTC
1.0,0x96ba6c16afe68b067c1f63b6ab1b21556096b431,2026-01-15 16:37:59.000 UTC
0.01,0x835682d3fb952c0e56811a9e9b7ee0d6926c58ed,2026-01-15 15:50:11.000 UTC
0.01,0xcfad0c4debd28dad5098940b66281c8098458dc4,2026-01-15 15:45:35.000 UTC
0.01,0x11ed089a9715adb1e294a73f4e8c40a7a455b6d3,2026-01-15 15:06:23.000 UTC
0.01,0x11ed089a9715adb1e294a73f4e8c40a7a455b6d3,2026-01-15 14:51:35.000 UTC
0.01,0x438615976c27b2b44f57ced3ac73b5ac113b8730,2026-01-15 12:13:23.000 UTC
3.27535,0x9886fd1897ebdcbf8c39c4f9fc8e3167fc5c7e85,2026-01-15 12:01:11.000 UTC
0.01,0x5ef8ac5b01fbc68a5ba4c3a007a1ea43552698f4,2026-01-15 07:01:59.000 UTC
0.035,0x336d0e2d18ae1822b3d607ee3c0c684d9c35e4a5,2026-01-15 02:26:23.000 UTC
0.3,0x69aa4b1c616c9f2a08d57bc8809a199d07c978c0,2026-01-15 01:30:35.000 UTC
0.03,0xcc5128db7f326b20b261e50edbc164beaf344cad,2026-01-14 20:43:23.000 UTC
0.73339,0xee355e1ea27ff2ce850756e0fbcbb441bbfe229f,2026-01-14 20:34:47.000 UTC
0.00995,0x835682d3fb952c0e56811a9e9b7ee0d6926c58ed,2026-01-14 14:51:59.000 UTC
0.2,0xcb989f08b6cdb0fa8da01ef5a474fb2cc020b35b,2026-01-14 09:29:35.000 UTC
0.01,0x815ab68e13ac90bbbe4297b61fc20bccd40dfd4c,2026-01-14 07:12:47.000 UTC
0.01,0xc579b72fe7986b64a84948f8a41c4bee396835b5,2026-01-14 07:00:35.000 UTC
0.5,0x69aa4b1c616c9f2a08d57bc8809a199d07c978c0,2026-01-14 02:54:11.000 UTC
0.1,0xaa30936791b749a2b7e0e82a987b265f7d74cb79,2026-01-13 22:41:47.000 UTC
1.98,0xd0f08d8dcb6432c563c653ee478267cb772c742f,2026-01-13 21:00:11.000 UTC
0.3,0x839395e20bbb182fa440d08f850e6c7a8f6f0780,2026-01-13 18:01:59.000 UTC
0.01,0x981e7512e87d2f7228d3f03b65950eb6a1b21bac,2026-01-13 17:38:47.000 UTC
0.03,0x500a3a68a1638833b6420de9ec4e6b9c945bb3a3,2026-01-13 14:23:35.000 UTC
0.01242,0x9173d354582a803ce104ba181db38ef8baf5a73d,2026-01-13 12:28:11.000 UTC
0.01,0x9300583051ce99b0e7dc9bafe76b3c508750e944,2026-01-13 11:40:23.000 UTC
0.02,0x0cbe6434b754469ef89f7e3763fc2991979b8316,2026-01-13 08:06:11.000 UTC
0.04,0x487bf8912b3737422f06a8c6601c3420a0a0dac5,2026-01-12 21:40:11.000 UTC
0.01,0x5d4c08615d56ce3afad38a73b8f006a939452050,2026-01-12 15:21:23.000 UTC
0.045,0x8e5845128e29b90d92080ce61d4c52dc312c689f,2026-01-11 21:30:47.000 UTC
0.105,0x643e64de122cd40dc9ab4e92ce0d3f39aeec5696,2026-01-11 13:56:11.000 UTC
0.4,0xc3a139b47dd4e4978822b347930c47c8a9e99d2f,2026-01-11 07:08:59.000 UTC
0.035,0xf784d019ec1c68301e5f2cbe92dbf18df8031a7c,2026-01-10 14:47:11.000 UTC
0.02,0xaf0f557a9a7e84bdd02adbc14962df2789d95d4e,2026-01-10 12:36:35.000 UTC
0.01,0x7b1906017f42ea75cdc7002645735e8dc21dc021,2026-01-10 07:16:59.000 UTC
0.22088,0x07b3fa83c50a56a8d396c547f952932d045a43c3,2026-01-10 00:49:47.000 UTC
0.24002,0x7b759eff7976aa5757eea2b0e5eb94a19316b2a5,2026-01-10 00:48:35.000 UTC
20.30005,0xf394654700e1ffc93a8a09ce87d4b3a34b9cccc9,2026-01-10 00:47:47.000 UTC
20.28982,0x1441be80efa45553713cd363a700ff3da3cd37db,2026-01-10 00:46:23.000 UTC
20.08102,0x07b3fa83c50a56a8d396c547f952932d045a43c3,2026-01-10 00:44:35.000 UTC
21.82097,0x7b759eff7976aa5757eea2b0e5eb94a19316b2a5,2026-01-10 00:42:23.000 UTC
0.03,0xf784d019ec1c68301e5f2cbe92dbf18df8031a7c,2026-01-09 23:05:59.000 UTC
0.04,0xdf117cff30404e85c5dce983b972ef2fb9523345,2026-01-08 20:33:35.000 UTC
0.04,0xbda88b183468ee37ec7c9a27a52fca5859bb9d53,2026-01-08 16:55:11.000 UTC
0.05,0x7c16ece9f1a4de5a3afa455492e3afd9c98f36be,2026-01-08 16:40:47.000 UTC
0.03285,0xc81eac1de9491826dc112d32f826725111366bc8,2026-01-08 14:59:47.000 UTC
0.3,0x861fe1a83bd48600bc376b101f4a6d92b5801a73,2026-01-08 03:09:23.000 UTC
0.3,0x69aa4b1c616c9f2a08d57bc8809a199d07c978c0,2026-01-08 02:14:59.000 UTC
0.05,0x866f19803cfa22aa7043d744edf7e281b69e693a,2026-01-07 23:38:35.000 UTC
0.14831,0x6b6e87c037aa8c3a50a5010d8704bc5ea5c3d3ad,2026-01-07 18:17:23.000 UTC
0.03,0x147037f0d4805a7582c381424e1705b2f45cda89,2026-01-07 17:36:23.000 UTC
0.46423,0x759e2aff11ddccf572992847ce41b852dbf209de,2026-01-07 14:08:35.000 UTC
0.41049,0xf6f9d089ca37f510fdd5ce57b3dcb9311b3c787f,2026-01-07 13:22:11.000 UTC
0.15597,0x6b6e87c037aa8c3a50a5010d8704bc5ea5c3d3ad,2026-01-07 11:16:23.000 UTC
0.0155,0xd71c4ae92a7ea2242beb69bf0a6f26a578fc09c3,2026-01-07 08:32:11.000 UTC
2.43,0xfe26421851be7d7ca50c941f7408981c403bda64,2026-01-07 08:17:35.000 UTC
0.4,0xc8d5e99b361deec9cf26af0954c365ef65ab7069,2026-01-07 04:05:59.000 UTC
1.0,0xc8d5e99b361deec9cf26af0954c365ef65ab7069,2026-01-07 04:02:23.000 UTC
0.5,0x9388a7724a7bca83a67234ab6fa42398f52dc1e1,2026-01-06 16:17:59.000 UTC
1.0,0xe87c851a79d6b0ce84df3e7b65c00545de5d018e,2026-01-05 21:03:11.000 UTC
0.8,0xc7b438bdcb4bccfd66021e4c37ba9a55139bc509,2026-01-05 18:40:23.000 UTC
0.2,0xc7b438bdcb4bccfd66021e4c37ba9a55139bc509,2026-01-05 17:19:47.000 UTC
9.0,0x9388a7724a7bca83a67234ab6fa42398f52dc1e1,2026-01-05 14:18:11.000 UTC
1.0,0x9388a7724a7bca83a67234ab6fa42398f52dc1e1,2026-01-05 13:03:23.000 UTC
1.265,0x809eb4328d9c36e8e6f14e80c716b9874e0b2017,2026-01-05 09:44:47.000 UTC
0.5,0x44c466f3c93c0890e9f3baf33265976a9096b9a3,2026-01-05 05:47:23.000 UTC
0.055,0xf28a3dd854d9b583cb98ef20378899150d106c74,2026-01-04 21:52:11.000 UTC
0.258,0x34b8028d3917a74059b328f3e99662181a283084,2026-01-04 20:54:11.000 UTC
12.0,0x6ff9ea2f15c6cc7269248e6ed2acb4023a76c3be,2026-01-04 17:59:59.000 UTC
0.01,0x809eb4328d9c36e8e6f14e80c716b9874e0b2017,2026-01-04 12:56:35.000 UTC
0.1,0xe0fc323e27383142c7b5aa6ff643e7fdad28b093,2026-01-04 10:52:35.000 UTC
2.83127,0xeef1df20b597de3f9127664f4b24732248128413,2026-01-04 08:50:11.000 UTC
0.3,0xf94e5cdf41247e268d4847c30a0dc2893b33e85d,2026-01-04 01:18:35.000 UTC
0.02852,0xd0f08d8dcb6432c563c653ee478267cb772c742f,2026-01-03 22:33:47.000 UTC
0.1,0xeae1a9aa70799e14bf215b0ce2ff01eba7338bea,2026-01-03 19:08:23.000 UTC
0.181,0xc2d2cbcd2f0a04b89283cd4a40301ab55a2393ab,2026-01-03 17:20:59.000 UTC
1.70067,0x2ac9c973189f42a3f1bb854f031a7fca9d9cb69d,2026-01-03 15:59:11.000 UTC
2.5948,0xd0f08d8dcb6432c563c653ee478267cb772c742f,2026-01-03 12:03:59.000 UTC
0.69332,0x2b0d0023aa822a35943738c5dcc1061977ac020b,2026-01-03 10:52:47.000 UTC
1.0,0xeb6bea6f917124233dcc2b046d8bd64897ce0ced,2026-01-03 09:39:47.000 UTC
0.07339,0x572952fb4de93caae266520136ca2549398ccf58,2026-01-03 07:29:59.000 UTC
0.01,0x37c8b4eb63de633ad36ee0d98c7bf7932dc2789f,2026-01-03 01:34:11.000 UTC
1.83,0xbe440d2ec05c4a66b1cc5a4b6ee29ebe945a72e4,2026-01-02 22:42:59.000 UTC
0.10811,0x2b0d0023aa822a35943738c5dcc1061977ac020b,2026-01-02 17:42:11.000 UTC
0.01,0x2b0d0023aa822a35943738c5dcc1061977ac020b,2026-01-02 17:05:35.000 UTC
0.1,0xa556a5a50d2c786617263414878214a9159d1433,2026-01-02 16:35:59.000 UTC
0.012,0xfeb5a1279abad1cbd4b9f4118b3ecfb9dda9c59e,2026-01-02 16:05:23.000 UTC
10.0,0xf49559a962d46b02b49a70320cbbdf2cc7ba40a7,2026-01-01 18:00:23.000 UTC
0.19304,0x6152cf1b5f3e61b1aa956ff64efa1453b30b4c6b,2026-01-01 16:36:47.000 UTC
0.01,0x71b62f151ab50782a61eccc1afdc2d673d6652ca,2026-01-01 15:34:35.000 UTC
0.815,0xedb95c4cb1e51b8b75f5100ee37d729cfd3eff35,2026-01-01 12:04:47.000 UTC
0.04504,0xb700295c5221eff055ea2e254ab5a44005166fbb,2025-12-31 20:43:35.000 UTC
0.035,0x6d79ade3f835cf7b24b74af9fda542fc941c0579,2025-12-31 19:17:35.000 UTC
0.627,0x3107c8c74077243bbc030326d0826b461a3c2a2a,2025-12-31 17:29:47.000 UTC
0.25,0xee355e1ea27ff2ce850756e0fbcbb441bbfe229f,2025-12-31 17:10:23.000 UTC
0.35,0x1f22a0dfb910ea82afb860e14408e9837f364a68,2025-12-31 16:56:35.000 UTC
0.83005,0x246b505f35eeadf3137bf99ba7936e7a386e2026,2025-12-31 15:20:35.000 UTC
0.115,0x6b6e87c037aa8c3a50a5010d8704bc5ea5c3d3ad,2025-12-31 13:10:47.000 UTC
0.02,0xe0fc323e27383142c7b5aa6ff643e7fdad28b093,2025-12-31 12:54:11.000 UTC
1.0,0x8ae4c29c97a9dfba7a4440c6336a7d37eba0e12c,2025-12-31 06:15:23.000 UTC
0.1,0x3107c8c74077243bbc030326d0826b461a3c2a2a,2025-12-30 13:20:35.000 UTC
0.12782,0x73c9d6a8df43b49d2a4bd3cb941bf2ecffe54f77,2025-12-30 13:03:47.000 UTC
0.1,0x3107c8c74077243bbc030326d0826b461a3c2a2a,2025-12-30 12:44:11.000 UTC
0.08,0xae562fd4fdd1e5b09bb15c8bb35bb5a25d3b06e9,2025-12-30 10:09:47.000 UTC
0.4,0x9886fd1897ebdcbf8c39c4f9fc8e3167fc5c7e85,2025-12-30 07:35:59.000 UTC
2.024,0x84c40718ec7afa0a4df9b3bfec25f5eb16512f19,2025-12-30 05:46:59.000 UTC
0.011,0x04d56f98c953acbc5d3202642b3c9b9c64f0b225,2025-12-30 05:11:35.000 UTC
2.05,0xd7c3e89f7a42216a187effa0ee26c1492493b705,2025-12-30 04:47:11.000 UTC
0.01,0xbacf93aa8a67d8f046a0601dee24a5cb4d49ada5,2025-12-30 03:56:59.000 UTC
0.05,0x6b6e87c037aa8c3a50a5010d8704bc5ea5c3d3ad,2025-12-29 23:38:23.000 UTC
0.1,0x6b6e87c037aa8c3a50a5010d8704bc5ea5c3d3ad,2025-12-29 23:34:47.000 UTC
0.1,0x5828fc02004d9d608480fa8221fa16cbe1e48b49,2025-12-29 19:13:11.000 UTC
0.1,0x5828fc02004d9d608480fa8221fa16cbe1e48b49,2025-12-29 19:11:35.000 UTC
0.1,0x0cebc523d6399df26bec5724851677ba1ce723a5,2025-12-27 18:04:11.000 UTC
0.74659,0x93e1308337f667056029702334a73f1d1183a36d,2025-12-27 15:07:47.000 UTC
0.1,0xd664637671a42a9b7248af9bb6c6346defc44032,2025-12-27 13:47:59.000 UTC
0.02,0x6b6e87c037aa8c3a50a5010d8704bc5ea5c3d3ad,2025-12-27 10:09:59.000 UTC
0.03,0x9d5858fcf5b121aa42b4d6c21f6d104e08f06c5c,2025-12-26 13:44:35.000 UTC
0.01,0xd13cf36b646adcad473523f7b32baa74f4f8f502,2025-12-26 11:41:23.000 UTC
0.01,0x6b6e87c037aa8c3a50a5010d8704bc5ea5c3d3ad,2025-12-26 09:56:23.000 UTC
0.06,0xabc9ca6802dd9427713efac78914368a1f5b7f10,2025-12-26 04:43:59.000 UTC
0.35,0x1d90899e3b283a51ed825dd388a6f825a89f70c3,2025-12-25 23:47:47.000 UTC
0.508,0xd56fc76b37e0086998a6690841d893e508552250,2025-12-25 22:34:35.000 UTC
0.05,0xb14fa11230e7481065715031121543db723cc45e,2025-12-25 21:31:59.000 UTC
4.1,0x93e1308337f667056029702334a73f1d1183a36d,2025-12-25 13:37:23.000 UTC
10.0,0x8c3e53d3b31a222d9af761513ddb9635206de815,2025-12-25 13:17:47.000 UTC
0.3,0x1d90899e3b283a51ed825dd388a6f825a89f70c3,2025-12-24 17:14:23.000 UTC
0.3579,0x8922e633a83c01d7df56c1863e1027db8c705755,2025-12-24 15:15:23.000 UTC
9.0,0xf49559a962d46b02b49a70320cbbdf2cc7ba40a7,2025-12-24 08:36:47.000 UTC
0.01,0xb26cd7e2164723f31fd381d18242da0897c1e205,2025-12-23 15:12:11.000 UTC
0.2,0x46f2ade9d359e19c7edfdf99289f2d8f16f66872,2025-12-23 14:34:11.000 UTC
1.0,0xf49559a962d46b02b49a70320cbbdf2cc7ba40a7,2025-12-23 12:22:59.000 UTC
0.0199,0x51adf197a091afcd2af5e73a4828257988fbb65d,2025-12-23 11:28:23.000 UTC
0.01,0x9d5858fcf5b121aa42b4d6c21f6d104e08f06c5c,2025-12-23 02:55:23.000 UTC
0.01876,0x1d3fa7a111cfe0921ccecfb0afbdaa8496cfee7f,2025-12-22 20:32:47.000 UTC
0.3,0xfb5e8a587733e1a8700e1d448f97a12bab4ad4ea,2025-12-22 18:00:59.000 UTC
0.09476,0xfe584841ef1fc630b1495e945d339c30637bede9,2025-12-22 17:19:23.000 UTC
0.065,0x3adb4815dc8e8f41183f13e131a91583a0b4a81f,2025-12-22 09:22:35.000 UTC
1.0,0x6b6e87c037aa8c3a50a5010d8704bc5ea5c3d3ad,2025-12-22 09:00:35.000 UTC
0.012,0x500a3a68a1638833b6420de9ec4e6b9c945bb3a3,2025-12-21 13:37:47.000 UTC
0.53296,0x7799cddc48f14b0c884a99c9cf2d90af820cdad0,2025-12-19 19:12:35.000 UTC
0.01,0x7d7b8c8ea0a0ab66ab74f606035f253c6ab48b50,2025-12-19 11:16:47.000 UTC
0.1,0xb6968410575b7742bea3bb0d848296cb9d925a4e,2025-12-19 04:43:11.000 UTC
0.44,0x69aa4b1c616c9f2a08d57bc8809a199d07c978c0,2025-12-19 01:39:11.000 UTC
0.07341,0x6b6e87c037aa8c3a50a5010d8704bc5ea5c3d3ad,2025-12-18 18:49:47.000 UTC
0.1,0x5dcb5f4f39caa6ca25380cfc42280330b49d3c93,2025-12-18 17:26:35.000 UTC
0.25,0xbcd00ac6954a9e5c2c2913de5f52139fa07020f6,2025-12-18 17:03:35.000 UTC
0.104,0x14b9ebe357ccdce556d685a5a29a1c48b0ff1d2d,2025-12-18 11:12:11.000 UTC
0.125,0xbcd00ac6954a9e5c2c2913de5f52139fa07020f6,2025-12-18 06:39:59.000 UTC
0.1,0x1ee601bc78834654d63ff93a76285430e6df535a,2025-12-18 05:03:23.000 UTC
0.01005,0x8d90a4fe233c2e5f59ee8180ac497a6c1749d0f7,2025-12-18 03:49:23.000 UTC
2.4,0xc8d5e99b361deec9cf26af0954c365ef65ab7069,2025-12-18 03:12:11.000 UTC
0.01,0x4b06ae0053d3e7176becc5abfebcb53b4809cf5d,2025-12-18 00:48:11.000 UTC
0.08,0xdcec0c39b74b14fb65674c27f917114cd80f3a66,2025-12-17 23:08:47.000 UTC
0.125,0xbcd00ac6954a9e5c2c2913de5f52139fa07020f6,2025-12-17 19:47:11.000 UTC
0.071,0x9bb9f31abe979bb541a1d15cf48e9082845ef25d,2025-12-17 17:51:23.000 UTC
0.5,0xfb8429acbe7854b27ad20100da2157af0d76e7cd,2025-12-17 17:08:59.000 UTC
0.01,0xac0e9e5c1f28a6bbcb717fd38d3f3e078ece2697,2025-12-17 15:55:47.000 UTC
0.01,0xde5cbe25c58c49ee7635216de6998f8dacd63b96,2025-12-17 13:58:11.000 UTC
0.01,0x02c84f1e9812c45a08ab8612989581a69541c1a4,2025-12-17 11:22:47.000 UTC
0.745,0x39ebf36997fdbc2a74c97f360dfa4f8a2eb423f0,2025-12-17 10:04:35.000 UTC
0.1,0xa05ee11735d861afa66bf06004cb61f7370b1d2e,2025-12-17 10:02:35.000 UTC
0.1,0x0ff9edad904cf7e241fb6336cd2cdbfe4219ef1a,2025-12-17 09:16:47.000 UTC
0.1,0x39ebf36997fdbc2a74c97f360dfa4f8a2eb423f0,2025-12-17 09:14:59.000 UTC
0.101,0xab155528373cfe1c179067b0945d3b424a3f9fb7,2025-12-16 12:44:35.000 UTC
0.3,0x42eefbc05794e71a0f7e7b63e5ecb52320345ebe,2025-12-16 04:44:23.000 UTC
0.015,0xac0e9e5c1f28a6bbcb717fd38d3f3e078ece2697,2025-12-16 04:28:11.000 UTC
5.0,0xcf7d504212180d754e0bca03e21611be2b23b6ab,2025-12-16 00:20:23.000 UTC
0.15,0xb66084e030ed88281e7b52e2e9bdb7d6caee1e87,2025-12-15 15:09:59.000 UTC
0.065,0x9bb9f31abe979bb541a1d15cf48e9082845ef25d,2025-12-15 13:43:59.000 UTC
0.03436,0x617dc7a3a95a9d7ece0c99ca5f72d52b53309325,2025-12-15 11:35:47.000 UTC
0.10597,0x61d3f5f3b51b386a8d3c7de7b90c2df3ed1234c2,2025-12-14 22:26:35.000 UTC
0.0709,0xb2d1d4d9bfdfaefe2e176895820d2c6969035a0b,2025-12-14 21:51:23.000 UTC
0.11,0xfc5c5ab8042e416869ea4d8b35a6182c9bf14f15,2025-12-14 15:56:35.000 UTC
1.0,0xd1e1b37b0001d2ac74de1bf0de3eec83082310e8,2025-12-13 14:20:11.000 UTC
0.85434,0xd10446883908f1f2f27f2f519672e27bff4c3380,2025-12-13 14:06:11.000 UTC
0.01,0xae27cdc71587ed382e402e5ffbfadba53bba24d8,2025-12-13 02:17:59.000 UTC
11.11,0x03f3c0affb4e135dfa3b61247cb6c7f7d7dd0888,2025-12-12 23:49:47.000 UTC
0.01,0x0ff9edad904cf7e241fb6336cd2cdbfe4219ef1a,2025-12-12 11:06:11.000 UTC
0.13,0x617dc7a3a95a9d7ece0c99ca5f72d52b53309325,2025-12-12 10:58:35.000 UTC
0.01,0x6b6e87c037aa8c3a50a5010d8704bc5ea5c3d3ad,2025-12-12 01:45:35.000 UTC
0.1,0x6b6e87c037aa8c3a50a5010d8704bc5ea5c3d3ad,2025-12-12 01:44:35.000 UTC
0.775,0x8c0c9b3164aff16be9fa122f51dbfdb369400de3,2025-12-11 20:29:35.000 UTC
0.01539,0x21bc7fbf89b07e318dce55676bff0c3ff5edb948,2025-12-11 20:06:59.000 UTC
0.1,0x000f4432a40560bbff1b581a8b7aded8dab80026,2025-12-11 15:24:47.000 UTC
0.025,0xe18b3f9f635be661253c076aca15b517408c9b4c,2025-12-11 12:32:47.000 UTC
0.35,0xd10446883908f1f2f27f2f519672e27bff4c3380,2025-12-11 11:21:59.000 UTC
0.25,0x0f48669b1681d41357eac232f516b77d0c10f0f1,2025-12-11 10:29:11.000 UTC
0.01,0x147037f0d4805a7582c381424e1705b2f45cda89,2025-12-11 09:13:23.000 UTC
0.01,0x6bdbefdcf7ce75fd0a46d4fba56160bb2cfcb553,2025-12-11 08:26:23.000 UTC
0.09,0xf0f0e06e4c9c3ad4eb5f5a3eb5c9b2334a40c661,2025-12-11 07:43:11.000 UTC
0.25,0x0f48669b1681d41357eac232f516b77d0c10f0f1,2025-12-11 07:35:11.000 UTC
0.02,0x91d0ccca243695fcd106a032884f5cbb2f5573f3,2025-12-11 07:34:23.000 UTC
0.1056,0xa48ddceea52468e8b00030573d6a2033c2015ea2,2025-12-10 22:53:23.000 UTC
0.01,0x147037f0d4805a7582c381424e1705b2f45cda89,2025-12-10 19:55:47.000 UTC
0.3,0xe8188617f1c2357a4ac2bd150b6a42d555264070,2025-12-10 09:21:23.000 UTC
0.01,0xde05e62ec951d60e0b7906030a9e5abdd2cbec86,2025-12-10 08:44:11.000 UTC
0.16633,0x47fb2c0e737c28bcb7abec64956ef694e7328116,2025-12-10 05:34:59.000 UTC
1.20774,0xae3137328911c50dc9baa9f329f1403a12c1e704,2025-12-10 01:03:35.000 UTC
0.01,0x8452f039e833b68ef48fe137d57854fc1c2e3337,2025-12-09 21:13:11.000 UTC
5.0,0x84f2f5c42193b917ed0569393e90a7ff8f93a7a5,2025-12-09 18:42:59.000 UTC
5.0,0x84f2f5c42193b917ed0569393e90a7ff8f93a7a5,2025-12-09 18:09:11.000 UTC
1.0,0x84f2f5c42193b917ed0569393e90a7ff8f93a7a5,2025-12-09 17:17:47.000 UTC
8.0,0x03bb4cda9ad6b741113f67db273015ed24bf718d,2025-12-09 16:29:23.000 UTC
1.5,0x03bb4cda9ad6b741113f67db273015ed24bf718d,2025-12-09 16:15:23.000 UTC
0.1,0x7b2ee663615934a4ae2fbed316e55847e9e2df04,2025-12-09 07:29:35.000 UTC
0.01,0x807aa4a4af16f7a354ebd52477a36aa6e55fd42f,2025-12-09 07:11:11.000 UTC
0.011,0x2f7c3cd533652bd6a2dc7a3e4daa989e60295a40,2025-12-09 05:58:47.000 UTC
0.01,0x26e00831d908d352c36390b01747895cd99b9569,2025-12-09 02:24:23.000 UTC
0.01,0x03bb4cda9ad6b741113f67db273015ed24bf718d,2025-12-08 22:07:59.000 UTC
1.0,0xbfec541d2780398423cdb7d27c1ec8e43f332050,2025-12-08 17:47:11.000 UTC
0.1,0xa05ee11735d861afa66bf06004cb61f7370b1d2e,2025-12-08 13:40:47.000 UTC
0.49831,0x23776e53ac37883f4128ab0a0dd075427d1b097a,2025-12-08 12:08:11.000 UTC
0.1,0x14db914aec49981153c7b16bf85d2ac997c34133,2025-12-07 23:28:35.000 UTC
0.12,0x0954a11afb6a06e545399db4965101d1db7147eb,2025-12-07 18:00:11.000 UTC
0.11,0xa00fb65fb1cfb7573ef5630b01433c7c64463310,2025-12-07 16:45:11.000 UTC
0.01,0x3e5b0b828181b94387b8f95b3b019ae60565b192,2025-12-07 15:48:59.000 UTC
0.11,0x2cf56caa7017c664388d8f605668600cdbeb8eec,2025-12-07 15:46:23.000 UTC
0.1,0xc4747fb2c3c3a4555c65965c3d68332bc298ad62,2025-12-07 12:52:35.000 UTC
2.0,0x24c46b1ab91e5a7ad8d0be1de9f23de4e99850b3,2025-12-07 12:04:23.000 UTC
0.01,0x6b6e87c037aa8c3a50a5010d8704bc5ea5c3d3ad,2025-12-07 09:01:11.000 UTC
0.05,0x6b6e87c037aa8c3a50a5010d8704bc5ea5c3d3ad,2025-12-07 09:00:35.000 UTC
0.1,0x6b6e87c037aa8c3a50a5010d8704bc5ea5c3d3ad,2025-12-07 08:59:11.000 UTC
0.1,0x6b6e87c037aa8c3a50a5010d8704bc5ea5c3d3ad,2025-12-07 08:58:35.000 UTC
0.1,0x6b6e87c037aa8c3a50a5010d8704bc5ea5c3d3ad,2025-12-07 08:57:59.000 UTC
0.5,0x6b6e87c037aa8c3a50a5010d8704bc5ea5c3d3ad,2025-12-07 08:57:23.000 UTC
0.03,0xda5930dc7c0022ecf9a084120df232c24e54ddab,2025-12-06 21:34:35.000 UTC
0.03898,0xbe9ba50e097fb5a198369800b00e1f523ebaa069,2025-12-06 19:59:59.000 UTC
0.02778,0x99ee664abbe926d7ef3ed66b490d296a30a706c2,2025-12-06 19:34:35.000 UTC
3.0,0x634f22ceb7f99fb507e14e7ec3a658b09e85e998,2025-12-06 18:37:11.000 UTC
0.01,0x84f2f5c42193b917ed0569393e90a7ff8f93a7a5,2025-12-06 15:01:11.000 UTC
0.2,0x9c303de078c7252964059cb252d0dce2bdaa568f,2025-12-06 14:12:23.000 UTC
0.01,0x330c4fbda3b1a47088934289cf6039b5bab20e45,2025-12-06 08:20:47.000 UTC
0.01,0x0a5e1db3671faccd146404925bda5c59929f66c3,2025-12-05 05:25:35.000 UTC
0.66332,0x6b6e87c037aa8c3a50a5010d8704bc5ea5c3d3ad,2025-12-05 02:17:11.000 UTC
0.05,0x147037f0d4805a7582c381424e1705b2f45cda89,2025-12-05 00:09:35.000 UTC
0.02852,0x57d35153f593b86dd9e35819350762d1a1b37a51,2025-12-04 18:48:47.000 UTC
0.05,0x147037f0d4805a7582c381424e1705b2f45cda89,2025-12-04 17:35:11.000 UTC
0.01,0x8ea42a3334e2aab7d144990fda6afe67a85e2a5c,2025-12-04 17:03:47.000 UTC
0.15,0x7421241114845637171654742547783342785642,2025-12-04 16:37:59.000 UTC
0.05,0x147037f0d4805a7582c381424e1705b2f45cda89,2025-12-04 09:46:47.000 UTC
0.01,0x1f4fe25cf802a0605229e0dc497aaf653e86e187,2025-12-03 23:41:47.000 UTC
0.01,0x97b0351ef890312e5ebf68a85ded7aebdcc1f289,2025-12-03 21:12:35.000 UTC
0.09,0x6b6e87c037aa8c3a50a5010d8704bc5ea5c3d3ad,2025-12-03 21:02:11.000 UTC
0.01,0x47fb2c0e737c28bcb7abec64956ef694e7328116,2025-12-03 19:42:11.000 UTC
0.01,0x929d0ef6c8f7a942f2efab0c1874f8d17b3825b8,2025-12-03 17:34:59.000 UTC
0.01,0x6b6e87c037aa8c3a50a5010d8704bc5ea5c3d3ad,2025-12-03 15:18:35.000 UTC
0.01,0x6b6e87c037aa8c3a50a5010d8704bc5ea5c3d3ad,2025-12-03 15:17:59.000 UTC
0.01,0x6b6e87c037aa8c3a50a5010d8704bc5ea5c3d3ad,2025-12-03 15:17:35.000 UTC
0.01,0x6b6e87c037aa8c3a50a5010d8704bc5ea5c3d3ad,2025-12-03 15:16:35.000 UTC
0.05,0x6b6e87c037aa8c3a50a5010d8704bc5ea5c3d3ad,2025-12-03 15:14:35.000 UTC
0.1,0xe86e325c60d1c69f6020bdf54cd17bd715db3156,2025-12-03 14:11:23.000 UTC
0.01,0x20309eb9080288e31ab1161366af6639f04d593e,2025-12-03 11:30:59.000 UTC
0.37087,0xe107cf800e4582eb239d7ffe6b476a202338b7e6,2025-12-03 05:27:59.000 UTC
0.07652,0x348ad36f7be4bf0c2972a1e1e610c71c59db91f8,2025-12-03 05:00:59.000 UTC
0.011,0x63520e14105bab5aa1b5f1c5d6d1f8330ef3f7ff,2025-12-03 01:44:11.000 UTC
0.012,0x5794d7b187cf3333555a3f5c3e9edfe1059dbb9d,2025-12-03 01:30:23.000 UTC
0.01,0x61d3f5f3b51b386a8d3c7de7b90c2df3ed1234c2,2025-12-02 23:40:23.000 UTC
2.01,0xec39be1abce3f9af3a6a5a738bcdf915e07fb4fe,2025-12-02 21:37:23.000 UTC
0.05,0x800cc9a4ffb9757d1dcfd7a350c4ebcd147cf589,2025-12-02 17:05:23.000 UTC
0.01,0x7111825978ada813174b2adcd881a0b92b0145d1,2025-12-02 16:39:11.000 UTC
0.011,0x72756f239d3fb5041ff9ce821edc530bb04ae42a,2025-12-02 16:16:11.000 UTC
0.01,0x9d6afd439c51e5229e0b5486541930c8f04c52d8,2025-12-02 14:54:59.000 UTC
0.11,0x9c6ca9a5b23160691d4fe97ea0c8a684481c4393,2025-12-02 13:42:59.000 UTC
0.01,0x500a3a68a1638833b6420de9ec4e6b9c945bb3a3,2025-12-02 11:37:23.000 UTC
0.105,0xfba844a727ef567bc13bbe4e37174512098e8adb,2025-12-02 11:34:35.000 UTC
0.1,0x42eefbc05794e71a0f7e7b63e5ecb52320345ebe,2025-12-02 10:47:59.000 UTC
0.01,0x5073617d7fad626f14b74bee63f4b3c2afba0d7d,2025-12-02 06:26:59.000 UTC
0.01,0x8b147c4db4e2616c0bacfb29f5c61589bc0de4dc,2025-12-02 04:16:23.000 UTC
0.08327,0xe3dc8eba0b46ff2a1e67b4d5c9584c60c2b38535,2025-12-01 22:40:11.000 UTC
0.71,0xfdd74a62b2d405f70246a4ca6bfb3488c8e9a00b,2025-12-01 21:57:47.000 UTC
0.51,0x62ece183f6343332a8b7207e7ac16ba60bc86804,2025-12-01 21:55:47.000 UTC
0.61,0xe0e9aaf27993f96735fc91a9d89c8207a4d2da6c,2025-12-01 21:28:47.000 UTC
0.61,0x63fd43a809087567646c76995700043b46c19625,2025-12-01 21:17:23.000 UTC
0.41,0x2c9715380fe5b6adaa26afc00681cd6ba3ec04c1,2025-12-01 21:10:35.000 UTC
0.11,0xeb3fee22663888e3e0e1fc2a940f2cc3847a49f3,2025-12-01 20:17:59.000 UTC
1.0,0x8c3e53d3b31a222d9af761513ddb9635206de815,2025-12-01 18:19:35.000 UTC
0.1,0xab0ae2060f41d4c512a8b02273231578b140f938,2025-12-01 18:10:47.000 UTC
0.1,0x102913b942b33b55205cb5f1d91af18b4bfeae0a,2025-12-01 13:02:23.000 UTC
0.1,0x808a07b98aeb8af51087710b75aef427bc84ffd1,2025-12-01 12:32:59.000 UTC
0.10146,0xf267a43c4447fcf603f02a3082fa41b5c4282625,2025-12-01 11:34:59.000 UTC
0.02,0x45c9a201e2937608905fef17de9a67f25f9f98e0,2025-12-01 02:46:23.000 UTC
0.011,0x63520e14105bab5aa1b5f1c5d6d1f8330ef3f7ff,2025-12-01 02:44:11.000 UTC
0.02,0x8c03c14826aa7458b1417c02cfcbc3e4cc2eb232,2025-11-30 19:00:35.000 UTC
0.1,0x7b007e8c0f77b50bec8009f0e97f523dba6fe506,2025-11-30 16:07:47.000 UTC
5.20168,0xad8271d888d415aa01c02b49aab0d4d9c855de96,2025-11-30 14:41:47.000 UTC
1.0,0xad8271d888d415aa01c02b49aab0d4d9c855de96,2025-11-30 13:20:47.000 UTC
0.01,0xfc6990f20e9eaeeda99adc8e7e30dcd328199775,2025-11-30 11:15:23.000 UTC
0.01,0xf766698fbfc3cded2417b5244550a4293274e0f8,2025-11-30 10:21:47.000 UTC
5.0,0xc8d5e99b361deec9cf26af0954c365ef65ab7069,2025-11-30 08:49:23.000 UTC
0.01,0x9e02e1440c2e3b6578b4f902f0a4a1d537c17d55,2025-11-30 03:22:47.000 UTC
0.04,0x8c03c14826aa7458b1417c02cfcbc3e4cc2eb232,2025-11-30 01:17:23.000 UTC
0.01,0xac0e9e5c1f28a6bbcb717fd38d3f3e078ece2697,2025-11-29 22:10:59.000 UTC
0.015,0x0b88fbab804e374db88984f9114fb7e41049b41a,2025-11-29 21:38:11.000 UTC
0.21992,0xb49c12373edf3ead7694b0a1e84c1628cb6fec50,2025-11-29 21:13:23.000 UTC
1.0,0x4f4d62767521f441a453d37fdbcc8de1c3915c8b,2025-11-29 16:38:47.000 UTC
0.01,0x6b6e87c037aa8c3a50a5010d8704bc5ea5c3d3ad,2025-11-29 15:16:35.000 UTC
0.1,0x6b6e87c037aa8c3a50a5010d8704bc5ea5c3d3ad,2025-11-29 15:14:35.000 UTC
0.1,0xec386fe0136efc8821186183e217e448f0fa235e,2025-11-29 14:33:11.000 UTC
0.01,0x667ac63c76dda80c59ea6d6d65c6179946e917c7,2025-11-29 12:57:11.000 UTC
0.01,0x0bcf5db3a43413f85c49c512466383923f970841,2025-11-29 10:10:47.000 UTC
0.01,0x4030bd81e3ed2691d5c1f886c79777558549ea7d,2025-11-29 10:00:59.000 UTC
0.01,0x568352e1b7e7a6ef1b7121407701409ddd5b4ab7,2025-11-29 09:56:59.000 UTC
0.01,0x40591af14444785c35fa29b4ccd2610aa26e9930,2025-11-29 09:50:59.000 UTC
0.018,0x1778e8afabc248bb723e0287fc752f5f4b38add9,2025-11-29 09:23:23.000 UTC
0.01,0x6309dac268ff8f19a1a073e24f4126b44ef5b76c,2025-11-29 09:18:47.000 UTC
0.01,0xc0a55b2ed78245b428a2321f4062d05512fd9a8b,2025-11-29 08:43:59.000 UTC
0.01,0xa4b24d30313c1de69312a593cc5f777a74056248,2025-11-29 08:41:11.000 UTC
0.01,0x8222bc34e3d36d692f6aae7531fc64493652bf69,2025-11-29 08:30:35.000 UTC
0.01,0xe2776c1cd1cd9d724902fcef92fb0b767f14a1cd,2025-11-29 08:23:23.000 UTC
0.01,0xbefe04020550a5bf9f850cfdf6cabab5be22dfcc,2025-11-29 08:16:59.000 UTC
0.01,0x79d30a6d1c20caadec85a56f2e6331e0070cc372,2025-11-29 08:00:11.000 UTC
0.01,0x5f939ab4b28b91919f2e86e7a48d01cabdcb29c8,2025-11-29 07:10:11.000 UTC
0.01,0xb2494d1b25765f073293498acd7bcf9fcd82a5cf,2025-11-29 07:04:47.000 UTC
0.01,0x1a6e194f3fb69a1f8ed0873525e9136c8c305481,2025-11-29 06:56:11.000 UTC
0.01,0x3525e6adc5346f01e1872396e2e3df659add1a29,2025-11-29 06:52:23.000 UTC
0.01,0xc26b198364e2e3d12aa055d6a11d2255752805a3,2025-11-29 06:48:35.000 UTC
0.01,0x1196a02239694cd125766d8a8a79ba8230987f60,2025-11-29 06:16:35.000 UTC
0.01,0x199b0281fac282a983bd4b01be6c8efa9567ded0,2025-11-29 06:11:47.000 UTC
0.01,0x8536bdf0cb616068ab3c59a90128ecd7eb526634,2025-11-29 06:08:35.000 UTC
0.01,0xa6798f77c9094b2b94fa59478c90e35ca8eaa2d6,2025-11-29 06:03:23.000 UTC
0.01,0x305032419af50a4d1b6514898a5417b7097fc024,2025-11-29 05:59:47.000 UTC
0.01,0xa3a95047c628ba3356c8c110fb9741d171193622,2025-11-29 05:51:35.000 UTC
0.01,0x9f7f7823d3393af41af9769b1d618ab884c2a2eb,2025-11-29 05:26:47.000 UTC
0.01,0x01004bea6919b67c1475756ea75019f3bdc40679,2025-11-29 05:03:23.000 UTC
0.012,0xebdf3b5e96a092469d5424b091acdd14fd407781,2025-11-28 21:25:11.000 UTC
0.02,0xfe584841ef1fc630b1495e945d339c30637bede9,2025-11-28 16:59:35.000 UTC
0.05,0xf0b6cc63d18cee6a8cb896e28e044fe5ccd82045,2025-11-28 16:35:23.000 UTC
0.05,0xf0b6cc63d18cee6a8cb896e28e044fe5ccd82045,2025-11-28 16:33:35.000 UTC
0.01,0x7678298728816428dfa2bfe8e7c53ea494bd6aad,2025-11-28 16:28:59.000 UTC
0.1,0x8c3e53d3b31a222d9af761513ddb9635206de815,2025-11-28 16:15:35.000 UTC
0.1,0x147037f0d4805a7582c381424e1705b2f45cda89,2025-11-28 15:57:35.000 UTC
0.01,0x9e24b3661450514e82be61fee8e274e33eb6e7a6,2025-11-28 15:31:47.000 UTC
0.01,0xa7dc8f1869abdcd87120fdcc3c9da2eb0804fbe8,2025-11-28 15:27:47.000 UTC
0.01,0x5a5775a4be4d493f111101a90dce3bc5f3523750,2025-11-28 15:23:23.000 UTC
0.01,0xff859f00c64b0d8518b8e6fcece07fa48032a3b3,2025-11-28 15:18:35.000 UTC
0.01,0x5237542987e6554240247a0817c96af354171ae6,2025-11-28 15:15:23.000 UTC
0.01,0xf4b3183eee20b3242eb4139959a51fe8dbc31ca0,2025-11-28 15:11:35.000 UTC
0.01,0xb42f678e0a6becca83bc67288c994e01fbefcc88,2025-11-28 15:07:35.000 UTC
0.01,0xbaeebe376690c37515cf3b8bd50d5c314f723bbe,2025-11-28 15:04:23.000 UTC
0.01,0x43f4fb17f92ea60ca6fac74ebf492ea6fe623c37,2025-11-28 15:01:11.000 UTC
0.01,0x41c0829b16e6a39cc7da2c17140f6d246168f67d,2025-11-28 14:56:47.000 UTC
0.01,0x124c4cd7c57027a2079a4e28c690b22a9e8b52a9,2025-11-28 14:28:47.000 UTC
0.01,0x04ec77cd9aa42a740aca71a32ba3500483e290fe,2025-11-28 14:24:23.000 UTC
0.01,0x8344ded0349f1381c92e799d60971d7cc2fc467c,2025-11-28 14:18:59.000 UTC
0.01,0x7c9709cf90fd198107dc09acfc5252f26ba23a70,2025-11-28 14:14:23.000 UTC
0.01,0x1b0b4867576707c80feea770de4ad2d64ebd00e2,2025-11-28 14:09:47.000 UTC
0.01,0x02d7e9d60422f0ec8c6f030f2f937b155921b9ae,2025-11-28 14:05:59.000 UTC
0.01,0xe59f852c0e76fe1f96fbada2c4552dca3e8c9675,2025-11-28 13:43:35.000 UTC
0.01,0xf76d3f4fde412028b3bb3ffedb72d24729fdf10c,2025-11-28 13:38:59.000 UTC
0.01,0xb73da0ca9a0f2033440a53caaaabd0aedd0d3eb1,2025-11-28 13:06:35.000 UTC
0.01,0x23b5dff43249799dc444e72e461706a57a806025,2025-11-28 13:03:11.000 UTC
0.102,0x64999e50e728120a6bccea4db5b337c89e33bc2f,2025-11-28 12:26:11.000 UTC
0.01,0x0087b8616714e74d681430bf4f9a1189965bb16f,2025-11-28 12:16:35.000 UTC
0.0114,0x03369f6db2e2e77a2ef92b6295d6989cd68b8491,2025-11-28 12:00:59.000 UTC
0.05,0xef2709ad20abac378e6390b0a9228eef7071b068,2025-11-28 08:42:59.000 UTC
0.01,0x2a407a15cbb71ae28ec10aad30b7f2e4ee4f3e1b,2025-11-28 08:07:35.000 UTC
0.11,0x3a1bb9a434d4ce28ba39f5946112369315d88db6,2025-11-28 05:43:59.000 UTC
0.4,0xfa87eebfc43e71ee6a3353a746e63d8b4aa19a42,2025-11-28 03:21:47.000 UTC
5.0,0x5db5286cec9a28d76feb4ee22e0722e6a6912b22,2025-11-28 02:15:11.000 UTC
0.01,0xca40f0ad9d565a4c5bbf2e4581466da97b963f98,2025-11-27 15:55:23.000 UTC
0.01,0xb5b47b2cd752617eb17a3b2cab31fe2686a3c680,2025-11-27 12:52:59.000 UTC
0.01,0xd9e9c5e07a5964e14777d366bb92f8d82cd09e4e,2025-11-27 12:48:23.000 UTC
0.01,0xd7d3f47d54525eb6921aae988abcf4e72945ff1c,2025-11-27 12:37:11.000 UTC
0.01,0xcab2fbbea3a18f4870a8962c8c1a1f3cf72e3623,2025-11-27 12:32:35.000 UTC
0.011,0xf68c0d71b1fb49734341153485e9765f3bbdffb9,2025-11-27 12:29:59.000 UTC
0.012,0xba8fc8ff6fc163419875fd832d583bc43dd9f347,2025-11-27 12:24:23.000 UTC
0.01,0xe600ee43af5c3e38111eb3fd8f0c07129a9f3ef4,2025-11-27 12:23:47.000 UTC
0.012,0x2c3f5f81ba2edc5ba7cacb45a825b991782a72fa,2025-11-27 12:16:23.000 UTC
0.011,0x1e885a708e011f30406ebb6400d8dd3c51a80e32,2025-11-27 12:13:35.000 UTC
0.01,0x8e454cca2eaca45c63da54586988b20b2358d79b,2025-11-27 12:10:59.000 UTC
0.011,0x892e47c5b6edcf3af928915238ed041affc5a8c5,2025-11-27 11:52:35.000 UTC
0.01,0x3f63188b0230458ddb6672aaf984d0d17213ae0b,2025-11-27 11:39:23.000 UTC
0.01,0x3871739f289810fa06d1ec05ccea888a421f4a0a,2025-11-27 11:34:35.000 UTC
0.01,0x1627ad23c2937a04b3e13bed83c473cc87c70609,2025-11-27 11:29:35.000 UTC
0.01,0xde958b8cb6bf0df2626db35395ae64c2c3b90ec9,2025-11-27 11:25:59.000 UTC
0.01,0x5f371cc884fe067967ac2614e1885f09ec6c2f9d,2025-11-27 09:14:47.000 UTC
0.01,0xaa8c823dba6b966b93251a3b7013c100c213e899,2025-11-27 09:09:35.000 UTC
0.01,0xde2b4c9be39401be984ba0dbf640627e27d68574,2025-11-27 09:05:35.000 UTC
0.01,0xd2201c58b9d0ffaae37dffebfafb11408293e906,2025-11-27 09:01:23.000 UTC
0.01,0x693cff34e464ea376146b8527e5e27638268e2e5,2025-11-27 08:59:23.000 UTC
0.01,0xbd083132fd685abcba8e2963d6677f968ecd2dd1,2025-11-27 08:55:59.000 UTC
0.01,0x580d00f791e3c47764d3cc29797a7ca239030f8e,2025-11-27 08:50:59.000 UTC
0.01,0xf47dbcea9ac6764a20ae46e3313fcb979e1095c4,2025-11-27 08:47:35.000 UTC
0.01,0xa91739cf9b066516a02247473333f6fb65b558e3,2025-11-27 08:44:11.000 UTC
0.01,0x9f341c395129616d7d1b190dcdf19d07c882385f,2025-11-27 07:50:11.000 UTC
0.01,0x59694964676852ca6112628a70d457ded0082d5d,2025-11-27 05:43:35.000 UTC
0.0095,0xfaf7a0e4eb5625e5743ebda3b462d40120a3e8b4,2025-11-27 02:52:23.000 UTC
0.011,0x2fae5777d3f82bfb935bcbc49db3b815302f6891,2025-11-27 00:56:23.000 UTC
0.01,0xf766698fbfc3cded2417b5244550a4293274e0f8,2025-11-26 22:19:35.000 UTC
0.01,0xe029cabeb628539582a1e7379b2b13c1d4d83785,2025-11-26 19:25:47.000 UTC
0.10392,0x61d3f5f3b51b386a8d3c7de7b90c2df3ed1234c2,2025-11-26 19:14:35.000 UTC
0.01051,0x955a559496cf65f60fa6ca42188bb152ab301bf5,2025-11-26 18:07:23.000 UTC
0.15,0x73cc3baf8956d2f3dc93af153362fa2fe4f6c4f4,2025-11-26 16:19:35.000 UTC
1.0,0x73cc3baf8956d2f3dc93af153362fa2fe4f6c4f4,2025-11-26 16:18:47.000 UTC
0.1,0xa05ee11735d861afa66bf06004cb61f7370b1d2e,2025-11-26 15:02:35.000 UTC
0.1032,0x6b6e87c037aa8c3a50a5010d8704bc5ea5c3d3ad,2025-11-26 14:42:11.000 UTC
0.01,0x1f53c704b7a5982cdc2e2ac17db8dfed9bf67b45,2025-11-26 14:29:23.000 UTC
0.01,0x0113acc03d26827178310131843e394dd5a43fb1,2025-11-26 14:25:59.000 UTC
0.01,0x3793920a6095b5664452e1cdff1039ede6f9d2af,2025-11-26 14:21:23.000 UTC
0.01,0x5a2f13ef0aacad152627431ee274e154f4c2d3f1,2025-11-26 14:17:23.000 UTC
0.01,0xae52aa4bd0440f938138ccc8553af23e5a599b4c,2025-11-26 14:13:23.000 UTC
0.01,0xe4e7a4eb47bcf3d970250336454191d21fbe833b,2025-11-26 14:09:47.000 UTC
0.01,0x51a04e7b497956c8ad22af20ecd7bc5b6e868cd2,2025-11-26 14:01:35.000 UTC
0.01,0xb503bd0dabdbb9f4dcce58df662e40ce1065b2e8,2025-11-26 13:54:23.000 UTC
0.01,0x2e8d4c639e2f4b08f09bbf837923affec3f50616,2025-11-26 13:51:23.000 UTC
0.1,0xafd39584003d97b8a358789a43178c735fd1607e,2025-11-26 13:50:11.000 UTC
0.01,0x07a92341373213da577c7970351def1c69df8a74,2025-11-26 13:49:11.000 UTC
0.01,0x72257395ca8cff2a71a9a56a79ae191934e27456,2025-11-26 12:39:23.000 UTC
0.01,0x1d40c48649179209ca85ad9bf55d2435871dad09,2025-11-26 12:37:35.000 UTC
0.01,0x80d6b7efb422e7dcbc3a3308ad6a8a5a38a997e0,2025-11-26 12:35:59.000 UTC
0.01,0xc91db8ee4ec775db9b85f213a2b2a76350c84c5d,2025-11-26 12:34:35.000 UTC
0.01,0xfa1c60d77796a37b55175a072cb28808ec94dff8,2025-11-26 12:32:59.000 UTC
0.01,0xce4f3f916cd3c71e654a9be91ac51b2ccbb8a708,2025-11-26 12:31:23.000 UTC
0.01,0xfe5d46a64b383268eb3657ab5f86a0c14241c1d4,2025-11-26 12:29:47.000 UTC
0.01,0x706b375314efba21b553b1b4ef5be44a611c6719,2025-11-26 12:27:59.000 UTC
0.01,0x13f696d5d076d8d721a9e54bfcb065c85d07b292,2025-11-26 12:24:59.000 UTC
0.01,0xea6f2a3f3ee6178887591f8d97c710d7456e46ea,2025-11-26 12:22:23.000 UTC
0.01,0xeb62a4e1a10dcd929c9bb44d857bc7a6ab6a0d9f,2025-11-26 07:50:47.000 UTC
0.01,0x5b47ce248ea313841668a318afb9a5597d5efc23,2025-11-26 05:29:59.000 UTC
0.01,0x79b862720e89f88a6dff1d3a822cfe9cc46c5e21,2025-11-26 04:01:35.000 UTC
0.114,0xaa50b408f03dd3dc7d3e2c935e58aa6f32f82e81,2025-11-25 19:32:59.000 UTC
0.01,0x36de990133d36d7e3df9a820aa3ede5a2320de71,2025-11-25 19:14:59.000 UTC
0.01,0x1a8d6d5abd8948b647c51bb7b071b718fd90d6ff,2025-11-25 17:15:23.000 UTC
0.02,0x0cb27e883e207905ad2a94f9b6ef0c7a99223c37,2025-11-25 16:13:59.000 UTC
0.02,0x7acc9245b530250bb777847e6477e1a896d270a7,2025-11-25 12:22:35.000 UTC
0.01,0xca40f0ad9d565a4c5bbf2e4581466da97b963f98,2025-11-25 12:19:59.000 UTC
0.01,0xa793faf7e4318d6b472b254451fa8aad514a5a9a,2025-11-25 09:01:47.000 UTC
0.011,0x4ac358f7903fce140e270a853ea2482585899b4f,2025-11-25 08:42:47.000 UTC
0.011,0x14252edecd2406a876948650518a6c2ee0c3fd7c,2025-11-25 08:39:23.000 UTC
0.011,0x0c7ec9608bd72be08d208df68274c6c46e17890f,2025-11-25 08:35:35.000 UTC
0.011,0xe51af89116374a07bee62bcce052c5e0029817ec,2025-11-25 08:32:35.000 UTC
0.011,0x80b9921e66f8668a4918d867809da014cf77d302,2025-11-25 08:27:35.000 UTC
0.011,0x45e7b19302726e8703071b233fad6659c8a04ba7,2025-11-25 08:16:11.000 UTC
0.011,0x25f8c06549a77fcbd37b4ad6e2cd4fed54575779,2025-11-25 08:12:23.000 UTC
0.011,0x3fa6dd1c0b90e03252a7be57720f05b9c3624dcb,2025-11-25 08:08:23.000 UTC
0.011,0xab25f10dce739223cad7f1d5eb1463c8b053c3ec,2025-11-25 08:03:59.000 UTC
0.014,0xf1d5d506a1f8ae175cf1f3a61e894845dfd4165b,2025-11-25 07:31:35.000 UTC
0.017,0xa944d637c50907a84d88d2e541ecc97cf3006c22,2025-11-25 07:19:59.000 UTC
0.01,0xeffdeacb1156378fd105461c54b8e78e4856b5a2,2025-11-25 04:45:35.000 UTC
0.01,0x7acc9245b530250bb777847e6477e1a896d270a7,2025-11-25 04:04:35.000 UTC
0.01,0x7acc9245b530250bb777847e6477e1a896d270a7,2025-11-25 04:04:11.000 UTC
0.01,0x30d89290a4460e577aa8297759abe6024a27125d,2025-11-25 03:47:35.000 UTC
0.02,0x3bbb5d51c6b52627154827af608c7f9941f9476d,2025-11-25 03:44:35.000 UTC
0.01,0x3bbb5d51c6b52627154827af608c7f9941f9476d,2025-11-25 02:26:59.000 UTC
0.01,0xe919522e686d4e998e0434488273c7fa2ce153d8,2025-11-25 02:02:11.000 UTC
0.05,0x662464b835c89d5db4c27eb0cfec82c8d6ebb3e8,2025-11-25 01:49:11.000 UTC
0.01,0x841ad0abab2d33520ca236a2f5d8b038addc12ba,2025-11-24 23:25:23.000 UTC
0.01,0x0e141cb714fa659be84a0dda886dd96866dc6a59,2025-11-24 22:26:23.000 UTC
0.01,0x147037f0d4805a7582c381424e1705b2f45cda89,2025-11-24 16:49:23.000 UTC
0.2,0x68c2fa88bf63758a0c437f92376d43fc8b00408c,2025-11-24 16:04:23.000 UTC
0.01,0x22625205acd6af5656db4ce023f1a34f922605ba,2025-11-24 15:09:47.000 UTC
0.19715,0x55a16a377f1ad57f641c92c5c3b6307a86fcb8bf,2025-11-24 12:38:59.000 UTC
0.15,0x859bb6fdc5c3717598659b4cbd28621ec96d923a,2025-11-24 12:25:23.000 UTC
0.01,0x0e141cb714fa659be84a0dda886dd96866dc6a59,2025-11-24 09:41:11.000 UTC
0.01,0x464985b2e3e80f2f3152266e4b339cd4ca6670df,2025-11-24 07:58:11.000 UTC
0.01,0x892f6e6334b493ee288383bedd01122bbe507732,2025-11-24 07:56:11.000 UTC
0.01,0xdaed88ed03912312f32baf035b1ef63bc3f7e032,2025-11-24 07:52:35.000 UTC
0.01,0xbe67cc08cc927a53cf85cd1c6e8c28579e7a60c1,2025-11-24 07:47:11.000 UTC
0.01,0x0df58d7d446867137824975d95b2d3235f5d3955,2025-11-24 07:41:11.000 UTC
0.01,0xeba5a44937596429d8a8fc117fb6e514783bd7e9,2025-11-24 07:36:23.000 UTC
0.011,0x05cd4623c48553a3070061f557bc38a1d00f716c,2025-11-24 06:56:35.000 UTC
0.01,0x10a4be2f610104a18dbd9888e4fef4374a9bbbe6,2025-11-24 06:15:23.000 UTC
0.1,0xb8ac952dcdfd1e77222213ae508ad8864dc391b4,2025-11-24 05:34:59.000 UTC
0.01959,0xd796a3f19b342e3f9f4acedb689c17015141b41f,2025-11-23 23:57:35.000 UTC
5.5,0xbf7f0485b9e94b0a69782c12fdd3942d7120b556,2025-11-23 20:21:11.000 UTC
0.3,0xbbb1133a7360c34614ea464399a6d2de1b5ee8e4,2025-11-23 19:25:47.000 UTC
0.103,0xabfd99a7da59e8b96f1cefa6e35fd03e6831bc10,2025-11-23 13:01:35.000 UTC
0.1,0x147037f0d4805a7582c381424e1705b2f45cda89,2025-11-22 20:09:23.000 UTC
1.0,0xc23033cb8b24a5d8b2054737452855c9b9c75c15,2025-11-22 12:02:35.000 UTC
1.5,0xf1b997a165d088ef6fa1a0877081524a95f41ede,2025-11-22 02:23:11.000 UTC
1.0,0x3cefb79af1f4126dc679d52f5f7458a25ce74b42,2025-11-21 21:24:59.000 UTC
1.0,0x6fbd9c30946a1829161f8deffbf7af1e9df2d987,2025-11-21 20:41:59.000 UTC
0.1,0x1fb210e4d31107a890a4be6f51c637385fcd733a,2025-11-21 15:56:35.000 UTC
0.1,0xa5ceb0ade432a9a34976b4b7542c78a0e78588e4,2025-11-21 15:54:11.000 UTC
0.1,0xd5b84c4362a48e2a9d07c37ee0161180252d2a9d,2025-11-21 15:52:35.000 UTC
0.1,0xd428531995a5e915f2e78fb889d84a1103ced200,2025-11-21 15:51:11.000 UTC
0.1,0xff4f722879deea588404101683465bfae618a6ab,2025-11-21 15:49:11.000 UTC
0.1,0xa6f229218a98171fd9b69cfb2bf6e34c9fd69cf5,2025-11-21 15:46:35.000 UTC
0.1,0x08d67e254b1c9384c241a65f7ee52834ea8b53dd,2025-11-21 15:45:11.000 UTC
0.1,0x20d3ed9e808f53ca40480bce9229675b625997ff,2025-11-21 15:43:23.000 UTC
0.1,0x43d68e14638ca40a193453229c87e37f84257763,2025-11-21 14:13:23.000 UTC
0.1,0xe6eb2500437b036e3918d3eb7b7288e016b080e5,2025-11-21 14:10:47.000 UTC
0.1,0x147037f0d4805a7582c381424e1705b2f45cda89,2025-11-21 12:09:23.000 UTC
0.1,0x11373fd96f9fc0350ea1d30303058276c366c168,2025-11-21 10:25:35.000 UTC
0.1,0xd9ff8caa5fdca73a714267d967b778373eb5219d,2025-11-21 10:09:35.000 UTC
0.1,0x1cb6edb1f63c86df4921073d2e816ebdfc0079bb,2025-11-21 09:36:35.000 UTC
0.1,0x8d2f6dcacb7668f83e102fb1aec44ca19d40a130,2025-11-21 09:28:35.000 UTC
0.1,0x8724802e7cf0c592d9e941ae7d17fcb842b5c9a5,2025-11-21 09:25:59.000 UTC
0.1,0xddc545d0967d93cc813dd379182f034b67b7ce7d,2025-11-21 09:22:59.000 UTC
1.0,0x8ae4c29c97a9dfba7a4440c6336a7d37eba0e12c,2025-11-21 09:17:23.000 UTC
0.1,0xab094704a4430bd59683889aa249fd135060f270,2025-11-21 08:11:47.000 UTC
0.1,0x6d3094417c2d74ea5797c1b5d1f13b0390360192,2025-11-21 07:28:35.000 UTC
0.1,0x89b862fae7fd4b3634bfadf1e071505ac6e9a462,2025-11-21 06:22:35.000 UTC
0.1,0x2dadfa008a22979c356a7df5f2b044bf269567d2,2025-11-21 05:10:35.000 UTC
0.1,0x293ab1e8523d352205eaf7d92414af4381b47942,2025-11-20 16:38:23.000 UTC
0.1,0xd10446883908f1f2f27f2f519672e27bff4c3380,2025-11-20 14:47:11.000 UTC
0.11629,0x6b6e87c037aa8c3a50a5010d8704bc5ea5c3d3ad,2025-11-20 14:10:47.000 UTC
0.11,0x8ae4c29c97a9dfba7a4440c6336a7d37eba0e12c,2025-11-20 08:47:47.000 UTC
0.19339,0xcadf66193bfa9892d90886f7ada6cc4a0af86c9e,2025-11-20 03:25:47.000 UTC
1.0,0xd39e7e9e42974ada1575ea135494d5deb480ca7a,2025-11-20 03:23:23.000 UTC
0.107,0x19886aed98ac7a313649e06475b1beb9292520b6,2025-11-19 19:05:23.000 UTC
0.1,0x0000ce08fa224696a819877070bf378e8b131acf,2025-11-19 14:27:59.000 UTC
0.1889,0x6b6e87c037aa8c3a50a5010d8704bc5ea5c3d3ad,2025-11-19 14:22:47.000 UTC
0.1,0x147037f0d4805a7582c381424e1705b2f45cda89,2025-11-19 13:55:11.000 UTC
0.1,0x39b713b04269eece18ee3f9b4788380760a66cb9,2025-11-19 11:01:23.000 UTC
0.1,0x0a3f98a1a9f601ac3d8852ad9852d7245a8b3099,2025-11-19 02:37:11.000 UTC
0.105,0x5d9c5c3192dbcc66c84908cb1677cee5ab2a1086,2025-11-19 01:51:59.000 UTC
0.11,0xcb53a818042db647cb01672751b0e4efca29cf55,2025-11-19 01:19:23.000 UTC
0.15,0x69aa4b1c616c9f2a08d57bc8809a199d07c978c0,2025-11-18 23:42:47.000 UTC
0.1,0x13975117e55160d6b30c34f02ae8d338fc4f951f,2025-11-18 23:03:47.000 UTC
0.1,0x17c3b0f9f97f54d8564d89225508e6a7d0f3f701,2025-11-18 22:58:59.000 UTC
0.1,0x63fadf7c9c1ac99cba631e8b783038ec2745f340,2025-11-18 22:17:23.000 UTC
0.1,0x69aa4b1c616c9f2a08d57bc8809a199d07c978c0,2025-11-18 21:02:23.000 UTC
0.11,0x9c303de078c7252964059cb252d0dce2bdaa568f,2025-11-18 20:41:23.000 UTC
0.1,0x69aa4b1c616c9f2a08d57bc8809a199d07c978c0,2025-11-18 19:31:23.000 UTC
0.1,0x147037f0d4805a7582c381424e1705b2f45cda89,2025-11-18 18:00:23.000 UTC
0.1,0x147037f0d4805a7582c381424e1705b2f45cda89,2025-11-18 17:23:59.000 UTC
0.4,0x3f4bd600d2c00d2c7daa436af2bade0542a85fe7,2025-11-18 16:58:23.000 UTC
0.101,0x23776e53ac37883f4128ab0a0dd075427d1b097a,2025-11-18 12:49:11.000 UTC
0.0995,0xfaf7a0e4eb5625e5743ebda3b462d40120a3e8b4,2025-11-18 10:39:23.000 UTC
0.1,0x701b64892860ea8c84881be1e21c8b3ea635206d,2025-11-18 09:27:23.000 UTC
0.1518,0x17fdb0a2bd4d2dc452a99ce6188d5767835b2a5b,2025-11-17 21:01:35.000 UTC
0.1,0x23c8a45a8d7291a594c20e92addeaf05e913533d,2025-11-17 20:41:59.000 UTC
0.1,0x6601bfb2bfebfe7858c551bc2b078c5cb3a178ef,2025-11-17 20:36:35.000 UTC
0.1,0x9db850a236a4af48efc4b549e07ffbac8d5d6388,2025-11-17 14:17:47.000 UTC
1.0,0x297bf847dcb01f3e870515628b36eabad491e5e8,2025-11-16 15:16:47.000 UTC
0.1,0x69aa4b1c616c9f2a08d57bc8809a199d07c978c0,2025-11-16 01:06:47.000 UTC
0.5,0x69aa4b1c616c9f2a08d57bc8809a199d07c978c0,2025-11-16 01:06:11.000 UTC
0.19581,0x7d10cd28fd13e537f97a40a4f778e0d578df11ba,2025-11-15 12:36:47.000 UTC
0.1,0x1b1c79b8e23ad042f84b57d252789a68f799de13,2025-11-14 17:14:59.000 UTC
2.97,0x0fb21490a878aa2af08117c96f897095797bd91c,2025-11-14 04:04:59.000 UTC
0.1,0x0fb21490a878aa2af08117c96f897095797bd91c,2025-11-13 15:53:59.000 UTC
0.10437,0x6b6e87c037aa8c3a50a5010d8704bc5ea5c3d3ad,2025-11-13 13:50:59.000 UTC
2.08,0xe524d6514f5c6c91796d223c3310ce211bc749c0,2025-11-13 08:27:23.000 UTC
5.0,0xe524d6514f5c6c91796d223c3310ce211bc749c0,2025-11-13 08:24:35.000 UTC
0.40541,0xb94ed01e10fbb4ab012cdfa0e50fc65ea7008d4f,2025-11-13 00:22:11.000 UTC
0.2,0x76273dcc41356e5f0c49bb68e525175dc7e83417,2025-11-12 16:29:47.000 UTC
10.0,0xabd4e8712069c95e1eb72a468b7e99c6e934afc7,2025-11-12 15:37:59.000 UTC
0.16264,0x6b6e87c037aa8c3a50a5010d8704bc5ea5c3d3ad,2025-11-12 13:42:35.000 UTC
0.10945,0xef800f215584e7ef018afa1c88ecf51c0a699674,2025-11-12 03:55:47.000 UTC
0.1,0x147037f0d4805a7582c381424e1705b2f45cda89,2025-11-11 22:01:11.000 UTC
0.1,0x147037f0d4805a7582c381424e1705b2f45cda89,2025-11-11 21:49:35.000 UTC
1.0,0xfc69e7c9afc6454f0a074f4bd7e366a516ea8b67,2025-11-11 16:10:59.000 UTC
11.78269,0xcdae65ab5a5a50ddcecb42722d87a99c1d9d9889,2025-11-11 11:09:35.000 UTC
1.28,0xfd32efe40fbdadf2c16392a3bd9ff498137167c1,2025-11-11 09:24:47.000 UTC
0.23087,0x0a0d752f90b7bf700e29379c7f512c87561e959a,2025-11-11 03:33:47.000 UTC
0.1,0x1b16547e828bc3a3bad331d8dfc39d6097c6be5d,2025-11-10 23:46:47.000 UTC
1.0,0xfd32efe40fbdadf2c16392a3bd9ff498137167c1,2025-11-10 17:47:59.000 UTC
3.0,0x5db5286cec9a28d76feb4ee22e0722e6a6912b22,2025-11-10 02:51:23.000 UTC
0.10759,0xc790283f45499b5bd7da6bab42080ce88bb0f150,2025-11-10 01:46:23.000 UTC
0.10849,0x30154a20ab0d25eeae96c0baf8cca51ea6518586,2025-11-09 11:23:35.000 UTC
0.13574,0x5fd6036d56baed4f37df99f93985764ff68d3e44,2025-11-09 11:22:11.000 UTC
0.125,0x1bcadcd1b82f63919b6fd5e63434b03bd45ee58e,2025-11-09 08:22:11.000 UTC
0.25,0x36a18332c4a560d3c44caf8a21fca19adbb38f34,2025-11-09 00:06:47.000 UTC
0.1,0x97454f63df8efdabf7ed6f634c7922035e899971,2025-11-08 10:05:47.000 UTC
0.25,0xa0fd7b15498478845251bda6294bd9e8a3a27270,2025-11-08 07:09:23.000 UTC
2.0,0x93628182cdcc08e71bc159a7b5c54fd179272249,2025-11-07 08:10:59.000 UTC
0.12,0xff8fe929ef87f2c840ab9208175298c557ecd53b,2025-11-07 07:39:11.000 UTC
0.1,0xe626e8ca82603e3b44751f8562b5ed126d345140,2025-11-06 23:54:35.000 UTC
0.1,0x26b6de1588150414395b25853d3cf74d3361004d,2025-11-06 14:31:35.000 UTC
1.0,0x777a1c2111d8c28e3b410fef063db42e731585e4,2025-11-06 11:13:23.000 UTC
0.2271,0x6b6e87c037aa8c3a50a5010d8704bc5ea5c3d3ad,2025-11-05 13:26:59.000 UTC
0.1,0x0c28bd81876db683bdc4bfa7f6a5db8953ed0ab3,2025-11-04 22:39:59.000 UTC
0.1,0x4e9f9a8643b30138ecf20dfde3dac08aea1b01ec,2025-11-04 20:00:47.000 UTC
0.49038,0x101a2ac1cad098cf5c6d3370b9e8754c0698b245,2025-11-04 14:49:23.000 UTC
0.10282,0x9a76ed13636987dc03aada30d6510542bc100a95,2025-11-03 21:08:47.000 UTC
18.32434,0x07b3fa83c50a56a8d396c547f952932d045a43c3,2025-11-03 20:45:11.000 UTC
10.53033,0xf394654700e1ffc93a8a09ce87d4b3a34b9cccc9,2025-11-03 20:44:35.000 UTC
20.62915,0x1441be80efa45553713cd363a700ff3da3cd37db,2025-11-03 20:43:59.000 UTC
18.3407,0x7b759eff7976aa5757eea2b0e5eb94a19316b2a5,2025-11-03 20:42:35.000 UTC
0.1,0x01f4b97f2d85de5dbb2a4b8490863ee0928d18fb,2025-11-03 17:34:35.000 UTC
0.11144,0x78d40f2ef9839d4ad73f594d23bccd5103a6e184,2025-11-03 01:25:47.000 UTC
0.13914,0xd7f7617f4d8dd8eb8453a51d38cbda01250c922b,2025-11-03 01:24:11.000 UTC
0.75,0x73d075132eb7c71ec379764bcc9d92ce4ede7b85,2025-11-02 23:01:47.000 UTC
0.14669,0x6b6e87c037aa8c3a50a5010d8704bc5ea5c3d3ad,2025-11-02 08:15:35.000 UTC
0.1,0x93d53ec99d89d42a51185a1cc7c96b23d711381e,2025-11-01 23:04:47.000 UTC
5.0,0xfe55c0ec3642fc79d4eb2c591a0641f187fb0337,2025-10-31 18:10:59.000 UTC
0.21072,0xa4cadbb404284b2863e7fbe162494b647dfa321c,2025-10-31 09:59:59.000 UTC
0.10567,0x34fd56cb28dced50981b89c48e635eb478b7be36,2025-10-30 21:55:23.000 UTC
0.10729,0x6b6e87c037aa8c3a50a5010d8704bc5ea5c3d3ad,2025-10-30 15:54:35.000 UTC
0.11443,0xd5ea13b3914406f634bdfdec9732f1cbc494de38,2025-10-30 02:30:47.000 UTC
5.0,0xf142ce4de58166b0dfe0a8ed56c640e088489a94,2025-10-29 19:48:59.000 UTC
3.0,0xe39b916a35d28d27741b46e1b49614ac6e966d33,2025-10-29 13:52:11.000 UTC
2.0,0xf142ce4de58166b0dfe0a8ed56c640e088489a94,2025-10-29 08:13:47.000 UTC
1.0,0x055c55d68781127a25c5bc5c909790d3c0ba49b9,2025-10-29 06:34:47.000 UTC
0.1,0x69aa4b1c616c9f2a08d57bc8809a199d07c978c0,2025-10-28 21:55:35.000 UTC
2.0,0xf142ce4de58166b0dfe0a8ed56c640e088489a94,2025-10-28 20:28:47.000 UTC
0.4,0x69aa4b1c616c9f2a08d57bc8809a199d07c978c0,2025-10-28 20:06:11.000 UTC
1.0,0xf142ce4de58166b0dfe0a8ed56c640e088489a94,2025-10-28 14:01:11.000 UTC
0.8,0xd7095b0618609fef9e542d5a1d320502c8544d10,2025-10-28 09:46:47.000 UTC
0.66,0x1e2ffcfc71a841dbcbc7c5147a1e665f1cd5b137,2025-10-27 04:47:35.000 UTC
1.0,0xde90421b3d116e148dd29c9146a9c8d69a33e1a1,2025-10-27 01:50:59.000 UTC
0.4,0xe4f6625557a8b40e1602e84c06fd787416d0b742,2025-10-26 23:09:35.000 UTC
0.1,0x69aa4b1c616c9f2a08d57bc8809a199d07c978c0,2025-10-26 22:03:11.000 UTC
1.0,0xf142ce4de58166b0dfe0a8ed56c640e088489a94,2025-10-26 18:14:35.000 UTC
0.23,0x2e29c9d43c546c7bca16a706274ec2d9879fc142,2025-10-26 15:16:47.000 UTC
0.1,0xe4f6625557a8b40e1602e84c06fd787416d0b742,2025-10-26 14:35:59.000 UTC
0.5709,0x6b6e87c037aa8c3a50a5010d8704bc5ea5c3d3ad,2025-10-26 13:19:47.000 UTC
0.25,0x8692b64cc53751440bf812aa83ff00231ca80d42,2025-10-26 07:20:23.000 UTC
0.254,0x4a1d9a444ffd2bc866f7ff5b9b8d218a203500f1,2025-10-26 06:37:11.000 UTC
0.1,0x4868c60e35373b8cad0a26343d74b51e8331bddb,2025-10-26 03:07:35.000 UTC
0.2,0xdf23dac6e9200b091e8f494d918db41ecec3e543,2025-10-25 18:11:47.000 UTC
0.216,0x7176357126d5bf260b7356f5e9605ac53ad59ec5,2025-10-25 18:09:59.000 UTC
1.0,0xf142ce4de58166b0dfe0a8ed56c640e088489a94,2025-10-25 14:40:11.000 UTC
0.1,0xec8cbab21d13fe452c54abc4d962cc2a0830314a,2025-10-25 11:44:11.000 UTC
0.237,0x23fe783b04700a1555c91c8ef229655bfb964dfb,2025-10-25 09:20:59.000 UTC
0.259,0x19feee0dff8bf9df19655c3b945a0203676a8f4b,2025-10-25 04:01:23.000 UTC
0.20732,0xac6689eef1c69f7425661d1e475544efb9ead122,2025-10-24 20:56:59.000 UTC
0.15,0x45241a4046d0dffb7a68cce9e9f0787e8c656928,2025-10-24 12:47:47.000 UTC
1.18135,0x7560e1b7d521a4f97950f523a5975011e5d0545e,2025-10-24 01:35:35.000 UTC
0.155,0xe3716e4639ab74c1e5e5e70d4e2a4be14e08374e,2025-10-24 00:45:47.000 UTC
0.252,0x759bdd56eaffde01322b982fea58f7e84fea5e21,2025-10-24 00:42:11.000 UTC
0.221,0x20e788c4b1dc2e6e8ad7119b802f86fbca692b48,2025-10-24 00:35:59.000 UTC
0.2,0x69aa4b1c616c9f2a08d57bc8809a199d07c978c0,2025-10-23 23:15:11.000 UTC
1.0,0xf142ce4de58166b0dfe0a8ed56c640e088489a94,2025-10-23 15:26:59.000 UTC
0.19068,0x71b054741127035258680428ef9a4feda1788d74,2025-10-23 00:04:59.000 UTC
0.10697,0x44a689e56ea758a7e63bb45a172a6fc390104349,2025-10-22 18:55:47.000 UTC
1.96709,0xe6848f956b659ceb3d1af013e9bdba8b3c437c44,2025-10-22 12:53:23.000 UTC
0.38,0x92d2357ff9e14ac5720819862d344f426e627a89,2025-10-22 10:05:47.000 UTC
0.255,0x0ba907c480ae4bc1b152e79a2b96062f29c737a5,2025-10-22 07:36:11.000 UTC
0.1926,0xe65cc0b0854c29abcbcc8aae3d217a79a9e25ef3,2025-10-22 07:32:47.000 UTC
0.11749,0x44ee022ce52edda374516e93fb7a035f73e2f08d,2025-10-22 07:31:47.000 UTC
1.65,0xc8d5e99b361deec9cf26af0954c365ef65ab7069,2025-10-22 05:16:11.000 UTC
0.1,0xc8d5e99b361deec9cf26af0954c365ef65ab7069,2025-10-22 05:14:35.000 UTC
3.25716,0xcc5128db7f326b20b261e50edbc164beaf344cad,2025-10-21 21:03:35.000 UTC
0.26,0x78dcf7f211f10dbb0334992ec2213b15a6e93c6a,2025-10-21 20:27:47.000 UTC
0.265,0x39f747e3a6d77efc08054aad8100f7012ca57946,2025-10-21 20:20:23.000 UTC
0.27,0xea1ee6469342d231140f9d73c8728d1406f63fc2,2025-10-21 20:17:47.000 UTC
0.165,0x3a9f9c4a304b9e5fef0ea617dbca6df2803dbf71,2025-10-21 19:30:59.000 UTC
0.25,0x0f99c9c02afbaee406d74e18c002a3398e761465,2025-10-21 17:50:47.000 UTC
35.0,0x44097c5ba5f7ecf58fed4c9f061605f903bde9ea,2025-10-21 17:03:47.000 UTC
0.35,0xdf29ee8f6d1b407808eb0270f5b128dc28303684,2025-10-21 11:13:35.000 UTC
0.19701,0xccfbf0fc6c88a80bc04eb6eeb4fbbd5e2d327962,2025-10-21 00:58:35.000 UTC
0.1,0x98f0f120de21a90f220b0027a9c70029df9bbde4,2025-10-20 13:26:59.000 UTC
0.1,0x235b69a1823cd98db1c9eda9a692c7f697cc995f,2025-10-20 13:00:23.000 UTC
1.0,0x5db5286cec9a28d76feb4ee22e0722e6a6912b22,2025-10-20 12:19:11.000 UTC
10.444,0x60ef49cf2f0a0e93f43351132e19f5d16340bd78,2025-10-20 06:51:23.000 UTC
12.98638,0x0e5a3d70bf3b9a27d344153e4b2a0562d2e9df54,2025-10-20 03:27:59.000 UTC
0.25,0x8692b64cc53751440bf812aa83ff00231ca80d42,2025-10-19 18:16:59.000 UTC
8.0,0xb20868131fbdd060f7f237f8f99c24880ed573ef,2025-10-19 11:20:35.000 UTC
0.1,0x777c47498b42dbe449fb4cb810871a46cd777777,2025-10-19 06:15:11.000 UTC
20.0,0xba69674066bbd3799d65794866b79916c092e062,2025-10-19 03:29:35.000 UTC
0.1206,0x207cd69230c6c0f917db89872b34a19f05a38b02,2025-10-18 23:34:23.000 UTC
0.215,0x9f07ae56a5c346240a643625b7c6dc083b211b0f,2025-10-18 22:33:47.000 UTC
0.248,0x19feee0dff8bf9df19655c3b945a0203676a8f4b,2025-10-18 22:32:11.000 UTC
0.2,0x23fe783b04700a1555c91c8ef229655bfb964dfb,2025-10-18 20:55:23.000 UTC
0.202,0xdf23dac6e9200b091e8f494d918db41ecec3e543,2025-10-18 18:36:11.000 UTC
0.2,0x7176357126d5bf260b7356f5e9605ac53ad59ec5,2025-10-18 18:34:23.000 UTC
0.22,0x2e29c9d43c546c7bca16a706274ec2d9879fc142,2025-10-18 18:29:59.000 UTC
0.27,0xea1ee6469342d231140f9d73c8728d1406f63fc2,2025-10-18 18:28:11.000 UTC
0.8222,0x963e5cb0db226a3c3a94b0bdfbfda7fea292a43b,2025-10-18 16:43:35.000 UTC
1.5752,0xfeb2b508a27e5ae8cfa78e5c6c84b57b7eddc6ee,2025-10-18 11:57:47.000 UTC
0.264,0x39f747e3a6d77efc08054aad8100f7012ca57946,2025-10-18 11:03:11.000 UTC
0.26,0x78dcf7f211f10dbb0334992ec2213b15a6e93c6a,2025-10-18 11:00:35.000 UTC
0.165,0xe3716e4639ab74c1e5e5e70d4e2a4be14e08374e,2025-10-18 10:58:35.000 UTC
0.48,0xceb4c78f654c2168cc64d5b84fedad35e3ae8745,2025-10-18 10:14:11.000 UTC
0.236,0x050c3fb238f27ef4b6755069daf214a7bb169bc7,2025-10-18 09:00:11.000 UTC
0.18,0x4fdea80fac4a7692a4eb61fa96ceeb592186ebd3,2025-10-18 08:52:23.000 UTC
0.25,0x4a1d9a444ffd2bc866f7ff5b9b8d218a203500f1,2025-10-18 08:49:23.000 UTC
0.1,0xb26001eee78f43b459099964b8d9c4e8975d0172,2025-10-18 03:58:47.000 UTC
0.25,0x0ba907c480ae4bc1b152e79a2b96062f29c737a5,2025-10-17 22:11:11.000 UTC
0.225,0x759bdd56eaffde01322b982fea58f7e84fea5e21,2025-10-17 22:09:11.000 UTC
0.16,0x3a9f9c4a304b9e5fef0ea617dbca6df2803dbf71,2025-10-17 22:05:11.000 UTC
0.25,0x599660245bdc7e51062a89faff172850239904e3,2025-10-17 19:24:59.000 UTC
0.1,0x460fb9a51a393bf8b9e584e7d6270f3145020d28,2025-10-17 17:37:23.000 UTC
0.29,0x5ac7a63c9bbb4fab857ae80be921344e3d0f8c97,2025-10-17 09:54:23.000 UTC
0.1261,0xe3855a42c76a5fefd04920c0d5b35f60daa4ee10,2025-10-16 21:41:23.000 UTC
0.21,0x20e788c4b1dc2e6e8ad7119b802f86fbca692b48,2025-10-16 20:26:11.000 UTC
0.2,0x0f99c9c02afbaee406d74e18c002a3398e761465,2025-10-16 20:23:23.000 UTC
0.25,0xa6c411838c02425ee3b5b3478c305ac422d210f9,2025-10-16 20:18:23.000 UTC
6.73455,0x1441be80efa45553713cd363a700ff3da3cd37db,2025-10-16 20:18:23.000 UTC
2.27935,0xf394654700e1ffc93a8a09ce87d4b3a34b9cccc9,2025-10-16 19:41:59.000 UTC
10.0,0x1441be80efa45553713cd363a700ff3da3cd37db,2025-10-16 19:33:47.000 UTC
2.23988,0x07b3fa83c50a56a8d396c547f952932d045a43c3,2025-10-16 19:28:59.000 UTC
8.79084,0xf394654700e1ffc93a8a09ce87d4b3a34b9cccc9,2025-10-16 19:28:23.000 UTC
4.3986,0x07b3fa83c50a56a8d396c547f952932d045a43c3,2025-10-16 19:26:47.000 UTC
2.30498,0x7b759eff7976aa5757eea2b0e5eb94a19316b2a5,2025-10-16 19:25:35.000 UTC
10.8808,0x7b759eff7976aa5757eea2b0e5eb94a19316b2a5,2025-10-16 17:04:59.000 UTC
0.18,0xe8db7bf8138aa77982f329c3523e5ba3f0d4c1c0,2025-10-16 15:15:11.000 UTC
0.24,0xfd96efc35167788de4bda7ea61bfcd37ab207dfd,2025-10-16 15:07:11.000 UTC
0.26,0xd50c34f7c006953def07f40602b15d0d90e9f4aa,2025-10-16 14:25:11.000 UTC
0.19,0xd7c59c8f0d0612ca60107ad11710b04a51b96247,2025-10-16 12:14:47.000 UTC
0.20149,0x65b5b9e489e90c641c69742f5ea805146795d681,2025-10-16 07:20:11.000 UTC
0.1238,0x8b70625a8190aff3965a677b54d7d6b533372320,2025-10-16 07:19:11.000 UTC
0.10624,0x8d3731f7791e7b2d210051073b467fe6c5467eef,2025-10-16 06:13:23.000 UTC
0.1,0x0d1f7d2d2919673c7e0b0188d748e335768fca8b,2025-10-16 03:16:23.000 UTC
6.56695,0x7b759eff7976aa5757eea2b0e5eb94a19316b2a5,2025-10-16 03:10:59.000 UTC
8.70869,0x7b759eff7976aa5757eea2b0e5eb94a19316b2a5,2025-10-16 02:45:23.000 UTC
0.25,0x060999c6e461be2e4f74c65912db0ef4a9a1c6f0,2025-10-16 01:14:59.000 UTC
0.11113,0xc54c8fe43d69228a326705f0b026e5783d8f63b8,2025-10-15 14:22:35.000 UTC
0.25,0x990f8b00ae3f8c40f8837419bea94eab48be5c14,2025-10-15 12:17:35.000 UTC
0.1,0xce4c3e4abb8a3bc23b828327c363e1dcc748d6a5,2025-10-15 02:02:11.000 UTC
0.22,0xa6c411838c02425ee3b5b3478c305ac422d210f9,2025-10-14 19:07:59.000 UTC
0.245,0xfd96efc35167788de4bda7ea61bfcd37ab207dfd,2025-10-14 17:32:47.000 UTC
0.25,0xd50c34f7c006953def07f40602b15d0d90e9f4aa,2025-10-14 15:20:11.000 UTC
0.195,0xd7c59c8f0d0612ca60107ad11710b04a51b96247,2025-10-14 13:17:47.000 UTC
0.235,0x990f8b00ae3f8c40f8837419bea94eab48be5c14,2025-10-14 13:08:35.000 UTC
0.28,0xa8e40a9cc4cc8fd0007ea10817806d408d200e2d,2025-10-14 09:07:35.000 UTC
0.1,0x8d3731f7791e7b2d210051073b467fe6c5467eef,2025-10-14 04:23:35.000 UTC
0.19,0xe8db7bf8138aa77982f329c3523e5ba3f0d4c1c0,2025-10-14 01:04:59.000 UTC
0.1,0x5a35455c3534fd0b652667e6a94a60e3e9a56546,2025-10-13 22:45:47.000 UTC
1.0,0x612fdb880f09a5a5a2547dbf575531657fbd33c2,2025-10-13 10:32:35.000 UTC
1.4,0x1d90899e3b283a51ed825dd388a6f825a89f70c3,2025-10-13 09:49:47.000 UTC
0.1,0xfff5086e00bc92ee04826b0f5398ebbdb8ea4000,2025-10-13 09:30:35.000 UTC
0.12704,0x65b5b9e489e90c641c69742f5ea805146795d681,2025-10-13 00:27:35.000 UTC
0.10405,0x81039559adb9e85e2bef030144c594684bb494f0,2025-10-13 00:26:35.000 UTC
3.0,0xf23f999ece302ea646509b51e6c4c19055471ab0,2025-10-12 12:33:59.000 UTC
0.11,0x3a1bb9a434d4ce28ba39f5946112369315d88db6,2025-10-12 09:38:35.000 UTC
0.201,0x1496fe65cbbd87765a5da4c90c193ea3b59928e3,2025-10-12 06:59:59.000 UTC
0.91,0xdcf55680f897d2b9594a985fe659fdc655f91c48,2025-10-11 15:00:35.000 UTC
0.1,0x9ac74137285b8608928612691646c91c72e817fb,2025-10-11 07:08:35.000 UTC
0.1,0xddd9922bc62f887711a4b7bc4a9b270d324fc56e,2025-10-10 16:43:47.000 UTC
1.0,0x787b4b7ffef8eddad54f311039acf4c36fec9593,2025-10-10 12:55:47.000 UTC
0.1,0xa99c4f924a167cdec1486aa9920de70a48455ab2,2025-10-10 12:36:11.000 UTC
0.10223,0x50b62d4abdbdecce5cb242fe842c7987b07d58f0,2025-10-10 07:31:35.000 UTC
0.5,0x5e4568c4d8343052a06ec8aab1e124af08b73248,2025-10-10 04:30:47.000 UTC
0.1,0x188b377db3bc07d626c91d05de8ffbc687d4a0ef,2025-10-10 00:57:35.000 UTC
0.1,0x03c3e07233201c582b1d7652632c9219653dec8f,2025-10-10 00:43:59.000 UTC
0.1,0xa2e83e57502a89a3af7ceacc195b320f9ad7d64d,2025-10-10 00:40:47.000 UTC
0.1,0x188b377db3bc07d626c91d05de8ffbc687d4a0ef,2025-10-10 00:22:47.000 UTC
0.1,0x17e372f150c7541211e3844c7f022eb48eb19a1b,2025-10-09 23:13:59.000 UTC
0.65,0xc1979c1acfa6db94af9b054334bf23e81f87b1c6,2025-10-09 19:39:47.000 UTC
0.1,0x22f6edb55790b0fe841c5ba9aa30792ebcb55863,2025-10-09 11:45:47.000 UTC
0.1,0xadea575af95ef3a28ec16c65e220a4271574e264,2025-10-09 08:09:47.000 UTC
0.1,0xfa002b52433a68eed6ed254569110a294b5efb74,2025-10-09 01:17:23.000 UTC
0.2,0x69aa4b1c616c9f2a08d57bc8809a199d07c978c0,2025-10-08 19:00:11.000 UTC
8.7,0x37d0dfd6a0a502cbc7b992cf74eeb3d1f1eaf01b,2025-10-08 10:35:47.000 UTC
0.1,0x82cd1b0faa449d0562bb32072dc1e5be9c509c1d,2025-10-08 09:25:35.000 UTC
0.152,0x9295b84f08b52e480bce5cff6a65d27f2e7ce3b2,2025-10-07 18:38:47.000 UTC
0.1,0x92b84cd573cee3f841500d962dbc694489695d94,2025-10-07 18:36:59.000 UTC
0.1304,0x263a46b68219ce63da8f7e12a984ac5e0637d9ca,2025-10-06 23:31:11.000 UTC
0.10703,0x4b4c91c9ce7229a2a6dac82b6b507ed823d46ec0,2025-10-06 23:28:11.000 UTC
0.1,0x69aa4b1c616c9f2a08d57bc8809a199d07c978c0,2025-10-06 23:17:11.000 UTC
0.1012,0xb921259d57ca53cc837bedf1a0b55a5b95b11743,2025-10-06 11:25:23.000 UTC
1.1137,0x79f8ebb0fcebadde2535d8500dfc2e46d41521f7,2025-10-06 03:32:35.000 UTC
0.1,0x79f8ebb0fcebadde2535d8500dfc2e46d41521f7,2025-10-06 03:06:35.000 UTC
0.1,0x725a682eb3f663a8516cef339ec415cd00456ff5,2025-10-05 17:25:59.000 UTC
0.3,0x9bf34d1c07df562657aef13361108a271efea0b0,2025-10-04 02:51:23.000 UTC
0.1,0x69aa4b1c616c9f2a08d57bc8809a199d07c978c0,2025-10-03 23:47:59.000 UTC
0.3553,0xa24ee9906c04591ed01667a42dba6a714892b90d,2025-10-03 18:59:35.000 UTC
0.3,0x928a8bf2474e1f855e9771e45ed7e2798a7923e4,2025-10-03 13:03:11.000 UTC
0.1,0x113afbb79d4f532b78a85ab13dfe2dae456425bb,2025-10-03 10:35:47.000 UTC
0.1012,0x1b26453779a8ac69bd67a5d5cec114c203e887a4,2025-10-03 07:42:35.000 UTC
0.11,0xf31afd56c311def7faa176587645ad6b4cd71720,2025-10-03 07:07:11.000 UTC
8.8,0xc81fab87fc197c5e49aeee899710b22d243e2cae,2025-10-03 05:02:35.000 UTC
3.0,0xe938873743a8de62d8c9a7d60f416cb9ce5421f3,2025-10-02 19:43:59.000 UTC
3.935,0x2458faf775ea581bbac3d3a298f1c45f674c8483,2025-10-02 19:38:11.000 UTC
3.3,0xa282b8968b491e7df3bf2ddca667b98c7bda996e,2025-10-02 18:49:47.000 UTC
0.1,0x486fbf359aac330d2dd6f0ab750d9af699186ffb,2025-10-02 12:38:11.000 UTC
2.0,0x0565d29125cd6b86a62a8cc5f0c2e7e8ab693db1,2025-10-02 09:22:47.000 UTC
35.0,0xf369af914dbed0ad7afdddebc631ee0fda1b4891,2025-10-02 08:03:59.000 UTC
0.1,0x1870e58a35b526d403edcc902a8cd07b755ce8ed,2025-10-02 01:37:11.000 UTC
0.1338,0x45b40589a2ee74231f6d065e6909aa660257c8f8,2025-10-01 21:44:23.000 UTC
0.11,0x45b40589a2ee74231f6d065e6909aa660257c8f8,2025-10-01 21:42:35.000 UTC
0.1003,0xfb238196eb838a2384ed33129e3bd85513a3dba4,2025-10-01 21:41:35.000 UTC
0.1,0x8289432acd5eb0214b1c2526a5edb480aa06a9ab,2025-10-01 15:35:23.000 UTC
0.124,0xcfad0c4debd28dad5098940b66281c8098458dc4,2025-10-01 15:18:11.000 UTC
1.0,0xc81fab87fc197c5e49aeee899710b22d243e2cae,2025-10-01 05:24:35.000 UTC
0.5,0x546a0cb802377153b4feae052a5ed14c98b3cc9c,2025-09-30 20:21:47.000 UTC
1.7,0x44c466f3c93c0890e9f3baf33265976a9096b9a3,2025-09-30 11:13:23.000 UTC
0.45,0xc53ba960177db6bff4a73741806a685e6dcb2a68,2025-09-30 06:50:47.000 UTC
0.2486,0xb9d0a5f811859a35280a242eaf1a8735fa1d80ff,2025-09-30 00:32:23.000 UTC
0.1033,0x40ce783bbe724e9db59a221c3ccdced3b2b657aa,2025-09-30 00:26:11.000 UTC
0.1,0x4868c60e35373b8cad0a26343d74b51e8331bddb,2025-09-29 09:04:23.000 UTC
3.0,0xd703fe4a550c55af8fa9561789223ac761f913eb,2025-09-29 01:02:59.000 UTC
0.1,0x4868c60e35373b8cad0a26343d74b51e8331bddb,2025-09-28 21:00:11.000 UTC
0.1,0x4868c60e35373b8cad0a26343d74b51e8331bddb,2025-09-28 20:49:35.000 UTC
0.2,0x4990112165a9edaa218d75522e6899133af6ad79,2025-09-28 08:47:11.000 UTC
0.2543,0x2a1a67980fafc3d536f39a7a17b3b0e90a000f07,2025-09-27 03:32:23.000 UTC
0.1066,0xe3c23102f47fe45d353a6a9d2f3ac92fe8aee5d9,2025-09-27 03:30:35.000 UTC
0.35,0x748a3e30a359ff3aea57285ff9451ca039818469,2025-09-27 00:10:59.000 UTC
4.1279,0x073a5d7da0db994a6c54ae8a90cbe175c6161781,2025-09-26 19:49:35.000 UTC
1.16,0x42d976e330c059b5103553cf1fa9e2810f10cdaf,2025-09-26 11:28:11.000 UTC
0.1,0x2ee8670d2b936985d5fb1ee968810c155d3bb9ca,2025-09-26 11:09:59.000 UTC
3.0,0x892857d3a0e6ca504da54470a0d71593525ebc22,2025-09-26 04:52:59.000 UTC
0.1,0x51748ec653e42af65e79579c80041e02ab67f711,2025-09-25 19:40:11.000 UTC
8.0,0x5f02e13c3d34e8f5e8090f71e40605b231fa13e1,2025-09-25 17:46:35.000 UTC
0.5,0x512e07a093aaa20ba288392eadf03838c7a4e522,2025-09-25 16:29:35.000 UTC
0.1,0x82cd1b0faa449d0562bb32072dc1e5be9c509c1d,2025-09-25 13:42:23.000 UTC
2.0,0x94f3cdfc19763b3ad3b31925643174423c773a5f,2025-09-25 04:44:11.000 UTC
4.0351,0xc8d5e99b361deec9cf26af0954c365ef65ab7069,2025-09-25 02:00:35.000 UTC
29.849,0xbe2e58a302f1b0bc8e3649fad6980b804877cd9a,2025-09-24 19:41:59.000 UTC
0.1,0x349746ab142b5d0d65899d9bcb6f2cd53ab084d8,2025-09-24 12:11:35.000 UTC
0.1,0x309b86b95f22547ee95a19a0e7facb9f534d84c6,2025-09-24 00:30:23.000 UTC
18.0,0x309b86b95f22547ee95a19a0e7facb9f534d84c6,2025-09-24 00:27:59.000 UTC
0.1012,0xe74f45b02281a199b28e2a4dd817f5b008b4727f,2025-09-23 22:23:23.000 UTC
0.1,0x8289432acd5eb0214b1c2526a5edb480aa06a9ab,2025-09-23 14:51:35.000 UTC
1.7025,0xd2740f3e455fa6239a47fe7c35e0074bda0109ea,2025-09-23 14:50:23.000 UTC
0.1,0x2b0afa9d3200f0708473ad272672ff099619c578,2025-09-23 14:20:11.000 UTC
0.1,0x309b86b95f22547ee95a19a0e7facb9f534d84c6,2025-09-23 11:18:59.000 UTC
0.35,0xd9c5706f61ad1244e69d5616f2f1a6831a404e94,2025-09-22 18:24:11.000 UTC
1.0,0xc8d5e99b361deec9cf26af0954c365ef65ab7069,2025-09-22 08:22:23.000 UTC
0.2598,0xb66e57412f82e1f7751440bc1d022dabb438ab54,2025-09-22 08:13:11.000 UTC
0.1,0xa6b166bc8e36fd773be88dcb115bdf7850c886ce,2025-09-22 03:26:47.000 UTC
0.1,0x261812f2b755a272d6705f080ed63f02573adeb8,2025-09-22 03:08:23.000 UTC
0.1011,0x27009f62b351c7c7c44468f0d345d1bef508c535,2025-09-21 19:47:23.000 UTC
0.1012,0xf8efa459f6a5bf3d17ad82b685b48abd6b48ec4d,2025-09-21 19:16:11.000 UTC
0.1001,0x2e654c0fb467ed84efcccfeadbfe680b8eace0f6,2025-09-21 19:04:47.000 UTC
0.4486,0x492d203134ca1de2700acaab0027588a756983d3,2025-09-21 13:56:23.000 UTC
0.1,0xbe2ee243531c345c94d77a3c2d08eee6bf771c4d,2025-09-21 11:38:35.000 UTC
0.1,0xafd48f565e1ac63f3e547227c9ad5243990f3d40,2025-09-21 08:55:11.000 UTC
0.1022,0x25a48d9ec7955f265c3a4374766875439fb80708,2025-09-20 21:32:59.000 UTC
0.1,0x5c75c6684e709c8d566949d5908aa7817dabc70a,2025-09-20 14:20:35.000 UTC
0.3531,0x45218af19c19936ab50b973dc69bf258e4957284,2025-09-20 14:19:11.000 UTC
27.0,0xb38148f61edc5b0f0c09b722ce1158c997635644,2025-09-19 19:05:59.000 UTC
0.9848,0xa0d191ade8a37fd828cde4ef43bbcf8e7bf2d985,2025-09-19 06:09:59.000 UTC
0.2135,0xdeafd11fd890f655c7bf909e2f1511a606ddc4ef,2025-09-19 03:53:11.000 UTC
0.35,0x5f926956f6f14c4d28537d7f821a8730b5eaf3f3,2025-09-18 06:58:59.000 UTC
0.2316,0xaba0a4762bc5e727f8dcad81e32ccdd62d919aa1,2025-09-17 23:20:59.000 UTC
1.5,0xb036bc29cf917c7eb608bdf2ea5d9e02e5a0115a,2025-09-17 20:12:47.000 UTC
0.3914,0x379606d84240b58c87f2d5b41ed7b5025b2b9d8a,2025-09-17 13:10:11.000 UTC
0.1,0x3dfaaf091235e02c7a9c4fe1254b81dd9b6a3077,2025-09-17 12:36:23.000 UTC
0.1,0xaf84c22d91e8edebb23e74d32dc81876917bea36,2025-09-16 20:10:11.000 UTC
0.95,0xd4fa36def1a01795a45860f9b4c057c739cedfcc,2025-09-15 17:23:35.000 UTC
3.0,0x0565d29125cd6b86a62a8cc5f0c2e7e8ab693db1,2025-09-15 14:25:35.000 UTC
10.0,0xd85351181b3f264ee0fdfa94518464d7c3defada,2025-09-15 11:31:47.000 UTC
0.1892,0x853bd9e8654dce9576d920023c36ad482cb6cdfd,2025-09-14 22:21:23.000 UTC
1.0,0xb38148f61edc5b0f0c09b722ce1158c997635644,2025-09-14 20:56:23.000 UTC
0.1,0x3eca5eee06a42a11ae1bf3aba57f46a2906e9154,2025-09-14 19:19:59.000 UTC
0.1,0xa6b166bc8e36fd773be88dcb115bdf7850c886ce,2025-09-14 17:27:23.000 UTC
1.0,0xd270a581cec1f2705d8d264c8b02372315497a8a,2025-09-14 15:23:47.000 UTC
0.1,0xf6731de143cd04d7e9aebe3b1b00adbbd4710249,2025-09-14 10:46:23.000 UTC
0.11,0x853bd9e8654dce9576d920023c36ad482cb6cdfd,2025-09-14 08:10:59.000 UTC
0.5,0x2e1aa78254dc5f619820f96bb276121ae0afba8a,2025-09-13 20:46:23.000 UTC
0.1,0xa4caccef0dd28212b2aff92443bd560ba83ff428,2025-09-13 03:48:23.000 UTC
19.895,0xe7ef890bd56cfa643a2de81ad5e74d70b8ebd261,2025-09-12 19:56:11.000 UTC
0.1,0xa78357765c5618382e8fa9f0fa1aa4d3f1c02b2d,2025-09-12 19:32:23.000 UTC
0.1,0x5f02e13c3d34e8f5e8090f71e40605b231fa13e1,2025-09-12 19:07:47.000 UTC
0.1732,0xe43e93b596eabe0e7d2ac8e56c94b92ec8a2a43b,2025-09-11 22:20:11.000 UTC
0.1,0xa78357765c5618382e8fa9f0fa1aa4d3f1c02b2d,2025-09-11 08:26:23.000 UTC
0.2049,0xd10cf0969f6034e9819aa7220d63d740862144e1,2025-09-10 23:15:35.000 UTC
0.101,0xdeaf1a89c0c7b8157bcbc89e917e73f4268c861e,2025-09-10 20:29:23.000 UTC
0.1072,0xcf85e890b8501295172288216f24379275c23fee,2025-09-09 23:35:59.000 UTC
0.5,0xde3697dda384ce178d04d8879f7a66423f72a326,2025-09-09 22:37:47.000 UTC
2.6604,0x03457d45af4e710277622660832255ea9349c0f7,2025-09-09 20:09:23.000 UTC
5.15,0x546a0cb802377153b4feae052a5ed14c98b3cc9c,2025-09-09 18:43:35.000 UTC
1.74,0x3039aabb8fe582fc1774390dcaf6b55fab23ac13,2025-09-09 17:15:47.000 UTC
1.734,0x1fda10d528d21556c913ecbbef28dce574936435,2025-09-09 17:13:11.000 UTC
1.74,0x03457d45af4e710277622660832255ea9349c0f7,2025-09-09 17:12:11.000 UTC
1.741,0x4c2cad0b95f5c957e69925bfb40c656146d409a1,2025-09-09 16:45:23.000 UTC
1.733,0x7a3462c3ed2474ab94cefd76eed5c5758d4eaab6,2025-09-09 16:44:47.000 UTC
1.73,0x98f422602e45d5ae2a58a6b2da9c89510f22ba85,2025-09-09 16:42:35.000 UTC
1.735,0x51207e482d59656d3e844d26343a3b7b47b9a2af,2025-09-09 16:41:11.000 UTC
1.5087,0xfc52a194d2df751ac0afa6f70ef69bcc0afc920b,2025-09-09 16:05:35.000 UTC
1.5133,0xb067b0803389cc2a5f38188796e46cf91fd43099,2025-09-09 16:04:23.000 UTC
1.6737,0x5a3d358c62ec4f0b81f714382523f287595a0b45,2025-09-09 16:03:23.000 UTC
1.7282,0x2d771906c2de12476a5885e974af7e21623c2cf9,2025-09-09 16:02:47.000 UTC
3.465,0xa102c3afa1caa1dd512b1f62c38b9c2b8deb3730,2025-09-09 16:01:59.000 UTC
1.731,0xcd6273cf5c84b020cb89cd216be91975b1ccbfe4,2025-09-09 16:01:23.000 UTC
1.7376,0x7d40ea63c0ccba6aa54428382fdb7a6ffed65b16,2025-09-09 16:00:23.000 UTC
1.7302,0x93153a8d70f7b7c2c5df5be555fc1661bab9c5f7,2025-09-09 15:59:23.000 UTC
1.7344,0xdf84b2d83d3e48dfb8f60222d96e242c62d8b57a,2025-09-09 15:56:59.000 UTC
1.7838,0x2e342c3cff231ca9c45bb22a9b386a59eeed386a,2025-09-09 15:49:59.000 UTC
1.7889,0x7012787415eeb201e5d4534092efd11cb58f4ca6,2025-09-09 15:47:11.000 UTC
3.6061,0x8569c796b4f1b2946e02540eff4bc0bcd3f4e33c,2025-09-09 15:46:11.000 UTC
1.7941,0xcdcbe4cf44f3838e2ab5623dc9974770f6a7af37,2025-09-09 15:44:11.000 UTC
9.949,0x64572df7112097e007d102523e6727f319a6cace,2025-09-09 06:44:11.000 UTC
0.1,0xea1b9447707fb3575972066b0906bc4cedb8027b,2025-09-09 04:11:59.000 UTC
0.1462,0x04e72a3d94071c364b17c2bf1077f0ecb62e816f,2025-09-09 03:26:47.000 UTC
1.6916,0x61c2f6ebec36b62074b44ed8047f3e4fa809beec,2025-09-09 03:23:35.000 UTC
1.6628,0x7a3462c3ed2474ab94cefd76eed5c5758d4eaab6,2025-09-09 02:48:47.000 UTC
2.1931,0x9e9da506808f37e8e780692810abd8cdaba5ed9b,2025-09-09 02:47:47.000 UTC
1.6994,0xc848fd5cfd4491918d5f6588d6245f7df15f6ee5,2025-09-09 02:46:47.000 UTC
1.6725,0x351f5ab2c06324497f6291cf4e0ca4bd8ecd9001,2025-09-09 02:45:47.000 UTC
1.71,0xaefee289edc31e4562984a21ab41fcbec49c78ec,2025-09-09 02:44:59.000 UTC
1.6958,0x04e72a3d94071c364b17c2bf1077f0ecb62e816f,2025-09-09 01:28:11.000 UTC
1.6606,0xe17fd1cdaf0912dcb0ce12b7e4d361f8b684cf2c,2025-09-09 01:27:11.000 UTC
1.6588,0x901da75f8f8c0ebc767742287c107e4853c58ee4,2025-09-09 01:16:11.000 UTC
36.0,0xe7f8e8690fc751db0cdb092ad801d348e239646b,2025-09-08 20:26:59.000 UTC
0.9866,0x2d96bbf791a1b36d1c723b3813c4e438bf168dc6,2025-09-08 09:10:23.000 UTC
0.86,0x51b93b5b12a2e9c0a5b2a4033b0ff6a54ce92032,2025-09-08 08:29:11.000 UTC
0.1,0xfb440a758900290bc8e270607cb44b692ee66d10,2025-09-08 00:09:47.000 UTC
0.1,0xa1f1509215af80a2aa2243bc47db0f9ea9f7f65d,2025-09-07 20:22:47.000 UTC
1.3,0xcc5128db7f326b20b261e50edbc164beaf344cad,2025-09-07 13:34:11.000 UTC
0.1102,0x41a10bdd337a1a18d8267cfc9c438434e832a123,2025-09-07 09:41:11.000 UTC
0.1,0xd4db5b3356a2dc6451c24e5133d503404790f478,2025-09-07 07:32:47.000 UTC
3.0,0xe107cf800e4582eb239d7ffe6b476a202338b7e6,2025-09-07 04:37:11.000 UTC
1.1207,0x3d39e18a0c9898f562390883a310fbb7e62fcf2e,2025-09-06 08:39:11.000 UTC
0.1,0x2a2b2da66c30f599ec23042d81cf665ca5116dc9,2025-09-06 05:19:35.000 UTC
24.999,0xd80cb993d88e9385dcae231fb9f35c2374e9cbfb,2025-09-06 03:13:47.000 UTC
7.0734,0xa44797e23dc5f436618bb02e468b8fcb2d95a1e9,2025-09-05 21:35:59.000 UTC
0.1,0x41a10bdd337a1a18d8267cfc9c438434e832a123,2025-09-05 07:30:59.000 UTC
2.9615,0x8b1b69540c19886b89b1cc678e6e1c66c30c00ec,2025-09-05 07:13:35.000 UTC
0.393,0x997f3c238b20fd9328796232b5b05740bab8a2ef,2025-09-04 21:08:47.000 UTC
29.845,0x1ebe269833815cb9ae7ab88e677d7aee500500f7,2025-09-04 20:56:47.000 UTC
23.0,0x1f378305a40cd8b5b5289a372f9a529b23ea1875,2025-09-04 17:25:35.000 UTC
5.8035,0x1467a4eccb676c2fe8f66f1c4b359b8b720cffed,2025-09-04 06:28:23.000 UTC
0.2147,0xe6a7b314a4f2bdbe0db25b22403e552646ff121f,2025-09-04 00:06:23.000 UTC
19.679,0x0268c199ece0d4aa1acb08e2716298c5fe4c2c7a,2025-09-03 16:44:35.000 UTC
1.0,0x0a0d752f90b7bf700e29379c7f512c87561e959a,2025-09-03 16:32:11.000 UTC
0.1,0x42dbf634c256acd17beddc1330488f1bea7b8bdf,2025-09-03 01:52:35.000 UTC
35.57,0x05b262a66d925c9ba5a3b99acc9c1fc1d8cba2e0,2025-09-02 16:19:35.000 UTC
0.12,0xb66e57412f82e1f7751440bc1d022dabb438ab54,2025-09-02 14:59:23.000 UTC
0.1,0x379606d84240b58c87f2d5b41ed7b5025b2b9d8a,2025-09-02 13:34:35.000 UTC
0.1,0x97b9a1e26ebf088f7fd2283384c99ed86bbed2b6,2025-09-02 12:09:47.000 UTC
0.5,0x1467a4eccb676c2fe8f66f1c4b359b8b720cffed,2025-09-02 07:21:47.000 UTC
0.1,0x23802e21c6cd72c091792bfb9f7afc2265cc68d6,2025-09-01 13:51:23.000 UTC
0.1,0x8289432acd5eb0214b1c2526a5edb480aa06a9ab,2025-09-01 12:34:59.000 UTC
0.3,0x9b8d772245c5781e9a1ac26b6bbebd34c3cc8801,2025-09-01 04:19:11.000 UTC
0.2,0xb66e57412f82e1f7751440bc1d022dabb438ab54,2025-09-01 00:37:23.000 UTC
3.0,0x546a0cb802377153b4feae052a5ed14c98b3cc9c,2025-08-31 20:17:11.000 UTC
2.551,0xec2e83a4de70b758c46091008181d93a4aabc900,2025-08-31 14:13:23.000 UTC
0.4,0xd10d728e789d94392ecff30ce7bc6d4c6268e0e0,2025-08-31 10:47:35.000 UTC
0.1491,0x4d08ccb5fd9d0c7ed1d8cdeb13086e4388a42754,2025-08-31 08:28:35.000 UTC
0.1,0xae562fd4fdd1e5b09bb15c8bb35bb5a25d3b06e9,2025-08-30 19:25:23.000 UTC
2.0,0xeaccfba939271824257aaec0b8c2922e68f67e94,2025-08-30 14:12:35.000 UTC
0.1,0xd72e3bdebabe0040233dbbc2567911dde5dac126,2025-08-30 06:41:47.000 UTC
0.5,0xeaccfba939271824257aaec0b8c2922e68f67e94,2025-08-29 19:39:11.000 UTC
0.1,0xe4e3426e8e98b84c983d5fccd668c35199218542,2025-08-29 18:29:23.000 UTC
10.0,0xb3130374575ea9e2c6f2c67e0e77c2e08dc12e79,2025-08-29 16:58:23.000 UTC
5.0,0x77d6f7ae221f7e2a624281891a826e7c9d303ba0,2025-08-29 09:51:59.000 UTC
1.0,0x97d5ee644057451be47caf737d444010ffc168be,2025-08-28 20:54:23.000 UTC
10.0,0x08dd9998292edb0068e528706263ed40d97474b3,2025-08-28 19:40:59.000 UTC
5.5,0x8e6e6e6ea346be5bac353cad8f48d65b2a1ca01e,2025-08-28 15:45:47.000 UTC
16.595,0x34f326f9809f43a0829cfd73cefcf274ad476667,2025-08-28 06:34:11.000 UTC
1.0,0x44c466f3c93c0890e9f3baf33265976a9096b9a3,2025-08-27 21:58:23.000 UTC
0.1,0x642c7f7040c656d633a9267284b338ff41051541,2025-08-27 19:42:47.000 UTC
0.3,0xc1c4ec74429327bb3afd6c57da11771d1414739d,2025-08-27 16:13:23.000 UTC
0.1,0xec2e83a4de70b758c46091008181d93a4aabc900,2025-08-27 16:06:23.000 UTC
0.2,0x82a8e300c5bc6a6e7918d3e18b344dab715e2a8c,2025-08-27 07:20:35.000 UTC
0.3,0xeed7e1c7c9c68611584e8f6230178ce0a48eef7f,2025-08-27 02:38:59.000 UTC
9.949,0x452df71e459d95cdacd1a758a069e4684244bd8b,2025-08-27 00:26:47.000 UTC
0.102,0xc9f0e7e64e321cde421d5742b7c02c56a6908331,2025-08-26 22:08:47.000 UTC
0.1,0x51aebc79a3e41bd321b0314115fe0893d672f725,2025-08-26 22:04:59.000 UTC
32.64,0x6db56dd5c2ea45c133986785292bd18398820cb8,2025-08-26 21:58:23.000 UTC
0.1,0x0cc6e8b1706c45a613101b3ae725bd9b0597f3b0,2025-08-26 20:54:11.000 UTC
2.0,0xe8876a0d28e7e722463fd6c9d554fea049530217,2025-08-26 20:50:35.000 UTC
0.103,0x80ceea106a8b5f0c5f8b3fb4f87c2b8290469b07,2025-08-26 20:46:35.000 UTC
0.1,0x52dbcc408c0624909d3a8df578534e4f584cf493,2025-08-26 20:41:59.000 UTC
1.0,0x25e97eb260bdbcef18982b7668a0d1fa2db57440,2025-08-26 14:04:11.000 UTC
0.592,0xe5c995773f44d99525fce8fd0d315729b5cf0b56,2025-08-25 18:32:47.000 UTC
0.9773,0x74c9d38ee85faeb44851560b7ac8dccc7d23885c,2025-08-25 15:19:11.000 UTC
1.0,0x7299428bab3a49eec37ed627ad2f362e2c2f83a9,2025-08-25 15:06:47.000 UTC
1.0,0x7299428bab3a49eec37ed627ad2f362e2c2f83a9,2025-08-25 09:21:11.000 UTC
1.0,0x7299428bab3a49eec37ed627ad2f362e2c2f83a9,2025-08-25 09:20:47.000 UTC
2.0,0xe4d31ac2bf5e673c513f38baeb3a7365fbd12179,2025-08-25 08:10:59.000 UTC
0.11,0xcf889754a0f0551c7ca1c8b1b6b20945337e7cba,2025-08-25 01:59:23.000 UTC
23.402,0xdeafc2d0f07d4c507ddf357ded965da7f6c88efd,2025-08-25 00:34:11.000 UTC
4.377,0x27b1e36aa5c25c7b536c68f0a3fb01ee2b2a2536,2025-08-24 23:03:35.000 UTC
0.1499,0x2e3bd4e33281ec73b88233ab5f8b0e52a8d6f913,2025-08-24 22:05:47.000 UTC
0.7,0x6d5a0bb99969c5edd46f5c1963156497787aae67,2025-08-24 20:26:47.000 UTC
0.12,0xd30cc0a1d4e5a642303b85d786766b6be6d50cce,2025-08-24 19:35:35.000 UTC
0.12,0x140301c8a64af85c467ffea4ab7625a35897cbbe,2025-08-24 03:37:35.000 UTC
0.1,0xd2740f3e455fa6239a47fe7c35e0074bda0109ea,2025-08-23 23:22:59.000 UTC
0.1,0xd2740f3e455fa6239a47fe7c35e0074bda0109ea,2025-08-23 23:22:35.000 UTC
0.1,0xd2740f3e455fa6239a47fe7c35e0074bda0109ea,2025-08-23 23:21:59.000 UTC
0.1,0xd2740f3e455fa6239a47fe7c35e0074bda0109ea,2025-08-23 23:21:23.000 UTC
0.1,0xd2740f3e455fa6239a47fe7c35e0074bda0109ea,2025-08-23 23:20:59.000 UTC
0.1,0xd2740f3e455fa6239a47fe7c35e0074bda0109ea,2025-08-23 23:20:23.000 UTC
0.1,0xd2740f3e455fa6239a47fe7c35e0074bda0109ea,2025-08-23 23:18:59.000 UTC
0.1,0xd2740f3e455fa6239a47fe7c35e0074bda0109ea,2025-08-23 23:18:23.000 UTC
0.1,0xd2740f3e455fa6239a47fe7c35e0074bda0109ea,2025-08-23 23:17:35.000 UTC
2.0,0xd2740f3e455fa6239a47fe7c35e0074bda0109ea,2025-08-23 23:15:47.000 UTC
0.15,0x22e5f823c5b9548fa524420814d81597ec47de04,2025-08-23 20:41:35.000 UTC
0.1,0x22e5f823c5b9548fa524420814d81597ec47de04,2025-08-23 20:40:23.000 UTC
0.1,0x22e5f823c5b9548fa524420814d81597ec47de04,2025-08-23 20:39:23.000 UTC
0.1,0x569bc59507560392fd115c8a2461bbfe9581e69a,2025-08-23 20:23:23.000 UTC
12.45,0x37970b5d9a550c256b11c5755101e3373260e49a,2025-08-23 19:52:47.000 UTC
13.42,0x893abb6cdf9f973f713bc5208c55d098c9eaa4bc,2025-08-23 18:20:59.000 UTC
0.1,0xd10d728e789d94392ecff30ce7bc6d4c6268e0e0,2025-08-23 17:43:47.000 UTC
0.1,0x857c66c8b9fe3284ebdc41591498e10923aedb37,2025-08-23 14:52:47.000 UTC
0.13,0x73b29ee45bc82caeff590493699f065bfc59c81e,2025-08-23 13:33:11.000 UTC
0.11,0x7299428bab3a49eec37ed627ad2f362e2c2f83a9,2025-08-23 10:54:11.000 UTC
0.1,0x4e642d41226e644aec3d3634aec49c588673aba5,2025-08-23 10:45:59.000 UTC
0.11,0x40c1f5ad96da1bce5d50df974b86aa49fc713434,2025-08-23 04:19:23.000 UTC
10.0,0x8e6e6e6ea346be5bac353cad8f48d65b2a1ca01e,2025-08-22 21:39:11.000 UTC
2.178,0xce92095a8cce2547d86b5bdca894f5be45ae2bd2,2025-08-22 01:48:47.000 UTC
0.1389,0xf086a4ba95c5f395496244008b32d2363fa56331,2025-08-21 20:53:47.000 UTC
0.2,0xf66c00759467c6524b0c86af132bb52786b37382,2025-08-21 18:54:11.000 UTC
0.3464,0x281c66886ef7b6c02bd31d028a000fc5c588a7a4,2025-08-21 15:56:59.000 UTC
8.0,0x6ad57a9e36651c7eb81e229e8cf4d3e8447e4904,2025-08-21 14:50:47.000 UTC
1.0,0x25e97eb260bdbcef18982b7668a0d1fa2db57440,2025-08-21 11:44:59.000 UTC
1.2,0x6d5a0bb99969c5edd46f5c1963156497787aae67,2025-08-20 22:25:59.000 UTC
2.326,0x626a9bd63eae15ad707fbb162a6fa60952f04d37,2025-08-20 22:12:59.000 UTC
10.0,0x8e6e6e6ea346be5bac353cad8f48d65b2a1ca01e,2025-08-20 21:16:23.000 UTC
4.5,0x7c8d1c186506df224a4e781b9f4ac6b9f5a40dea,2025-08-20 20:10:35.000 UTC
0.6913,0xe5c995773f44d99525fce8fd0d315729b5cf0b56,2025-08-20 19:40:47.000 UTC
0.135,0xf086a4ba95c5f395496244008b32d2363fa56331,2025-08-19 22:59:11.000 UTC
0.1,0x4bcfd2d2d6ff6f86d2e012e62cf90649f05f4713,2025-08-19 19:22:35.000 UTC
0.13,0x9f3b73637a6b6fc6d24f5d1a7a2cb8c055ba446d,2025-08-19 13:08:11.000 UTC
0.26,0xf31afd56c311def7faa176587645ad6b4cd71720,2025-08-19 05:48:23.000 UTC
0.12,0xf086a4ba95c5f395496244008b32d2363fa56331,2025-08-18 22:54:11.000 UTC
0.1,0x52ab58c10e9187a79da50f892ea4801aad58cb00,2025-08-18 16:33:47.000 UTC
0.1,0xce92095a8cce2547d86b5bdca894f5be45ae2bd2,2025-08-18 09:18:47.000 UTC
0.44,0x6f6dd9b9446260628a20ca44bef4fdaf8ce4af14,2025-08-18 06:06:11.000 UTC
0.1,0x4ba4d4e9e3a6f395a0a17ba95b29dacb08d9fa76,2025-08-17 12:38:11.000 UTC
0.2,0x8279e27193e9a21d9510936d417a7f5110d6890b,2025-08-17 10:14:23.000 UTC
0.12,0xe9ec83e7636a49d06f87b229868ec8bb3f6f7c3c,2025-08-17 02:22:47.000 UTC
0.105,0xae5915051c6221b7447896b6bda4b9084ba54bad,2025-08-16 22:05:35.000 UTC
0.115,0xf6fc6666eaaa37b6b19a3a8373ff87305a7de43a,2025-08-16 16:55:59.000 UTC
0.1,0xc33117a7a1a6f8e136a6d7e7bf2f075b5b9db949,2025-08-16 12:21:59.000 UTC
0.11,0xcc0faf87e664966715627c78981010b5334ac823,2025-08-16 11:01:47.000 UTC
0.1,0x23802e21c6cd72c091792bfb9f7afc2265cc68d6,2025-08-16 06:10:11.000 UTC
0.1,0x9d0fdc0012ac0439c0e856fb55c0f31fa21aaa8c,2025-08-15 22:32:23.000 UTC
0.1,0x9d0fdc0012ac0439c0e856fb55c0f31fa21aaa8c,2025-08-15 22:30:11.000 UTC
0.1,0x6e4ef292755ea6b13467f1585630918a9d129884,2025-08-15 15:12:23.000 UTC
0.12,0x44cee63cc38b8c3f92f65b7237e45e7b27531dab,2025-08-15 13:03:59.000 UTC
0.1,0x25e97eb260bdbcef18982b7668a0d1fa2db57440,2025-08-14 11:00:35.000 UTC
0.503,0x271bfdc2a269d2ec92687f85a131e882a708a789,2025-08-13 19:48:23.000 UTC
4.0,0xa556a5a50d2c786617263414878214a9159d1433,2025-08-13 17:54:47.000 UTC
1.2,0xfdd74a62b2d405f70246a4ca6bfb3488c8e9a00b,2025-08-13 14:01:11.000 UTC
1.5,0x62ece183f6343332a8b7207e7ac16ba60bc86804,2025-08-13 13:57:59.000 UTC
1.5,0xf26548644bdcfa194128d6bb6761a3ed3feaf90d,2025-08-13 09:55:11.000 UTC
0.1,0x75b78c92241711fd6f9eba0a1b0ef096b313b3e8,2025-08-13 08:24:35.000 UTC
3.0,0x3a0e6b374fcc051172ab4fcc3599f245bbaf02a2,2025-08-13 08:22:59.000 UTC
0.52,0x48d5ee995bb8aa673cbfdee350db0f0d85cf82d9,2025-08-12 15:20:23.000 UTC
0.28,0x21db0901e08752a5c09bc25ad2061971b637dfb2,2025-08-12 14:47:47.000 UTC
0.1,0xd262d146e869915444d0f34ecdaabab5ab43007e,2025-08-12 14:38:35.000 UTC
0.1,0xc23025b9e8669bb09534d0a6916091748b5d78cc,2025-08-12 13:20:59.000 UTC
0.1,0xbffab3ed459ad6512bf49585c055d7dc688f6177,2025-08-12 10:27:47.000 UTC
0.21,0x5b0c636ec905e6297652c340d6d575e8cdab4bfc,2025-08-11 13:14:35.000 UTC
0.1,0xbc8daddca2dcd52be0d4e71aaa9db88189178500,2025-08-11 12:58:35.000 UTC
0.2,0x366c89128bf229f0ae117f5829cf5cda191fe5bc,2025-08-11 10:41:35.000 UTC
0.1,0x97b9a1e26ebf088f7fd2283384c99ed86bbed2b6,2025-08-10 23:15:47.000 UTC
0.1028,0x10a0df0118a7322221e8700b3a3196fdda8c042f,2025-08-10 23:00:47.000 UTC
0.1001,0xc35b15796c039ec6a574409c0b95cf906cb260ca,2025-08-10 22:56:59.000 UTC
0.1,0x511cf8b7fcbc28476aea3e574dd3f4a7973bd5b6,2025-08-10 22:51:35.000 UTC
0.1045,0x3294d22e76c10227a77389290c9df4709e4e8362,2025-08-10 22:47:35.000 UTC
0.101,0x21b43d18c3381b3966b4964d5b7913dcc7eb00af,2025-08-10 22:43:23.000 UTC
0.5,0x26394373f96950025da55b07809c976a4768c995,2025-08-10 02:03:59.000 UTC
0.5,0xdcbb368c73dce534c4fdafd4da722b5826948e09,2025-08-09 23:26:23.000 UTC
17.0,0x028b2b9adca1bd1263086b0b221713a684968817,2025-08-09 15:15:23.000 UTC
1.0,0x850596444bb1921ef60e647f0951f766c6359c83,2025-08-09 07:30:59.000 UTC
0.1,0x87a4b3e26d17c88c8e22b605bb211f3b92c659f4,2025-08-08 16:37:11.000 UTC
0.61,0x18869fdda7562bc0932d8e7de4de66946ad10d7a,2025-08-08 11:45:59.000 UTC
2.617,0xd562c6a4d0d8bb3143a4738c3fc989da8a5df957,2025-08-07 22:59:11.000 UTC
1.0,0xe0e9aaf27993f96735fc91a9d89c8207a4d2da6c,2025-08-07 16:36:23.000 UTC
0.15,0x3e720f62db92cfc9f486c9d739e7753feac83faa,2025-08-07 13:20:47.000 UTC
0.1125,0xb9d2faa0cdb1b0961bec2622b9431e6475182fe9,2025-08-07 09:01:23.000 UTC
0.47,0x18869fdda7562bc0932d8e7de4de66946ad10d7a,2025-08-06 20:00:59.000 UTC
0.103,0xfd897dcb57940399cb2e5f4c1e5336e09d8859b5,2025-08-06 06:45:23.000 UTC
0.1,0xb03f5438f9a243de5c3b830b7841ec315034cd5f,2025-08-05 21:23:35.000 UTC
0.18,0x505755e3b7136e4bd39f396c0464313e37ed2346,2025-08-05 20:51:47.000 UTC
0.425,0x7b55dde4af02e55bfc2e9df49126234a01af0c3a,2025-08-05 19:22:47.000 UTC
0.15,0xe99ae4452b0f4099f0ca435f5153d0f3ac331b42,2025-08-05 00:26:23.000 UTC
0.103,0x9446968d53569d1a700c78620a1b42cdefc4b3b1,2025-08-04 22:40:47.000 UTC
0.1,0xc607b2a6ae9360d06912bfdcbcd1abc8fff9c1ca,2025-08-04 22:31:47.000 UTC
0.101,0x45280c50e7b4575ac6ffd532f4c99ac8d2df2c8e,2025-08-04 22:21:59.000 UTC
0.51,0xe1554f7fb788b08a98f210f95f410bf4d0dd4727,2025-08-04 22:01:23.000 UTC
0.9948,0xb9d2faa0cdb1b0961bec2622b9431e6475182fe9,2025-08-04 21:37:11.000 UTC
0.3458,0xb3071bc8838cab347be299c42f8edd0fb484d946,2025-08-04 21:00:59.000 UTC
0.105,0x3376e07d0105ceb66e828c488de7eab8b0e07472,2025-08-04 19:23:11.000 UTC
0.101,0xe847349a33ee0a90ea094b26fac76b2678fe67b1,2025-08-04 17:44:11.000 UTC
0.1,0x5346ed0d98c195a53a12b301eb9275b54be68105,2025-08-03 19:37:11.000 UTC
0.1,0x57195c037541e095f80579d5159b9eae15e09503,2025-08-03 11:30:23.000 UTC
0.11,0xb5069da819fed576ef5f66cf3ee69af8908a7822,2025-08-03 03:02:59.000 UTC
0.25,0x701129ce30a8795a35db3bc4b9fb904eaa82034f,2025-08-02 21:08:59.000 UTC
0.115,0x882c2f4b5399a34d5f85f0d5f72ad164cc676a43,2025-08-02 12:47:23.000 UTC
0.1,0xbc8daddca2dcd52be0d4e71aaa9db88189178500,2025-08-01 22:52:23.000 UTC
0.15,0x232b8bfe580470c393ef926ade2cb8f2ba84c090,2025-08-01 19:17:35.000 UTC
0.1,0xbc8daddca2dcd52be0d4e71aaa9db88189178500,2025-08-01 13:11:23.000 UTC
0.107,0x201c7570ab12b9adf03fa02398b1d42b83f715de,2025-08-01 11:10:47.000 UTC
0.1,0x56d4eef047b36003ecee5623341729c9cf31cd5a,2025-07-31 22:24:11.000 UTC
0.3,0x56d4eef047b36003ecee5623341729c9cf31cd5a,2025-07-31 20:26:47.000 UTC
0.15,0x22e5f823c5b9548fa524420814d81597ec47de04,2025-07-31 19:40:11.000 UTC
1.0,0x22e5f823c5b9548fa524420814d81597ec47de04,2025-07-31 19:37:23.000 UTC
4.0,0x1f5d5433ff189f5c1f30487f599d1d754d5db029,2025-07-31 19:28:23.000 UTC
0.105,0xf9a25a31977a05d13b2cc877a1827358495e8233,2025-07-31 18:25:23.000 UTC
1.06,0x63fd43a809087567646c76995700043b46c19625,2025-07-31 16:59:35.000 UTC
0.33,0x4afb019cefb65e49a803336ddee706c90b4f5c23,2025-07-31 14:46:47.000 UTC
0.1,0x56d4eef047b36003ecee5623341729c9cf31cd5a,2025-07-31 12:30:23.000 UTC
0.1,0x6fd81ccfb782ef65959500ba676b5ce22744c990,2025-07-31 09:51:11.000 UTC
0.11,0x79665885da5a829abc2694ca2f2202718367d5fb,2025-07-31 09:04:11.000 UTC
7.0,0xd664637671a42a9b7248af9bb6c6346defc44032,2025-07-31 07:22:11.000 UTC
0.1505,0xed196d365e255b8333c8b61da3fa301379f02dde,2025-07-31 06:55:11.000 UTC
0.77,0x2c02a99229c015638c3ea851c404c4ab07bde29f,2025-07-30 21:04:47.000 UTC
0.502,0x3e58e62649f0ad6b628b213eb97838990d9bb1c2,2025-07-30 20:25:47.000 UTC
3.8,0x32aa30ccd7aa1c688e4f23b386ce542ca3bcde23,2025-07-30 19:59:47.000 UTC
1.16,0x2c9715380fe5b6adaa26afc00681cd6ba3ec04c1,2025-07-30 15:18:11.000 UTC
6.88,0x511d44830b7ee4193a7c1ca75a1f6780310acb6e,2025-07-30 05:23:35.000 UTC
2.5,0xcb989f08b6cdb0fa8da01ef5a474fb2cc020b35b,2025-07-29 21:31:35.000 UTC
0.6,0x4afb019cefb65e49a803336ddee706c90b4f5c23,2025-07-29 11:52:35.000 UTC
0.25,0x224791b5f50d93f560f2fb6c3c47bb6941fd2dd0,2025-07-29 10:24:59.000 UTC
8.33,0x5b11c55c107b5e6a26b0a6fa4b0fda0a24797d58,2025-07-29 00:03:35.000 UTC
0.8,0xe99ae4452b0f4099f0ca435f5153d0f3ac331b42,2025-07-28 23:54:47.000 UTC
0.2798,0x533d882977d3b09cb65cf7e07a7bb67afb8399ef,2025-07-28 22:34:35.000 UTC
0.1,0x81f8aa64a036d8a2ba8d76d4b6cf1ec4207eac7e,2025-07-28 15:55:59.000 UTC
2.79,0x462b0bae0b07c013fd33591f59641e31110647a0,2025-07-28 09:11:47.000 UTC
50.4,0xf6600b581fba4f890c288cda4739288f6d25326e,2025-07-28 06:12:35.000 UTC
1.0,0x161602d7b4c37b8d2fa9aff0408298b1f7db5899,2025-07-27 20:52:23.000 UTC
10.0,0x028b2b9adca1bd1263086b0b221713a684968817,2025-07-27 16:43:35.000 UTC
0.5,0xbf7f0485b9e94b0a69782c12fdd3942d7120b556,2025-07-27 15:13:47.000 UTC
0.1,0x4aa46316ef8e33ca29b79b912aa5a1d46c57bf53,2025-07-26 20:45:11.000 UTC
0.1,0xbc356c42df057ce65b9c2aad30c9956b878f76fc,2025-07-26 13:13:47.000 UTC
0.1,0x597076433419736483644ce44064e00ac22446a9,2025-07-25 22:32:23.000 UTC
0.2,0x2c9715380fe5b6adaa26afc00681cd6ba3ec04c1,2025-07-25 16:10:35.000 UTC
0.2,0x476c755bdc9f9f1c34b83559a30082fedfdfe23e,2025-07-25 14:28:11.000 UTC
0.56,0x4afb019cefb65e49a803336ddee706c90b4f5c23,2025-07-25 10:13:35.000 UTC
0.5,0xac50ce326de14ddf9b7e9611cd2f33a1af8ac039,2025-07-24 21:03:47.000 UTC
0.8,0xa0a3573c66f12e2e0c8701e93be52cd24c2177b6,2025-07-24 14:00:11.000 UTC
0.86,0xe1f9e14500e3ae8a7fa2a979b24bb7bbf917f0a3,2025-07-24 13:53:59.000 UTC
0.25,0x546a0cb802377153b4feae052a5ed14c98b3cc9c,2025-07-24 12:46:59.000 UTC
0.1,0x74c9d38ee85faeb44851560b7ac8dccc7d23885c,2025-07-23 21:06:11.000 UTC
5.0,0x18365615cd7ddbe00e8a6d72e7f544d9d77ba07b,2025-07-23 20:14:59.000 UTC
0.45,0x95590c1209883843f86a11f2a06277cbbf4f77e7,2025-07-23 18:22:35.000 UTC
1.35,0xcc5128db7f326b20b261e50edbc164beaf344cad,2025-07-23 08:13:23.000 UTC
0.102,0x026514e6e8eafecf68c1733fec50ba1b42d9db19,2025-07-23 06:48:47.000 UTC
1.0,0x4df67d8fb2553cf4c9e87103aea7c7ca77e855b6,2025-07-23 04:19:23.000 UTC
0.2,0xbb46f79c0779a10b6b200fd773786f24daabbbb3,2025-07-23 04:12:59.000 UTC
0.1,0xffe271fc41ecce146e14e518561b6943fe056978,2025-07-22 18:43:11.000 UTC
9.12,0x0721c2d78499ec02e50e4201d06c822d896676a4,2025-07-21 17:27:59.000 UTC
0.1,0x605389654f7057266927aec4a0342106da686ae3,2025-07-21 16:45:23.000 UTC
0.1,0xe4d31ac2bf5e673c513f38baeb3a7365fbd12179,2025-07-21 12:24:35.000 UTC
0.1,0xcb989f08b6cdb0fa8da01ef5a474fb2cc020b35b,2025-07-21 10:30:23.000 UTC
0.3,0xe99ae4452b0f4099f0ca435f5153d0f3ac331b42,2025-07-21 02:34:35.000 UTC
0.1,0x5bd07249115373c2f069da83592706fac4e70c66,2025-07-20 22:39:23.000 UTC
0.1,0x1d64773ff6f016187f926330719dac805a5f08a8,2025-07-20 22:04:35.000 UTC
1.0,0x0f43150e96bd5ff48909c6b3b5a029aeba8eda5a,2025-07-20 16:53:35.000 UTC
3.0,0x0f43150e96bd5ff48909c6b3b5a029aeba8eda5a,2025-07-20 16:45:59.000 UTC
1.0,0x70cfdf57a42f3ae5a3ac21352f149f85b521221d,2025-07-20 09:56:11.000 UTC
14.0,0xddf620bf4d926e3e2eb61255a3e24bcd3ac13003,2025-07-20 00:37:11.000 UTC
0.1,0x4ad74b4503c246c249f43d0b512516a4e11cd94e,2025-07-19 21:38:59.000 UTC
0.1,0x0f43150e96bd5ff48909c6b3b5a029aeba8eda5a,2025-07-19 20:49:47.000 UTC
0.1,0x46f2ade9d359e19c7edfdf99289f2d8f16f66872,2025-07-19 20:26:11.000 UTC
0.1,0x727752abbf7a9ef2f3c15e322dd43bf642d26eb7,2025-07-19 19:45:23.000 UTC
0.1,0x744e827ab69b0db3a559198efb7d2efee0868173,2025-07-19 13:40:35.000 UTC
0.25,0xf31afd56c311def7faa176587645ad6b4cd71720,2025-07-19 08:43:47.000 UTC
0.1,0x3335c8536d7ee848050143fb63c2c1260911122b,2025-07-19 06:10:47.000 UTC
0.4,0xdc6b04b4e40fde7c0e9ee1171f913febdbb4b88b,2025-07-19 02:50:11.000 UTC
0.1,0x81f8aa64a036d8a2ba8d76d4b6cf1ec4207eac7e,2025-07-19 00:01:35.000 UTC
1.1,0x114853761603242af9f305a8bb7fe051a933c1d0,2025-07-18 22:02:35.000 UTC
0.61,0x601dda54ce10e68799ac8ac98c3fbf0f44c555e2,2025-07-18 19:33:23.000 UTC
0.1,0xc1f2ba10fb398174e65d63f8edd1a8e3e8623a57,2025-07-18 18:40:35.000 UTC
0.84,0x6de93683648e14ccfb0d2957189337bac52d5a76,2025-07-18 17:49:35.000 UTC
1.0,0xcc5128db7f326b20b261e50edbc164beaf344cad,2025-07-18 10:04:59.000 UTC
0.98,0x94f5a2c492a0ab1c3da2187bb2ed6fad696920ec,2025-07-18 03:08:23.000 UTC
0.1,0x4fe1b4328392505e69e6353ce334d24c8dd8f11a,2025-07-18 00:43:59.000 UTC
0.1,0xbc8daddca2dcd52be0d4e71aaa9db88189178500,2025-07-17 20:15:11.000 UTC
0.1,0xe8876a0d28e7e722463fd6c9d554fea049530217,2025-07-17 03:14:35.000 UTC
0.1,0xd734dce28bcb7cfb02978f4b985e279c78249015,2025-07-16 14:45:35.000 UTC
0.1,0xf074c8744f2ed791ed3d774c416746ca064bcdd2,2025-07-16 14:02:23.000 UTC
0.1,0xbc8daddca2dcd52be0d4e71aaa9db88189178500,2025-07-16 09:21:23.000 UTC
0.1,0xa889e7180989c8c96b62c5049f0f0508ff2f3f00,2025-07-16 06:50:23.000 UTC
2.5352,0x4e72303d3768695fd6170ee721f9233df0a39602,2025-07-16 01:37:59.000 UTC
0.1,0xb3071bc8838cab347be299c42f8edd0fb484d946,2025-07-15 22:39:59.000 UTC
0.265,0x3752dd83b47b9e1b023c566b8db53aa98571dafa,2025-07-15 17:51:23.000 UTC
0.1,0xd20e342db297646a500a980088723c9e8af9810d,2025-07-15 17:44:35.000 UTC
0.6,0xe410d1b0be93c63945c64f81bb4c96dfaaad3f9f,2025-07-15 15:22:47.000 UTC
0.1,0x3d42c8fd1b077de1d37a8e598355d9a6e7de0e13,2025-07-15 05:48:23.000 UTC
0.1,0x3d42c8fd1b077de1d37a8e598355d9a6e7de0e13,2025-07-15 05:47:35.000 UTC
0.5,0x185fbf0f21fbd956404eef1a50462e017486dae3,2025-07-14 19:37:47.000 UTC
0.1,0x490c91f38ec57e3ab00811e0c51a62bfed7e81f4,2025-07-14 17:22:47.000 UTC
0.29,0x6c14002b741a74c0496cf704a3817a106c5000dc,2025-07-14 10:56:11.000 UTC
1.75,0xcd7e71d05ae449362ad98452767ed867ce1b5762,2025-07-14 09:39:47.000 UTC
0.25,0x5aadfec6a407f6730a4cfac54b472b23d42a718d,2025-07-14 04:18:47.000 UTC
0.2,0x1a4cbf6525788b18f7e61cdf72c0c0f81097000a,2025-07-13 23:00:23.000 UTC
0.1986,0xf7ae320a2e28470883e2b1c046563b6bdcc4ae9c,2025-07-13 10:11:11.000 UTC
0.1,0x974dff57f92caa66d30365f16864b8e351c8116b,2025-07-13 07:41:59.000 UTC
0.1,0x09528b6c6fc792eff0c70563c9b4c4c6e38da61d,2025-07-13 05:33:47.000 UTC
0.118,0x6dd7ddb3383bc6264ba075b60d2c870e2cb6dda5,2025-07-12 20:59:35.000 UTC
0.1,0xbb51a82f2862a93c570810a043dd5c576cd985c9,2025-07-12 19:11:47.000 UTC
0.3,0xa6a89322ea3b7a132f41ce9436379bad76029a6d,2025-07-10 21:35:11.000 UTC
0.1,0x24a0be3f076a4e3e83f4a4ba5a24bff3e11bc04e,2025-07-10 15:58:23.000 UTC
0.1,0x8289432acd5eb0214b1c2526a5edb480aa06a9ab,2025-07-10 15:04:23.000 UTC
0.5,0x3bfd575ccb6eae464d298ca83c4c64e9f175e5d5,2025-07-10 13:33:59.000 UTC
0.1,0x3bfd575ccb6eae464d298ca83c4c64e9f175e5d5,2025-07-10 13:33:11.000 UTC
0.5,0xabee677800bef9fe022c3d5dcf3c7653f9b5aec6,2025-07-10 09:31:35.000 UTC
0.1,0x1870e58a35b526d403edcc902a8cd07b755ce8ed,2025-07-10 04:03:59.000 UTC
1.0,0x5105c5911fc6a24d11a9e24f15fb2189a7ae86b7,2025-07-10 00:00:11.000 UTC
3.0,0x8ba4a1fcb66c760b38f42886ccbde59a9f15fbc9,2025-07-09 21:04:11.000 UTC
0.125,0xbecf5922ade3f6e33a95cd9fab5a3b650428638c,2025-07-09 15:29:11.000 UTC
0.1,0xd5974c8bbe6fafc78f795a5756909ea0fcba9bf0,2025-07-09 13:31:47.000 UTC
3.0,0x297bf847dcb01f3e870515628b36eabad491e5e8,2025-07-09 13:30:35.000 UTC
0.1,0x3c55e15b21ccbd1f13881761fc5461101c9807c3,2025-07-09 11:14:35.000 UTC
15.0,0x4e72303d3768695fd6170ee721f9233df0a39602,2025-07-08 22:25:23.000 UTC
3.6,0xf5fe364d18f4a5a53badce9a046ba74cfc97f6fb,2025-07-07 22:12:23.000 UTC
0.2,0x1b16547e828bc3a3bad331d8dfc39d6097c6be5d,2025-07-07 16:15:23.000 UTC
0.1,0x6ffb131971c941a4a21138d5d4296c6449431bc9,2025-07-07 03:24:35.000 UTC
0.1,0x866535fe5ae6ecf95ae3f81837379aab5326486a,2025-07-07 03:23:47.000 UTC
0.1,0x24828c71edd08e4da9055a5d6973e5493f85b9cd,2025-07-07 03:22:47.000 UTC
0.1,0xdd0c8ac4a03b2ce3d66b63279aa76522bb6a0ac3,2025-07-07 03:19:59.000 UTC
0.1,0xa8ed5e73400b1dde9cd9c6f70b22fbbcd4a35c73,2025-07-07 03:19:47.000 UTC
0.1,0xe3b2115a672374416d34ed00773951771bbd7eb1,2025-07-07 03:19:11.000 UTC
0.1,0x51b8929a86d376e4e0794ff41b948422f540d06f,2025-07-07 03:19:11.000 UTC
0.1,0x3ccda5f745183b2bf16b90c18b0bebbf4495ab3b,2025-07-07 03:18:47.000 UTC
0.1,0x193e5dcf7edb71e662675bf5ced46a40498a0016,2025-07-07 03:16:59.000 UTC
0.1,0x2325ed173c5735daf140d68955bbcff5fb9625ac,2025-07-07 03:10:23.000 UTC
0.1,0x7557ad71abd922ed8c2d6dba9e828c9fd66f057e,2025-07-07 02:48:35.000 UTC
0.1,0x31bd761ebbf07aacc721cc308551d912be94a3f8,2025-07-07 02:48:11.000 UTC
0.1,0x69bcd55a37e1c59b83871af9735043bfbe61f847,2025-07-07 02:47:35.000 UTC
0.1,0x89601dc6bf88a1424ce5e7fe715c5183c1ab0621,2025-07-07 02:46:23.000 UTC
0.1,0x3055d23cd42f38e865b0042c11d043add6246451,2025-07-07 02:46:23.000 UTC
0.1,0xf5ca189b2aa782b6d47797eeff71a163b492fc78,2025-07-07 02:44:47.000 UTC
0.1,0x2762b9a3fdac209f5a61fbc15e1cca239f0a35ca,2025-07-07 02:41:47.000 UTC
0.1,0x8c14d398e290da2af6d157eed95f5fba653c4b10,2025-07-07 02:40:59.000 UTC
0.1,0x56d98c4870743a1fac82bc452f4aab3ab7f1de5e,2025-07-07 02:40:11.000 UTC
0.1,0x53178326222f6a483a16f0ec5d1fda80abd571ec,2025-07-07 02:38:59.000 UTC
0.5,0x839395e20bbb182fa440d08f850e6c7a8f6f0780,2025-07-07 01:40:59.000 UTC
0.2,0x7085ebf5623417e2ae4f92a5426104fa48b9356f,2025-07-06 16:14:23.000 UTC
0.92,0x24feb1ed6082aef23fc1bdfbcbb6775ae43dca8b,2025-07-06 05:40:11.000 UTC
5.1545,0xbf84451ed403f2691f6c901d5252f01998144676,2025-07-06 04:56:23.000 UTC
0.8,0xd35bd744c7074f803df09f12292812132e879334,2025-07-05 19:46:23.000 UTC
1.7,0xa3cb04d8bd927eec8826bd77b7c71abe3d29c081,2025-07-05 15:14:11.000 UTC
0.1,0x4047aef2f3a37ef3711685965c1769b796e4599d,2025-07-05 11:35:35.000 UTC
0.1,0x753450b481c0820f0b3f2ac2dfa54eee1c26721b,2025-07-05 11:35:23.000 UTC
0.1,0xd5199370ac1b40ea07ca4a500475837a8fface1b,2025-07-05 11:34:11.000 UTC
0.1,0x181c5f464c596c24d7c1913e6bcb6cde241195dc,2025-07-05 11:33:23.000 UTC
0.1,0xd3e8b1fb5f256e7a4c4ae31f8d6379eb1c6dbfcc,2025-07-05 11:32:35.000 UTC
0.1,0xcdd810ac440c37c85c5025cb5cead071daac53ff,2025-07-05 11:29:23.000 UTC
0.1,0x8cd18a49ae7ddcd85548296cc955134fe1d9277b,2025-07-05 11:27:59.000 UTC
0.1,0x953bd768f09aa2577a101b21dd836447369fd776,2025-07-05 11:25:35.000 UTC
0.1,0x9d266efe8687431b4c987b32d0961836ab2da40b,2025-07-05 11:23:59.000 UTC
0.1,0x74845e33923df35124fabcf6e19efa7e52c9b22c,2025-07-05 11:22:59.000 UTC
1.1,0x21fa6d244fa72182fc79ef16a065398f6e4fbf7f,2025-07-05 08:23:23.000 UTC
1.0,0x119f67eaae78d27ef5701594f377d5c79acbe81f,2025-07-05 07:28:47.000 UTC
1.0,0x119f67eaae78d27ef5701594f377d5c79acbe81f,2025-07-05 07:27:47.000 UTC
12.6,0xbf84451ed403f2691f6c901d5252f01998144676,2025-07-05 06:51:47.000 UTC
2.5,0xbf84451ed403f2691f6c901d5252f01998144676,2025-07-05 06:12:35.000 UTC
0.1,0xa0cf67412ce9fc54d53b40c66fea7da052e091b6,2025-07-05 04:56:11.000 UTC
0.1,0xcad035245a7faac6af2ac3f996ff9e54555c458c,2025-07-05 04:18:47.000 UTC
0.101,0x5fee64e614e411c1c8080fbd37a67670515ddc51,2025-07-05 03:50:11.000 UTC
0.1,0xc5bbd8bfb44183d68efb48fa8beed267f861e4ea,2025-07-04 13:02:47.000 UTC
0.21,0xd03517a64e074185bef130069baecc6e21ceef0c,2025-07-03 22:03:35.000 UTC
0.5,0x8c707dc99b2c093432d9b119513c50eef6472235,2025-07-03 15:25:47.000 UTC
0.1,0x387fe763ddac7a6b568ee344fefc31f626bc837b,2025-07-03 14:37:23.000 UTC
0.1084,0xd03517a64e074185bef130069baecc6e21ceef0c,2025-07-03 08:07:11.000 UTC
0.1082,0xd03517a64e074185bef130069baecc6e21ceef0c,2025-07-03 07:47:47.000 UTC
0.3262,0x70cfdf57a42f3ae5a3ac21352f149f85b521221d,2025-07-03 07:20:59.000 UTC
0.101,0xa5528d0f072dbd37555780bf47c52f104339f359,2025-07-03 02:08:23.000 UTC
0.101,0x81df47b6fe1af0d6ea2e6d7a09e1d7ab6f534550,2025-07-03 02:07:11.000 UTC
0.101,0x275154c5a3957574a11d9efcff6029eebde7a99c,2025-07-03 02:06:11.000 UTC
0.101,0xfb9bc529294e12179beabfc391b94a8a82bfd17b,2025-07-03 02:04:59.000 UTC
0.101,0x9250827fd4c32fc4dfec6b6744092c41d919b215,2025-07-03 02:03:59.000 UTC
0.101,0x8c2ec1f5f76d3fb454804bd9f0210f837afab979,2025-07-03 02:02:47.000 UTC
0.101,0x64ecf988110b520bc81b2c4dcfcb431afb4a1e76,2025-07-03 02:00:47.000 UTC
0.101,0x678d46d386aaae703546d6df7937c04eb4bd8b94,2025-07-03 01:59:23.000 UTC
0.101,0xd41dc8d75400ef444a4db448229fdcbb2c89f92e,2025-07-03 01:57:59.000 UTC
0.101,0xc61182e438c6a9e052470e20c27865498ee87001,2025-07-03 01:56:59.000 UTC
0.101,0x5d8b6e991d1caf93bd8ae179b359256ebf4b0796,2025-07-03 01:42:11.000 UTC
0.101,0x7cbaa8eb4a55d70a4e4b460bb45f43f53562a1d0,2025-07-03 01:40:59.000 UTC
0.101,0xfe214011ed8fe89b97762b575d947671b5671763,2025-07-03 01:39:35.000 UTC
0.101,0xdebcadc3b7de2a4fc156421a307018d7ecfcc78d,2025-07-03 01:37:47.000 UTC
0.11,0x01ef2a55b0179a8b38de2d335a18866a086ad54b,2025-07-03 01:36:23.000 UTC
0.11,0xeb57f7dbabf97423a7179e7cc629af22cdbccade,2025-07-03 01:35:11.000 UTC
0.11,0xf68c93386307fdeb3f2f819e16b3280fbc015cd8,2025-07-03 01:33:47.000 UTC
0.64,0x29e3fcb9f4aad6225f359de66f3e81e643ac1dcb,2025-07-02 23:55:35.000 UTC
0.9,0xf7ae320a2e28470883e2b1c046563b6bdcc4ae9c,2025-07-02 22:12:35.000 UTC
0.1,0x1870e58a35b526d403edcc902a8cd07b755ce8ed,2025-07-02 19:16:11.000 UTC
0.1,0xa6a49d09321f701ab4295e5eb115e65ecf9b83b5,2025-07-02 13:38:11.000 UTC
1.0,0xabee677800bef9fe022c3d5dcf3c7653f9b5aec6,2025-07-02 11:13:59.000 UTC
1.0,0x1dac73f3d00052d7e815b41e7b1b5cb241aa4d70,2025-07-02 11:10:11.000 UTC
1.0,0x8c707dc99b2c093432d9b119513c50eef6472235,2025-07-02 10:41:23.000 UTC
0.1,0xc519b4c3d8d37d37193dd00700c3fa2e7ba2a03b,2025-07-02 07:53:11.000 UTC
0.1,0xea7c60ba79508855dc3c869dae5b407e6f9fc307,2025-07-02 01:39:11.000 UTC
2.0,0x0404d4fc86ed8a843f25bc5da6b99cd56385f89a,2025-07-02 01:07:35.000 UTC
0.1,0x79ffd749e216cc7c3f21e39e1b193424abe1271b,2025-07-01 22:11:23.000 UTC
0.1,0x0e28e01a6d75d916a3cd592132bb5ad68b01489c,2025-07-01 21:11:23.000 UTC
1.0,0x00236feeac26ef92552e3981096350d136084c64,2025-07-01 21:05:47.000 UTC
0.117,0x70cfdf57a42f3ae5a3ac21352f149f85b521221d,2025-07-01 19:31:35.000 UTC
0.1,0x11db936175d9e8e944c8f1c39fbb7683097d1d64,2025-07-01 08:01:23.000 UTC
0.102,0x5bb993f7cb0821a29a2810c5d5fc2ed77bbbe720,2025-07-01 06:47:35.000 UTC
0.108,0xeda156b0a133601b831eb08041e05338b7ad9556,2025-07-01 06:43:59.000 UTC
0.1,0x9c2166c55100979c98a191d994c6af2b9ef7e977,2025-07-01 06:40:11.000 UTC
0.1025,0x727cf80eb2483f7a2a743d2683c9d22cb1310420,2025-07-01 06:34:11.000 UTC
0.1,0xfb2904ab8cbde0e9d9f1f3aca84e513afe3fe430,2025-07-01 06:25:11.000 UTC
0.11,0x26000c7b8623d75a136b696efb24d20035422875,2025-07-01 06:24:47.000 UTC
0.12,0xe5222d206bad88e87263d64bd4a37b194d94e103,2025-07-01 06:05:35.000 UTC
0.105,0xa5e115665aa052474cc13a3adb6d4be7d5924dc4,2025-07-01 05:43:47.000 UTC
0.108,0x2b5232f0dad882cfb2ef58ac6666e85b1c12b8f7,2025-07-01 05:29:47.000 UTC
0.11,0x4264f16674a1db44d93dbe588fb538b8ced4708f,2025-07-01 04:25:35.000 UTC
0.1,0xf5ca1066cbc498dfd2a7a3f4b77ac6d9a977e55f,2025-07-01 03:32:35.000 UTC
0.1,0xd9ab650e990654d8ecc0ae61dcf421dc82af877a,2025-07-01 03:25:23.000 UTC
0.13,0xc628ab0992f9124a0c67b7cef15ec06fd2d5a55a,2025-07-01 03:04:35.000 UTC
0.12,0x0bc2576f271fd7986b657e217c65edd4ceea1d5e,2025-07-01 02:56:59.000 UTC
0.105,0x29db2eed10508b02cb9fcda112f7175f92d77fc8,2025-07-01 02:49:47.000 UTC
0.11,0xd33eef34d6162092900dc984069c1eb30464b5c2,2025-07-01 02:45:35.000 UTC
0.1,0x0db4fe399097bedf47d5f91138ea52c2d9e3e1c2,2025-07-01 02:39:11.000 UTC
0.1022,0x9c77bbcfa116b3fcfb8adabe2644b58d5bfa2cdb,2025-06-30 21:09:11.000 UTC
0.1005,0xf141c38649b8f23d50d6d142b15bd3013f146068,2025-06-30 21:07:23.000 UTC
0.102,0x603d549367e0875d21a01f47b0b3077c5b31e033,2025-06-30 21:06:11.000 UTC
0.101,0x0b83636c5f80eb1ac1a81b6ed9c89c33eb2848e7,2025-06-30 20:58:35.000 UTC
0.101,0x496833404b2e0789ce145eed86ed7e4618bca2ba,2025-06-30 20:56:23.000 UTC
2.5,0xd35bd744c7074f803df09f12292812132e879334,2025-06-30 20:42:59.000 UTC
2.0,0x8c707dc99b2c093432d9b119513c50eef6472235,2025-06-30 20:40:47.000 UTC
0.1,0xc746e836b1dcda99becd548f967c920252603896,2025-06-30 14:35:47.000 UTC
0.1,0x8289432acd5eb0214b1c2526a5edb480aa06a9ab,2025-06-30 14:31:59.000 UTC
0.1077,0xdaf10624bdd955ccf895d1a4e4e7798b6b3dd31a,2025-06-30 11:31:35.000 UTC
0.2,0x16804098fe9172c68c70e8e629e87c5b8c7b2bd3,2025-06-30 11:03:35.000 UTC
0.1,0x8a60e3edb5d9237f4d8731b000fd9e9471d08963,2025-06-30 10:47:11.000 UTC
0.1,0x0f66e90b70e44eb3a3faeff82b9bf7da2953f0a1,2025-06-30 10:35:11.000 UTC
0.101,0x2d2b0827f0e12ee80d598ad073fef554022326f4,2025-06-30 07:42:23.000 UTC
0.1,0x4925d98fc8619f989a0cfa441f0ce82edb9cfbf0,2025-06-30 07:26:35.000 UTC
0.11,0xdadbafd6b2d7786b4436f276d62dae68ddb47bfe,2025-06-30 07:22:11.000 UTC
0.1,0x9ecbcf6eec3acc5c7025cb15fde6ce5405363e37,2025-06-30 07:13:35.000 UTC
0.1,0x2d12ef10092e28d2a20ec8fc36544a9103ef8131,2025-06-30 06:45:23.000 UTC
0.105,0x4c3e5120a0da357a7c933bb9cc27a2aa93126979,2025-06-30 06:29:23.000 UTC
0.5,0x1e2ffcfc71a841dbcbc7c5147a1e665f1cd5b137,2025-06-30 06:26:23.000 UTC
0.101,0xb009bf5c7526943f214fc6d2086a8e1dd1873064,2025-06-30 04:59:59.000 UTC
0.19,0x0b5a2a20ed3773aa33274f6684e97810338c09cb,2025-06-29 09:02:23.000 UTC
0.64,0x11ca9bd63a36bc59109d94aae3922fb05fd94c9b,2025-06-28 12:37:47.000 UTC
0.1,0xe1f08efa53a0abfcc1256064cdf7f99e55019308,2025-06-28 09:57:35.000 UTC
0.1,0xe1d7f385a8182892fed54cb9745fb6deefe58c34,2025-06-28 09:57:35.000 UTC
0.1,0xfbfc929363c4703fcf05b97839d932674374b4f3,2025-06-28 09:56:59.000 UTC
0.1,0xca5eaea2e2ba2bd6d56662f94fcd5f3f8e39169c,2025-06-28 09:55:59.000 UTC
0.1,0x16259a356c56ab72d007dad8234398eaace930c5,2025-06-28 09:55:59.000 UTC
0.1,0x216fd3b8d93f13d8a4505fd4d6db43f4b4c25058,2025-06-28 09:54:59.000 UTC
0.1,0x86002caf61f5762ff96db78f340ffcf8ae100ac9,2025-06-28 09:54:59.000 UTC
0.1,0xbba8c38964ad9ee94188f0e5910d686872c1fada,2025-06-28 09:54:47.000 UTC
0.1,0x7dd9ec6dc5e7380f24ca09e6763470471722d808,2025-06-28 09:53:59.000 UTC
0.1,0x65040ad7351bb8da051459a6a7e9f62a6b4fc4ca,2025-06-28 09:53:35.000 UTC
0.1,0x453771821b38598fc1ef2fbadb4f01a1717a24df,2025-06-28 09:46:47.000 UTC
0.1,0x0a38421a20f864030aad893cc53dafc5e2934e30,2025-06-28 09:46:47.000 UTC
0.1,0x359b4bbf417dbba0fe7896e8f84730722ecbd9c2,2025-06-28 09:44:35.000 UTC
0.1,0xe96cd32433332e24bae7b6387c7fe4a853876de2,2025-06-28 09:44:23.000 UTC
0.1,0x74908202a48968cdc98529c6ef7bee033ef6d302,2025-06-28 09:43:35.000 UTC
0.1,0x7fc6e8cd20dd874724921a7046c90a607f558582,2025-06-28 09:40:23.000 UTC
0.1,0x48b5fcbb5c75b70d5504c40430ef67c178442697,2025-06-28 09:39:11.000 UTC
0.1,0x8e3f3c53058ff4a476898bb1c9cc35717b5d02e2,2025-06-28 09:38:35.000 UTC
0.1,0x89c6b287ff6aec631743842e8ba6fdb6032b429b,2025-06-28 09:37:23.000 UTC
0.1,0x7f3f24fbc8ab0e19be255d67fe6a9d1ec30a6628,2025-06-28 09:34:47.000 UTC
0.1,0xe4901ca3a91483a9d0251c9fa51112b2559efd34,2025-06-28 06:59:35.000 UTC
0.1,0x40b4306ad41a2a5d11960f9eee94b3404998fded,2025-06-28 06:58:23.000 UTC
0.1,0xd80b818051571e941faa63d3da1e7806a0949235,2025-06-28 06:58:11.000 UTC
0.1,0xf1ec19db8a1b84b936fb1fbffbb7776ab3d27cb2,2025-06-28 06:58:11.000 UTC
0.1,0x9765c788098aa7f13b04506ab76b3bd677992b96,2025-06-28 06:57:59.000 UTC
0.1,0x5109402562a0c73b1e186d86b879c611afd835a3,2025-06-28 06:51:23.000 UTC
0.1,0x37497ce45c3ad34cfd1dbcdd77c3404c5388f4b4,2025-06-28 06:48:47.000 UTC
0.1,0xee94b45225b825311cff06f2207a9fbb47497b84,2025-06-28 06:48:35.000 UTC
0.1,0x44f4916f43c0ba2205ccc5d7314834c71d5e77c3,2025-06-28 06:48:35.000 UTC
0.1,0xd832a9d74edfd899dee6ac7cc693b14d03237617,2025-06-28 06:48:23.000 UTC
22.0,0x4cfc5c5c2fc09cae1f97d7c4cc44abbe0de6877b,2025-06-27 19:02:59.000 UTC
100.0,0x297bf847dcb01f3e870515628b36eabad491e5e8,2025-06-27 18:25:59.000 UTC
1.0,0x784e7d6b6dc65b182aaacf033f1d2f5f6508ae22,2025-06-27 09:09:59.000 UTC
0.1,0x907725fe3a7c6b89db872c7442b46ad8a1d5c222,2025-06-27 08:47:11.000 UTC
0.1,0xafc346fe1c8650f8c04b5debc7bc257b48db82da,2025-06-27 06:36:35.000 UTC
0.1,0x4ea801347a259567f17a625a353763885b326cf4,2025-06-27 06:36:35.000 UTC
0.1,0x369aec377f66a45c0d4347c3b655ec26dc2695d7,2025-06-27 06:36:23.000 UTC
0.1,0xf2d96b74b04c921312f28092d5b4d5bf20bc447c,2025-06-27 06:36:23.000 UTC
0.1,0x670c3ff96527d7ec4b6ab1bcbce9844efdf4e159,2025-06-27 06:36:23.000 UTC
0.1,0x142a30b15e68ef645ca25c83aa8b4777bfa3ebfb,2025-06-27 06:36:23.000 UTC
0.1,0xc0d507caa162be008efa8ad2e582f7c66c367888,2025-06-27 06:36:23.000 UTC
0.1,0x99bff3fa459d51c97f37f486293f386f6441b0a6,2025-06-27 06:18:59.000 UTC
0.1,0xe0713d54c24f29c425d5aa7f0fa1d02bece9f37b,2025-06-27 06:18:59.000 UTC
0.1,0x9cbe15d842bb9a86f28e37144f7b2cfc07dc9842,2025-06-27 06:18:59.000 UTC
0.1,0xd269dbee0f83f10a9e750885e4f17bb416a6c09b,2025-06-26 16:37:59.000 UTC
0.3,0x5f926956f6f14c4d28537d7f821a8730b5eaf3f3,2025-06-26 13:13:47.000 UTC
0.1,0x8ed44000983b5789798b43af9d8d9c1e1e2093d0,2025-06-26 10:58:35.000 UTC
0.1,0x8ed44000983b5789798b43af9d8d9c1e1e2093d0,2025-06-26 10:58:11.000 UTC
0.1,0x0404d4fc86ed8a843f25bc5da6b99cd56385f89a,2025-06-25 22:28:23.000 UTC
0.1,0x339ab752aa3a19e8bb7dc77fc021defbb0bdd3a3,2025-06-25 22:06:23.000 UTC
0.1,0x5105c5911fc6a24d11a9e24f15fb2189a7ae86b7,2025-06-25 20:14:59.000 UTC
0.109,0x355ed535f8cf182c133e0bca87df7243310c0d7c,2025-06-25 17:15:23.000 UTC
0.1,0x66aa5a2c7de67bf40de6f29b7e14bda793d2dcbd,2025-06-25 15:25:35.000 UTC
0.1,0xa790f1e81124a806d4070182ee4b6a04d0bfc445,2025-06-25 11:35:35.000 UTC
0.1,0x8289432acd5eb0214b1c2526a5edb480aa06a9ab,2025-06-25 10:56:23.000 UTC
0.1,0xc0a32e6f3914d13dfa99460e80fa3b0fc03755f0,2025-06-24 20:43:59.000 UTC
0.1,0x1870e58a35b526d403edcc902a8cd07b755ce8ed,2025-06-24 16:40:23.000 UTC
0.1,0x1870e58a35b526d403edcc902a8cd07b755ce8ed,2025-06-24 16:37:59.000 UTC
1.0,0x1870e58a35b526d403edcc902a8cd07b755ce8ed,2025-06-24 16:33:59.000 UTC
0.1,0xab6afa507adfac8a2c22c85716cb74156c897d4b,2025-06-24 10:00:11.000 UTC
0.1,0x017b837c1bafb57fad9db61515026393d5a3eef9,2025-06-23 22:13:23.000 UTC
0.2,0xc5aca2a9fd3486232084314959ebf583cadeed05,2025-06-23 16:39:59.000 UTC
0.1,0x5a0344f8f7ca62a221d35cffcc3826eb316125e4,2025-06-23 09:37:23.000 UTC
5.0,0xb3130374575ea9e2c6f2c67e0e77c2e08dc12e79,2025-06-23 09:20:23.000 UTC
0.1,0xc8f6b14cf78c5947c0088b5b7ff7e694c23dcd07,2025-06-23 09:04:23.000 UTC
0.1,0xb85f3ac2014d4e3643dca655bd8a02fc609e42b8,2025-06-23 08:26:23.000 UTC
0.101,0xdc7998cc318d56f7a8a2fdb8233053b221568df4,2025-06-22 14:43:11.000 UTC
0.11,0x5cbedad22eb2cb1d183e2de55eddc04679658444,2025-06-22 14:38:23.000 UTC
0.1,0xc519b4c3d8d37d37193dd00700c3fa2e7ba2a03b,2025-06-22 10:34:47.000 UTC
0.1,0x5d0410e1eba55ee0338551240560a68d40f6d255,2025-06-20 16:13:11.000 UTC
0.5,0xd35bd744c7074f803df09f12292812132e879334,2025-06-20 10:24:35.000 UTC
0.1057,0x026514e6e8eafecf68c1733fec50ba1b42d9db19,2025-06-20 08:04:35.000 UTC
0.14,0x77529baffe891653d46a2d727a1bbdf049d8e51a,2025-06-19 13:40:47.000 UTC
0.106,0x3deba5317cb10ed36ef0b1f33266a7dafbc34ce9,2025-06-19 08:57:11.000 UTC
0.11,0x6d6fa730b73a9960c5f2d358eff92c41181b1b6f,2025-06-19 08:50:59.000 UTC
0.1018,0x50cc94f72428cf189b894c28c00dc34ea7f4413a,2025-06-19 08:41:11.000 UTC
0.1,0x553de61cb5116625c41eda0475a0a5c4a1578bde,2025-06-19 08:25:35.000 UTC
0.2,0x5a43586117cd43b499de621826d66d40b3b3822d,2025-06-19 08:05:11.000 UTC
0.14,0x28ffa4de042f7e6a00368a76437041e29160156f,2025-06-19 07:37:59.000 UTC
0.1042,0x20577b1ad5f90fbd54e58cb1f34c9593a5d65d5d,2025-06-19 07:26:59.000 UTC
0.11,0x77ddd3eeee62c0b1666316924c4c6fd28ff67375,2025-06-19 07:15:23.000 UTC
0.115,0xa29d5b3b01dba3f8b11e4b7838eacacc8901e561,2025-06-19 07:06:59.000 UTC
0.1066,0xe39a0879dc1ddea86b78dd979afb3fd803346d7f,2025-06-19 06:56:23.000 UTC
0.1025,0x9f4429d0eb1d01a894e6393d4e23ac6b93288e89,2025-06-19 06:50:11.000 UTC
0.105,0xeb25fc949244d179b6051c86a0014b3bdd821fde,2025-06-19 06:46:11.000 UTC
0.125,0x6d4dabb2a42bc176fd25c5c1f93c651c2bbb6ed6,2025-06-19 06:01:23.000 UTC
0.115,0x2b522027e42088ed906d918ba4f995660d8d0710,2025-06-19 05:38:47.000 UTC
0.104,0xfed4a3ded63c2a89c2f58ee2cb3028a1e284d799,2025-06-19 04:17:23.000 UTC
2.055,0xd4bbe7573c1090e0435bc761affa300f87c2c81a,2025-06-19 01:47:35.000 UTC
0.286,0xd4bbe7573c1090e0435bc761affa300f87c2c81a,2025-06-19 01:41:35.000 UTC
0.1,0x84ea891dee0d8d2832da3d840f1f119b52d81254,2025-06-18 23:23:35.000 UTC
0.1,0x8c707dc99b2c093432d9b119513c50eef6472235,2025-06-18 20:29:47.000 UTC
0.1,0x2dbd686a08515f75dfdfea02e8e2dd0e8cdd1a01,2025-06-18 20:06:59.000 UTC
0.1,0xe34e4b2384ae90caccbf85ef75582710bfb688ca,2025-06-18 10:04:23.000 UTC
0.1,0x99259c7a46af7b0e6d46f7b94d61da166bea94ce,2025-06-18 10:00:23.000 UTC
0.1,0xffcd06ae52e432d9dd6b865f561c9a0b4ab20859,2025-06-17 22:50:23.000 UTC
1.0,0x1870e58a35b526d403edcc902a8cd07b755ce8ed,2025-06-17 19:10:11.000 UTC
0.1,0x1870e58a35b526d403edcc902a8cd07b755ce8ed,2025-06-17 19:00:47.000 UTC
0.1,0x1870e58a35b526d403edcc902a8cd07b755ce8ed,2025-06-17 18:57:23.000 UTC
0.1,0x1870e58a35b526d403edcc902a8cd07b755ce8ed,2025-06-17 18:54:11.000 UTC
0.1,0x1870e58a35b526d403edcc902a8cd07b755ce8ed,2025-06-17 18:52:11.000 UTC
0.1,0x8ed44000983b5789798b43af9d8d9c1e1e2093d0,2025-06-17 13:28:47.000 UTC
0.1,0xfedf4054ce977103fdb1bbaecf5c6f0505061f73,2025-06-17 07:32:35.000 UTC
0.1,0x14109a1ce2d210f9e3c7e7ac31ad2ccbac9c1ea3,2025-06-17 07:32:35.000 UTC
0.1,0xb903d01a0fc880fb87b6ce0809c1d5e89ce3be6e,2025-06-17 07:32:23.000 UTC
0.1,0x602d38c82e1ad494d091fdac5d2af9d6011c315a,2025-06-17 07:32:23.000 UTC
0.1,0x96fa718d56fd00e07081e582efda65b9417d0429,2025-06-17 07:32:23.000 UTC
0.1,0xf287e9294769a5f8afd95b77b595a1647ec0f456,2025-06-17 07:32:11.000 UTC
0.1,0x4387bd334e0b3669242eef82c15cf63abb0dc4cf,2025-06-17 07:31:59.000 UTC
0.1,0x0b54444de2851f3fa2d230186f9086cd249df307,2025-06-17 07:31:47.000 UTC
0.1,0x579f9db6942adac68ad979cea2e1d543e35ed9b0,2025-06-17 07:31:47.000 UTC
0.1,0x70b5846d5b45ac6f099ef5ecc4ebed43b0311d35,2025-06-17 07:31:35.000 UTC
0.1,0x8ad367163f55d62808696b652de72138780b241a,2025-06-16 22:15:23.000 UTC
0.1,0x18ac7e8ea3d4fbed04537129e61af9c7e83df6e3,2025-06-16 17:57:23.000 UTC
0.1,0x0819a2a831d36578468f2ec4c90b8bf93a8ffe3e,2025-06-16 13:12:11.000 UTC
1.0,0x297bf847dcb01f3e870515628b36eabad491e5e8,2025-06-16 09:54:23.000 UTC
2.515,0x5553a5290f3789dc79d3bdac47e7bb323e40b81d,2025-06-16 08:54:47.000 UTC
0.11,0x30c51d6c21519089cf3a6a89c17ff7786106fbd7,2025-06-16 06:36:35.000 UTC
0.1,0x7ece85d2216e4f2aedde00a84b35fb22124baf80,2025-06-16 05:48:11.000 UTC
0.1,0x725e79b8037ceccef7f8b2a570e4431050a56a6b,2025-06-16 05:46:47.000 UTC
0.1,0x99ba40e13c4f9313fa350fed044eba0df6db3188,2025-06-16 05:45:35.000 UTC
0.1,0x6a2623f8b9ab949959b03d33fcd6abaabcc8c683,2025-06-16 05:44:47.000 UTC
0.1,0x46987a1c9a90ad9684dd8f6adf2824eecba5b341,2025-06-16 05:44:35.000 UTC
0.1,0x3ec43c61a74d22be1512f600885ec76c72adf97d,2025-06-16 05:43:59.000 UTC
0.1,0xfeba502ab7004651a12ea6f9e5c9f33fcb99bbcb,2025-06-16 05:43:59.000 UTC
0.1,0x116cab751f752515f7e4840fb2bf7e752cc491ac,2025-06-16 05:43:11.000 UTC
0.1,0x565000f615f2ae080a977b46ba890a80f87900c3,2025-06-16 05:43:11.000 UTC
0.1,0xd96c1df9a6dd3b1c4bf59408dd9519a34c4fb7fb,2025-06-16 05:42:59.000 UTC
0.1,0x3d2489300a8ed0dfbec9c314394efd83779734bc,2025-06-16 05:20:11.000 UTC
0.1,0x6795445c2084a14a33ba33ae3103b0f99e49e31f,2025-06-16 05:17:47.000 UTC
0.1,0x6384448c4da6d2667e7b12eed74805e9bcbddc70,2025-06-16 05:17:47.000 UTC
0.1,0xeb7b1956f3b13efd81d216e9340de9a1c9481ce4,2025-06-16 05:17:23.000 UTC
0.1,0xbe94b914b3cb78dd74d4e80268ca8bdf769203c0,2025-06-16 05:16:47.000 UTC
0.1,0x8df541650362c1eff979789c45cef7aeb8255a55,2025-06-16 05:16:23.000 UTC
0.1,0x1effcb73803dac5e4f106905919d6129ce3f1283,2025-06-16 05:15:47.000 UTC
0.1,0xb0116243af9d5eb56b4a3fbe1f0c90445be8ba81,2025-06-16 05:15:47.000 UTC
0.1,0x23ce0caba6725c9f1284417fc969604b6d1e8a02,2025-06-16 05:14:59.000 UTC
0.1,0x215cffe546ac0f3ba78040c9551d5a29e060ec57,2025-06-16 05:14:23.000 UTC
0.1,0xcc4325454afa0e8cfaff5457453c427e66904e5d,2025-06-16 01:32:35.000 UTC
0.17,0x3752dd83b47b9e1b023c566b8db53aa98571dafa,2025-06-15 06:31:11.000 UTC
0.1,0x45df7dba39550d44b05da3902dbf32610bc5cd48,2025-06-15 03:54:59.000 UTC
0.1,0xc5b9f4600f7330ef4acb6cbc44f66f2ac0374731,2025-06-15 03:54:47.000 UTC
0.1,0x10aec0af1c8fa98fd2cd5e67b18e47b0af578f48,2025-06-15 03:54:35.000 UTC
0.1,0x40668a739eeed32771738122303f38f309d0107f,2025-06-15 03:54:35.000 UTC
0.1,0xc0dc2882ac8df34e5a6e0c2768d911c751dcedcb,2025-06-15 03:54:23.000 UTC
0.1,0x20bf2edc2fe1aee78eb2dc738c5e93a6e73e838b,2025-06-15 03:53:59.000 UTC
0.1,0x9241971390b134f40e7c1faa02dca7460d8e2b89,2025-06-15 03:53:59.000 UTC
0.1,0xc35b519a33d3ad8b354826f90e3b8975922b3ab0,2025-06-15 03:53:47.000 UTC
0.1,0xa450de890c01cbdba4fee68d8e8068dad2efad5b,2025-06-15 03:53:23.000 UTC
0.1,0x7c1a9dd475f9742dc475b94ffaa967a0fb8dd7df,2025-06-15 03:52:59.000 UTC
0.1,0x690c6171a2c2f93bbbe7de6d2edef83121bedb73,2025-06-15 03:47:47.000 UTC
0.11,0x54f1fa9f71bff893ad417c3767211472ded6a4cf,2025-06-14 17:44:59.000 UTC
0.1,0x89df81d0919db82add1f78ae977fbe3cf9b534e8,2025-06-14 02:46:47.000 UTC
1.4,0x15b624844094e0d24b65e455ffd5ba3a8c345bdf,2025-06-12 20:38:11.000 UTC
1.0,0x139776871ee95f55d20b10d9ba5a0385451066cd,2025-06-12 20:37:47.000 UTC
0.1,0x546a0cb802377153b4feae052a5ed14c98b3cc9c,2025-06-12 19:29:23.000 UTC
0.54,0x9dbb8e07d817062a40e204fe435da8c65bc826b9,2025-06-12 12:08:11.000 UTC
0.1,0x9dbb8e07d817062a40e204fe435da8c65bc826b9,2025-06-12 12:04:23.000 UTC
0.1,0x5d0410e1eba55ee0338551240560a68d40f6d255,2025-06-12 10:54:47.000 UTC
0.11,0xdd175b20010fbec83ffdcec9a57689b8e80e780f,2025-06-12 09:52:47.000 UTC
0.1,0xf1c0b9c18e2dd367fe491f7cf0ad82fb20ceb60d,2025-06-12 07:26:23.000 UTC
0.1,0xa76c9fadc5666580c8aa8e4e22bc20279c002280,2025-06-12 07:22:47.000 UTC
0.1,0xe3c5ce08473b5e2dc1eab329ee98e2109121ded8,2025-06-12 07:22:35.000 UTC
0.1,0xe31a565ded0ebd735a766908ced3394636f7cf77,2025-06-12 07:20:35.000 UTC
0.1,0x107b6d0c6dc3f49b65b19c510cfc5bc0cd804ca6,2025-06-12 07:20:35.000 UTC
0.1,0x79a5df631e988a51f481ba70564eaef22fc8edcf,2025-06-12 07:20:35.000 UTC
0.1,0x97aa3728af1f29581b71440241c019764ce31401,2025-06-12 07:20:23.000 UTC
0.1,0xe6c8e557f1d023f888581c77266c6d4ba9b23a15,2025-06-12 07:20:11.000 UTC
0.1,0x75db91dcfc7e3351018798b6e57eda209809ef58,2025-06-12 07:20:11.000 UTC
0.1,0x67a74adb23c1166ce29dda07fad7be51da3f19ba,2025-06-12 07:19:47.000 UTC
0.1,0x856cac56594c0bf37955862ba71867810daa04c7,2025-06-12 07:19:35.000 UTC
0.1,0x423e5af152961f518abfac5b22e874322e88a79c,2025-06-12 06:24:23.000 UTC
0.1,0xf4f32abee420d1bb990a56129cbdf836608e6c93,2025-06-12 04:47:35.000 UTC
0.11,0x9c6d4f6e8530851c4ae9486c8475f746344a7813,2025-06-11 23:09:47.000 UTC
0.49,0x1e6e5044cdd8be802391e7827723d290fdb2d207,2025-06-11 23:06:11.000 UTC
0.58,0xc636816110d6c2d3da8a72d96f9709b30cff7818,2025-06-11 23:04:47.000 UTC
0.41,0xeb33c56de9f03145fd7be18bdaffef7e303fc31a,2025-06-11 23:04:11.000 UTC
0.32,0x774f4ad344928441459dfd0287118cb7a8672048,2025-06-11 23:03:11.000 UTC
0.21,0xa15effbea24391ecce2a82c2e56ff4664348143b,2025-06-11 23:01:47.000 UTC
0.12,0x55a04e1104b4d015d08dceb734a7e2d5da8fdaa3,2025-06-11 23:00:23.000 UTC
0.1,0x059036f6167d8b5044777a37e20f103083da7821,2025-06-11 22:57:47.000 UTC
0.2,0xac457f5c9c4ac4e8b1ef5daeabb8352318b58c01,2025-06-11 19:18:23.000 UTC
1.0,0x1870e58a35b526d403edcc902a8cd07b755ce8ed,2025-06-11 19:04:35.000 UTC
0.2,0x4cfc5c5c2fc09cae1f97d7c4cc44abbe0de6877b,2025-06-11 14:44:59.000 UTC
0.15,0x844dc85edd8492a56228d293cfebb823ef3e10ec,2025-06-11 12:25:47.000 UTC
0.1,0x06909c150686049a282e0d196282f18dc80d3b61,2025-06-11 12:10:59.000 UTC
0.09954701375,0x5cd8944d70cedd0a3f95aa089d2e8ba21b5edbf7,2025-06-11 11:07:23.000 UTC
0.15,0xcd1efbac8e37e92268ba83903026a6c34b3803db,2025-06-11 07:13:59.000 UTC
12.843,0xae48a218b54e6285518198b5d0a1d6679b27390e,2025-06-11 02:32:59.000 UTC
0.15,0xdc3ee5969611a47c4bd4ef088a55e1ba61701827,2025-06-10 08:43:11.000 UTC
0.1,0x3b901b3770e7089b0981d2c8c43bc3cba7c22221,2025-06-10 02:42:23.000 UTC
0.1,0x1870e58a35b526d403edcc902a8cd07b755ce8ed,2025-06-09 17:21:23.000 UTC
0.1,0x8a717cf3d290504d01b1fbdd2333ca336ce687b5,2025-06-09 16:34:47.000 UTC
0.1,0x381a17eb78501498fa183c81648b4165826e1af7,2025-06-09 08:53:35.000 UTC
0.11,0xf2503ef6f1361552828fbc5f494c81d99b8b2440,2025-06-09 07:57:23.000 UTC
0.1,0x1870e58a35b526d403edcc902a8cd07b755ce8ed,2025-06-08 23:34:23.000 UTC
0.1,0xa4b423909c829b1a040e7e1a012fccefa90116a7,2025-06-08 18:05:35.000 UTC
1.0,0x3fc1bf8e55b008e9c05d3b7da032bc7495ce7679,2025-06-08 17:37:59.000 UTC
0.1,0x75f0068340cb2e409dff633e1953e2b93de616f6,2025-06-08 14:08:11.000 UTC
0.21,0x99259c7a46af7b0e6d46f7b94d61da166bea94ce,2025-06-08 13:16:23.000 UTC
0.1,0x0840ce7e0e72cfcad17fcb4e3cc1199d74839db3,2025-06-08 11:10:59.000 UTC
0.111,0xe17ecffc227075c99d0a6d00264d00bca6b31b49,2025-06-08 09:57:47.000 UTC
0.1,0x1870e58a35b526d403edcc902a8cd07b755ce8ed,2025-06-08 05:52:47.000 UTC
0.1,0x00f81879b183ce5da5c01badc04980e519d04b39,2025-06-08 03:27:35.000 UTC
0.1,0x0a9cab993bba4e849abd2a86725830812178e2a2,2025-06-08 03:25:47.000 UTC
0.1,0x20328f4200716b975b1c9efd76328a8fddcf23e5,2025-06-08 03:25:47.000 UTC
0.1,0x0cf4011199056e01028c616f1e5133645a0ef315,2025-06-08 03:24:35.000 UTC
0.1,0xad89ff92fae3854c6a684b9ead455bd74155cfc3,2025-06-08 03:24:23.000 UTC
0.1,0x07427e97e7f8bb576961b9e00e4ac3082509590c,2025-06-08 03:20:23.000 UTC
0.1,0xa40901e5ac27baad5bd865d54007a363e04360f8,2025-06-08 03:18:47.000 UTC
0.1,0xf66b7b55369edb92b821f465e813e961b41c281e,2025-06-08 03:12:47.000 UTC
0.1,0x8666618c30eefc98ba48267ff4cdd198da22aa25,2025-06-08 03:12:11.000 UTC
0.1,0x83f8be2988b41251633b5e5d71ad67787be2a502,2025-06-08 03:10:59.000 UTC
0.1,0x1870e58a35b526d403edcc902a8cd07b755ce8ed,2025-06-07 23:50:35.000 UTC
0.1,0x1870e58a35b526d403edcc902a8cd07b755ce8ed,2025-06-07 17:01:35.000 UTC
0.1,0x4a10065b46a4e6b6c328cb0dd854eecb2c62f0e1,2025-06-07 08:26:47.000 UTC
0.1,0x1870e58a35b526d403edcc902a8cd07b755ce8ed,2025-06-07 06:37:59.000 UTC
0.1,0xdcdb53e8e1123baa64a0b7d3da13e360ca843797,2025-06-07 06:09:35.000 UTC
1.0,0x1dac73f3d00052d7e815b41e7b1b5cb241aa4d70,2025-06-06 17:24:47.000 UTC
0.1444,0x6e91973dee716ed6859e7bb689c9bd2955bdb96e,2025-06-06 13:56:35.000 UTC
0.1,0xa151b0e9bcf8d32c6e0721d08739b6ea42145e48,2025-06-06 04:49:11.000 UTC
0.1,0x74a6b226fb5fe52ddb532340476eea24ddce0937,2025-06-06 04:48:59.000 UTC
0.1,0x939a6985b9df4114284b31b81dbc3abf9535107e,2025-06-06 04:48:47.000 UTC
0.1,0xda13944e0344626b269afbc648075f91611d0413,2025-06-06 04:48:47.000 UTC
0.1,0xa9464975148315e02051d2958f1e30f43c928c83,2025-06-06 04:47:23.000 UTC
0.1,0xc931c0ee5e6734f66a675d0ed03f953202792eeb,2025-06-06 04:44:23.000 UTC
0.1,0xac7fda9a990812fb375bf01ae82d0bcc890e581c,2025-06-06 04:43:23.000 UTC
0.1,0xff7f55a068f1b0c473fcc330b0dc987160cbe6c1,2025-06-06 04:43:11.000 UTC
0.1,0xc7f01024f69b5863a8b59e3563c95c06fe2e3de0,2025-06-06 04:42:47.000 UTC
0.1,0x0259e3a4379b1a38caa1a6736728b769d6570365,2025-06-06 04:41:59.000 UTC
0.6,0x9878a58179f423cb6371cf390980ecef405d7a7c,2025-06-05 18:08:47.000 UTC
0.1,0x5b11c55c107b5e6a26b0a6fa4b0fda0a24797d58,2025-06-05 14:03:23.000 UTC
0.1,0x5553a5290f3789dc79d3bdac47e7bb323e40b81d,2025-06-05 09:05:47.000 UTC
0.1,0x1a1087bf077f74fb21fd838a8a25cf9fe0818450,2025-06-05 08:54:47.000 UTC
0.1,0x090b31f49a819e627aca05220eb042b7049a5850,2025-06-05 06:38:47.000 UTC
0.1,0xd6c27ba23667931404b917bf2031ade4077a6868,2025-06-05 06:08:11.000 UTC
0.1,0xa8fc4b102418cbaec7642380fa83170e085e5a72,2025-06-05 06:07:59.000 UTC
0.1,0x2d363db1b4d638585821c72d16da6152605b3511,2025-06-05 06:07:11.000 UTC
0.1,0xf2f36e4fdbb5078fefa858b2aef15476ce3ad54d,2025-06-05 06:06:35.000 UTC
0.1,0x2721d8974c7927bc3456081a8453ca1524537856,2025-06-05 06:05:59.000 UTC
0.1,0xa454a25b8dd744626a8dac0f19da8bdf60ad10bd,2025-06-05 06:05:23.000 UTC
0.1,0xd6a6549ac730cf0fb626d0d563789275eb847e6f,2025-06-05 06:05:11.000 UTC
0.1,0xc705db546a4722dab707fca357cfb23be3a3e744,2025-06-05 06:02:47.000 UTC
0.1,0x178e38c729b7ff03f685d654b8baa1fe9303fc93,2025-06-05 06:02:35.000 UTC
0.1,0x05ef1002203c2334ef52a4b30bd1ef711109ded1,2025-06-05 05:52:59.000 UTC
0.1,0x575cabce0a436f66b39ffc3bbbba3cbf80fd17ad,2025-06-05 05:48:11.000 UTC
0.1,0xe2b10fb82c1249dae2c6b0f6f56ecbf98e46de92,2025-06-05 05:47:23.000 UTC
0.1,0x701cee95c20f9585105dabed9c0b582e61593be6,2025-06-05 05:46:47.000 UTC
0.1,0x2a3add7c224dc7ff70e2d47ae5424af1da024e01,2025-06-05 05:46:35.000 UTC
0.1,0x164464940a7da3ae53684445f22da62f86290517,2025-06-05 05:44:59.000 UTC
0.1,0x5804f77bb5147d70d020fc44b2d6e1ef8d1991a5,2025-06-05 05:44:35.000 UTC
0.1,0x348e3f4ce4d61e5b0c139fe66f7b624517ebd180,2025-06-05 05:40:11.000 UTC
0.1,0x2da47355eba50030b552b4335cd81b60dd4897e3,2025-06-05 05:39:23.000 UTC
0.1,0x82110b4db278c3f0488109e24fdfde4c3399a568,2025-06-05 05:38:59.000 UTC
0.1,0xfd82cf23be9064b922a315dc677f3b041413c2f2,2025-06-05 05:33:23.000 UTC
1.0,0x5e3c72ee812153e03e0b71f3c9dc6ff5380862c0,2025-06-04 20:07:11.000 UTC
0.1375,0xddf38adac8fbe4662274947fa80ac1c48f55bafc,2025-06-04 13:02:23.000 UTC
0.14,0x410a5dfcf2c3b99c6125d12a898b2ae3c44f7dd1,2025-06-04 06:00:11.000 UTC
0.2,0x5554672e67ba866b9861701d0e0494ab324ad19a,2025-06-03 21:14:47.000 UTC
0.1,0x511b66844730899513a446959bb78225e6a4b642,2025-06-03 16:29:11.000 UTC
0.163,0xf0104a387977469b0a4eb469afb4c64f2b08f037,2025-06-03 15:54:59.000 UTC
0.12,0xd43ed87d4cab613a88ebbfc8c09ef0befbec3a01,2025-06-03 15:54:11.000 UTC
0.1,0x1f427a6fcdb95a7393c58552093e10a932890fa8,2025-06-03 13:50:23.000 UTC
1.0,0xb3130374575ea9e2c6f2c67e0e77c2e08dc12e79,2025-06-03 12:10:35.000 UTC
0.151,0x8aba19a6a144342d25ba4259db74190cfd0b467a,2025-06-03 12:03:11.000 UTC
0.114,0x84fe705c57c0ade7a18662e6b6996ab1600ac1a1,2025-06-03 09:54:35.000 UTC
0.1,0x4ebf9f759c185287d60aa44cf70bcf159e04149c,2025-06-03 07:21:59.000 UTC
0.1,0xaedc56434676028849627f0b20a32de1a631c840,2025-06-03 04:39:11.000 UTC
0.1,0xaee767d159430b79adbc4838192781a8918eb421,2025-06-03 04:35:47.000 UTC
1.01,0xe317c793ebc9d4a3732ca66e5a8fc4ffc213b989,2025-06-03 04:13:59.000 UTC
0.1,0xe1938cee72c377aa12a294b12bda9d61ee2e3a95,2025-06-02 23:37:23.000 UTC
0.1,0xe1938cee72c377aa12a294b12bda9d61ee2e3a95,2025-06-02 23:36:23.000 UTC
0.5,0xe1938cee72c377aa12a294b12bda9d61ee2e3a95,2025-06-02 23:34:47.000 UTC
11.0,0xae48a218b54e6285518198b5d0a1d6679b27390e,2025-06-02 22:43:23.000 UTC
0.1,0x1b16547e828bc3a3bad331d8dfc39d6097c6be5d,2025-06-02 22:35:35.000 UTC
1.0,0x297bf847dcb01f3e870515628b36eabad491e5e8,2025-06-02 19:44:35.000 UTC
0.1,0xddb9ab1421e6f1d864c01ba63fb05b183d5ea4d4,2025-06-02 18:15:11.000 UTC
0.1,0x42c9a3f034592c39028aea70a6e69fbc6ccf6c31,2025-06-02 17:52:47.000 UTC
0.1,0x018d06f8edfdc989a1bfe47215a09fdbbcc0e73c,2025-06-02 17:43:23.000 UTC
0.10004725,0x5cd8944d70cedd0a3f95aa089d2e8ba21b5edbf7,2025-06-02 16:04:23.000 UTC
0.1,0x620a7a8702e7029eca8aeafeea2c7904972ad452,2025-06-02 15:43:11.000 UTC
1.0,0x57a8cb7f53ee486f517b7535b87a3fda6cef3d10,2025-06-02 15:26:59.000 UTC
1.0,0xf71e9c766cdf169edfbe2749490943c1dc6b8a55,2025-06-02 14:54:11.000 UTC
0.12,0xd43ed87d4cab613a88ebbfc8c09ef0befbec3a01,2025-06-02 13:38:23.000 UTC
0.16,0xcfcf9536172922c23d9d6026b0c7df736bb15e79,2025-06-02 13:37:35.000 UTC
0.19,0x74a748dbbba1056523f6727abbeab62bb31bf471,2025-06-02 13:36:59.000 UTC
0.26,0xf0104a387977469b0a4eb469afb4c64f2b08f037,2025-06-02 13:35:35.000 UTC
0.1,0x841ad0abab2d33520ca236a2f5d8b038addc12ba,2025-06-02 07:15:35.000 UTC
0.1,0x8eeb994fdf66f7f6019c26e04a3e6d911bc4caca,2025-06-02 06:44:23.000 UTC
1.11,0x7fd1ab2aa9b34b5b07316f14527ba73e24e6bec0,2025-06-02 06:16:11.000 UTC
0.1,0x9bf06fb4db8c15532ca57dde63b41a00b3b9bcbb,2025-06-01 23:49:35.000 UTC
0.1,0x597076433419736483644ce44064e00ac22446a9,2025-06-01 23:47:47.000 UTC
0.1,0x0f65c5d79f02c5bc2422e22a45191cc71216b7f0,2025-06-01 19:43:47.000 UTC
2.0,0x0565d29125cd6b86a62a8cc5f0c2e7e8ab693db1,2025-06-01 19:35:23.000 UTC
0.1,0x0a3f87835990206a19762bce2f2afb29b5d6bb20,2025-06-01 17:32:23.000 UTC
0.1,0x9cb16f99eb162bf6f970791ba90bbf30c1cd1929,2025-06-01 15:43:11.000 UTC
0.15,0x9ffa24e39f94136db18a15b817d67c3fc50199a0,2025-06-01 07:29:35.000 UTC
0.1,0xd19982f720c31839f2fb693e9299b4b37b47d6fa,2025-06-01 06:41:59.000 UTC
0.1,0x9623684ca2c47e9b05c331b9dea3b8a1c92ad6cb,2025-06-01 06:35:35.000 UTC
0.1,0x5a76fe9de18ce73b93a966e13d811561cec70966,2025-06-01 06:35:23.000 UTC
0.1,0x3096b49cac2869b06c0ed2caf1df71eaf9641418,2025-06-01 06:29:59.000 UTC
0.1,0x1194fcc3fe1288f080efb8e96753618499587f2b,2025-06-01 06:29:47.000 UTC
0.1,0xa67c599c4effbf320eb603f812d61fc9703e951d,2025-06-01 06:25:11.000 UTC
0.1,0x995906763b3f31da96d22771fcbf1dfa6e4b33bb,2025-06-01 06:25:11.000 UTC
0.1,0x928198118075ff997e85d9c3052c331649b907cf,2025-06-01 06:24:59.000 UTC
0.1,0x1ea2381341dec5df3208d8fd554384f030855c38,2025-06-01 06:24:59.000 UTC
0.1,0xdb326c0f5f60ef7940a319e386db26f9e5810656,2025-06-01 06:24:47.000 UTC
0.1,0xf61dafd8418b48f6c72739c5911ef145c7a1148d,2025-06-01 06:24:47.000 UTC
0.1,0xdbac11b185ce84463a88d93e57c33e5c11c62cf6,2025-06-01 06:24:35.000 UTC
0.1,0xfc8f8efa94a274c61a2288cedb0a275e37331a4d,2025-06-01 06:24:35.000 UTC
0.1,0x993904adb9b5b38af7373684728847a59ad3750c,2025-06-01 05:49:47.000 UTC
0.1,0xf142730293e7d1bd7cb125078cd3921af0cb25be,2025-06-01 05:47:23.000 UTC
0.1,0x3b32e871a4f0aa7cfcdd4c3aadf29d8f35490479,2025-06-01 05:44:11.000 UTC
0.1,0x137baddc3ddedbf282193b081f1511af0bf5aff2,2025-06-01 05:39:59.000 UTC
0.1,0xdfba4c55a2d5bcfe1a00f856baa47b04cb2718f0,2025-06-01 05:19:59.000 UTC
0.1,0x7a6ca7e10729104f885394058930ac4daf52382f,2025-06-01 03:00:35.000 UTC
0.1,0x9f0db70922aeab37c383cf8cd20d08f5dc9fd846,2025-06-01 03:00:23.000 UTC
0.1,0xf585234f7666a10b9355f0ecfa9a7c5490616ca6,2025-06-01 02:59:59.000 UTC
0.1,0x7cc580211cf73b189178d9d4ccbe577f09496adb,2025-06-01 02:59:23.000 UTC
0.1,0xc5ffd5014b6ee42ddcb83f02518c9fc2fa3f601c,2025-06-01 02:58:59.000 UTC
0.1,0xc45e0e1d76f5c8e2ba839ae8bd62df9e568cbbb5,2025-06-01 02:58:23.000 UTC
0.1,0xde7588eb2a31812f01402005a4ba2587bbb41047,2025-06-01 02:57:59.000 UTC
0.1,0xb09a32774a3bcda84b310e0bbce573b6e009b448,2025-06-01 02:57:11.000 UTC
0.1005,0x1eba6a88b1a8361ad969c72580da4c1c381caeea,2025-06-01 02:56:23.000 UTC
0.101,0x279ca080b695230bba0b4a88fdd9026c0e69392d,2025-06-01 02:55:47.000 UTC
1.0,0x151d0dda526eca7d0077ca379e741686bf35584b,2025-05-31 23:48:11.000 UTC
0.1,0x7dcf46fa4fc7cd89de5fd534f9833cb8da1e37fb,2025-05-31 21:26:23.000 UTC
0.1,0x034d21cc03aa8dc04af83839a2eb18c5f6de834c,2025-05-31 21:14:47.000 UTC
0.101,0x9c303de078c7252964059cb252d0dce2bdaa568f,2025-05-31 20:58:59.000 UTC
0.1,0xfc2d9450ee35fc00ccc290e785d9e24bbacf7d86,2025-05-31 20:56:23.000 UTC
0.2,0x3e0c233a3682122c7bc5ad86cc56cfc13a910c28,2025-05-31 20:28:23.000 UTC
1.0,0x1870e58a35b526d403edcc902a8cd07b755ce8ed,2025-05-31 19:21:11.000 UTC
10.0,0x4e72303d3768695fd6170ee721f9233df0a39602,2025-05-31 18:57:35.000 UTC
25.0,0xd8da6bf26964af9d7eed9e03e53415d37aa96045,2025-05-31 18:42:11.000 UTC
2.772,0x0cec06d9949d858c610a65be802db04a83c667c9,2025-05-31 11:21:59.000 UTC
0.12,0x6ec32afe5aaa33c401553483ab13d45f52a80289,2025-05-31 09:48:59.000 UTC
0.1,0x416611e14b2cb551dfaf62b1ce533820e5bc245b,2025-05-31 07:20:11.000 UTC
3.0,0x028b2b9adca1bd1263086b0b221713a684968817,2025-05-29 20:00:35.000 UTC
2.0,0x297bf847dcb01f3e870515628b36eabad491e5e8,2025-05-29 19:18:47.000 UTC
0.4,0x9878a58179f423cb6371cf390980ecef405d7a7c,2025-05-29 16:12:59.000 UTC
0.1,0x6e77b6467aba1a90bc5060863dc2842d9e97dcfa,2025-05-29 12:02:59.000 UTC
0.1337,0x042d84130b673dab6ded87f4b4c3db53b8549059,2025-05-29 06:32:11.000 UTC
0.1,0x7b007e8c0f77b50bec8009f0e97f523dba6fe506,2025-05-29 06:20:47.000 UTC
0.1,0xe1938cee72c377aa12a294b12bda9d61ee2e3a95,2025-05-29 00:35:35.000 UTC
0.1,0xe1938cee72c377aa12a294b12bda9d61ee2e3a95,2025-05-29 00:34:47.000 UTC
0.1,0xe1938cee72c377aa12a294b12bda9d61ee2e3a95,2025-05-29 00:32:23.000 UTC
0.8307,0xd3a0760b33db47a5f0feecd97bfe4b6e8b9e0fc9,2025-05-28 23:56:59.000 UTC
1.0,0xae48a218b54e6285518198b5d0a1d6679b27390e,2025-05-28 23:41:35.000 UTC
0.1,0x609fb8f19b28a76f12557a235c3e88f621267c36,2025-05-28 20:10:35.000 UTC
0.1,0x297bf847dcb01f3e870515628b36eabad491e5e8,2025-05-28 17:31:35.000 UTC
1.0,0x77d6f7ae221f7e2a624281891a826e7c9d303ba0,2025-05-28 17:28:59.000 UTC
0.1,0xb08979f3806e2139000d9dd657e4f58af6b4ca79,2025-05-27 22:56:23.000 UTC
0.2,0xb08979f3806e2139000d9dd657e4f58af6b4ca79,2025-05-27 20:35:23.000 UTC
0.1,0xb08979f3806e2139000d9dd657e4f58af6b4ca79,2025-05-27 16:31:11.000 UTC
0.1,0xb08979f3806e2139000d9dd657e4f58af6b4ca79,2025-05-27 15:06:23.000 UTC
0.1,0xb08979f3806e2139000d9dd657e4f58af6b4ca79,2025-05-27 14:45:11.000 UTC
0.1,0xb08979f3806e2139000d9dd657e4f58af6b4ca79,2025-05-27 14:30:23.000 UTC
0.1,0x3ce93a5d1ea80512da17d64f3875774e515b8be5,2025-05-26 22:09:47.000 UTC
0.0,0x0000000000002bdbf1bf3279983603ec279cc6df,2025-05-24 16:20:35.000 UTC
0.0,0x0000000000002bdbf1bf3279983603ec279cc6df,2025-05-24 16:20:35.000 UTC
0.0,0x0000000000002bdbf1bf3279983603ec279cc6df,2025-05-24 16:20:35.000 UTC
0.0,0x0000000000002bdbf1bf3279983603ec279cc6df,2025-05-24 16:20:35.000 UTC
0.0,0x0000000000002bdbf1bf3279983603ec279cc6df,2025-05-24 16:20:35.000 UTC
0.0,0x0000000000002bdbf1bf3279983603ec279cc6df,2025-05-24 16:20:35.000 UTC
0.0,0x0000000000002bdbf1bf3279983603ec279cc6df,2025-05-24 16:20:35.000 UTC
0.0,0x0000000000002bdbf1bf3279983603ec279cc6df,2025-05-24 16:20:35.000 UTC
0.0,0x0000000000002bdbf1bf3279983603ec279cc6df,2025-05-24 16:20:35.000 UTC
0.0,0x0000000000002bdbf1bf3279983603ec279cc6df,2025-05-24 16:20:35.000 UTC
0.0,0x0000000000002bdbf1bf3279983603ec279cc6df,2025-05-24 16:20:35.000 UTC
0.0,0x0000000000002bdbf1bf3279983603ec279cc6df,2025-05-24 16:20:35.000 UTC
0.0,0x0000000000002bdbf1bf3279983603ec279cc6df,2025-05-24 16:20:35.000 UTC
0.0,0x0000000000002bdbf1bf3279983603ec279cc6df,2025-05-24 16:20:35.000 UTC
0.0,0x0000000000002bdbf1bf3279983603ec279cc6df,2025-05-24 16:20:35.000 UTC
0.0,0x0000000000002bdbf1bf3279983603ec279cc6df,2025-05-24 16:20:35.000 UTC
0.0,0x0000000000002bdbf1bf3279983603ec279cc6df,2025-05-24 16:20:35.000 UTC
0.0,0x0000000000002bdbf1bf3279983603ec279cc6df,2025-05-24 16:20:35.000 UTC
0.0,0x0000000000002bdbf1bf3279983603ec279cc6df,2025-05-24 16:20:35.000 UTC
0.0,0x0000000000002bdbf1bf3279983603ec279cc6df,2025-05-24 16:20:35.000 UTC
0.0,0x0000000000002bdbf1bf3279983603ec279cc6df,2025-05-24 16:20:35.000 UTC
0.0,0x0000000000002bdbf1bf3279983603ec279cc6df,2025-05-24 16:20:35.000 UTC
0.0,0x0000000000002bdbf1bf3279983603ec279cc6df,2025-05-24 16:20:35.000 UTC
0.0,0x0000000000002bdbf1bf3279983603ec279cc6df,2025-05-24 16:20:35.000 UTC
0.0,0x0000000000002bdbf1bf3279983603ec279cc6df,2025-05-24 16:20:35.000 UTC
0.0,0x0000000000002bdbf1bf3279983603ec279cc6df,2025-05-24 16:20:35.000 UTC
0.0,0x0000000000002bdbf1bf3279983603ec279cc6df,2025-05-24 16:20:35.000 UTC
0.0,0x0000000000002bdbf1bf3279983603ec279cc6df,2025-05-24 16:20:35.000 UTC
0.0,0x0000000000002bdbf1bf3279983603ec279cc6df,2025-05-24 16:20:35.000 UTC
0.0,0x0000000000002bdbf1bf3279983603ec279cc6df,2025-05-24 16:20:35.000 UTC
0.0,0x0000000000002bdbf1bf3279983603ec279cc6df,2025-05-24 16:20:35.000 UTC
0.0,0x0000000000002bdbf1bf3279983603ec279cc6df,2025-05-24 16:20:35.000 UTC
0.0,0x0000000000002bdbf1bf3279983603ec279cc6df,2025-05-24 16:20:35.000 UTC
0.0,0x0000000000002bdbf1bf3279983603ec279cc6df,2025-05-24 16:20:35.000 UTC
0.0,0x0000000000002bdbf1bf3279983603ec279cc6df,2025-05-24 16:20:35.000 UTC
0.0,0x0000000000002bdbf1bf3279983603ec279cc6df,2025-05-24 16:20:35.000 UTC
0.0,0x0000000000002bdbf1bf3279983603ec279cc6df,2025-05-24 16:20:35.000 UTC
0.0,0x0000000000002bdbf1bf3279983603ec279cc6df,2025-05-24 16:20:35.000 UTC
0.0,0x0000000000002bdbf1bf3279983603ec279cc6df,2025-05-24 16:20:35.000 UTC
0.0,0x0000000000002bdbf1bf3279983603ec279cc6df,2025-05-24 16:20:35.000 UTC
0.0,0x0000000000002bdbf1bf3279983603ec279cc6df,2025-05-24 16:20:35.000 UTC
0.0,0x0000000000002bdbf1bf3279983603ec279cc6df,2025-05-24 16:20:35.000 UTC
0.0,0x0000000000002bdbf1bf3279983603ec279cc6df,2025-05-24 16:20:35.000 UTC
0.0,0x0000000000002bdbf1bf3279983603ec279cc6df,2025-05-24 16:20:35.000 UTC
0.0,0x0000000000002bdbf1bf3279983603ec279cc6df,2025-05-24 16:20:35.000 UTC
0.0,0x0000000000002bdbf1bf3279983603ec279cc6df,2025-05-24 16:20:35.000 UTC
0.0,0x0000000000002bdbf1bf3279983603ec279cc6df,2025-05-24 16:20:35.000 UTC
0.0,0x0000000000002bdbf1bf3279983603ec279cc6df,2025-05-24 16:20:35.000 UTC
0.0,0x0000000000002bdbf1bf3279983603ec279cc6df,2025-05-24 16:20:35.000 UTC
0.0,0x0000000000002bdbf1bf3279983603ec279cc6df,2025-05-24 16:20:35.000 UTC
0.0,0x0000000000002bdbf1bf3279983603ec279cc6df,2025-05-24 16:20:35.000 UTC
0.0,0x0000000000002bdbf1bf3279983603ec279cc6df,2025-05-24 16:20:35.000 UTC
0.0,0x0000000000002bdbf1bf3279983603ec279cc6df,2025-05-24 16:20:35.000 UTC
0.0,0x0000000000002bdbf1bf3279983603ec279cc6df,2025-05-24 16:20:35.000 UTC
0.0,0x0000000000002bdbf1bf3279983603ec279cc6df,2025-05-24 16:20:35.000 UTC
0.0,0x0000000000002bdbf1bf3279983603ec279cc6df,2025-05-24 16:20:35.000 UTC
0.0,0x0000000000002bdbf1bf3279983603ec279cc6df,2025-05-24 16:20:35.000 UTC
0.0,0x0000000000002bdbf1bf3279983603ec279cc6df,2025-05-24 16:20:35.000 UTC
0.0,0x0000000000002bdbf1bf3279983603ec279cc6df,2025-05-24 16:20:35.000 UTC
0.0,0x0000000000002bdbf1bf3279983603ec279cc6df,2025-05-24 16:20:35.000 UTC
0.0,0x0000000000002bdbf1bf3279983603ec279cc6df,2025-05-24 16:20:35.000 UTC
0.0,0x0000000000002bdbf1bf3279983603ec279cc6df,2025-05-24 16:20:35.000 UTC
0.0,0x0000000000002bdbf1bf3279983603ec279cc6df,2025-05-24 16:20:35.000 UTC
0.0,0x0000000000002bdbf1bf3279983603ec279cc6df,2025-05-24 16:20:35.000 UTC
0.0,0x0000000000002bdbf1bf3279983603ec279cc6df,2025-05-24 16:20:35.000 UTC
0.0,0x0000000000002bdbf1bf3279983603ec279cc6df,2025-05-24 16:20:35.000 UTC
0.0,0x0000000000002bdbf1bf3279983603ec279cc6df,2025-05-24 16:20:35.000 UTC
0.0,0x0000000000002bdbf1bf3279983603ec279cc6df,2025-05-24 16:20:35.000 UTC
0.0,0x0000000000002bdbf1bf3279983603ec279cc6df,2025-05-24 16:20:35.000 UTC
0.0,0x0000000000002bdbf1bf3279983603ec279cc6df,2025-05-24 16:20:35.000 UTC
0.0,0x0000000000002bdbf1bf3279983603ec279cc6df,2025-05-24 16:20:35.000 UTC
0.0,0x0000000000002bdbf1bf3279983603ec279cc6df,2025-05-24 16:20:35.000 UTC
0.0,0x0000000000002bdbf1bf3279983603ec279cc6df,2025-05-24 16:20:35.000 UTC
0.0,0x0000000000002bdbf1bf3279983603ec279cc6df,2025-05-24 16:20:35.000 UTC
0.0,0x0000000000002bdbf1bf3279983603ec279cc6df,2025-05-24 16:20:35.000 UTC
0.0,0x0000000000002bdbf1bf3279983603ec279cc6df,2025-05-24 16:20:35.000 UTC
0.0,0x0000000000002bdbf1bf3279983603ec279cc6df,2025-05-24 16:20:35.000 UTC
0.0,0x0000000000002bdbf1bf3279983603ec279cc6df,2025-05-24 16:20:35.000 UTC
0.0,0x0000000000002bdbf1bf3279983603ec279cc6df,2025-05-24 16:20:35.000 UTC
0.0,0x0000000000002bdbf1bf3279983603ec279cc6df,2025-05-24 16:20:35.000 UTC
0.0,0x0000000000002bdbf1bf3279983603ec279cc6df,2025-05-24 16:20:35.000 UTC
0.0,0x0000000000002bdbf1bf3279983603ec279cc6df,2025-05-24 16:20:35.000 UTC
0.0,0x0000000000002bdbf1bf3279983603ec279cc6df,2025-05-24 16:19:59.000 UTC
0.0,0x0000000000002bdbf1bf3279983603ec279cc6df,2025-05-24 16:19:59.000 UTC
0.0,0x0000000000002bdbf1bf3279983603ec279cc6df,2025-05-24 16:19:59.000 UTC
0.0,0x0000000000002bdbf1bf3279983603ec279cc6df,2025-05-24 16:19:59.000 UTC
0.0,0x0000000000002bdbf1bf3279983603ec279cc6df,2025-05-24 16:19:59.000 UTC
0.0,0x0000000000002bdbf1bf3279983603ec279cc6df,2025-05-24 16:19:59.000 UTC
0.0,0x0000000000002bdbf1bf3279983603ec279cc6df,2025-05-24 16:19:59.000 UTC
0.0,0x0000000000002bdbf1bf3279983603ec279cc6df,2025-05-24 16:19:59.000 UTC
0.0,0x0000000000002bdbf1bf3279983603ec279cc6df,2025-05-24 16:19:59.000 UTC
0.0,0x0000000000002bdbf1bf3279983603ec279cc6df,2025-05-24 16:19:59.000 UTC
0.0,0x0000000000002bdbf1bf3279983603ec279cc6df,2025-05-24 16:19:59.000 UTC
0.0,0x0000000000002bdbf1bf3279983603ec279cc6df,2025-05-24 16:19:59.000 UTC
0.0,0x0000000000002bdbf1bf3279983603ec279cc6df,2025-05-24 16:19:59.000 UTC
0.0,0x0000000000002bdbf1bf3279983603ec279cc6df,2025-05-24 16:19:59.000 UTC
0.0,0x0000000000002bdbf1bf3279983603ec279cc6df,2025-05-24 16:19:59.000 UTC
0.0,0x0000000000002bdbf1bf3279983603ec279cc6df,2025-05-24 16:19:59.000 UTC
0.0,0x0000000000002bdbf1bf3279983603ec279cc6df,2025-05-24 16:19:59.000 UTC
0.0,0x0000000000002bdbf1bf3279983603ec279cc6df,2025-05-24 16:19:59.000 UTC
0.0,0x0000000000002bdbf1bf3279983603ec279cc6df,2025-05-24 16:19:59.000 UTC
0.0,0x0000000000002bdbf1bf3279983603ec279cc6df,2025-05-24 16:19:59.000 UTC
0.0,0x0000000000002bdbf1bf3279983603ec279cc6df,2025-05-24 16:19:59.000 UTC
0.0,0x0000000000002bdbf1bf3279983603ec279cc6df,2025-05-24 16:19:59.000 UTC
0.0,0x0000000000002bdbf1bf3279983603ec279cc6df,2025-05-24 16:19:59.000 UTC
0.0,0x0000000000002bdbf1bf3279983603ec279cc6df,2025-05-24 16:19:59.000 UTC
0.0,0x0000000000002bdbf1bf3279983603ec279cc6df,2025-05-24 16:19:59.000 UTC
0.0,0x0000000000002bdbf1bf3279983603ec279cc6df,2025-05-24 16:19:59.000 UTC
0.0,0x0000000000002bdbf1bf3279983603ec279cc6df,2025-05-24 16:19:59.000 UTC
0.0,0x0000000000002bdbf1bf3279983603ec279cc6df,2025-05-24 16:19:59.000 UTC
0.0,0x0000000000002bdbf1bf3279983603ec279cc6df,2025-05-24 16:19:59.000 UTC
0.0,0x0000000000002bdbf1bf3279983603ec279cc6df,2025-05-24 16:19:59.000 UTC
0.0,0x0000000000002bdbf1bf3279983603ec279cc6df,2025-05-24 16:19:59.000 UTC
0.0,0x0000000000002bdbf1bf3279983603ec279cc6df,2025-05-24 16:19:59.000 UTC
0.0,0x0000000000002bdbf1bf3279983603ec279cc6df,2025-05-24 16:19:59.000 UTC
0.0,0x0000000000002bdbf1bf3279983603ec279cc6df,2025-05-24 16:19:59.000 UTC
0.0,0x0000000000002bdbf1bf3279983603ec279cc6df,2025-05-24 16:19:59.000 UTC
0.0,0x0000000000002bdbf1bf3279983603ec279cc6df,2025-05-24 16:19:59.000 UTC
0.0,0x0000000000002bdbf1bf3279983603ec279cc6df,2025-05-24 16:19:59.000 UTC
0.0,0x0000000000002bdbf1bf3279983603ec279cc6df,2025-05-24 16:19:59.000 UTC
0.0,0x0000000000002bdbf1bf3279983603ec279cc6df,2025-05-24 16:19:59.000 UTC
0.0,0x0000000000002bdbf1bf3279983603ec279cc6df,2025-05-24 16:19:59.000 UTC
0.0,0x0000000000002bdbf1bf3279983603ec279cc6df,2025-05-24 16:19:59.000 UTC
0.0,0x0000000000002bdbf1bf3279983603ec279cc6df,2025-05-24 16:19:59.000 UTC
0.0,0x0000000000002bdbf1bf3279983603ec279cc6df,2025-05-24 16:19:59.000 UTC
0.0,0x0000000000002bdbf1bf3279983603ec279cc6df,2025-05-24 16:19:59.000 UTC
0.0,0x0000000000002bdbf1bf3279983603ec279cc6df,2025-05-24 16:19:59.000 UTC
0.0,0x0000000000002bdbf1bf3279983603ec279cc6df,2025-05-24 16:19:59.000 UTC
0.0,0x0000000000002bdbf1bf3279983603ec279cc6df,2025-05-24 16:19:59.000 UTC
0.0,0x0000000000002bdbf1bf3279983603ec279cc6df,2025-05-24 16:19:59.000 UTC
0.0,0x0000000000002bdbf1bf3279983603ec279cc6df,2025-05-24 16:19:59.000 UTC
0.0,0x0000000000002bdbf1bf3279983603ec279cc6df,2025-05-24 16:19:59.000 UTC
0.0,0x0000000000002bdbf1bf3279983603ec279cc6df,2025-05-24 16:19:59.000 UTC
0.0,0x0000000000002bdbf1bf3279983603ec279cc6df,2025-05-24 16:19:59.000 UTC
0.0,0x0000000000002bdbf1bf3279983603ec279cc6df,2025-05-24 16:19:59.000 UTC
0.0,0x0000000000002bdbf1bf3279983603ec279cc6df,2025-05-24 16:19:59.000 UTC
0.0,0x0000000000002bdbf1bf3279983603ec279cc6df,2025-05-24 16:19:59.000 UTC
0.0,0x0000000000002bdbf1bf3279983603ec279cc6df,2025-05-24 16:19:59.000 UTC
0.0,0x0000000000002bdbf1bf3279983603ec279cc6df,2025-05-24 16:19:59.000 UTC
0.0,0x0000000000002bdbf1bf3279983603ec279cc6df,2025-05-24 16:19:59.000 UTC
0.0,0x0000000000002bdbf1bf3279983603ec279cc6df,2025-05-24 16:19:59.000 UTC
0.0,0x0000000000002bdbf1bf3279983603ec279cc6df,2025-05-24 16:19:59.000 UTC
0.0,0x0000000000002bdbf1bf3279983603ec279cc6df,2025-05-24 16:19:59.000 UTC
0.0,0x0000000000002bdbf1bf3279983603ec279cc6df,2025-05-24 16:19:59.000 UTC
0.0,0x0000000000002bdbf1bf3279983603ec279cc6df,2025-05-24 16:19:59.000 UTC
0.0,0x0000000000002bdbf1bf3279983603ec279cc6df,2025-05-24 16:19:59.000 UTC
0.0,0x0000000000002bdbf1bf3279983603ec279cc6df,2025-05-24 16:19:59.000 UTC
0.0,0x0000000000002bdbf1bf3279983603ec279cc6df,2025-05-24 16:19:59.000 UTC
0.0,0x0000000000002bdbf1bf3279983603ec279cc6df,2025-05-24 16:19:59.000 UTC
0.0,0x0000000000002bdbf1bf3279983603ec279cc6df,2025-05-24 16:19:59.000 UTC
0.0,0x0000000000002bdbf1bf3279983603ec279cc6df,2025-05-24 16:19:59.000 UTC
0.0,0x0000000000002bdbf1bf3279983603ec279cc6df,2025-05-24 16:19:59.000 UTC
0.0,0x0000000000002bdbf1bf3279983603ec279cc6df,2025-05-24 16:19:59.000 UTC
0.0,0x0000000000002bdbf1bf3279983603ec279cc6df,2025-05-24 16:19:59.000 UTC
0.0,0x0000000000002bdbf1bf3279983603ec279cc6df,2025-05-24 16:19:59.000 UTC
0.0,0x0000000000002bdbf1bf3279983603ec279cc6df,2025-05-24 16:19:59.000 UTC
0.0,0x0000000000002bdbf1bf3279983603ec279cc6df,2025-05-24 16:19:59.000 UTC
0.0,0x0000000000002bdbf1bf3279983603ec279cc6df,2025-05-24 16:19:59.000 UTC
0.0,0x0000000000002bdbf1bf3279983603ec279cc6df,2025-05-24 16:19:59.000 UTC
0.0,0x0000000000002bdbf1bf3279983603ec279cc6df,2025-05-24 16:19:59.000 UTC
0.0,0x0000000000002bdbf1bf3279983603ec279cc6df,2025-05-24 16:19:59.000 UTC
0.0,0x0000000000002bdbf1bf3279983603ec279cc6df,2025-05-24 16:19:59.000 UTC
0.0,0x0000000000002bdbf1bf3279983603ec279cc6df,2025-05-24 16:19:59.000 UTC
0.0,0x0000000000002bdbf1bf3279983603ec279cc6df,2025-05-24 16:19:59.000 UTC
0.0,0x0000000000002bdbf1bf3279983603ec279cc6df,2025-05-24 16:19:11.000 UTC
0.0,0x0000000000002bdbf1bf3279983603ec279cc6df,2025-05-24 16:19:11.000 UTC
0.0,0x0000000000002bdbf1bf3279983603ec279cc6df,2025-05-24 16:19:11.000 UTC
0.0,0x0000000000002bdbf1bf3279983603ec279cc6df,2025-05-24 16:19:11.000 UTC
0.0,0x0000000000002bdbf1bf3279983603ec279cc6df,2025-05-24 16:19:11.000 UTC
0.0,0x0000000000002bdbf1bf3279983603ec279cc6df,2025-05-24 16:19:11.000 UTC
0.0,0x0000000000002bdbf1bf3279983603ec279cc6df,2025-05-24 16:19:11.000 UTC
0.0,0x0000000000002bdbf1bf3279983603ec279cc6df,2025-05-24 16:19:11.000 UTC
0.0,0x0000000000002bdbf1bf3279983603ec279cc6df,2025-05-24 16:19:11.000 UTC
0.0,0x0000000000002bdbf1bf3279983603ec279cc6df,2025-05-24 16:19:11.000 UTC
0.0,0x0000000000002bdbf1bf3279983603ec279cc6df,2025-05-24 16:19:11.000 UTC
0.0,0x0000000000002bdbf1bf3279983603ec279cc6df,2025-05-24 16:19:11.000 UTC
0.0,0x0000000000002bdbf1bf3279983603ec279cc6df,2025-05-24 16:19:11.000 UTC
0.0,0x0000000000002bdbf1bf3279983603ec279cc6df,2025-05-24 16:19:11.000 UTC
0.0,0x0000000000002bdbf1bf3279983603ec279cc6df,2025-05-24 16:19:11.000 UTC
0.0,0x0000000000002bdbf1bf3279983603ec279cc6df,2025-05-24 16:19:11.000 UTC
0.0,0x0000000000002bdbf1bf3279983603ec279cc6df,2025-05-24 16:19:11.000 UTC
0.0,0x0000000000002bdbf1bf3279983603ec279cc6df,2025-05-24 16:19:11.000 UTC
0.0,0x0000000000002bdbf1bf3279983603ec279cc6df,2025-05-24 16:19:11.000 UTC
0.0,0x0000000000002bdbf1bf3279983603ec279cc6df,2025-05-24 16:19:11.000 UTC
0.0,0x0000000000002bdbf1bf3279983603ec279cc6df,2025-05-24 16:19:11.000 UTC
0.0,0x0000000000002bdbf1bf3279983603ec279cc6df,2025-05-24 16:19:11.000 UTC
0.0,0x0000000000002bdbf1bf3279983603ec279cc6df,2025-05-24 16:19:11.000 UTC
0.0,0x0000000000002bdbf1bf3279983603ec279cc6df,2025-05-24 16:19:11.000 UTC
0.0,0x0000000000002bdbf1bf3279983603ec279cc6df,2025-05-24 16:19:11.000 UTC
0.0,0x0000000000002bdbf1bf3279983603ec279cc6df,2025-05-24 16:19:11.000 UTC
0.0,0x0000000000002bdbf1bf3279983603ec279cc6df,2025-05-24 16:19:11.000 UTC
0.0,0x0000000000002bdbf1bf3279983603ec279cc6df,2025-05-24 16:19:11.000 UTC
0.0,0x0000000000002bdbf1bf3279983603ec279cc6df,2025-05-24 16:19:11.000 UTC
0.0,0x0000000000002bdbf1bf3279983603ec279cc6df,2025-05-24 16:19:11.000 UTC
0.0,0x0000000000002bdbf1bf3279983603ec279cc6df,2025-05-24 16:19:11.000 UTC
0.0,0x0000000000002bdbf1bf3279983603ec279cc6df,2025-05-24 16:19:11.000 UTC
0.0,0x0000000000002bdbf1bf3279983603ec279cc6df,2025-05-24 16:19:11.000 UTC
0.0,0x0000000000002bdbf1bf3279983603ec279cc6df,2025-05-24 16:19:11.000 UTC
0.0,0x0000000000002bdbf1bf3279983603ec279cc6df,2025-05-24 16:19:11.000 UTC
0.0,0x0000000000002bdbf1bf3279983603ec279cc6df,2025-05-24 16:19:11.000 UTC
0.0,0x0000000000002bdbf1bf3279983603ec279cc6df,2025-05-24 16:19:11.000 UTC
0.0,0x0000000000002bdbf1bf3279983603ec279cc6df,2025-05-24 16:19:11.000 UTC
0.0,0x0000000000002bdbf1bf3279983603ec279cc6df,2025-05-24 16:19:11.000 UTC
0.0,0x0000000000002bdbf1bf3279983603ec279cc6df,2025-05-24 16:19:11.000 UTC
0.0,0x0000000000002bdbf1bf3279983603ec279cc6df,2025-05-24 16:19:11.000 UTC
0.0,0x0000000000002bdbf1bf3279983603ec279cc6df,2025-05-24 16:19:11.000 UTC
0.0,0x0000000000002bdbf1bf3279983603ec279cc6df,2025-05-24 16:19:11.000 UTC
0.0,0x0000000000002bdbf1bf3279983603ec279cc6df,2025-05-24 16:19:11.000 UTC
0.0,0x0000000000002bdbf1bf3279983603ec279cc6df,2025-05-24 16:19:11.000 UTC
0.0,0x0000000000002bdbf1bf3279983603ec279cc6df,2025-05-24 16:19:11.000 UTC
0.0,0x0000000000002bdbf1bf3279983603ec279cc6df,2025-05-24 16:19:11.000 UTC
0.0,0x0000000000002bdbf1bf3279983603ec279cc6df,2025-05-24 16:19:11.000 UTC
0.0,0x0000000000002bdbf1bf3279983603ec279cc6df,2025-05-24 16:19:11.000 UTC
0.0,0x0000000000002bdbf1bf3279983603ec279cc6df,2025-05-24 16:19:11.000 UTC
0.0,0x0000000000002bdbf1bf3279983603ec279cc6df,2025-05-24 16:19:11.000 UTC
0.0,0x0000000000002bdbf1bf3279983603ec279cc6df,2025-05-24 16:19:11.000 UTC
0.0,0x0000000000002bdbf1bf3279983603ec279cc6df,2025-05-24 16:19:11.000 UTC
0.0,0x0000000000002bdbf1bf3279983603ec279cc6df,2025-05-24 16:19:11.000 UTC
0.0,0x0000000000002bdbf1bf3279983603ec279cc6df,2025-05-24 16:19:11.000 UTC
0.0,0x0000000000002bdbf1bf3279983603ec279cc6df,2025-05-24 16:19:11.000 UTC
0.0,0x0000000000002bdbf1bf3279983603ec279cc6df,2025-05-24 16:19:11.000 UTC
0.0,0x0000000000002bdbf1bf3279983603ec279cc6df,2025-05-24 16:19:11.000 UTC
0.0,0x0000000000002bdbf1bf3279983603ec279cc6df,2025-05-24 16:19:11.000 UTC
0.0,0x0000000000002bdbf1bf3279983603ec279cc6df,2025-05-24 16:19:11.000 UTC
0.0,0x0000000000002bdbf1bf3279983603ec279cc6df,2025-05-24 16:19:11.000 UTC
0.0,0x0000000000002bdbf1bf3279983603ec279cc6df,2025-05-24 16:19:11.000 UTC
0.0,0x0000000000002bdbf1bf3279983603ec279cc6df,2025-05-24 16:19:11.000 UTC
0.0,0x0000000000002bdbf1bf3279983603ec279cc6df,2025-05-24 16:19:11.000 UTC
0.0,0x0000000000002bdbf1bf3279983603ec279cc6df,2025-05-24 16:19:11.000 UTC
0.0,0x0000000000002bdbf1bf3279983603ec279cc6df,2025-05-24 16:19:11.000 UTC
0.0,0x0000000000002bdbf1bf3279983603ec279cc6df,2025-05-24 16:19:11.000 UTC
0.0,0x0000000000002bdbf1bf3279983603ec279cc6df,2025-05-24 16:19:11.000 UTC
0.0,0x0000000000002bdbf1bf3279983603ec279cc6df,2025-05-24 16:19:11.000 UTC
0.0,0x0000000000002bdbf1bf3279983603ec279cc6df,2025-05-24 16:19:11.000 UTC
0.0,0x0000000000002bdbf1bf3279983603ec279cc6df,2025-05-24 16:19:11.000 UTC
0.0,0x0000000000002bdbf1bf3279983603ec279cc6df,2025-05-24 16:19:11.000 UTC
0.0,0x0000000000002bdbf1bf3279983603ec279cc6df,2025-05-24 16:19:11.000 UTC
0.0,0x0000000000002bdbf1bf3279983603ec279cc6df,2025-05-24 16:19:11.000 UTC
0.0,0x0000000000002bdbf1bf3279983603ec279cc6df,2025-05-24 16:19:11.000 UTC
0.0,0x0000000000002bdbf1bf3279983603ec279cc6df,2025-05-24 16:19:11.000 UTC
0.0,0x0000000000002bdbf1bf3279983603ec279cc6df,2025-05-24 16:19:11.000 UTC
0.0,0x0000000000002bdbf1bf3279983603ec279cc6df,2025-05-24 16:19:11.000 UTC
0.0,0x0000000000002bdbf1bf3279983603ec279cc6df,2025-05-24 16:19:11.000 UTC
0.0,0x0000000000002bdbf1bf3279983603ec279cc6df,2025-05-24 16:19:11.000 UTC
0.0,0x0000000000002bdbf1bf3279983603ec279cc6df,2025-05-24 16:19:11.000 UTC
0.0,0x0000000000002bdbf1bf3279983603ec279cc6df,2025-05-24 16:19:11.000 UTC
0.0,0x0000000000002bdbf1bf3279983603ec279cc6df,2025-05-24 16:13:11.000 UTC
0.0,0x0000000000002bdbf1bf3279983603ec279cc6df,2025-05-24 16:13:11.000 UTC
0.0,0x0000000000002bdbf1bf3279983603ec279cc6df,2025-05-24 16:13:11.000 UTC
0.0,0x0000000000002bdbf1bf3279983603ec279cc6df,2025-05-24 16:13:11.000 UTC
0.0,0x0000000000002bdbf1bf3279983603ec279cc6df,2025-05-24 16:13:11.000 UTC
0.0,0x0000000000002bdbf1bf3279983603ec279cc6df,2025-05-24 16:13:11.000 UTC
0.0,0x0000000000002bdbf1bf3279983603ec279cc6df,2025-05-24 16:13:11.000 UTC
0.0,0x0000000000002bdbf1bf3279983603ec279cc6df,2025-05-24 16:13:11.000 UTC
0.0,0x0000000000002bdbf1bf3279983603ec279cc6df,2025-05-24 16:13:11.000 UTC
0.0,0x0000000000002bdbf1bf3279983603ec279cc6df,2025-05-24 16:13:11.000 UTC
0.0,0x0000000000002bdbf1bf3279983603ec279cc6df,2025-05-24 16:13:11.000 UTC
0.0,0x0000000000002bdbf1bf3279983603ec279cc6df,2025-05-24 16:13:11.000 UTC
0.0,0x0000000000002bdbf1bf3279983603ec279cc6df,2025-05-24 16:13:11.000 UTC
0.0,0x0000000000002bdbf1bf3279983603ec279cc6df,2025-05-24 16:13:11.000 UTC
0.0,0x0000000000002bdbf1bf3279983603ec279cc6df,2025-05-24 16:13:11.000 UTC
0.0,0x0000000000002bdbf1bf3279983603ec279cc6df,2025-05-24 16:13:11.000 UTC
0.0,0x0000000000002bdbf1bf3279983603ec279cc6df,2025-05-24 16:13:11.000 UTC
0.0,0x0000000000002bdbf1bf3279983603ec279cc6df,2025-05-24 16:13:11.000 UTC
0.0,0x0000000000002bdbf1bf3279983603ec279cc6df,2025-05-24 16:13:11.000 UTC
0.0,0x0000000000002bdbf1bf3279983603ec279cc6df,2025-05-24 16:13:11.000 UTC
0.0,0x0000000000002bdbf1bf3279983603ec279cc6df,2025-05-24 16:13:11.000 UTC
0.0,0x0000000000002bdbf1bf3279983603ec279cc6df,2025-05-24 16:13:11.000 UTC
0.0,0x0000000000002bdbf1bf3279983603ec279cc6df,2025-05-24 16:13:11.000 UTC
0.0,0x0000000000002bdbf1bf3279983603ec279cc6df,2025-05-24 16:13:11.000 UTC
0.0,0x0000000000002bdbf1bf3279983603ec279cc6df,2025-05-24 16:13:11.000 UTC
0.0,0x0000000000002bdbf1bf3279983603ec279cc6df,2025-05-24 16:13:11.000 UTC
0.0,0x0000000000002bdbf1bf3279983603ec279cc6df,2025-05-24 16:13:11.000 UTC
0.0,0x0000000000002bdbf1bf3279983603ec279cc6df,2025-05-24 16:13:11.000 UTC
0.0,0x0000000000002bdbf1bf3279983603ec279cc6df,2025-05-24 16:13:11.000 UTC
0.0,0x0000000000002bdbf1bf3279983603ec279cc6df,2025-05-24 16:13:11.000 UTC
0.0,0x0000000000002bdbf1bf3279983603ec279cc6df,2025-05-24 16:13:11.000 UTC
0.0,0x0000000000002bdbf1bf3279983603ec279cc6df,2025-05-24 16:13:11.000 UTC
0.0,0x0000000000002bdbf1bf3279983603ec279cc6df,2025-05-24 16:13:11.000 UTC
0.0,0x0000000000002bdbf1bf3279983603ec279cc6df,2025-05-24 16:13:11.000 UTC
0.0,0x0000000000002bdbf1bf3279983603ec279cc6df,2025-05-24 16:13:11.000 UTC
0.0,0x0000000000002bdbf1bf3279983603ec279cc6df,2025-05-24 16:13:11.000 UTC
0.0,0x0000000000002bdbf1bf3279983603ec279cc6df,2025-05-24 16:13:11.000 UTC
0.0,0x0000000000002bdbf1bf3279983603ec279cc6df,2025-05-24 16:13:11.000 UTC
0.0,0x0000000000002bdbf1bf3279983603ec279cc6df,2025-05-24 16:13:11.000 UTC
0.0,0x0000000000002bdbf1bf3279983603ec279cc6df,2025-05-24 16:13:11.000 UTC
0.0,0x0000000000002bdbf1bf3279983603ec279cc6df,2025-05-24 16:13:11.000 UTC
0.0,0x0000000000002bdbf1bf3279983603ec279cc6df,2025-05-24 16:13:11.000 UTC
0.0,0x0000000000002bdbf1bf3279983603ec279cc6df,2025-05-24 16:13:11.000 UTC
0.0,0x0000000000002bdbf1bf3279983603ec279cc6df,2025-05-24 16:13:11.000 UTC
0.0,0x0000000000002bdbf1bf3279983603ec279cc6df,2025-05-24 16:13:11.000 UTC
0.0,0x0000000000002bdbf1bf3279983603ec279cc6df,2025-05-24 16:13:11.000 UTC
0.0,0x0000000000002bdbf1bf3279983603ec279cc6df,2025-05-24 16:13:11.000 UTC
0.0,0x0000000000002bdbf1bf3279983603ec279cc6df,2025-05-24 16:13:11.000 UTC
0.0,0x0000000000002bdbf1bf3279983603ec279cc6df,2025-05-24 16:13:11.000 UTC
0.0,0x0000000000002bdbf1bf3279983603ec279cc6df,2025-05-24 16:13:11.000 UTC
0.0,0x0000000000002bdbf1bf3279983603ec279cc6df,2025-05-24 16:13:11.000 UTC
0.0,0x0000000000002bdbf1bf3279983603ec279cc6df,2025-05-24 16:13:11.000 UTC
0.0,0x0000000000002bdbf1bf3279983603ec279cc6df,2025-05-24 16:13:11.000 UTC
0.0,0x0000000000002bdbf1bf3279983603ec279cc6df,2025-05-24 16:13:11.000 UTC
0.0,0x0000000000002bdbf1bf3279983603ec279cc6df,2025-05-24 16:13:11.000 UTC
0.0,0x0000000000002bdbf1bf3279983603ec279cc6df,2025-05-24 16:13:11.000 UTC
0.0,0x0000000000002bdbf1bf3279983603ec279cc6df,2025-05-24 16:13:11.000 UTC
0.0,0x0000000000002bdbf1bf3279983603ec279cc6df,2025-05-24 16:13:11.000 UTC
0.0,0x0000000000002bdbf1bf3279983603ec279cc6df,2025-05-24 16:13:11.000 UTC
0.0,0x0000000000002bdbf1bf3279983603ec279cc6df,2025-05-24 16:13:11.000 UTC
0.0,0x0000000000002bdbf1bf3279983603ec279cc6df,2025-05-24 16:13:11.000 UTC
0.0,0x0000000000002bdbf1bf3279983603ec279cc6df,2025-05-24 16:13:11.000 UTC
0.0,0x0000000000002bdbf1bf3279983603ec279cc6df,2025-05-24 16:13:11.000 UTC
0.0,0x0000000000002bdbf1bf3279983603ec279cc6df,2025-05-24 16:13:11.000 UTC
0.0,0x0000000000002bdbf1bf3279983603ec279cc6df,2025-05-24 16:13:11.000 UTC
0.0,0x0000000000002bdbf1bf3279983603ec279cc6df,2025-05-24 16:13:11.000 UTC
0.0,0x0000000000002bdbf1bf3279983603ec279cc6df,2025-05-24 16:13:11.000 UTC
0.0,0x0000000000002bdbf1bf3279983603ec279cc6df,2025-05-24 16:13:11.000 UTC
0.0,0x0000000000002bdbf1bf3279983603ec279cc6df,2025-05-24 16:13:11.000 UTC
0.0,0x0000000000002bdbf1bf3279983603ec279cc6df,2025-05-24 16:13:11.000 UTC
0.0,0x0000000000002bdbf1bf3279983603ec279cc6df,2025-05-24 16:13:11.000 UTC
0.0,0x0000000000002bdbf1bf3279983603ec279cc6df,2025-05-24 16:13:11.000 UTC
0.0,0x0000000000002bdbf1bf3279983603ec279cc6df,2025-05-24 16:13:11.000 UTC
0.0,0x0000000000002bdbf1bf3279983603ec279cc6df,2025-05-24 16:13:11.000 UTC
0.0,0x0000000000002bdbf1bf3279983603ec279cc6df,2025-05-24 16:13:11.000 UTC
0.0,0x0000000000002bdbf1bf3279983603ec279cc6df,2025-05-24 16:13:11.000 UTC
0.0,0x0000000000002bdbf1bf3279983603ec279cc6df,2025-05-24 16:13:11.000 UTC
0.0,0x0000000000002bdbf1bf3279983603ec279cc6df,2025-05-24 16:13:11.000 UTC
0.0,0x0000000000002bdbf1bf3279983603ec279cc6df,2025-05-24 16:13:11.000 UTC
0.0,0x0000000000002bdbf1bf3279983603ec279cc6df,2025-05-24 16:13:11.000 UTC
0.0,0x0000000000002bdbf1bf3279983603ec279cc6df,2025-05-24 16:13:11.000 UTC
0.0,0x0000000000002bdbf1bf3279983603ec279cc6df,2025-05-24 16:13:11.000 UTC
0.0,0x0000000000002bdbf1bf3279983603ec279cc6df,2025-05-24 16:09:35.000 UTC
0.0,0x0000000000002bdbf1bf3279983603ec279cc6df,2025-05-24 16:09:35.000 UTC
0.0,0x0000000000002bdbf1bf3279983603ec279cc6df,2025-05-24 16:09:35.000 UTC
0.0,0x0000000000002bdbf1bf3279983603ec279cc6df,2025-05-24 16:09:35.000 UTC
0.0,0x0000000000002bdbf1bf3279983603ec279cc6df,2025-05-24 16:09:35.000 UTC
0.0,0x0000000000002bdbf1bf3279983603ec279cc6df,2025-05-24 16:09:35.000 UTC
0.0,0x0000000000002bdbf1bf3279983603ec279cc6df,2025-05-24 16:09:35.000 UTC
0.0,0x0000000000002bdbf1bf3279983603ec279cc6df,2025-05-24 16:09:35.000 UTC
0.0,0x0000000000002bdbf1bf3279983603ec279cc6df,2025-05-24 16:09:35.000 UTC
0.0,0x0000000000002bdbf1bf3279983603ec279cc6df,2025-05-24 16:09:35.000 UTC
0.0,0x0000000000002bdbf1bf3279983603ec279cc6df,2025-05-24 16:09:35.000 UTC
0.0,0x0000000000002bdbf1bf3279983603ec279cc6df,2025-05-24 16:09:35.000 UTC
0.0,0x0000000000002bdbf1bf3279983603ec279cc6df,2025-05-24 16:09:35.000 UTC
0.0,0x0000000000002bdbf1bf3279983603ec279cc6df,2025-05-24 16:09:35.000 UTC
0.0,0x0000000000002bdbf1bf3279983603ec279cc6df,2025-05-24 16:09:35.000 UTC
0.0,0x0000000000002bdbf1bf3279983603ec279cc6df,2025-05-24 16:09:35.000 UTC
0.0,0x0000000000002bdbf1bf3279983603ec279cc6df,2025-05-24 16:09:35.000 UTC
0.0,0x0000000000002bdbf1bf3279983603ec279cc6df,2025-05-24 16:09:35.000 UTC
0.0,0x0000000000002bdbf1bf3279983603ec279cc6df,2025-05-24 16:09:35.000 UTC
0.0,0x0000000000002bdbf1bf3279983603ec279cc6df,2025-05-24 16:09:35.000 UTC
0.0,0x0000000000002bdbf1bf3279983603ec279cc6df,2025-05-24 16:09:35.000 UTC
0.0,0x0000000000002bdbf1bf3279983603ec279cc6df,2025-05-24 16:09:35.000 UTC
0.0,0x0000000000002bdbf1bf3279983603ec279cc6df,2025-05-24 16:09:35.000 UTC
0.0,0x0000000000002bdbf1bf3279983603ec279cc6df,2025-05-24 16:09:35.000 UTC
0.0,0x0000000000002bdbf1bf3279983603ec279cc6df,2025-05-24 16:09:35.000 UTC
0.0,0x0000000000002bdbf1bf3279983603ec279cc6df,2025-05-24 16:09:35.000 UTC
0.0,0x0000000000002bdbf1bf3279983603ec279cc6df,2025-05-24 16:09:35.000 UTC
0.0,0x0000000000002bdbf1bf3279983603ec279cc6df,2025-05-24 16:09:35.000 UTC
0.0,0x0000000000002bdbf1bf3279983603ec279cc6df,2025-05-24 16:09:35.000 UTC
0.0,0x0000000000002bdbf1bf3279983603ec279cc6df,2025-05-24 16:09:35.000 UTC
0.0,0x0000000000002bdbf1bf3279983603ec279cc6df,2025-05-24 16:09:35.000 UTC
0.0,0x0000000000002bdbf1bf3279983603ec279cc6df,2025-05-24 16:09:35.000 UTC
0.0,0x0000000000002bdbf1bf3279983603ec279cc6df,2025-05-24 16:09:35.000 UTC
0.0,0x0000000000002bdbf1bf3279983603ec279cc6df,2025-05-24 16:09:35.000 UTC
0.0,0x0000000000002bdbf1bf3279983603ec279cc6df,2025-05-24 16:09:35.000 UTC
0.0,0x0000000000002bdbf1bf3279983603ec279cc6df,2025-05-24 16:09:35.000 UTC
0.0,0x0000000000002bdbf1bf3279983603ec279cc6df,2025-05-24 16:09:35.000 UTC
0.0,0x0000000000002bdbf1bf3279983603ec279cc6df,2025-05-24 16:09:35.000 UTC
0.0,0x0000000000002bdbf1bf3279983603ec279cc6df,2025-05-24 16:09:35.000 UTC
0.0,0x0000000000002bdbf1bf3279983603ec279cc6df,2025-05-24 16:09:35.000 UTC
0.0,0x0000000000002bdbf1bf3279983603ec279cc6df,2025-05-24 16:09:35.000 UTC
0.0,0x0000000000002bdbf1bf3279983603ec279cc6df,2025-05-24 16:09:35.000 UTC
0.0,0x0000000000002bdbf1bf3279983603ec279cc6df,2025-05-24 16:09:35.000 UTC
0.0,0x0000000000002bdbf1bf3279983603ec279cc6df,2025-05-24 16:09:35.000 UTC
0.0,0x0000000000002bdbf1bf3279983603ec279cc6df,2025-05-24 16:09:35.000 UTC
0.0,0x0000000000002bdbf1bf3279983603ec279cc6df,2025-05-24 16:09:35.000 UTC
0.0,0x0000000000002bdbf1bf3279983603ec279cc6df,2025-05-24 16:09:35.000 UTC
0.0,0x0000000000002bdbf1bf3279983603ec279cc6df,2025-05-24 16:09:35.000 UTC
0.0,0x0000000000002bdbf1bf3279983603ec279cc6df,2025-05-24 16:09:35.000 UTC
0.0,0x0000000000002bdbf1bf3279983603ec279cc6df,2025-05-24 16:09:35.000 UTC
0.0,0x0000000000002bdbf1bf3279983603ec279cc6df,2025-05-24 16:09:35.000 UTC
0.0,0x0000000000002bdbf1bf3279983603ec279cc6df,2025-05-24 16:09:35.000 UTC
0.0,0x0000000000002bdbf1bf3279983603ec279cc6df,2025-05-24 16:09:35.000 UTC
0.0,0x0000000000002bdbf1bf3279983603ec279cc6df,2025-05-24 16:09:35.000 UTC
0.0,0x0000000000002bdbf1bf3279983603ec279cc6df,2025-05-24 16:09:35.000 UTC
0.0,0x0000000000002bdbf1bf3279983603ec279cc6df,2025-05-24 16:09:35.000 UTC
0.0,0x0000000000002bdbf1bf3279983603ec279cc6df,2025-05-24 16:09:35.000 UTC
0.0,0x0000000000002bdbf1bf3279983603ec279cc6df,2025-05-24 16:09:35.000 UTC
0.0,0x0000000000002bdbf1bf3279983603ec279cc6df,2025-05-24 16:09:35.000 UTC
0.0,0x0000000000002bdbf1bf3279983603ec279cc6df,2025-05-24 16:09:35.000 UTC
0.0,0x0000000000002bdbf1bf3279983603ec279cc6df,2025-05-24 16:09:35.000 UTC
0.0,0x0000000000002bdbf1bf3279983603ec279cc6df,2025-05-24 16:09:35.000 UTC
0.0,0x0000000000002bdbf1bf3279983603ec279cc6df,2025-05-24 16:09:35.000 UTC
0.0,0x0000000000002bdbf1bf3279983603ec279cc6df,2025-05-24 16:09:35.000 UTC
0.0,0x0000000000002bdbf1bf3279983603ec279cc6df,2025-05-24 16:09:35.000 UTC
0.0,0x0000000000002bdbf1bf3279983603ec279cc6df,2025-05-24 16:09:35.000 UTC
0.0,0x0000000000002bdbf1bf3279983603ec279cc6df,2025-05-24 16:09:35.000 UTC
0.0,0x0000000000002bdbf1bf3279983603ec279cc6df,2025-05-24 16:09:35.000 UTC
0.0,0x0000000000002bdbf1bf3279983603ec279cc6df,2025-05-24 16:09:35.000 UTC
0.0,0x0000000000002bdbf1bf3279983603ec279cc6df,2025-05-24 16:09:35.000 UTC
0.0,0x0000000000002bdbf1bf3279983603ec279cc6df,2025-05-24 16:09:35.000 UTC
0.0,0x0000000000002bdbf1bf3279983603ec279cc6df,2025-05-24 16:09:35.000 UTC
0.0,0x0000000000002bdbf1bf3279983603ec279cc6df,2025-05-24 16:09:35.000 UTC
0.0,0x0000000000002bdbf1bf3279983603ec279cc6df,2025-05-24 16:09:35.000 UTC
0.0,0x0000000000002bdbf1bf3279983603ec279cc6df,2025-05-24 16:09:35.000 UTC
0.0,0x0000000000002bdbf1bf3279983603ec279cc6df,2025-05-24 16:09:35.000 UTC
0.0,0x0000000000002bdbf1bf3279983603ec279cc6df,2025-05-24 16:09:35.000 UTC
0.0,0x0000000000002bdbf1bf3279983603ec279cc6df,2025-05-24 16:09:35.000 UTC
0.0,0x0000000000002bdbf1bf3279983603ec279cc6df,2025-05-24 16:09:35.000 UTC
0.0,0x0000000000002bdbf1bf3279983603ec279cc6df,2025-05-24 16:09:35.000 UTC
0.0,0x0000000000002bdbf1bf3279983603ec279cc6df,2025-05-24 16:09:35.000 UTC
0.0,0x0000000000002bdbf1bf3279983603ec279cc6df,2025-05-24 16:09:35.000 UTC
0.0,0x0000000000002bdbf1bf3279983603ec279cc6df,2025-05-24 16:06:59.000 UTC
0.0,0x0000000000002bdbf1bf3279983603ec279cc6df,2025-05-24 16:06:59.000 UTC
0.0,0x0000000000002bdbf1bf3279983603ec279cc6df,2025-05-24 16:06:59.000 UTC
0.0,0x0000000000002bdbf1bf3279983603ec279cc6df,2025-05-24 16:06:59.000 UTC
0.0,0x0000000000002bdbf1bf3279983603ec279cc6df,2025-05-24 16:06:59.000 UTC
0.0,0x0000000000002bdbf1bf3279983603ec279cc6df,2025-05-24 16:06:59.000 UTC
0.0,0x0000000000002bdbf1bf3279983603ec279cc6df,2025-05-24 16:06:59.000 UTC
0.0,0x0000000000002bdbf1bf3279983603ec279cc6df,2025-05-24 16:06:59.000 UTC
0.0,0x0000000000002bdbf1bf3279983603ec279cc6df,2025-05-24 16:06:59.000 UTC
0.0,0x0000000000002bdbf1bf3279983603ec279cc6df,2025-05-24 16:06:59.000 UTC
0.0,0x0000000000002bdbf1bf3279983603ec279cc6df,2025-05-24 16:06:59.000 UTC
0.0,0x0000000000002bdbf1bf3279983603ec279cc6df,2025-05-24 16:06:59.000 UTC
0.0,0x0000000000002bdbf1bf3279983603ec279cc6df,2025-05-24 16:06:59.000 UTC
0.0,0x0000000000002bdbf1bf3279983603ec279cc6df,2025-05-24 16:06:59.000 UTC
0.0,0x0000000000002bdbf1bf3279983603ec279cc6df,2025-05-24 16:06:59.000 UTC
0.0,0x0000000000002bdbf1bf3279983603ec279cc6df,2025-05-24 16:06:59.000 UTC
0.0,0x0000000000002bdbf1bf3279983603ec279cc6df,2025-05-24 16:06:59.000 UTC
0.0,0x0000000000002bdbf1bf3279983603ec279cc6df,2025-05-24 16:06:59.000 UTC
0.0,0x0000000000002bdbf1bf3279983603ec279cc6df,2025-05-24 16:06:59.000 UTC
0.0,0x0000000000002bdbf1bf3279983603ec279cc6df,2025-05-24 16:06:59.000 UTC
0.0,0x0000000000002bdbf1bf3279983603ec279cc6df,2025-05-24 16:06:59.000 UTC
0.0,0x0000000000002bdbf1bf3279983603ec279cc6df,2025-05-24 16:06:59.000 UTC
0.0,0x0000000000002bdbf1bf3279983603ec279cc6df,2025-05-24 16:06:59.000 UTC
0.0,0x0000000000002bdbf1bf3279983603ec279cc6df,2025-05-24 16:06:59.000 UTC
0.0,0x0000000000002bdbf1bf3279983603ec279cc6df,2025-05-24 16:06:59.000 UTC
0.0,0x0000000000002bdbf1bf3279983603ec279cc6df,2025-05-24 16:06:59.000 UTC
0.0,0x0000000000002bdbf1bf3279983603ec279cc6df,2025-05-24 16:06:59.000 UTC
0.0,0x0000000000002bdbf1bf3279983603ec279cc6df,2025-05-24 16:06:59.000 UTC
0.0,0x0000000000002bdbf1bf3279983603ec279cc6df,2025-05-24 16:06:59.000 UTC
0.0,0x0000000000002bdbf1bf3279983603ec279cc6df,2025-05-24 16:06:59.000 UTC
0.0,0x0000000000002bdbf1bf3279983603ec279cc6df,2025-05-24 16:06:59.000 UTC
0.0,0x0000000000002bdbf1bf3279983603ec279cc6df,2025-05-24 16:06:59.000 UTC
0.0,0x0000000000002bdbf1bf3279983603ec279cc6df,2025-05-24 16:06:59.000 UTC
0.0,0x0000000000002bdbf1bf3279983603ec279cc6df,2025-05-24 16:06:59.000 UTC
0.0,0x0000000000002bdbf1bf3279983603ec279cc6df,2025-05-24 16:06:59.000 UTC
0.0,0x0000000000002bdbf1bf3279983603ec279cc6df,2025-05-24 16:06:59.000 UTC
0.0,0x0000000000002bdbf1bf3279983603ec279cc6df,2025-05-24 16:06:59.000 UTC
0.0,0x0000000000002bdbf1bf3279983603ec279cc6df,2025-05-24 16:06:59.000 UTC
0.0,0x0000000000002bdbf1bf3279983603ec279cc6df,2025-05-24 16:06:59.000 UTC
0.0,0x0000000000002bdbf1bf3279983603ec279cc6df,2025-05-24 16:06:59.000 UTC
0.0,0x0000000000002bdbf1bf3279983603ec279cc6df,2025-05-24 16:06:59.000 UTC
0.0,0x0000000000002bdbf1bf3279983603ec279cc6df,2025-05-24 16:06:59.000 UTC
0.0,0x0000000000002bdbf1bf3279983603ec279cc6df,2025-05-24 16:06:59.000 UTC
0.0,0x0000000000002bdbf1bf3279983603ec279cc6df,2025-05-24 16:06:59.000 UTC
0.0,0x0000000000002bdbf1bf3279983603ec279cc6df,2025-05-24 16:06:59.000 UTC
0.0,0x0000000000002bdbf1bf3279983603ec279cc6df,2025-05-24 16:06:59.000 UTC
0.0,0x0000000000002bdbf1bf3279983603ec279cc6df,2025-05-24 16:06:59.000 UTC
0.0,0x0000000000002bdbf1bf3279983603ec279cc6df,2025-05-24 16:06:59.000 UTC
0.0,0x0000000000002bdbf1bf3279983603ec279cc6df,2025-05-24 16:06:59.000 UTC
0.0,0x0000000000002bdbf1bf3279983603ec279cc6df,2025-05-24 16:06:59.000 UTC
0.0,0x0000000000002bdbf1bf3279983603ec279cc6df,2025-05-24 16:06:59.000 UTC
0.0,0x0000000000002bdbf1bf3279983603ec279cc6df,2025-05-24 16:06:59.000 UTC
0.0,0x0000000000002bdbf1bf3279983603ec279cc6df,2025-05-24 16:06:59.000 UTC
0.0,0x0000000000002bdbf1bf3279983603ec279cc6df,2025-05-24 16:06:59.000 UTC
0.0,0x0000000000002bdbf1bf3279983603ec279cc6df,2025-05-24 16:06:59.000 UTC
0.0,0x0000000000002bdbf1bf3279983603ec279cc6df,2025-05-24 16:06:59.000 UTC
0.0,0x0000000000002bdbf1bf3279983603ec279cc6df,2025-05-24 16:06:59.000 UTC
0.0,0x0000000000002bdbf1bf3279983603ec279cc6df,2025-05-24 16:06:59.000 UTC
0.0,0x0000000000002bdbf1bf3279983603ec279cc6df,2025-05-24 16:06:59.000 UTC
0.0,0x0000000000002bdbf1bf3279983603ec279cc6df,2025-05-24 16:06:59.000 UTC
0.0,0x0000000000002bdbf1bf3279983603ec279cc6df,2025-05-24 16:06:59.000 UTC
0.0,0x0000000000002bdbf1bf3279983603ec279cc6df,2025-05-24 16:06:59.000 UTC
0.0,0x0000000000002bdbf1bf3279983603ec279cc6df,2025-05-24 16:06:59.000 UTC
0.0,0x0000000000002bdbf1bf3279983603ec279cc6df,2025-05-24 16:06:59.000 UTC
0.0,0x0000000000002bdbf1bf3279983603ec279cc6df,2025-05-24 16:06:59.000 UTC
0.0,0x0000000000002bdbf1bf3279983603ec279cc6df,2025-05-24 16:06:59.000 UTC
0.0,0x0000000000002bdbf1bf3279983603ec279cc6df,2025-05-24 16:06:59.000 UTC
0.0,0x0000000000002bdbf1bf3279983603ec279cc6df,2025-05-24 16:06:59.000 UTC
0.0,0x0000000000002bdbf1bf3279983603ec279cc6df,2025-05-24 16:06:59.000 UTC
0.0,0x0000000000002bdbf1bf3279983603ec279cc6df,2025-05-24 16:06:59.000 UTC
0.0,0x0000000000002bdbf1bf3279983603ec279cc6df,2025-05-24 16:06:59.000 UTC
0.0,0x0000000000002bdbf1bf3279983603ec279cc6df,2025-05-24 16:06:59.000 UTC
0.0,0x0000000000002bdbf1bf3279983603ec279cc6df,2025-05-24 16:06:59.000 UTC
0.0,0x0000000000002bdbf1bf3279983603ec279cc6df,2025-05-24 16:06:59.000 UTC
0.0,0x0000000000002bdbf1bf3279983603ec279cc6df,2025-05-24 16:06:59.000 UTC
0.0,0x0000000000002bdbf1bf3279983603ec279cc6df,2025-05-24 16:06:59.000 UTC
0.0,0x0000000000002bdbf1bf3279983603ec279cc6df,2025-05-24 16:06:59.000 UTC
0.0,0x0000000000002bdbf1bf3279983603ec279cc6df,2025-05-24 16:06:59.000 UTC
0.0,0x0000000000002bdbf1bf3279983603ec279cc6df,2025-05-24 16:06:59.000 UTC
0.0,0x0000000000002bdbf1bf3279983603ec279cc6df,2025-05-24 16:06:59.000 UTC
0.0,0x0000000000002bdbf1bf3279983603ec279cc6df,2025-05-24 16:06:59.000 UTC
0.0,0x0000000000002bdbf1bf3279983603ec279cc6df,2025-05-24 16:06:59.000 UTC
0.0,0x0000000000002bdbf1bf3279983603ec279cc6df,2025-05-24 16:06:47.000 UTC
0.0,0x0000000000002bdbf1bf3279983603ec279cc6df,2025-05-24 16:06:47.000 UTC
0.0,0x0000000000002bdbf1bf3279983603ec279cc6df,2025-05-24 16:06:47.000 UTC
0.0,0x0000000000002bdbf1bf3279983603ec279cc6df,2025-05-24 16:06:47.000 UTC
0.0,0x0000000000002bdbf1bf3279983603ec279cc6df,2025-05-24 16:06:47.000 UTC
0.0,0x0000000000002bdbf1bf3279983603ec279cc6df,2025-05-24 16:06:47.000 UTC
0.0,0x0000000000002bdbf1bf3279983603ec279cc6df,2025-05-24 16:06:47.000 UTC
0.0,0x0000000000002bdbf1bf3279983603ec279cc6df,2025-05-24 16:06:47.000 UTC
0.0,0x0000000000002bdbf1bf3279983603ec279cc6df,2025-05-24 16:06:47.000 UTC
0.0,0x0000000000002bdbf1bf3279983603ec279cc6df,2025-05-24 16:06:47.000 UTC
0.0,0x0000000000002bdbf1bf3279983603ec279cc6df,2025-05-24 16:06:47.000 UTC
0.0,0x0000000000002bdbf1bf3279983603ec279cc6df,2025-05-24 16:06:47.000 UTC
0.0,0x0000000000002bdbf1bf3279983603ec279cc6df,2025-05-24 16:06:47.000 UTC
0.0,0x0000000000002bdbf1bf3279983603ec279cc6df,2025-05-24 16:06:47.000 UTC
0.0,0x0000000000002bdbf1bf3279983603ec279cc6df,2025-05-24 16:06:47.000 UTC
0.0,0x0000000000002bdbf1bf3279983603ec279cc6df,2025-05-24 16:06:47.000 UTC
0.0,0x0000000000002bdbf1bf3279983603ec279cc6df,2025-05-24 16:06:47.000 UTC
0.0,0x0000000000002bdbf1bf3279983603ec279cc6df,2025-05-24 16:06:47.000 UTC
0.0,0x0000000000002bdbf1bf3279983603ec279cc6df,2025-05-24 16:06:47.000 UTC
0.0,0x0000000000002bdbf1bf3279983603ec279cc6df,2025-05-24 16:06:47.000 UTC
0.0,0x0000000000002bdbf1bf3279983603ec279cc6df,2025-05-24 16:06:47.000 UTC
0.0,0x0000000000002bdbf1bf3279983603ec279cc6df,2025-05-24 16:06:47.000 UTC
0.0,0x0000000000002bdbf1bf3279983603ec279cc6df,2025-05-24 16:06:47.000 UTC
0.0,0x0000000000002bdbf1bf3279983603ec279cc6df,2025-05-24 16:06:47.000 UTC
0.0,0x0000000000002bdbf1bf3279983603ec279cc6df,2025-05-24 16:06:47.000 UTC
0.0,0x0000000000002bdbf1bf3279983603ec279cc6df,2025-05-24 16:06:47.000 UTC
0.0,0x0000000000002bdbf1bf3279983603ec279cc6df,2025-05-24 16:06:47.000 UTC
0.0,0x0000000000002bdbf1bf3279983603ec279cc6df,2025-05-24 16:06:47.000 UTC
0.0,0x0000000000002bdbf1bf3279983603ec279cc6df,2025-05-24 16:06:47.000 UTC
0.0,0x0000000000002bdbf1bf3279983603ec279cc6df,2025-05-24 16:06:47.000 UTC
0.0,0x0000000000002bdbf1bf3279983603ec279cc6df,2025-05-24 16:06:47.000 UTC
0.0,0x0000000000002bdbf1bf3279983603ec279cc6df,2025-05-24 16:06:47.000 UTC
0.0,0x0000000000002bdbf1bf3279983603ec279cc6df,2025-05-24 16:06:47.000 UTC
0.0,0x0000000000002bdbf1bf3279983603ec279cc6df,2025-05-24 16:06:47.000 UTC
0.0,0x0000000000002bdbf1bf3279983603ec279cc6df,2025-05-24 16:06:47.000 UTC
0.0,0x0000000000002bdbf1bf3279983603ec279cc6df,2025-05-24 16:06:47.000 UTC
0.0,0x0000000000002bdbf1bf3279983603ec279cc6df,2025-05-24 16:06:47.000 UTC
0.0,0x0000000000002bdbf1bf3279983603ec279cc6df,2025-05-24 16:06:47.000 UTC
0.0,0x0000000000002bdbf1bf3279983603ec279cc6df,2025-05-24 16:06:47.000 UTC
0.0,0x0000000000002bdbf1bf3279983603ec279cc6df,2025-05-24 16:06:47.000 UTC
0.0,0x0000000000002bdbf1bf3279983603ec279cc6df,2025-05-24 16:06:47.000 UTC
0.0,0x0000000000002bdbf1bf3279983603ec279cc6df,2025-05-24 16:06:47.000 UTC
0.0,0x0000000000002bdbf1bf3279983603ec279cc6df,2025-05-24 16:06:47.000 UTC
0.0,0x0000000000002bdbf1bf3279983603ec279cc6df,2025-05-24 16:06:47.000 UTC
0.0,0x0000000000002bdbf1bf3279983603ec279cc6df,2025-05-24 16:06:47.000 UTC
0.0,0x0000000000002bdbf1bf3279983603ec279cc6df,2025-05-24 16:06:47.000 UTC
0.0,0x0000000000002bdbf1bf3279983603ec279cc6df,2025-05-24 16:06:47.000 UTC
0.0,0x0000000000002bdbf1bf3279983603ec279cc6df,2025-05-24 16:06:47.000 UTC
0.0,0x0000000000002bdbf1bf3279983603ec279cc6df,2025-05-24 16:06:47.000 UTC
0.0,0x0000000000002bdbf1bf3279983603ec279cc6df,2025-05-24 16:06:47.000 UTC
0.0,0x0000000000002bdbf1bf3279983603ec279cc6df,2025-05-24 16:06:47.000 UTC
0.0,0x0000000000002bdbf1bf3279983603ec279cc6df,2025-05-24 16:06:47.000 UTC
0.0,0x0000000000002bdbf1bf3279983603ec279cc6df,2025-05-24 16:06:47.000 UTC
0.0,0x0000000000002bdbf1bf3279983603ec279cc6df,2025-05-24 16:06:47.000 UTC
0.0,0x0000000000002bdbf1bf3279983603ec279cc6df,2025-05-24 16:06:47.000 UTC
0.0,0x0000000000002bdbf1bf3279983603ec279cc6df,2025-05-24 16:06:47.000 UTC
0.0,0x0000000000002bdbf1bf3279983603ec279cc6df,2025-05-24 16:06:47.000 UTC
0.0,0x0000000000002bdbf1bf3279983603ec279cc6df,2025-05-24 16:06:47.000 UTC
0.0,0x0000000000002bdbf1bf3279983603ec279cc6df,2025-05-24 16:06:47.000 UTC
0.0,0x0000000000002bdbf1bf3279983603ec279cc6df,2025-05-24 16:06:47.000 UTC
0.0,0x0000000000002bdbf1bf3279983603ec279cc6df,2025-05-24 16:06:47.000 UTC
0.0,0x0000000000002bdbf1bf3279983603ec279cc6df,2025-05-24 16:06:47.000 UTC
0.0,0x0000000000002bdbf1bf3279983603ec279cc6df,2025-05-24 16:06:47.000 UTC
0.0,0x0000000000002bdbf1bf3279983603ec279cc6df,2025-05-24 16:06:47.000 UTC
0.0,0x0000000000002bdbf1bf3279983603ec279cc6df,2025-05-24 16:06:47.000 UTC
0.0,0x0000000000002bdbf1bf3279983603ec279cc6df,2025-05-24 16:06:47.000 UTC
0.0,0x0000000000002bdbf1bf3279983603ec279cc6df,2025-05-24 16:06:47.000 UTC
0.0,0x0000000000002bdbf1bf3279983603ec279cc6df,2025-05-24 16:06:47.000 UTC
0.0,0x0000000000002bdbf1bf3279983603ec279cc6df,2025-05-24 16:06:47.000 UTC
0.0,0x0000000000002bdbf1bf3279983603ec279cc6df,2025-05-24 16:06:47.000 UTC
0.0,0x0000000000002bdbf1bf3279983603ec279cc6df,2025-05-24 16:06:47.000 UTC
0.0,0x0000000000002bdbf1bf3279983603ec279cc6df,2025-05-24 16:06:47.000 UTC
0.0,0x0000000000002bdbf1bf3279983603ec279cc6df,2025-05-24 16:06:47.000 UTC
0.0,0x0000000000002bdbf1bf3279983603ec279cc6df,2025-05-24 16:06:47.000 UTC
0.0,0x0000000000002bdbf1bf3279983603ec279cc6df,2025-05-24 16:06:47.000 UTC
0.0,0x0000000000002bdbf1bf3279983603ec279cc6df,2025-05-24 16:06:47.000 UTC
0.0,0x0000000000002bdbf1bf3279983603ec279cc6df,2025-05-24 16:06:47.000 UTC
0.0,0x0000000000002bdbf1bf3279983603ec279cc6df,2025-05-24 16:06:47.000 UTC
0.0,0x0000000000002bdbf1bf3279983603ec279cc6df,2025-05-24 16:06:47.000 UTC
0.0,0x0000000000002bdbf1bf3279983603ec279cc6df,2025-05-24 16:06:47.000 UTC
0.0,0x0000000000002bdbf1bf3279983603ec279cc6df,2025-05-24 16:06:47.000 UTC
0.0,0x0000000000002bdbf1bf3279983603ec279cc6df,2025-05-24 16:06:47.000 UTC
0.0,0x0000000000002bdbf1bf3279983603ec279cc6df,2025-05-24 16:06:35.000 UTC
0.0,0x0000000000002bdbf1bf3279983603ec279cc6df,2025-05-24 16:06:35.000 UTC
0.0,0x0000000000002bdbf1bf3279983603ec279cc6df,2025-05-24 16:06:35.000 UTC
0.0,0x0000000000002bdbf1bf3279983603ec279cc6df,2025-05-24 16:06:35.000 UTC
0.0,0x0000000000002bdbf1bf3279983603ec279cc6df,2025-05-24 16:06:35.000 UTC
0.0,0x0000000000002bdbf1bf3279983603ec279cc6df,2025-05-24 16:06:35.000 UTC
0.0,0x0000000000002bdbf1bf3279983603ec279cc6df,2025-05-24 16:06:35.000 UTC
0.0,0x0000000000002bdbf1bf3279983603ec279cc6df,2025-05-24 16:06:35.000 UTC
0.0,0x0000000000002bdbf1bf3279983603ec279cc6df,2025-05-24 16:06:35.000 UTC
0.0,0x0000000000002bdbf1bf3279983603ec279cc6df,2025-05-24 16:06:35.000 UTC
0.0,0x0000000000002bdbf1bf3279983603ec279cc6df,2025-05-24 16:06:35.000 UTC
0.0,0x0000000000002bdbf1bf3279983603ec279cc6df,2025-05-24 16:06:35.000 UTC
0.0,0x0000000000002bdbf1bf3279983603ec279cc6df,2025-05-24 16:06:35.000 UTC
0.0,0x0000000000002bdbf1bf3279983603ec279cc6df,2025-05-24 16:06:35.000 UTC
0.0,0x0000000000002bdbf1bf3279983603ec279cc6df,2025-05-24 16:06:35.000 UTC
0.0,0x0000000000002bdbf1bf3279983603ec279cc6df,2025-05-24 16:06:35.000 UTC
0.0,0x0000000000002bdbf1bf3279983603ec279cc6df,2025-05-24 16:06:35.000 UTC
0.0,0x0000000000002bdbf1bf3279983603ec279cc6df,2025-05-24 16:06:35.000 UTC
0.0,0x0000000000002bdbf1bf3279983603ec279cc6df,2025-05-24 16:06:35.000 UTC
0.0,0x0000000000002bdbf1bf3279983603ec279cc6df,2025-05-24 16:06:35.000 UTC
0.0,0x0000000000002bdbf1bf3279983603ec279cc6df,2025-05-24 16:06:35.000 UTC
0.0,0x0000000000002bdbf1bf3279983603ec279cc6df,2025-05-24 16:06:35.000 UTC
0.0,0x0000000000002bdbf1bf3279983603ec279cc6df,2025-05-24 16:06:35.000 UTC
0.0,0x0000000000002bdbf1bf3279983603ec279cc6df,2025-05-24 16:06:35.000 UTC
0.0,0x0000000000002bdbf1bf3279983603ec279cc6df,2025-05-24 16:06:35.000 UTC
0.0,0x0000000000002bdbf1bf3279983603ec279cc6df,2025-05-24 16:06:35.000 UTC
0.0,0x0000000000002bdbf1bf3279983603ec279cc6df,2025-05-24 16:06:35.000 UTC
0.0,0x0000000000002bdbf1bf3279983603ec279cc6df,2025-05-24 16:06:35.000 UTC
0.0,0x0000000000002bdbf1bf3279983603ec279cc6df,2025-05-24 16:06:35.000 UTC
0.0,0x0000000000002bdbf1bf3279983603ec279cc6df,2025-05-24 16:06:35.000 UTC
0.0,0x0000000000002bdbf1bf3279983603ec279cc6df,2025-05-24 16:06:35.000 UTC
0.0,0x0000000000002bdbf1bf3279983603ec279cc6df,2025-05-24 16:06:35.000 UTC
0.0,0x0000000000002bdbf1bf3279983603ec279cc6df,2025-05-24 16:06:35.000 UTC
0.0,0x0000000000002bdbf1bf3279983603ec279cc6df,2025-05-24 16:06:35.000 UTC
0.0,0x0000000000002bdbf1bf3279983603ec279cc6df,2025-05-24 16:06:35.000 UTC
0.0,0x0000000000002bdbf1bf3279983603ec279cc6df,2025-05-24 16:06:35.000 UTC
0.0,0x0000000000002bdbf1bf3279983603ec279cc6df,2025-05-24 16:06:35.000 UTC
0.0,0x0000000000002bdbf1bf3279983603ec279cc6df,2025-05-24 16:06:35.000 UTC
0.0,0x0000000000002bdbf1bf3279983603ec279cc6df,2025-05-24 16:06:35.000 UTC
0.0,0x0000000000002bdbf1bf3279983603ec279cc6df,2025-05-24 16:06:35.000 UTC
0.0,0x0000000000002bdbf1bf3279983603ec279cc6df,2025-05-24 16:06:35.000 UTC
0.0,0x0000000000002bdbf1bf3279983603ec279cc6df,2025-05-24 16:06:35.000 UTC
0.0,0x0000000000002bdbf1bf3279983603ec279cc6df,2025-05-24 16:06:35.000 UTC
0.0,0x0000000000002bdbf1bf3279983603ec279cc6df,2025-05-24 16:06:35.000 UTC
0.0,0x0000000000002bdbf1bf3279983603ec279cc6df,2025-05-24 16:06:35.000 UTC
0.0,0x0000000000002bdbf1bf3279983603ec279cc6df,2025-05-24 16:06:35.000 UTC
0.0,0x0000000000002bdbf1bf3279983603ec279cc6df,2025-05-24 16:06:35.000 UTC
0.0,0x0000000000002bdbf1bf3279983603ec279cc6df,2025-05-24 16:06:35.000 UTC
0.0,0x0000000000002bdbf1bf3279983603ec279cc6df,2025-05-24 16:06:35.000 UTC
0.0,0x0000000000002bdbf1bf3279983603ec279cc6df,2025-05-24 16:06:35.000 UTC
0.0,0x0000000000002bdbf1bf3279983603ec279cc6df,2025-05-24 16:06:35.000 UTC
0.0,0x0000000000002bdbf1bf3279983603ec279cc6df,2025-05-24 16:06:35.000 UTC
0.0,0x0000000000002bdbf1bf3279983603ec279cc6df,2025-05-24 16:06:35.000 UTC
0.0,0x0000000000002bdbf1bf3279983603ec279cc6df,2025-05-24 16:06:35.000 UTC
0.0,0x0000000000002bdbf1bf3279983603ec279cc6df,2025-05-24 16:06:35.000 UTC
0.0,0x0000000000002bdbf1bf3279983603ec279cc6df,2025-05-24 16:06:35.000 UTC
0.0,0x0000000000002bdbf1bf3279983603ec279cc6df,2025-05-24 16:06:35.000 UTC
0.0,0x0000000000002bdbf1bf3279983603ec279cc6df,2025-05-24 16:06:35.000 UTC
0.0,0x0000000000002bdbf1bf3279983603ec279cc6df,2025-05-24 16:06:35.000 UTC
0.0,0x0000000000002bdbf1bf3279983603ec279cc6df,2025-05-24 16:06:35.000 UTC
0.0,0x0000000000002bdbf1bf3279983603ec279cc6df,2025-05-24 16:06:35.000 UTC
0.0,0x0000000000002bdbf1bf3279983603ec279cc6df,2025-05-24 16:06:35.000 UTC
0.0,0x0000000000002bdbf1bf3279983603ec279cc6df,2025-05-24 16:06:35.000 UTC
0.0,0x0000000000002bdbf1bf3279983603ec279cc6df,2025-05-24 16:06:35.000 UTC
0.0,0x0000000000002bdbf1bf3279983603ec279cc6df,2025-05-24 16:06:35.000 UTC
0.0,0x0000000000002bdbf1bf3279983603ec279cc6df,2025-05-24 16:06:35.000 UTC
0.0,0x0000000000002bdbf1bf3279983603ec279cc6df,2025-05-24 16:06:35.000 UTC
0.0,0x0000000000002bdbf1bf3279983603ec279cc6df,2025-05-24 16:06:35.000 UTC
0.0,0x0000000000002bdbf1bf3279983603ec279cc6df,2025-05-24 16:06:35.000 UTC
0.0,0x0000000000002bdbf1bf3279983603ec279cc6df,2025-05-24 16:06:35.000 UTC
0.0,0x0000000000002bdbf1bf3279983603ec279cc6df,2025-05-24 16:06:35.000 UTC
0.0,0x0000000000002bdbf1bf3279983603ec279cc6df,2025-05-24 16:06:35.000 UTC
0.0,0x0000000000002bdbf1bf3279983603ec279cc6df,2025-05-24 16:06:35.000 UTC
0.0,0x0000000000002bdbf1bf3279983603ec279cc6df,2025-05-24 16:06:35.000 UTC
0.0,0x0000000000002bdbf1bf3279983603ec279cc6df,2025-05-24 16:06:35.000 UTC
0.0,0x0000000000002bdbf1bf3279983603ec279cc6df,2025-05-24 16:06:35.000 UTC
0.0,0x0000000000002bdbf1bf3279983603ec279cc6df,2025-05-24 16:06:35.000 UTC
0.0,0x0000000000002bdbf1bf3279983603ec279cc6df,2025-05-24 16:06:35.000 UTC
0.0,0x0000000000002bdbf1bf3279983603ec279cc6df,2025-05-24 16:06:35.000 UTC
0.0,0x0000000000002bdbf1bf3279983603ec279cc6df,2025-05-24 16:06:35.000 UTC
0.0,0x0000000000002bdbf1bf3279983603ec279cc6df,2025-05-24 16:06:35.000 UTC
0.0,0x0000000000002bdbf1bf3279983603ec279cc6df,2025-05-24 16:06:35.000 UTC
0.0,0x0000000000002bdbf1bf3279983603ec279cc6df,2025-05-24 16:05:11.000 UTC
0.0,0x0000000000002bdbf1bf3279983603ec279cc6df,2025-05-24 16:05:11.000 UTC
0.0,0x0000000000002bdbf1bf3279983603ec279cc6df,2025-05-24 16:05:11.000 UTC
0.0,0x0000000000002bdbf1bf3279983603ec279cc6df,2025-05-24 16:05:11.000 UTC
0.0,0x0000000000002bdbf1bf3279983603ec279cc6df,2025-05-24 16:05:11.000 UTC
0.0,0x0000000000002bdbf1bf3279983603ec279cc6df,2025-05-24 16:05:11.000 UTC
0.0,0x0000000000002bdbf1bf3279983603ec279cc6df,2025-05-24 16:05:11.000 UTC
0.0,0x0000000000002bdbf1bf3279983603ec279cc6df,2025-05-24 16:05:11.000 UTC
0.0,0x0000000000002bdbf1bf3279983603ec279cc6df,2025-05-24 16:05:11.000 UTC
0.0,0x0000000000002bdbf1bf3279983603ec279cc6df,2025-05-24 16:05:11.000 UTC
0.0,0x0000000000002bdbf1bf3279983603ec279cc6df,2025-05-24 16:05:11.000 UTC
0.0,0x0000000000002bdbf1bf3279983603ec279cc6df,2025-05-24 16:05:11.000 UTC
0.0,0x0000000000002bdbf1bf3279983603ec279cc6df,2025-05-24 16:05:11.000 UTC
0.0,0x0000000000002bdbf1bf3279983603ec279cc6df,2025-05-24 16:05:11.000 UTC
0.0,0x0000000000002bdbf1bf3279983603ec279cc6df,2025-05-24 16:05:11.000 UTC
0.0,0x0000000000002bdbf1bf3279983603ec279cc6df,2025-05-24 16:05:11.000 UTC
0.0,0x0000000000002bdbf1bf3279983603ec279cc6df,2025-05-24 16:05:11.000 UTC
0.0,0x0000000000002bdbf1bf3279983603ec279cc6df,2025-05-24 16:05:11.000 UTC
0.0,0x0000000000002bdbf1bf3279983603ec279cc6df,2025-05-24 16:05:11.000 UTC
0.0,0x0000000000002bdbf1bf3279983603ec279cc6df,2025-05-24 16:05:11.000 UTC
0.0,0x0000000000002bdbf1bf3279983603ec279cc6df,2025-05-24 16:05:11.000 UTC
0.0,0x0000000000002bdbf1bf3279983603ec279cc6df,2025-05-24 16:05:11.000 UTC
0.0,0x0000000000002bdbf1bf3279983603ec279cc6df,2025-05-24 16:05:11.000 UTC
0.0,0x0000000000002bdbf1bf3279983603ec279cc6df,2025-05-24 16:05:11.000 UTC
0.0,0x0000000000002bdbf1bf3279983603ec279cc6df,2025-05-24 16:05:11.000 UTC
0.0,0x0000000000002bdbf1bf3279983603ec279cc6df,2025-05-24 16:05:11.000 UTC
0.0,0x0000000000002bdbf1bf3279983603ec279cc6df,2025-05-24 16:05:11.000 UTC
0.0,0x0000000000002bdbf1bf3279983603ec279cc6df,2025-05-24 16:05:11.000 UTC
0.0,0x0000000000002bdbf1bf3279983603ec279cc6df,2025-05-24 16:05:11.000 UTC
0.0,0x0000000000002bdbf1bf3279983603ec279cc6df,2025-05-24 16:05:11.000 UTC
0.0,0x0000000000002bdbf1bf3279983603ec279cc6df,2025-05-24 16:05:11.000 UTC
0.0,0x0000000000002bdbf1bf3279983603ec279cc6df,2025-05-24 16:05:11.000 UTC
0.0,0x0000000000002bdbf1bf3279983603ec279cc6df,2025-05-24 16:05:11.000 UTC
0.0,0x0000000000002bdbf1bf3279983603ec279cc6df,2025-05-24 16:05:11.000 UTC
0.0,0x0000000000002bdbf1bf3279983603ec279cc6df,2025-05-24 16:05:11.000 UTC
0.0,0x0000000000002bdbf1bf3279983603ec279cc6df,2025-05-24 16:05:11.000 UTC
0.0,0x0000000000002bdbf1bf3279983603ec279cc6df,2025-05-24 16:05:11.000 UTC
0.0,0x0000000000002bdbf1bf3279983603ec279cc6df,2025-05-24 16:05:11.000 UTC
0.0,0x0000000000002bdbf1bf3279983603ec279cc6df,2025-05-24 16:05:11.000 UTC
0.0,0x0000000000002bdbf1bf3279983603ec279cc6df,2025-05-24 16:05:11.000 UTC
0.0,0x0000000000002bdbf1bf3279983603ec279cc6df,2025-05-24 16:05:11.000 UTC
0.0,0x0000000000002bdbf1bf3279983603ec279cc6df,2025-05-24 16:05:11.000 UTC
0.0,0x0000000000002bdbf1bf3279983603ec279cc6df,2025-05-24 16:05:11.000 UTC
0.0,0x0000000000002bdbf1bf3279983603ec279cc6df,2025-05-24 16:05:11.000 UTC
0.0,0x0000000000002bdbf1bf3279983603ec279cc6df,2025-05-24 16:05:11.000 UTC
0.0,0x0000000000002bdbf1bf3279983603ec279cc6df,2025-05-24 16:05:11.000 UTC
0.0,0x0000000000002bdbf1bf3279983603ec279cc6df,2025-05-24 16:05:11.000 UTC
0.0,0x0000000000002bdbf1bf3279983603ec279cc6df,2025-05-24 16:05:11.000 UTC
0.0,0x0000000000002bdbf1bf3279983603ec279cc6df,2025-05-24 16:05:11.000 UTC
0.0,0x0000000000002bdbf1bf3279983603ec279cc6df,2025-05-24 16:05:11.000 UTC
0.0,0x0000000000002bdbf1bf3279983603ec279cc6df,2025-05-24 16:05:11.000 UTC
0.0,0x0000000000002bdbf1bf3279983603ec279cc6df,2025-05-24 16:05:11.000 UTC
0.0,0x0000000000002bdbf1bf3279983603ec279cc6df,2025-05-24 16:05:11.000 UTC
0.0,0x0000000000002bdbf1bf3279983603ec279cc6df,2025-05-24 16:05:11.000 UTC
0.0,0x0000000000002bdbf1bf3279983603ec279cc6df,2025-05-24 16:05:11.000 UTC
0.0,0x0000000000002bdbf1bf3279983603ec279cc6df,2025-05-24 16:05:11.000 UTC
0.0,0x0000000000002bdbf1bf3279983603ec279cc6df,2025-05-24 16:05:11.000 UTC
0.0,0x0000000000002bdbf1bf3279983603ec279cc6df,2025-05-24 16:05:11.000 UTC
0.0,0x0000000000002bdbf1bf3279983603ec279cc6df,2025-05-24 16:05:11.000 UTC
0.0,0x0000000000002bdbf1bf3279983603ec279cc6df,2025-05-24 16:05:11.000 UTC
0.0,0x0000000000002bdbf1bf3279983603ec279cc6df,2025-05-24 16:05:11.000 UTC
0.0,0x0000000000002bdbf1bf3279983603ec279cc6df,2025-05-24 16:05:11.000 UTC
0.0,0x0000000000002bdbf1bf3279983603ec279cc6df,2025-05-24 16:05:11.000 UTC
0.0,0x0000000000002bdbf1bf3279983603ec279cc6df,2025-05-24 16:05:11.000 UTC
0.0,0x0000000000002bdbf1bf3279983603ec279cc6df,2025-05-24 16:05:11.000 UTC
0.0,0x0000000000002bdbf1bf3279983603ec279cc6df,2025-05-24 16:05:11.000 UTC
0.0,0x0000000000002bdbf1bf3279983603ec279cc6df,2025-05-24 16:05:11.000 UTC
0.0,0x0000000000002bdbf1bf3279983603ec279cc6df,2025-05-24 16:05:11.000 UTC
0.0,0x0000000000002bdbf1bf3279983603ec279cc6df,2025-05-24 16:05:11.000 UTC
0.0,0x0000000000002bdbf1bf3279983603ec279cc6df,2025-05-24 16:05:11.000 UTC
0.0,0x0000000000002bdbf1bf3279983603ec279cc6df,2025-05-24 16:05:11.000 UTC
0.0,0x0000000000002bdbf1bf3279983603ec279cc6df,2025-05-24 16:05:11.000 UTC
0.0,0x0000000000002bdbf1bf3279983603ec279cc6df,2025-05-24 16:05:11.000 UTC
0.0,0x0000000000002bdbf1bf3279983603ec279cc6df,2025-05-24 16:05:11.000 UTC
0.0,0x0000000000002bdbf1bf3279983603ec279cc6df,2025-05-24 16:05:11.000 UTC
0.0,0x0000000000002bdbf1bf3279983603ec279cc6df,2025-05-24 16:05:11.000 UTC
0.0,0x0000000000002bdbf1bf3279983603ec279cc6df,2025-05-24 16:05:11.000 UTC
0.0,0x0000000000002bdbf1bf3279983603ec279cc6df,2025-05-24 16:05:11.000 UTC
0.0,0x0000000000002bdbf1bf3279983603ec279cc6df,2025-05-24 16:05:11.000 UTC
0.0,0x0000000000002bdbf1bf3279983603ec279cc6df,2025-05-24 16:05:11.000 UTC
0.0,0x0000000000002bdbf1bf3279983603ec279cc6df,2025-05-24 16:05:11.000 UTC
0.0,0x0000000000002bdbf1bf3279983603ec279cc6df,2025-05-24 16:05:11.000 UTC
0.0,0x0000000000002bdbf1bf3279983603ec279cc6df,2025-05-24 16:03:11.000 UTC
0.0,0x0000000000002bdbf1bf3279983603ec279cc6df,2025-05-24 16:03:11.000 UTC
0.0,0x0000000000002bdbf1bf3279983603ec279cc6df,2025-05-24 16:03:11.000 UTC
0.0,0x0000000000002bdbf1bf3279983603ec279cc6df,2025-05-24 16:03:11.000 UTC
0.0,0x0000000000002bdbf1bf3279983603ec279cc6df,2025-05-24 16:03:11.000 UTC
0.0,0x0000000000002bdbf1bf3279983603ec279cc6df,2025-05-24 16:03:11.000 UTC
0.0,0x0000000000002bdbf1bf3279983603ec279cc6df,2025-05-24 16:03:11.000 UTC
0.0,0x0000000000002bdbf1bf3279983603ec279cc6df,2025-05-24 16:03:11.000 UTC
0.0,0x0000000000002bdbf1bf3279983603ec279cc6df,2025-05-24 16:03:11.000 UTC
0.0,0x0000000000002bdbf1bf3279983603ec279cc6df,2025-05-24 16:03:11.000 UTC
0.0,0x0000000000002bdbf1bf3279983603ec279cc6df,2025-05-24 16:03:11.000 UTC
0.0,0x0000000000002bdbf1bf3279983603ec279cc6df,2025-05-24 16:03:11.000 UTC
0.0,0x0000000000002bdbf1bf3279983603ec279cc6df,2025-05-24 16:03:11.000 UTC
0.0,0x0000000000002bdbf1bf3279983603ec279cc6df,2025-05-24 16:03:11.000 UTC
0.0,0x0000000000002bdbf1bf3279983603ec279cc6df,2025-05-24 16:03:11.000 UTC
0.0,0x0000000000002bdbf1bf3279983603ec279cc6df,2025-05-24 16:03:11.000 UTC
0.0,0x0000000000002bdbf1bf3279983603ec279cc6df,2025-05-24 16:03:11.000 UTC
0.0,0x0000000000002bdbf1bf3279983603ec279cc6df,2025-05-24 16:03:11.000 UTC
0.0,0x0000000000002bdbf1bf3279983603ec279cc6df,2025-05-24 16:03:11.000 UTC
0.0,0x0000000000002bdbf1bf3279983603ec279cc6df,2025-05-24 16:03:11.000 UTC
0.0,0x0000000000002bdbf1bf3279983603ec279cc6df,2025-05-24 16:03:11.000 UTC
0.0,0x0000000000002bdbf1bf3279983603ec279cc6df,2025-05-24 16:03:11.000 UTC
0.0,0x0000000000002bdbf1bf3279983603ec279cc6df,2025-05-24 16:03:11.000 UTC
0.0,0x0000000000002bdbf1bf3279983603ec279cc6df,2025-05-24 16:03:11.000 UTC
0.0,0x0000000000002bdbf1bf3279983603ec279cc6df,2025-05-24 16:03:11.000 UTC
0.0,0x0000000000002bdbf1bf3279983603ec279cc6df,2025-05-24 16:03:11.000 UTC
0.0,0x0000000000002bdbf1bf3279983603ec279cc6df,2025-05-24 16:03:11.000 UTC
0.0,0x0000000000002bdbf1bf3279983603ec279cc6df,2025-05-24 16:03:11.000 UTC
0.0,0x0000000000002bdbf1bf3279983603ec279cc6df,2025-05-24 16:03:11.000 UTC
0.0,0x0000000000002bdbf1bf3279983603ec279cc6df,2025-05-24 16:03:11.000 UTC
0.0,0x0000000000002bdbf1bf3279983603ec279cc6df,2025-05-24 16:03:11.000 UTC
0.0,0x0000000000002bdbf1bf3279983603ec279cc6df,2025-05-24 16:03:11.000 UTC
0.0,0x0000000000002bdbf1bf3279983603ec279cc6df,2025-05-24 16:03:11.000 UTC
0.0,0x0000000000002bdbf1bf3279983603ec279cc6df,2025-05-24 16:03:11.000 UTC
0.0,0x0000000000002bdbf1bf3279983603ec279cc6df,2025-05-24 16:03:11.000 UTC
0.0,0x0000000000002bdbf1bf3279983603ec279cc6df,2025-05-24 16:03:11.000 UTC
0.0,0x0000000000002bdbf1bf3279983603ec279cc6df,2025-05-24 16:03:11.000 UTC
0.0,0x0000000000002bdbf1bf3279983603ec279cc6df,2025-05-24 16:03:11.000 UTC
0.0,0x0000000000002bdbf1bf3279983603ec279cc6df,2025-05-24 16:03:11.000 UTC
0.0,0x0000000000002bdbf1bf3279983603ec279cc6df,2025-05-24 16:03:11.000 UTC
0.0,0x0000000000002bdbf1bf3279983603ec279cc6df,2025-05-24 16:03:11.000 UTC
0.0,0x0000000000002bdbf1bf3279983603ec279cc6df,2025-05-24 16:03:11.000 UTC
0.0,0x0000000000002bdbf1bf3279983603ec279cc6df,2025-05-24 16:03:11.000 UTC
0.0,0x0000000000002bdbf1bf3279983603ec279cc6df,2025-05-24 16:03:11.000 UTC
0.0,0x0000000000002bdbf1bf3279983603ec279cc6df,2025-05-24 16:03:11.000 UTC
0.0,0x0000000000002bdbf1bf3279983603ec279cc6df,2025-05-24 16:03:11.000 UTC
0.0,0x0000000000002bdbf1bf3279983603ec279cc6df,2025-05-24 16:03:11.000 UTC
0.0,0x0000000000002bdbf1bf3279983603ec279cc6df,2025-05-24 16:03:11.000 UTC
0.0,0x0000000000002bdbf1bf3279983603ec279cc6df,2025-05-24 16:03:11.000 UTC
0.0,0x0000000000002bdbf1bf3279983603ec279cc6df,2025-05-24 16:03:11.000 UTC
0.0,0x0000000000002bdbf1bf3279983603ec279cc6df,2025-05-24 16:03:11.000 UTC
0.0,0x0000000000002bdbf1bf3279983603ec279cc6df,2025-05-24 16:03:11.000 UTC
0.0,0x0000000000002bdbf1bf3279983603ec279cc6df,2025-05-24 16:03:11.000 UTC
0.0,0x0000000000002bdbf1bf3279983603ec279cc6df,2025-05-24 16:03:11.000 UTC
0.0,0x0000000000002bdbf1bf3279983603ec279cc6df,2025-05-24 16:03:11.000 UTC
0.0,0x0000000000002bdbf1bf3279983603ec279cc6df,2025-05-24 16:03:11.000 UTC
0.0,0x0000000000002bdbf1bf3279983603ec279cc6df,2025-05-24 16:03:11.000 UTC
0.0,0x0000000000002bdbf1bf3279983603ec279cc6df,2025-05-24 16:03:11.000 UTC
0.0,0x0000000000002bdbf1bf3279983603ec279cc6df,2025-05-24 16:03:11.000 UTC
0.0,0x0000000000002bdbf1bf3279983603ec279cc6df,2025-05-24 16:03:11.000 UTC
0.0,0x0000000000002bdbf1bf3279983603ec279cc6df,2025-05-24 16:03:11.000 UTC
0.0,0x0000000000002bdbf1bf3279983603ec279cc6df,2025-05-24 16:03:11.000 UTC
0.0,0x0000000000002bdbf1bf3279983603ec279cc6df,2025-05-24 16:03:11.000 UTC
0.0,0x0000000000002bdbf1bf3279983603ec279cc6df,2025-05-24 16:03:11.000 UTC
0.0,0x0000000000002bdbf1bf3279983603ec279cc6df,2025-05-24 16:03:11.000 UTC
0.0,0x0000000000002bdbf1bf3279983603ec279cc6df,2025-05-24 16:03:11.000 UTC
0.0,0x0000000000002bdbf1bf3279983603ec279cc6df,2025-05-24 16:03:11.000 UTC
0.0,0x0000000000002bdbf1bf3279983603ec279cc6df,2025-05-24 16:03:11.000 UTC
0.0,0x0000000000002bdbf1bf3279983603ec279cc6df,2025-05-24 16:03:11.000 UTC
0.0,0x0000000000002bdbf1bf3279983603ec279cc6df,2025-05-24 16:03:11.000 UTC
0.0,0x0000000000002bdbf1bf3279983603ec279cc6df,2025-05-24 16:03:11.000 UTC
0.0,0x0000000000002bdbf1bf3279983603ec279cc6df,2025-05-24 16:03:11.000 UTC
0.0,0x0000000000002bdbf1bf3279983603ec279cc6df,2025-05-24 16:03:11.000 UTC
0.0,0x0000000000002bdbf1bf3279983603ec279cc6df,2025-05-24 16:03:11.000 UTC
0.0,0x0000000000002bdbf1bf3279983603ec279cc6df,2025-05-24 16:03:11.000 UTC
0.0,0x0000000000002bdbf1bf3279983603ec279cc6df,2025-05-24 16:03:11.000 UTC
0.0,0x0000000000002bdbf1bf3279983603ec279cc6df,2025-05-24 16:03:11.000 UTC
0.0,0x0000000000002bdbf1bf3279983603ec279cc6df,2025-05-24 16:03:11.000 UTC
0.0,0x0000000000002bdbf1bf3279983603ec279cc6df,2025-05-24 16:03:11.000 UTC
0.0,0x0000000000002bdbf1bf3279983603ec279cc6df,2025-05-24 16:03:11.000 UTC
0.0,0x0000000000002bdbf1bf3279983603ec279cc6df,2025-05-24 16:03:11.000 UTC
0.0,0x0000000000002bdbf1bf3279983603ec279cc6df,2025-05-24 16:03:11.000 UTC
0.1,0x3ce93a5d1ea80512da17d64f3875774e515b8be5,2025-05-22 20:34:35.000 UTC
0.1374,0x38bdab4273038ebeea86cdcaf7e62ede0fb9d77c,2025-05-16 01:53:47.000 UTC
0.102,0x0a86897acf08cd5bdaf07a8d39dee98fbbf7176c,2025-05-15 09:22:23.000 UTC
0.101,0x7de137bbb0f510a5275229c106d12e0c8f72139f,2025-05-15 09:20:11.000 UTC
0.1,0x9b842fe58e07c6ca80078de8c63fe3bf15287a0e,2025-05-15 07:17:11.000 UTC
0.1,0x7092909e6068259b28468a46dc611551410840ce,2025-05-15 07:16:23.000 UTC
0.1,0xcffb42a5405a120299e5f79481b5182fefb95df6,2025-05-15 07:15:23.000 UTC
0.1,0xcf053780856591b4e1123105909a18aa3cfaf51a,2025-05-15 07:14:35.000 UTC
0.1,0x4113f0c5e4cd34b1e89ea7139c35f8c98b77d6ab,2025-05-15 07:13:35.000 UTC
0.1,0x43abee56b9577e0270c130ca49544eaacf1b1db0,2025-05-15 07:13:11.000 UTC
0.1,0x0e290c765170f855dd37d37e8b524e60578a4f18,2025-05-15 07:09:11.000 UTC
0.1,0x3cf1dbfa7ecd8855513f3e30520377921aadd43f,2025-05-15 07:08:11.000 UTC
0.1,0x18661fa293c2e6163cf163e089318bebdf039bc1,2025-05-15 07:07:35.000 UTC
0.1,0x379afece402887964afc05932ec60502835b35b6,2025-05-15 07:07:23.000 UTC
0.1,0x6c548604becde75aeff65e9d00e00d24017ee677,2025-05-15 06:52:23.000 UTC
0.1,0xee9d0d58fcffc38257772987bd0e274ba810287b,2025-05-15 06:52:11.000 UTC
0.1,0x6efe25d4fabd893e5e004ff53c0f4376b932d8c5,2025-05-15 06:51:23.000 UTC
0.1,0x1ca1e5cbd28bf9163ff791fa5deeb1889d87f5f2,2025-05-15 06:51:23.000 UTC
0.1,0xfac6d416a8f9292e267eea76901406c87f605534,2025-05-15 06:51:23.000 UTC
0.1,0x9ef2a8ea40607a304744335fe25724f859d6bab8,2025-05-15 06:49:59.000 UTC
0.1,0x4a1a32bd14fc6da7a767f98f71e5caf34b47d317,2025-05-15 06:48:59.000 UTC
0.1,0x608f7ab22f09b7ae38fe6cf8be063e8840dcbe14,2025-05-15 06:48:47.000 UTC
0.1,0xb70a9a25be2c7d7f2e89425748ed8f56dda14393,2025-05-15 06:47:59.000 UTC
0.1,0x85132276c50ed45b6de9234bdf596edbc3501d8e,2025-05-15 06:39:23.000 UTC
0.104,0x664ae6484c6e4583afc4af7c9fd69747a700d453,2025-05-14 23:49:47.000 UTC
0.1015,0x9f427de3250d2741cc3554f8e316ed41f9589406,2025-05-14 23:46:47.000 UTC
0.1034,0xc05caa0384376ddc5dd1241b6210a75c7df1852b,2025-05-14 23:44:11.000 UTC
0.1023,0x7de53d095feb592b1d4cbc307925abb9edcb7327,2025-05-14 23:40:47.000 UTC
0.102,0xab93b89c8e423955aa544c429226e68c694acc3a,2025-05-14 23:38:35.000 UTC
0.105,0x0eb50ebd69cc31d5627e6730a9b4171c903ddc64,2025-05-14 23:28:59.000 UTC
0.1,0x5290a8f1fcd95942c6ffc004ad3c61e9f6d6be82,2025-05-14 20:11:47.000 UTC
0.1,0x979a6889d501044b3b8678c4d33e926124ee7f35,2025-05-14 14:21:35.000 UTC
0.1301,0x90779219d539d608c8c2eb590a43782ae40cc675,2025-05-14 11:44:59.000 UTC
0.1,0xeb85625507811e40b1a865f8d93c1a6eb5532a0e,2025-05-14 11:40:47.000 UTC
0.121,0xac50ce326de14ddf9b7e9611cd2f33a1af8ac039,2025-05-14 09:53:35.000 UTC
0.103,0x5b0756d76e40555b02b97e86ce6fc00c3ece0f79,2025-05-14 05:48:23.000 UTC
3.1,0xfdf4aa2baffb899b7648bf54525fff496278661d,2025-05-13 15:37:35.000 UTC
0.1212,0xdbd6084b88667fcd5bb71c4dd238743f84b2bb6d,2025-05-13 14:58:59.000 UTC
5.0,0x32aa30ccd7aa1c688e4f23b386ce542ca3bcde23,2025-05-13 12:03:59.000 UTC
3.016,0x8e7cdf69f384228eee2d82638eb65d734e0603c4,2025-05-13 09:46:59.000 UTC
1.023,0xf69c4bd64799e7e21829f15be99adee089a8d1c9,2025-05-13 09:25:47.000 UTC
1.0,0x1dac73f3d00052d7e815b41e7b1b5cb241aa4d70,2025-05-13 07:37:47.000 UTC
0.1,0x0ccc06f69e8ffadb53256720f59ede2744da9024,2025-05-13 06:12:35.000 UTC
6.5,0x1ba98ca82234ff8e748f8ea78c3beba294ac16f1,2025-05-12 21:20:11.000 UTC
1.0,0x616074f143306b4cefe272e546f73044e85c6d6d,2025-05-12 14:41:59.000 UTC
0.1,0x58772689ec7fa6589207af74dc2055fa831522d1,2025-05-12 11:45:47.000 UTC
0.1,0x9bf34d1c07df562657aef13361108a271efea0b0,2025-05-12 03:50:23.000 UTC
0.5,0x3fa27f7e397ce749f0b0bdeb71f65d09f9a2899b,2025-05-12 02:40:47.000 UTC
1.0,0xf5fe364d18f4a5a53badce9a046ba74cfc97f6fb,2025-05-11 20:04:35.000 UTC
0.1,0x256a1d5b073da8280f812703b80e2eda66ae242c,2025-05-11 18:54:47.000 UTC
1.0,0x95e9a0c113aa9931a4230f91ade08a491d3f8d54,2025-05-11 18:02:11.000 UTC
3.0,0x8e6e6e6ea346be5bac353cad8f48d65b2a1ca01e,2025-05-11 16:43:23.000 UTC
0.1,0x2ec19e982172ead28b312a07faf25105fb3747d8,2025-05-11 11:41:59.000 UTC
0.1,0xe107cf800e4582eb239d7ffe6b476a202338b7e6,2025-05-11 08:55:11.000 UTC
0.1,0x2f43a571af4ff759b5b6c5fc7496b77ac71b6e14,2025-05-11 00:52:35.000 UTC
0.1,0x2f43a571af4ff759b5b6c5fc7496b77ac71b6e14,2025-05-11 00:44:59.000 UTC
0.5,0x2f43a571af4ff759b5b6c5fc7496b77ac71b6e14,2025-05-11 00:19:11.000 UTC
0.57,0x38eff2285a0e3e2eab18c4f3b0765a833c752f1f,2025-05-10 15:46:11.000 UTC
0.1,0x99f43448a9f7730c91aac0f33a47c604e4801f92,2025-05-10 12:58:11.000 UTC
0.1,0xb8ac952dcdfd1e77222213ae508ad8864dc391b4,2025-05-10 11:59:11.000 UTC
1.0,0x784e7d6b6dc65b182aaacf033f1d2f5f6508ae22,2025-05-10 09:32:47.000 UTC
0.1,0x38f92ea0f089356e8b478aaaf2802e368470235d,2025-05-10 00:05:11.000 UTC
0.1,0x6736ab5e9bf58bcdc85021195a26fc345a2052ad,2025-05-09 20:40:47.000 UTC
0.1,0x0f65c5d79f02c5bc2422e22a45191cc71216b7f0,2025-05-09 18:39:35.000 UTC
0.1,0xd55c64116bd7ca822ced2f95ec20768574ef54e4,2025-05-09 15:55:35.000 UTC
1.0,0x0035fc5208ef989c28d47e552e92b0c507d2b318,2025-05-09 15:42:11.000 UTC
1.0,0x297bf847dcb01f3e870515628b36eabad491e5e8,2025-05-09 13:16:11.000 UTC
0.5,0x8df23ac9fc2f53754b08a5c1c4ec2af4d7cdbb31,2025-05-09 13:02:23.000 UTC
100.0,0x297bf847dcb01f3e870515628b36eabad491e5e8,2025-05-09 11:46:47.000 UTC
1.0,0x297bf847dcb01f3e870515628b36eabad491e5e8,2025-05-09 04:42:47.000 UTC
1.0,0x297bf847dcb01f3e870515628b36eabad491e5e8,2025-05-09 04:33:35.000 UTC
1.0,0x297bf847dcb01f3e870515628b36eabad491e5e8,2025-05-09 04:31:35.000 UTC
0.3,0x6cc34d9fb4ae289256fc1896308d387aee2bcc52,2025-05-08 19:41:11.000 UTC
0.1,0x090b31f49a819e627aca05220eb042b7049a5850,2025-05-08 07:06:11.000 UTC
0.101,0x240cd6d8dc7280d90fd36770cfad094e99bf8313,2025-05-07 13:12:23.000 UTC
0.102,0xadd33ada46633efd61580c3f6b96c7d327852ae2,2025-05-07 13:09:59.000 UTC
0.1005,0x382f48b79b8dec25a4c8538643ca6d91fd82d5e1,2025-05-07 13:09:59.000 UTC
0.202,0x8a60e3edb5d9237f4d8731b000fd9e9471d08963,2025-05-07 09:51:35.000 UTC
0.1,0x79926e8bcce923473ec81c047e71b749459c22f7,2025-05-07 04:36:47.000 UTC
0.1,0xac09d0cf1ece166da7a16239cbb3a9e330be0c3d,2025-05-07 03:27:59.000 UTC
0.1,0xe980e2bdabd8b80f49827bcc832cb7d9c0eaff97,2025-05-07 03:26:47.000 UTC
0.1,0x9e95173d7c66de634aabae7cb1f636a50a643056,2025-05-07 03:25:11.000 UTC
0.1,0x42ab9f80e6b202463869bbcb1fa753cb9be44f1a,2025-05-07 03:24:35.000 UTC
0.1,0x9b8e5a45ca8eeed68fc41319f61e0961f5be9360,2025-05-07 03:24:11.000 UTC
0.1,0x7a603469fff70d5d667bd8731775fd3641cf767d,2025-05-07 03:23:35.000 UTC
0.1,0x2d93d8eca43fc602734499d6b2f7c1c9d1bc0068,2025-05-07 03:22:59.000 UTC
0.1,0x03a7e5e21667676dcdfd9da761c101118c7fe498,2025-05-07 03:22:47.000 UTC
0.1,0xbe16088fd50f06e6622da65e3be2af61c875f81c,2025-05-07 03:22:23.000 UTC
0.1,0x1ca9a6a3a127b77cabade4c97ee37f3446c50181,2025-05-07 03:21:23.000 UTC
0.102,0xd7b7c73293ea7bae962ef8339b2142cc8c8cd3a2,2025-05-07 03:20:59.000 UTC
0.1,0x8502ff78270265dc4bf175ee4af04ebf7969a34b,2025-05-07 03:17:59.000 UTC
0.1,0x4a095c6ac312c9e6718c739fe517517e960aab8c,2025-05-07 03:17:23.000 UTC
0.1,0x16410fd381d3bae41707c20492a3525deee0ad45,2025-05-07 03:16:47.000 UTC
0.1,0x86cfc7aa3b75b80ba9ab37b82a6fa9feaa94ea6a,2025-05-07 03:16:11.000 UTC
0.1,0x3a815348c9b2c8c696995da9480091cdc11498a5,2025-05-07 03:15:23.000 UTC
0.1,0xfde16ad8f4f296455c784e374e99d008750d02f3,2025-05-07 03:14:47.000 UTC
0.101,0xb43e0fa4d742974fb4e74b691653ea8969cfc781,2025-05-07 03:13:59.000 UTC
0.1,0x7f0ef8cd68546b2a3d3c46f93ad64b62e92e4b78,2025-05-07 03:13:23.000 UTC
0.1,0xba729194d9e552f53bde1bcf39449c5ffbb3ca27,2025-05-07 03:12:35.000 UTC
0.101,0x93a96e77cb6c12628d60296657554875bbe53619,2025-05-07 03:12:35.000 UTC
0.1,0x0c5063e0d87b0f0bc18e87c882dce1ba3306132b,2025-05-07 03:12:11.000 UTC
0.1,0x2c494e4ee9de52073894d2a44b04052d4ee8214d,2025-05-07 03:11:59.000 UTC
0.1,0x2786f19ded933bba4d4d13a73e85872824e7c83d,2025-05-07 03:11:11.000 UTC
0.1,0x39c507efa5ad32f2a03d517cbc5c23a0ff71d781,2025-05-07 03:10:47.000 UTC
0.1,0x11973f3ce43cdafb53a57816231b6bf825df9885,2025-05-07 03:09:59.000 UTC
0.1,0x127bf068a13772e741d7ce77b02d91eecd9da716,2025-05-07 03:09:35.000 UTC
0.1,0x5ae57cbaae8b83da09b4e249282c08d74d93350b,2025-05-07 03:08:59.000 UTC
0.1,0xbbd6f601ecc6d7a9e4c7a52ab6691b1250c0c8f6,2025-05-07 03:08:23.000 UTC
0.1,0x95412e63806781c6e5beede966ce8c65454e0e38,2025-05-07 03:02:47.000 UTC
0.1,0x3f81a72024746c69e1b9a6b152c4339873830cda,2025-05-07 02:27:47.000 UTC
0.1,0x79dafd0da626f23a66e63fe06a0f2b97781f8198,2025-05-07 02:26:59.000 UTC
0.1,0x48bbd38684b19bf2240e9a0cb4946247421cc76d,2025-05-07 02:26:11.000 UTC
0.1,0x1220c5b1df7aad8066200fb83fd135d654b027ba,2025-05-07 02:25:47.000 UTC
0.1,0x672ddf256607dbc2db1125846f49bd26c43e702f,2025-05-07 02:24:11.000 UTC
0.1,0xddd099db95fffd6526ba43b05f6a61ab02139444,2025-05-07 02:23:23.000 UTC
0.1,0x7ec1f04abdf8776575337a6f8e43a7fcc0002552,2025-05-07 02:22:59.000 UTC
0.1,0x1c93e14105e49671c5953d64953b7e0e264f8523,2025-05-07 02:22:11.000 UTC
0.1,0xaa2c46e3c396695cf40f4e2283efb1d13b3c4006,2025-05-07 02:20:47.000 UTC
0.1,0xfb608925b269dfe1758dbbc968bd4a9a6edd4b50,2025-05-07 00:06:35.000 UTC
0.4,0xed036b877aedcdd08bcfb4102a08c052f00cdaaf,2025-05-06 20:28:59.000 UTC
0.4,0xed036b877aedcdd08bcfb4102a08c052f00cdaaf,2025-05-06 20:27:35.000 UTC
0.1,0xed036b877aedcdd08bcfb4102a08c052f00cdaaf,2025-05-06 20:26:35.000 UTC
0.1,0x9f7562511cc51502c82d13db64089107c4faef5d,2025-05-06 07:36:35.000 UTC
0.104,0xe9341976942e623f0ae6f8cab66c5130d2130ad1,2025-05-06 04:12:11.000 UTC
0.1,0xc1a9a1b67237ceb9f783bd9932579c8afc850856,2025-05-06 04:04:47.000 UTC
0.1,0x6cc34d9fb4ae289256fc1896308d387aee2bcc52,2025-05-05 15:49:47.000 UTC
0.5,0xa05ee11735d861afa66bf06004cb61f7370b1d2e,2025-05-05 09:07:11.000 UTC
0.25,0x5f926956f6f14c4d28537d7f821a8730b5eaf3f3,2025-05-05 08:20:35.000 UTC
0.2,0xaaae2dc1bd381f8761fd799d1230fa8ae7c8da0f,2025-05-05 04:57:47.000 UTC
0.1,0x3550e4b91dcd11f84ca3269d386d33746c460611,2025-05-05 00:49:11.000 UTC
0.5,0xa05ee11735d861afa66bf06004cb61f7370b1d2e,2025-05-04 18:20:59.000 UTC
0.1155,0xfd8426ad0d5eafe55e69a946c7fa4e462d075027,2025-05-04 17:11:35.000 UTC
0.1,0x1ba671ce4718d76d42609affbb567bf1e71e0852,2025-05-03 20:24:35.000 UTC
0.2,0x0a3f87835990206a19762bce2f2afb29b5d6bb20,2025-05-03 11:15:35.000 UTC
0.101,0xa7ba3d7a87937509beb290be10288eab810bb1f3,2025-05-03 02:58:23.000 UTC
0.102,0x68e678702f603b15f042acfcbcb7acfa8067ada4,2025-05-03 01:27:11.000 UTC
0.103,0xf9f082391f6a8c1bff3f8728decdf1ad0f922528,2025-05-03 01:26:47.000 UTC
0.101,0xf513c7000cbd7f4a6c98180de933f12faf8a9d2f,2025-05-03 01:26:23.000 UTC
0.1029,0x6d06b5c638bdf2cf843e0f73819d38c33fcc03e4,2025-05-02 23:05:59.000 UTC
0.1029,0xf691cfb170033cf705b68270a06487b43dcb97ea,2025-05-02 23:02:35.000 UTC
0.11,0x42574fb970f8e3ed4870a3c0a11d716c8e77c0fe,2025-05-02 22:58:11.000 UTC
0.1023,0xe0a12d01d1804f1c0b460f4cd3eae38057945ba8,2025-05-02 22:57:35.000 UTC
0.1013,0xc4e8676ba82d3f9721ae5ab5a8ace226f3184f2c,2025-05-02 22:44:11.000 UTC
0.1,0xcea59406ff8e3b7c82782f3cfbe2b2867cee3303,2025-05-02 16:18:11.000 UTC
0.1,0xe0c823234d3616d587368bc5e7b532143ead0002,2025-05-02 16:17:23.000 UTC
0.1,0xc15d64578ddd6ff06cdb0e1fc32cf76be28f1c44,2025-05-02 16:15:59.000 UTC
0.1,0x37bf78fa8853cee7df39280e70e38f3e163e44c4,2025-05-02 16:14:47.000 UTC
0.108,0x1ba03b643c10c6a1be5c3b8a1616c261146da69c,2025-05-02 16:13:47.000 UTC
0.12,0x904eb7e86e4b30819b6882a11f92ed46342feb06,2025-05-02 16:12:23.000 UTC
0.102,0x1a699fd832cf134060e615e28f1874b5cdd73d1b,2025-05-02 16:10:23.000 UTC
0.111,0x6d2dc0e558a6877ed61d2c966ec6120404b7938b,2025-05-02 16:09:11.000 UTC
0.1,0x58d91559354fad3357604450444171059d752881,2025-05-02 15:51:35.000 UTC
0.4,0x83bcef98c11a3822ce6f2bc1ef3de6f5b1e232fc,2025-05-02 09:53:59.000 UTC
0.1,0x79926e8bcce923473ec81c047e71b749459c22f7,2025-05-01 23:54:59.000 UTC
0.12,0x89d312a43b3c1e8b2ca1c1143ee6161e5289e648,2025-05-01 10:05:59.000 UTC
0.16,0x2adf3f6ad65df7f2f0a1984c0129dbba5772b62d,2025-05-01 10:05:59.000 UTC
0.1,0x1adce399c77185103ad731fbec5117b4d41c4af9,2025-05-01 10:04:11.000 UTC
0.11,0x99e00d858f7826f3b3aa47046f897b6d67415044,2025-05-01 10:02:35.000 UTC
0.1,0x452e830865edd3a2f14497ea5e8666a7db01c96d,2025-05-01 10:01:35.000 UTC
0.15,0x09bae784ae46555610cfea233245f52b166a8ebc,2025-05-01 09:59:59.000 UTC
0.1,0xb7e8768b81227caac805363262ff3ac60cf30fc2,2025-05-01 09:59:47.000 UTC
0.1,0x91c2fd66cbbf8fb1be205e5363bc8fd7110bd20f,2025-05-01 09:55:59.000 UTC
0.1,0x8cf32dee4ffe45c05821164daa68ad430c577c17,2025-05-01 09:53:47.000 UTC
0.1,0x412167a7bb623f9e4d3b73233633e56c3cfd5cf0,2025-05-01 09:50:47.000 UTC
0.1,0x3d4b2aedc0046d093a574bc24236d4deecdfd1f2,2025-05-01 09:44:23.000 UTC
0.1,0xc86a564ecd4f4d1a3d28ac79c516b0ab8d9afc0d,2025-05-01 09:04:23.000 UTC
0.1024,0xc84267d4a86a0e969022551e4422d4387abc1bab,2025-05-01 00:00:11.000 UTC
0.1,0x00c3d8cc7e324d96c55adc518cdb00e16a520293,2025-04-30 23:55:59.000 UTC
0.102,0xa8ad67e8cea289a69350c0cd870770465b418e38,2025-04-30 23:51:35.000 UTC
0.101,0x95c954a70fb9411b01931d954b6103faed7ee623,2025-04-30 15:17:47.000 UTC
0.1,0x13055a7f2621682f409229bbd16c62769e4f749a,2025-04-30 15:02:23.000 UTC
0.1,0x7206ca21af2cb9fe0c02284b5413b10d25500a43,2025-04-30 14:56:11.000 UTC
0.1,0xa8750b1a35ebf94858f1211020c9c76a2686acfc,2025-04-30 10:05:59.000 UTC
0.1,0xd940909ae50e084706e479604bae660b5f932e18,2025-04-30 06:54:35.000 UTC
0.56,0x831cb4285a15b03baca119f421cc95c4a66d2b42,2025-04-29 23:29:23.000 UTC
1.0,0x831cb4285a15b03baca119f421cc95c4a66d2b42,2025-04-29 23:28:11.000 UTC
1.0,0x831cb4285a15b03baca119f421cc95c4a66d2b42,2025-04-29 23:27:35.000 UTC
0.1005,0x5ceaa6de74acd541220d42a90f30a55ad20dc7e3,2025-04-29 23:21:47.000 UTC
0.1085,0xc043295cd50b675efa1984a5fed1bd3c897d4bff,2025-04-29 23:13:59.000 UTC
0.1123,0x56e1e4f464618511d579f09d15815644f13d1e57,2025-04-29 23:12:35.000 UTC
0.1207,0xecbac5f2c53ed8e9caaff883c9c994be16e01d18,2025-04-29 23:10:11.000 UTC
0.1113,0xba9f58b140e26350466ea7c042f430bced0dca63,2025-04-29 23:08:11.000 UTC
0.1106,0x32bd5aa65d30fce09adbd578793bebe420485106,2025-04-29 23:05:23.000 UTC
0.1177,0x088e2ec6405604a6421d526522eba118552c41a2,2025-04-29 23:03:35.000 UTC
0.1091,0x47847bb09c21a6d48414cb1645f8e5a9b689d293,2025-04-29 23:01:47.000 UTC
0.1216,0x7b4170c2af33c5223f43f7dde7b97640c7934616,2025-04-29 23:00:11.000 UTC
0.1031,0x1a20d46011bf51cc74869bd22729b311bf02d664,2025-04-29 22:58:35.000 UTC
0.1089,0xbb60d02f50120c32d2c2cf94d1fa69ccb86bd037,2025-04-29 22:57:47.000 UTC
0.1084,0x50954c87cbb3b2bcfd8a77b6395aafd42c39f1ec,2025-04-29 22:57:47.000 UTC
0.1008,0xc9990bcd1faabf8c248353437f0e8b86cb6c7477,2025-04-29 22:54:23.000 UTC
0.1093,0xe6fab34e7f0c941e17449b1bc80b3cc2f5a14ba2,2025-04-29 22:53:35.000 UTC
0.1089,0x336e2b470fbc605634151bb52f27b15f2897a17e,2025-04-29 22:51:35.000 UTC
0.1089,0x194898961100caeef084e61831d15120c3b401a8,2025-04-29 22:50:35.000 UTC
0.1089,0x596f7834e4418d6a0e5ccf1d4aab2b1a823363f7,2025-04-29 22:48:47.000 UTC
0.1028,0x6a2e3179bca6d71abd54efaf168115c5236ad464,2025-04-29 22:41:35.000 UTC
1.0,0x297bf847dcb01f3e870515628b36eabad491e5e8,2025-04-29 21:30:47.000 UTC
0.6,0x9878a58179f423cb6371cf390980ecef405d7a7c,2025-04-29 16:58:11.000 UTC
0.11,0x777c47498b42dbe449fb4cb810871a46cd777777,2025-04-29 11:23:23.000 UTC
0.1,0xd88e6155dcdd756414b357a4b9c0045eb1058339,2025-04-29 08:51:47.000 UTC
0.1,0x78a9ef6af987294d8ae9fc0fc8339260cedaaaf4,2025-04-29 08:51:47.000 UTC
0.1,0x86d1a248eb62cc4c7bd8e215fcb8c8dad75eccd4,2025-04-29 08:50:47.000 UTC
0.1,0x654f223533be0eb614ed3233e9b751c36ee505bf,2025-04-29 08:49:59.000 UTC
0.1,0x3341fba0690939bcb248b91b07a7e4906e5c6a52,2025-04-29 08:49:35.000 UTC
0.1,0x9db3ec312f849658ea8d3811d68e7eec50885996,2025-04-29 08:42:47.000 UTC
0.1,0x21e52139a582bf39f747ed14a75d8e56e8682e34,2025-04-29 08:41:47.000 UTC
0.1,0x9909f0a08c21be65fd474bc709a3c9d2f8a1d1b1,2025-04-29 08:41:11.000 UTC
0.1,0x5a4e2d4260a71c24e9accc999455eeea640b3308,2025-04-29 08:40:11.000 UTC
0.1,0xa250af1889d4c1b8c82387eade6488478146aab2,2025-04-29 08:38:23.000 UTC
0.1029,0xd839a57ab4a1191b7ea7ec1a013452b1e045177b,2025-04-28 21:47:59.000 UTC
0.1035,0xfc1d6a879224e02769031c2b662bfca655202cbf,2025-04-28 21:45:59.000 UTC
0.1028,0xf2f049436cd92025a4a2f4a5f18aac4ddfa51f8d,2025-04-28 21:44:35.000 UTC
0.102,0x979ddc228ec8e384f3e5347e18c6571708d63b9b,2025-04-28 21:42:11.000 UTC
0.1015,0x2e3b65053598010e06f7eda4aba40722dbd015c1,2025-04-28 21:40:35.000 UTC
1.0,0x297bf847dcb01f3e870515628b36eabad491e5e8,2025-04-28 20:57:47.000 UTC
0.1095,0xcba67c6bc16d881ef0940fec7839202d496d9a23,2025-04-28 10:46:47.000 UTC
0.1188,0xb766c7e94888914b051ff6d4a0a5c364a6e344eb,2025-04-28 10:24:47.000 UTC
0.1,0x9cad95adee7fbf9f689969a5be63140be3cb524b,2025-04-28 08:15:23.000 UTC
0.1,0x526484494f2d16ec2b4a15a6e87b2b0d8c32b892,2025-04-28 08:03:23.000 UTC
0.101,0x1cbffc8b30dd6ac35b09f028d17d723e98ae09d9,2025-04-28 00:27:47.000 UTC
0.105,0x6ab0d4e317786fa9082ba68a4b8c6c70a8750b08,2025-04-28 00:27:11.000 UTC
0.1,0x14745743f3a9893113fca903cbde01cb169aa7fb,2025-04-27 23:27:11.000 UTC
0.1,0x609fb8f19b28a76f12557a235c3e88f621267c36,2025-04-27 18:36:47.000 UTC
0.1001,0x19c2a0e1398ba78c00af784fdec4cd0bbe70a392,2025-04-27 00:56:11.000 UTC
0.105,0xf2d1fd0e9212c103f96fd237d7ccb853d9bb1de5,2025-04-26 03:58:59.000 UTC
0.103,0xf2d1fd0e9212c103f96fd237d7ccb853d9bb1de5,2025-04-26 03:57:11.000 UTC
0.101,0xf2d1fd0e9212c103f96fd237d7ccb853d9bb1de5,2025-04-26 03:54:59.000 UTC
0.1,0x4570d5b4177cf209944e8e3fb1f2a77021ffd5c5,2025-04-25 20:25:47.000 UTC
0.12,0xf32a29f850d8eb5b4eda9d5f942770c983f7094b,2025-04-25 13:27:35.000 UTC
0.1,0x83bcef98c11a3822ce6f2bc1ef3de6f5b1e232fc,2025-04-25 10:01:11.000 UTC
0.1,0x589082b57316276ffd6f636eff9b3d6893493aff,2025-04-25 00:23:47.000 UTC
0.105,0x7e71159e06ca661355ba8500d7951838e668dca2,2025-04-25 00:22:47.000 UTC
0.16,0x67dfcaccf9f9d082544318bf5fd13ed77de9a9a8,2025-04-25 00:18:47.000 UTC
0.1,0x4fa453866d9624491911fac0da3e0e229f5a2f8a,2025-04-24 20:32:47.000 UTC
0.1,0xa9688f2d118651889956feb197b66f73150d040a,2025-04-24 20:30:11.000 UTC
0.1,0x9d9883c00d21973574741f51726bc6b950ac1bf7,2025-04-24 20:29:11.000 UTC
0.5,0xfdf07722363432e44ee7911e40e54444882494e7,2025-04-24 19:03:59.000 UTC
0.102,0x99be075feedf24d48610e3a7615f7674cce2f31e,2025-04-24 15:50:11.000 UTC
0.101,0x4cd527264a079fb8950969a275011460b9dca0e3,2025-04-24 13:32:47.000 UTC
0.2,0x24c727800400722fdc9ce07b8f8d2930dd0c908c,2025-04-24 11:33:59.000 UTC
0.2,0x123465d80172d9b290bdbc8ed05b02d6b3b35d0d,2025-04-24 11:29:23.000 UTC
0.1,0x84939656c4b4ec55a630e14aa353cf186e02dbc7,2025-04-24 10:09:35.000 UTC
1.0,0xa05ee11735d861afa66bf06004cb61f7370b1d2e,2025-04-24 08:40:47.000 UTC
0.1,0x5bd4e7f7684ddb7389a54004e73c0e74f9117eed,2025-04-24 02:27:47.000 UTC
0.1,0x55d8a07181c868054d392395f53531ef6cb208a5,2025-04-24 01:33:11.000 UTC
0.11,0x2d1bf803ed1f75aae5b338331242567348ebd626,2025-04-24 01:25:11.000 UTC
0.1,0x77ae88356566b48500768e8bdd2ece9cdc43ffe2,2025-04-24 01:20:23.000 UTC
0.12,0xbbb37369c6a0d7db49aaf898dc71c90d9cf99b1b,2025-04-24 00:50:47.000 UTC
0.1084,0x2aaffa3f057ac205599e07a424b467a0d7f69ddb,2025-04-24 00:48:35.000 UTC
0.1124,0x8cd4896ce9aab5a01f1e916833d888402db07b27,2025-04-24 00:46:59.000 UTC
0.1207,0xe83a34a6371620565e5a348a942536d29da6a8ef,2025-04-24 00:44:59.000 UTC
0.1118,0x15c00ef2c4c7ecebabca7ac2f3fc30dbd9454403,2025-04-24 00:44:11.000 UTC
0.1018,0x8809c49d2e8bdec6b950854ccc752d67560fac53,2025-04-24 00:37:59.000 UTC
0.109,0x507f7588998dea2a1facc722b37ca32a941f9c02,2025-04-24 00:34:11.000 UTC
0.1108,0x3e326f81d08f27fb31a42c966ae18cbf32f31028,2025-04-24 00:34:11.000 UTC
0.1183,0x41afa98762e951023bb8b012dcc8134cb04b9fd3,2025-04-24 00:33:23.000 UTC
0.109,0x505dfa3a4bacfd5ebab9c3af0e052bff05066357,2025-04-24 00:29:47.000 UTC
0.1096,0x376a92311fd62cbb45d65fb99d8df57144d7115a,2025-04-24 00:25:59.000 UTC
0.1043,0x02679a101280335d66662c6630a4eb93642ad73a,2025-04-24 00:25:23.000 UTC
0.1,0x4324a0b9f62848454ddb65ae5505ebde752e17fc,2025-04-24 00:18:11.000 UTC
0.102,0x7864838dbfa15cf20d47bd218011ac20adde228d,2025-04-24 00:16:47.000 UTC
0.1005,0x9a007b6f308e681a861c7234795726105172af28,2025-04-24 00:15:11.000 UTC
0.1,0xe4d08ccba3bc76b59b73ace647e203c9b5e74885,2025-04-24 00:10:47.000 UTC
0.1,0x83fa2cb31e0a4ea3baf2db4680d8b1f30d530470,2025-04-24 00:09:35.000 UTC
0.1,0xcab71033925501347c98d4f31d6c8ed55bf5f521,2025-04-24 00:07:59.000 UTC
0.104,0x06c75f595b7fd72f4f3a5a521f00e905d4beb6c9,2025-04-24 00:06:35.000 UTC
0.101,0xa9911f873c4a0415a6f6315763288626edcde091,2025-04-24 00:04:23.000 UTC
0.1,0xe0fe108ecd251ecd0094cf35563c9a111386b17e,2025-04-23 23:12:23.000 UTC
0.1085,0x17d22af31599e5de8ad8bd00bf47cc1030166634,2025-04-23 21:35:35.000 UTC
0.1,0x01c7256aac691d93d1c9c24d8bcd165e37d9913c,2025-04-23 18:32:59.000 UTC
0.1011,0x031781f40fe876469ca424ba06f657c0da539fc4,2025-04-23 18:22:23.000 UTC
0.1003,0x6cec8d1c8787b08259d27589e1eac843c780d940,2025-04-23 18:10:35.000 UTC
0.1001,0x4138336f5c001df0f711813a86a92395887aee6b,2025-04-23 17:50:11.000 UTC
1.0,0x212407c68357024b43690ff7edf0aabd2a61b389,2025-04-23 12:59:47.000 UTC
0.1,0xf6ab293911ee06ac05b29a5fd830b1bf1eede45c,2025-04-23 11:16:59.000 UTC
0.1,0xe6f188ed7b15ddfa0e4f3efa0711360be0fc260c,2025-04-23 07:58:59.000 UTC
0.1,0x65c1afc5ca90ce78d0eb567915224760fcbd8521,2025-04-23 07:54:35.000 UTC
0.1,0x2b418132b9d1b3943299df00214214eabf903f03,2025-04-23 07:53:35.000 UTC
0.1,0xb640664fca3dda00e7120c1a87c7c39b14d42de1,2025-04-23 07:52:23.000 UTC
0.1,0x5d77a7f7f4e3613c412bd94d56ab2f41b3d9f7bc,2025-04-23 07:50:59.000 UTC
0.1,0x5274c81b2c73c712f9b18dc5b86cb387809c2285,2025-04-23 07:49:35.000 UTC
0.1,0x53652fa6be008407a468b48e7b8e86008129e54d,2025-04-23 07:47:23.000 UTC
0.1,0x22971414950e8409ddd615fe10772f08a205d72c,2025-04-23 07:44:59.000 UTC
0.1,0xca99e998f45217a2f8aefe06d9bdd7e1eaf5eeb8,2025-04-23 07:42:59.000 UTC
0.1,0xd2c9cb9434da09ca6076f3db4504bc2e8423b162,2025-04-23 07:39:59.000 UTC
0.101,0xd21ae096d384f5f00eb6819bc517ef45af0a49b6,2025-04-23 04:34:11.000 UTC
0.102,0xb89a20033b9ea5bc8cd33511639eac2ec51923d9,2025-04-23 04:26:23.000 UTC
0.1,0x40c59cfaf8aa17a43eb2f1d50384c95ff50adef9,2025-04-22 22:47:23.000 UTC
0.105,0x56a601a1ef1dd469640b9773a24f680fd28b68d6,2025-04-22 19:45:35.000 UTC
0.1002,0x6d19abf82f4cfec7ed629d1daf7e5c89772e4607,2025-04-22 16:15:35.000 UTC
0.1,0x7a927494af0630e894216a7876ebed9f5994b8eb,2025-04-22 15:44:35.000 UTC
0.1,0x5c8828f2098083aa4a47034c64071cc568ac5844,2025-04-22 15:38:35.000 UTC
0.12,0x7cfb77c5923c6f46f65784d7b555f6b201b69d6c,2025-04-22 15:33:35.000 UTC
1.0,0xdb75b2cbaf67abb0dc02ce00234c5103c7deb19e,2025-04-22 14:54:59.000 UTC
0.1,0x6306ce5928d28d6ffef0398850298b39e8f1c81f,2025-04-22 07:03:11.000 UTC
0.1,0xaebfdead1be664e9efa615f6e1fee87fdc05c8f3,2025-04-22 07:01:59.000 UTC
0.1,0x6ce7ccb5f87b66734c635d20e6905163ea7674c8,2025-04-22 07:00:59.000 UTC
0.1,0xa0749f3ba503e09e8d15dc16369da2d12b8425f5,2025-04-22 06:58:59.000 UTC
0.1,0xcaf151ee183b4d2f701d3c329e420eeec9ec1c02,2025-04-22 06:57:11.000 UTC
0.1,0xd08476688989fc37b3d6e4044b64fb4889827839,2025-04-22 06:55:35.000 UTC
0.1,0x00a972cc05f2f61644193d0ac63d11b9ad4ab9d1,2025-04-22 06:52:59.000 UTC
0.1,0xc8b9bc19e000ee53f3482a95e4eec7080780e484,2025-04-22 06:52:23.000 UTC
0.1,0xf2491ddf8f3be037da0fc668a3f8d2bd267df40c,2025-04-22 06:42:59.000 UTC
0.1,0x63e532680709aadea6a845e5f9f42b04280ea843,2025-04-22 06:34:59.000 UTC
0.1,0x992b57e0cfe1c0eff8484805c2d5aa2b78c54d48,2025-04-22 06:28:59.000 UTC
0.1,0x0b9094b011c179345840d1ce9f2af46ed037df20,2025-04-22 06:28:35.000 UTC
0.1,0x0ead81bfd1f7096ddb6c997e734220b916a5840e,2025-04-22 06:27:47.000 UTC
0.1,0xf1bb48613c9040a8c21a834318d260a533086b8b,2025-04-22 06:27:23.000 UTC
0.1,0xcde6f893fad99b1b2199f0cc44625214b35f25b5,2025-04-22 06:26:47.000 UTC
0.1,0xc128c52e7b7307b37c77ab46da9c4925cf0c747b,2025-04-22 06:26:11.000 UTC
0.1,0xf91439d026980450dad358455517e12dd57ad607,2025-04-22 06:06:23.000 UTC
0.1,0x78b1fbb582164f12c684f8662a53f51f13cb98c4,2025-04-22 06:05:47.000 UTC
0.1,0x71dc33cb08e3d482192670e712c8f564ea2dab38,2025-04-22 06:04:59.000 UTC
0.1,0xfb0f6f3e2c4ead649b6b1ba155067430e95eecc1,2025-04-22 05:53:35.000 UTC
0.1,0x29f872f02da8ace8890e8d3e5105a752cd3b5792,2025-04-22 05:32:47.000 UTC
0.1,0xe2fa26879684827e355d55811ebfc7b65327a709,2025-04-22 03:46:35.000 UTC
0.1001,0xa9904297eeec96a9fbd46e0e9c9f2e01dade8985,2025-04-22 03:17:59.000 UTC
0.1002,0xd16b04392dea6a15a7f6cfaf1cca62bd7c28bd3b,2025-04-22 02:32:47.000 UTC
1.0,0xba69674066bbd3799d65794866b79916c092e062,2025-04-21 22:32:11.000 UTC
1.0,0xba69674066bbd3799d65794866b79916c092e062,2025-04-21 22:27:59.000 UTC
1.0,0xba69674066bbd3799d65794866b79916c092e062,2025-04-21 22:26:11.000 UTC
1.0,0xba69674066bbd3799d65794866b79916c092e062,2025-04-21 22:25:23.000 UTC
1.0,0xba69674066bbd3799d65794866b79916c092e062,2025-04-21 22:24:23.000 UTC
1.0,0xba69674066bbd3799d65794866b79916c092e062,2025-04-21 22:22:59.000 UTC
1.0,0xba69674066bbd3799d65794866b79916c092e062,2025-04-21 22:22:11.000 UTC
1.0,0xba69674066bbd3799d65794866b79916c092e062,2025-04-21 22:21:23.000 UTC
1.0,0xba69674066bbd3799d65794866b79916c092e062,2025-04-21 22:20:47.000 UTC
1.0,0xba69674066bbd3799d65794866b79916c092e062,2025-04-21 22:18:23.000 UTC
1.0,0xba69674066bbd3799d65794866b79916c092e062,2025-04-21 22:17:47.000 UTC
1.0,0xba69674066bbd3799d65794866b79916c092e062,2025-04-21 22:16:59.000 UTC
1.0,0xba69674066bbd3799d65794866b79916c092e062,2025-04-21 22:15:59.000 UTC
1.0,0xba69674066bbd3799d65794866b79916c092e062,2025-04-21 22:15:11.000 UTC
1.0,0xba69674066bbd3799d65794866b79916c092e062,2025-04-21 22:14:11.000 UTC
0.1,0xba69674066bbd3799d65794866b79916c092e062,2025-04-21 21:48:47.000 UTC
0.1,0x2d7087000ec11ba403643ed165b25c146bda2647,2025-04-21 21:36:59.000 UTC
0.105,0x29d3e4557608bee68748c5690f5dce55c701edbb,2025-04-21 19:05:59.000 UTC
0.11,0xb98128d76b8df245ff499e50eb1ccd41147a745c,2025-04-21 18:13:11.000 UTC
0.1,0x33b24af523625a36e99e33762d2404a0154294ca,2025-04-21 15:07:23.000 UTC
0.1029,0x7444156a5ab0405e37ded4d1bbcec5ff26f3a192,2025-04-21 14:35:23.000 UTC
0.1,0xbdf17115f64032461290438cc51294d9d0ae6b29,2025-04-21 14:20:47.000 UTC
0.102,0xa88fe3d4ee26fae27fdc3b8518549994e91a7eca,2025-04-21 14:06:23.000 UTC
0.1,0xdee376bcafe22896c2fe01740925a2366a30eecf,2025-04-21 13:55:11.000 UTC
0.1,0x6e1963eb79d730d241cc8727aa0c8d8e544a07a9,2025-04-21 13:38:59.000 UTC
0.1012,0xa63d5f935d06b3685357757ad6ea16a81810bf0d,2025-04-21 13:20:23.000 UTC
0.1,0x280cbff08def7adeee016ee7e0ede3fdfeb1e713,2025-04-21 13:11:23.000 UTC
0.1,0x7032a9a64691c028630a3f38375d357a09402613,2025-04-21 12:41:11.000 UTC
0.1041,0xe5a0ea5b3167728e81bba5f08a533adad6743501,2025-04-21 12:22:11.000 UTC
0.108,0x61adeb152fb4f2945ddd7cbdee73d5c083d72377,2025-04-21 12:18:23.000 UTC
0.106,0xf6e2e2c7f3fbffdca2c3188eb08350c494d22d86,2025-04-21 12:06:23.000 UTC
0.104,0x85147b19c39b8d1e9e5a5fcf08e4fabf76aef79b,2025-04-21 12:04:35.000 UTC
0.11,0xf2d1fd0e9212c103f96fd237d7ccb853d9bb1de5,2025-04-21 11:47:23.000 UTC
0.1,0x378f0dabc405ec50d666872326cd5a101c50a619,2025-04-21 11:31:11.000 UTC
0.1,0x229d926278c0d56db4fae7d390485c214e66a35b,2025-04-21 10:28:11.000 UTC
0.1,0x87d0fab8db7ccf53d2115f8dfa1460a301c53655,2025-04-21 07:47:35.000 UTC
0.1,0xa750903f6d8f0a19dae5f97d8499ccfa62142099,2025-04-21 07:22:59.000 UTC
0.1,0x647253b550dcf17d2537637a73c38f58bb676417,2025-04-21 07:07:11.000 UTC
0.1,0xdff2e005f8cc7a16b28d0708f2591d844408c3f9,2025-04-21 06:46:11.000 UTC
0.1,0xc9fd99aadf3c5b98adee3bde40e28c3981696e22,2025-04-21 04:09:23.000 UTC
0.1042,0xeee4e86bc66c13a6a684e8e3634b5c6ee04c48b8,2025-04-21 01:06:23.000 UTC
0.1,0x4f8c3a83510b989838440c36770c81d824233f46,2025-04-21 01:05:23.000 UTC
0.11,0x88bada845477e8c8abd446272e01a41d9147a3ce,2025-04-21 01:04:23.000 UTC
0.12,0x22aa7a9d53e27a3662ec306b41ae285782243351,2025-04-21 01:02:11.000 UTC
0.112,0x8a50567835f76ec70471137ddc7f81e4f2226804,2025-04-21 01:00:47.000 UTC
0.103,0x3619ef8acbb94fd9f5d441a2ef0a16f15a6dcd32,2025-04-21 00:59:35.000 UTC
0.113,0x2425e161fc93b6ea2e6112b80d666c2f3302b3da,2025-04-21 00:58:11.000 UTC
0.122,0x543713ca304bf0c6e4c9326c2da9113395f395cc,2025-04-21 00:56:59.000 UTC
0.114,0xfc307fbd58d7f5715b991e0c95e6124c9ae87a23,2025-04-21 00:55:47.000 UTC
0.11,0x0a97df85e0a529b5331be52d3bee41bdaee11b20,2025-04-21 00:53:59.000 UTC
0.109,0x687f578b29a579ac5d08797448ae9a570a4cbd94,2025-04-21 00:48:23.000 UTC
0.101,0x36a7ed40255943b2f97378da3e616d7ee9b2456c,2025-04-21 00:46:35.000 UTC
0.1045,0xe2d892c2cc4f2a6dc09575f992d4e73f782bb697,2025-04-21 00:45:35.000 UTC
0.1,0xdb0240cc8c5525368f0209ab4788ba63fb0d52bf,2025-04-21 00:44:23.000 UTC
0.1,0x6aeef395a8605db22c4c4635b34727dd71bf4dfc,2025-04-21 00:43:23.000 UTC
0.1,0x5d0c9303b049ff222504cba80a7cec7329755dc4,2025-04-21 00:41:23.000 UTC
0.101,0x6ad94532911af656cb0477f3b2d9b4fa5594402b,2025-04-21 00:40:11.000 UTC
0.102,0xe94372707cbf324d28bce21b1770426ce3aceaac,2025-04-21 00:38:59.000 UTC
0.1,0x18e3fb5f6a6f27ba8d542ca4dfd043d03115face,2025-04-21 00:36:47.000 UTC
0.1,0x3063d2f87d17886c5307715471094763111137fa,2025-04-21 00:33:47.000 UTC
0.1,0xa1b228dea43ba8fd9d61f48ba6dce2d087a9e0b1,2025-04-20 23:36:23.000 UTC
0.1,0x4527c7bf0d083e87b15c0af7b2e6b8491c777385,2025-04-20 22:50:11.000 UTC
0.109,0x05f057f9db9fc52f3c472104788b2aebbf6d5c53,2025-04-20 22:19:47.000 UTC
0.1002,0x70a052469fab9f949aa4f1abc6b9ee04085de2db,2025-04-20 22:14:47.000 UTC
0.1001,0xf2d68f31377d8c4fbc17277e1f887ddc8c4599f2,2025-04-20 21:57:35.000 UTC
0.1,0xdbd8cf42afc3d9770ba9aaef7e3380c324a127c1,2025-04-20 21:56:59.000 UTC
0.1,0x3570da923ff41b2e857cd24c34b9cda3feb3ac28,2025-04-20 21:54:23.000 UTC
0.1,0xff63b2942f0767a885b2d45e1abd81231eeb169c,2025-04-20 21:51:59.000 UTC
0.1005,0xf49d21ad409d9a0cccc39614058884883ff69507,2025-04-20 21:40:35.000 UTC
0.1,0xb8c5d1f9ed43f7342df3d24da5b152b32361ccdc,2025-04-20 21:31:35.000 UTC
0.101,0xbfc7de27c3f5a1e112e92c9995dbd588f5cc8438,2025-04-20 21:23:35.000 UTC
0.1,0x22f52c647f11722a5b98bba085d2cadc11fe46a8,2025-04-20 21:22:23.000 UTC
0.1005,0xe49fed8e64cd4bf98764e14d5c09bd6b990049b5,2025-04-20 21:20:35.000 UTC
0.35,0xb6565c9a47b4566480705b85eb05c3d5c37f26ed,2025-04-20 21:12:35.000 UTC
0.1,0xec8cbab21d13fe452c54abc4d962cc2a0830314a,2025-04-20 21:11:35.000 UTC
0.104,0x0eaccf77ef2c9e74de067cfbf2718aea78f31827,2025-04-20 15:15:11.000 UTC
0.103,0x8ebcf4879d2e908ba135f9909f04d0becabe6ef0,2025-04-20 15:05:59.000 UTC
0.105,0xbdbb6c5fc9d2ca873b82880b6773d598ce20698b,2025-04-20 15:01:35.000 UTC
0.11,0xaae8856069b6235aa6fdbae9dc27fc15a403aa51,2025-04-20 14:49:47.000 UTC
0.101,0x35dbe2553de7f469b0290a1139d70c9713e31fc3,2025-04-20 14:35:23.000 UTC
0.12,0xe7b30a037f5598e4e73702ca66a59af5cc650dcd,2025-04-20 14:09:47.000 UTC
0.15,0xf178905915f55dd34ba1980942354dc64109118f,2025-04-20 10:54:59.000 UTC
0.1824,0xb6565c9a47b4566480705b85eb05c3d5c37f26ed,2025-04-19 22:14:59.000 UTC
0.2,0xb6565c9a47b4566480705b85eb05c3d5c37f26ed,2025-04-19 22:09:59.000 UTC
1.0,0x9878a58179f423cb6371cf390980ecef405d7a7c,2025-04-19 21:09:59.000 UTC
0.12,0x315f4fdc5b3858dc67c411601e9ffb9ade38843b,2025-04-19 20:59:35.000 UTC
1.0,0xa05ee11735d861afa66bf06004cb61f7370b1d2e,2025-04-19 19:53:59.000 UTC
1.0,0x04bea8800efaaebc1f6341248a0f3bb54a03a269,2025-04-19 19:53:59.000 UTC
0.2,0x1dac73f3d00052d7e815b41e7b1b5cb241aa4d70,2025-04-19 11:11:47.000 UTC
1.0,0x86dce71540f9db41610e6fd67969ffd54f698c9e,2025-04-19 03:55:47.000 UTC
0.1,0x79926e8bcce923473ec81c047e71b749459c22f7,2025-04-19 03:21:35.000 UTC
1.0,0x41ef5633d985a57d17422765d98e4f8bf50a24be,2025-04-18 21:32:47.000 UTC
0.1,0x69226fcc1c1daea83f197a0eeb570217142ce395,2025-04-18 13:12:23.000 UTC
0.1,0x218bc3444eeb2ecea5bc64ab22cfa040067b5ca7,2025-04-18 13:12:23.000 UTC
0.1,0x82fe0291da2bf91459a516e59a39ec92844654d5,2025-04-18 13:09:35.000 UTC
0.1,0xe5c8134e040c71c7d475916c81dacd12f78b1008,2025-04-18 12:14:35.000 UTC
0.3055,0xd6e67fc81bd8724518700c7cd5c1d7fcbeef80e4,2025-04-18 11:19:47.000 UTC
0.1,0x609fb8f19b28a76f12557a235c3e88f621267c36,2025-04-18 10:55:35.000 UTC
0.1,0x831fe769a76fdbd2b38fa7ae798e7cea24daddf2,2025-04-18 10:08:47.000 UTC
0.1075,0xd84e1da8221eb16d1f56c720e006f98e3fde617b,2025-04-18 09:41:35.000 UTC
0.111,0xd84e1da8221eb16d1f56c720e006f98e3fde617b,2025-04-18 09:05:35.000 UTC
0.1,0x11e9a7e2b04295ad2401e12ca9def050cc2d7bc8,2025-04-18 08:42:59.000 UTC
0.11,0xeb381c1404dc47aa695d78c256ecd4a03f4cf562,2025-04-18 08:03:59.000 UTC
0.1,0x998a30cc97703b862e32b16ec32dba9712a8117a,2025-04-18 07:54:23.000 UTC
1.0,0xcc4c48c1456bbb7b7dc77463290d02b6d414b085,2025-04-17 17:13:11.000 UTC
0.1,0x19e33fc8b263390df2a89aed43801bbe3a006490,2025-04-17 10:41:59.000 UTC
0.101,0xc13f96a3efd6d3bf4182c35676e0638253db298b,2025-04-17 04:05:35.000 UTC
0.1,0x79926e8bcce923473ec81c047e71b749459c22f7,2025-04-17 03:55:35.000 UTC
0.1584,0xab672abe01d55d173183c674245868273162cb04,2025-04-17 00:13:35.000 UTC
0.1095,0x7b65e94c9b8b2968e883bda0c104cef643dbb653,2025-04-16 21:03:59.000 UTC
0.1004,0x015b2c96729317911908ffad1c79741c4b267d3a,2025-04-16 20:52:23.000 UTC
0.148,0x21ab3aa7053a3615e02d4ac517b7075b45bf524f,2025-04-16 19:56:35.000 UTC
0.1001,0xc309966467f988e4837f5435822296267506ace1,2025-04-16 19:29:59.000 UTC
0.1003,0x9446968d53569d1a700c78620a1b42cdefc4b3b1,2025-04-16 19:24:35.000 UTC
0.101,0x00127fa50aeb00d97135c2509613718a8e5cdcf8,2025-04-16 19:11:35.000 UTC
0.1,0xfab866ce9cf24190d4f89bb2b89a8916680c755f,2025-04-16 11:15:23.000 UTC
0.1052,0x7974dafa37338abacb3d47986472a76f0c38306b,2025-04-16 11:08:35.000 UTC
0.1,0x4cb503d39d272af78b3452dd618590c351510cea,2025-04-16 11:03:35.000 UTC
0.1,0x504c4d88d891d6354da1289b99cb97ebad62af55,2025-04-16 10:57:47.000 UTC
0.1,0x5f36131717cd657e04ca6aed38d230f72547415c,2025-04-16 09:20:23.000 UTC
0.1,0x5f36131717cd657e04ca6aed38d230f72547415c,2025-04-16 09:12:47.000 UTC
0.1,0xbd87f20ee9499b9e7d89f08a2cbeca05dacc795c,2025-04-16 07:15:23.000 UTC
0.111,0xc4e770723481ca98c20945fc8582e803b341fa47,2025-04-16 07:03:23.000 UTC
0.13,0x5dd4de76b79021abbc82cd5ac830cad4ce66e540,2025-04-16 07:01:23.000 UTC
0.2,0xa195be65da3e2c7533f0b1b1c771da2fe0c28526,2025-04-16 06:40:35.000 UTC
0.1,0x895c5a67168ab29d5e8e96a55f933ad7c948c612,2025-04-16 03:18:47.000 UTC
0.1,0x839395e20bbb182fa440d08f850e6c7a8f6f0780,2025-04-15 23:47:23.000 UTC
0.1,0x5bbf369e94cda0702e9abc805cf897d889f069a0,2025-04-15 23:44:23.000 UTC
0.1,0x28d5816f981c7c310c23df37767e80be67ce6113,2025-04-15 23:37:11.000 UTC
0.1,0x69c6d19bce6458ff519660657d9d2ed99cf903c4,2025-04-15 23:36:23.000 UTC
0.1,0xa89d591389693740027efa997fcf6f222e58922b,2025-04-15 14:03:23.000 UTC
0.11,0x99b00a3a654f5d09323ba13467a11dd656a65ec4,2025-04-15 14:01:35.000 UTC
0.1,0xa4176ab1c806e062dd54e1221c40267e14836447,2025-04-15 13:55:23.000 UTC
0.115,0x5875cda10c6848e9f1b6fa746586ff5065b1eeb7,2025-04-15 13:49:11.000 UTC
1.0,0x887ea4d2321ac821ce10f6ce65e181ef281ab9ee,2025-04-15 13:41:47.000 UTC
0.1,0x11e9a7e2b04295ad2401e12ca9def050cc2d7bc8,2025-04-15 12:43:59.000 UTC
0.11,0x9fd3d1ab21e53ada301f93f02d555b2b0a101b01,2025-04-15 10:57:59.000 UTC
0.108,0xbcadea8b602c0848b07f2a185177dab8f3df585a,2025-04-15 10:50:23.000 UTC
0.105,0xf0b1dad0027b4ae38baaeb2878a64f9fd8a378e4,2025-04-15 07:46:47.000 UTC
0.1,0x13bf4152e8b499b15f272fd61eb4dabe88072d9f,2025-04-15 06:53:59.000 UTC
0.1022,0xab672abe01d55d173183c674245868273162cb04,2025-04-14 23:18:59.000 UTC
0.1,0x32ed0223eee4eb7e66c9253ab7871e6ffb1d69e7,2025-04-14 21:12:23.000 UTC
0.1,0x167f4d9b6473983f7f2b60a78c3557816d5a153a,2025-04-14 20:18:35.000 UTC
0.1,0x1c4bc5c75361a520c9e15dc3a5d43e8e6c639b18,2025-04-14 20:15:59.000 UTC
0.1,0x7cbd846ffb25e74dee4afe1d1f182842ec0c752c,2025-04-14 20:13:23.000 UTC
0.101,0x68f27f85a195bcaebe9315007cca3b23702ecdb9,2025-04-14 20:04:59.000 UTC
0.1,0xec4a8100342d8bf3190712bd43688aef8e0b955c,2025-04-14 20:00:47.000 UTC
0.1,0xcb892e05fa8f48d6c531cba279eea615f23a0c77,2025-04-14 19:16:35.000 UTC
1.0,0x0565d29125cd6b86a62a8cc5f0c2e7e8ab693db1,2025-04-14 18:04:59.000 UTC
0.195,0x3752dd83b47b9e1b023c566b8db53aa98571dafa,2025-04-14 16:54:47.000 UTC
0.1,0x0bd9edba4059ff66efc18536abf4062e9263a4be,2025-04-14 15:11:59.000 UTC
1.0,0x297bf847dcb01f3e870515628b36eabad491e5e8,2025-04-14 14:40:11.000 UTC
1.0,0x297bf847dcb01f3e870515628b36eabad491e5e8,2025-04-14 14:02:59.000 UTC
0.1,0xf89d4c52367af8fd4b748511e496a68f03577129,2025-04-14 12:31:47.000 UTC
0.105,0x5af58f280e51fc99ac1011b093116a097be28bd7,2025-04-14 08:43:35.000 UTC
1.0,0x131c71e79b62c38df5123bd89559577e3abbdce7,2025-04-13 23:56:23.000 UTC
0.1,0xe5c8134e040c71c7d475916c81dacd12f78b1008,2025-04-13 14:37:23.000 UTC
0.1,0x126eefa566abf5ac3efdaef52d79e962cffdb448,2025-04-13 08:41:11.000 UTC
0.1,0x6d61cf34f20771d5d323603890e374498ca03b17,2025-04-12 21:56:23.000 UTC
0.1,0x6d718a725bd39357cdb3d6bf6b36e1347d952877,2025-04-12 21:55:47.000 UTC
0.1,0x468fd68b81475ac46d00f491bfa52ef8aaa17e97,2025-04-12 21:53:35.000 UTC
0.1,0x64482a3c7a2bdb509456e42e94b58b8495db4e73,2025-04-12 21:36:47.000 UTC
0.1,0xad08506e384bd79e2a0f647c49d436f921483460,2025-04-12 15:32:47.000 UTC
1.0,0x468fd68b81475ac46d00f491bfa52ef8aaa17e97,2025-04-12 10:50:23.000 UTC
0.2,0xb126f9560e2ac51ce80dc2270507dfffcf09d920,2025-04-12 09:17:59.000 UTC
0.1,0x1c79cb8ce8c3695ed871e4d4e4519d937630832d,2025-04-12 08:50:11.000 UTC
1.0,0x297bf847dcb01f3e870515628b36eabad491e5e8,2025-04-11 14:47:11.000 UTC
1.0,0x131c71e79b62c38df5123bd89559577e3abbdce7,2025-04-11 13:32:23.000 UTC
0.11,0xccd3266754588c3208295b23a4a0415ef04d474a,2025-04-11 13:30:23.000 UTC
0.1,0x6b80e72060f85af7f03763d8a338e6a0e319b657,2025-04-11 13:28:11.000 UTC
0.1,0x597b4bed03c0bd30aa7a9f6142be49f2decd9f44,2025-04-11 09:59:47.000 UTC
0.1,0xa05ee11735d861afa66bf06004cb61f7370b1d2e,2025-04-11 09:28:47.000 UTC
0.1,0x38daea6f17e4308b0da9647db9ca6d84a3a7e195,2025-04-11 08:34:11.000 UTC
0.1,0x591d51605241b9c3be5d8de53c062ccae1624cf4,2025-04-11 02:51:47.000 UTC
0.1,0x0f8988cb31ece73fad5c2c7b3844b5c4228ab7c2,2025-04-11 02:45:23.000 UTC
0.2,0x151d0dda526eca7d0077ca379e741686bf35584b,2025-04-11 02:26:47.000 UTC
0.1,0x60ec1ea8f6e589b4ad474b19841b2e414aa0844b,2025-04-11 02:07:59.000 UTC
0.1,0x0116b40637a802a01bf58e1c9bb42aad9d5650a4,2025-04-11 00:31:11.000 UTC
0.1,0xf9f2abcc9df889794b60f0791a784f5a97d32920,2025-04-10 22:49:11.000 UTC
0.1,0x678c0d649e2160d77f5160d689126126284b1a11,2025-04-10 21:31:59.000 UTC
1.0,0x297bf847dcb01f3e870515628b36eabad491e5e8,2025-04-10 17:50:47.000 UTC
0.2,0x41ef5633d985a57d17422765d98e4f8bf50a24be,2025-04-10 16:57:11.000 UTC
1.0,0x297bf847dcb01f3e870515628b36eabad491e5e8,2025-04-10 15:11:11.000 UTC
0.15,0xeed7e1c7c9c68611584e8f6230178ce0a48eef7f,2025-04-10 10:19:35.000 UTC
0.5,0xeed7e1c7c9c68611584e8f6230178ce0a48eef7f,2025-04-10 10:13:11.000 UTC
0.5,0x37115b08c82459b3f79e0a0979dafa88799b212e,2025-04-09 23:07:59.000 UTC
0.1,0x461337d4f089adf16455acb785415f6437da0c24,2025-04-09 23:00:59.000 UTC
0.11,0x8f2d1a6edb0b603e955b7373d17c6586c5ad4c02,2025-04-09 22:51:11.000 UTC
0.5,0x25d6c8f7deaa6b3d58a8fdf13fb68b2ad31e7e7d,2025-04-09 22:37:35.000 UTC
0.1003,0xc607b2a6ae9360d06912bfdcbcd1abc8fff9c1ca,2025-04-09 22:18:47.000 UTC
0.1,0x45280c50e7b4575ac6ffd532f4c99ac8d2df2c8e,2025-04-09 22:15:11.000 UTC
0.5,0x25d6c8f7deaa6b3d58a8fdf13fb68b2ad31e7e7d,2025-04-09 22:14:47.000 UTC
0.1,0x3376e07d0105ceb66e828c488de7eab8b0e07472,2025-04-09 22:13:59.000 UTC
0.1002,0xe847349a33ee0a90ea094b26fac76b2678fe67b1,2025-04-09 22:08:11.000 UTC
0.1,0x850596444bb1921ef60e647f0951f766c6359c83,2025-04-09 20:22:23.000 UTC
1.0,0x297bf847dcb01f3e870515628b36eabad491e5e8,2025-04-09 18:22:35.000 UTC
0.1,0x3378cf7b6080c34f51cf85efcbb0daae09b7db4f,2025-04-09 17:41:59.000 UTC
0.1,0xb6513dd5394620635df652605b280a40c7aa8ae8,2025-04-09 13:42:47.000 UTC
0.1,0x4defa30195094963cfac7285d8d6e6e523c7f90d,2025-04-09 13:41:11.000 UTC
0.1,0xdaea9d2583b5d0ad9be48f9c3ed536bd5965b26c,2025-04-09 11:14:35.000 UTC
1.0,0x193f95ff49884ad3797863545da0bceaf9fef8a0,2025-04-08 21:10:11.000 UTC
1.0,0x297bf847dcb01f3e870515628b36eabad491e5e8,2025-04-08 14:39:11.000 UTC
1.0,0x297bf847dcb01f3e870515628b36eabad491e5e8,2025-04-08 14:28:47.000 UTC
0.1,0xeb8414bd5f2ee602775b6aac2c7e5605bd599a2e,2025-04-08 09:21:59.000 UTC
0.1,0xaaae2dc1bd381f8761fd799d1230fa8ae7c8da0f,2025-04-08 07:05:23.000 UTC
0.1,0xc9fd99aadf3c5b98adee3bde40e28c3981696e22,2025-04-08 03:38:23.000 UTC
0.5,0x432dcbda06e8b296ca29705572d7cb6315ed8bed,2025-04-07 13:43:35.000 UTC
0.1,0x413fafb7f31e86d1e467c953e1ce9e3f15f5f3cb,2025-04-07 08:37:35.000 UTC
1.0,0x793cbab3f3d698d5e9183c91af35a627f3f1a56a,2025-04-07 05:48:23.000 UTC
0.15,0xf4ccf70c77b6507d149a79df883c367f0d8b10fa,2025-04-07 04:51:59.000 UTC
0.1,0x79926e8bcce923473ec81c047e71b749459c22f7,2025-04-07 04:04:47.000 UTC
0.5,0x965fdb32e3fcdc6dc323464a42a9615e6a5464d1,2025-04-07 01:57:59.000 UTC
0.1,0x470b113dc3e0c3ef0e399abb7ed6cb03790d5be6,2025-04-07 00:52:47.000 UTC
0.1,0xc4fa6a03652056219490be874a78a2f6b2820599,2025-04-06 21:24:47.000 UTC
0.1,0x4394b976d57559ef8d41a3c5f7ff01a05cc18e4f,2025-04-06 19:46:59.000 UTC
0.2,0x3752dd83b47b9e1b023c566b8db53aa98571dafa,2025-04-06 19:44:23.000 UTC
0.1,0x6979210e46ba4b7eb6cc303c7b32f768ec3e27c5,2025-04-06 19:06:23.000 UTC
0.11,0x1a7d839dad213e8664411be731754ca9abcac2f7,2025-04-06 17:15:35.000 UTC
0.1,0xc9524bfdd3d7c8b92c8fcc12556daef5e818cfad,2025-04-06 16:19:59.000 UTC
1.0,0x23ce39c9ab29d00fca9b83a50f64a67837c757c5,2025-04-06 15:36:11.000 UTC
0.5065,0x07ae173ab6820fbf9ea0a0024d27c8ef341d7296,2025-04-06 13:40:47.000 UTC
1.0,0x07ae173ab6820fbf9ea0a0024d27c8ef341d7296,2025-04-06 13:38:35.000 UTC
0.1,0xd787c3b078d2eba70894d492b1dff0e2b77ef057,2025-04-06 07:26:59.000 UTC
0.1,0xa195be65da3e2c7533f0b1b1c771da2fe0c28526,2025-04-06 06:49:11.000 UTC
0.1,0xa195be65da3e2c7533f0b1b1c771da2fe0c28526,2025-04-06 06:49:11.000 UTC
0.204,0x44947e218b24e48024201e2fc697ed65c948583c,2025-04-06 03:42:35.000 UTC
0.34,0x2d9303f24a9bd88959e9efa601ab0f502c762ae1,2025-04-05 22:52:47.000 UTC
0.277,0x476c755bdc9f9f1c34b83559a30082fedfdfe23e,2025-04-05 18:24:11.000 UTC
1.0,0x0943e7700476933d4bad59ca598a6ca6c66a097b,2025-04-05 13:55:11.000 UTC
0.1,0x8407bd4bfbdc6070d3b0976b6f5143f3862555b8,2025-04-05 13:21:47.000 UTC
0.1,0x5f82c97e9b1755237692a946ae814998bc0e2124,2025-04-05 13:18:11.000 UTC
1.0,0x00236feeac26ef92552e3981096350d136084c64,2025-04-05 12:20:11.000 UTC
0.15,0x115d0d8822efc9607c52b04628098b48970b993b,2025-04-05 10:25:59.000 UTC
0.1,0x6a7cf3fdf851d55f36eabf72535819e1855e749e,2025-04-05 10:13:59.000 UTC
0.1,0x81f7c3796f4b024b6700a0134a1c509acf920324,2025-04-05 09:53:23.000 UTC
0.2,0x70a2ce2d0b66061b44fef41d3ecf89b5a9e7522a,2025-04-04 21:42:35.000 UTC
0.101,0x274829c52bba894d62a4931b46b76cfe0606ac26,2025-04-04 21:02:11.000 UTC
1.0,0x9850347954bb5528004963a7a196328e4596c6e7,2025-04-04 19:16:23.000 UTC
1.0,0x887ea4d2321ac821ce10f6ce65e181ef281ab9ee,2025-04-04 19:10:35.000 UTC
1.0,0x297bf847dcb01f3e870515628b36eabad491e5e8,2025-04-04 18:27:11.000 UTC
1.0,0x297bf847dcb01f3e870515628b36eabad491e5e8,2025-04-04 18:26:11.000 UTC
1.0,0x297bf847dcb01f3e870515628b36eabad491e5e8,2025-04-04 18:21:23.000 UTC
1.0,0x297bf847dcb01f3e870515628b36eabad491e5e8,2025-04-04 18:20:59.000 UTC
1.0,0x887ea4d2321ac821ce10f6ce65e181ef281ab9ee,2025-04-04 17:16:59.000 UTC
0.1,0x8c580556fdb1f57853e49f409ae9b89f7658e7a2,2025-04-04 16:48:35.000 UTC
1.0,0xce824663bccb32e2dad1a8f2a26b698290417b34,2025-04-04 14:44:35.000 UTC
1.0,0x212407c68357024b43690ff7edf0aabd2a61b389,2025-04-04 14:38:23.000 UTC
0.1,0x03c3e07233201c582b1d7652632c9219653dec8f,2025-04-04 14:23:59.000 UTC
0.1,0x03c3e07233201c582b1d7652632c9219653dec8f,2025-04-04 14:15:23.000 UTC
0.1,0x03c3e07233201c582b1d7652632c9219653dec8f,2025-04-04 14:14:47.000 UTC
1.0,0x297bf847dcb01f3e870515628b36eabad491e5e8,2025-04-04 11:47:47.000 UTC
1.0,0x297bf847dcb01f3e870515628b36eabad491e5e8,2025-04-04 11:45:11.000 UTC
0.1,0x852db9016316362c0f6c54540817bc72be71970e,2025-04-04 10:14:59.000 UTC
0.1,0x919c397950ce2edacc0cd5293e1b9b753e644265,2025-04-04 09:49:23.000 UTC
1.0,0xe67a89fe03e493cdfbdcedcd925235349d76d001,2025-04-04 08:47:59.000 UTC
1.0,0x7d0e67861e842d1726782f0a1056b3b57aaddae7,2025-04-04 07:59:35.000 UTC
0.1,0xa4caccef0dd28212b2aff92443bd560ba83ff428,2025-04-04 07:51:59.000 UTC
0.1,0xcf38a5a11deba847cc1d83e48b64a0a8f2b27505,2025-04-04 07:44:59.000 UTC
0.1,0xf98d1fba8868506e5d4e77c9a7f35d4b8a5b8e82,2025-04-04 07:42:11.000 UTC
0.1,0x1982ac6974d8722779120204036b1b951d551bd6,2025-04-04 06:37:23.000 UTC
0.1,0xd4135abc925a49f82e64953ce4a29dda5710e196,2025-04-04 06:34:35.000 UTC
0.1,0xce08d66d2824a7690d309727f06acc93faf0fb3c,2025-04-04 05:50:11.000 UTC
0.1,0x44947e218b24e48024201e2fc697ed65c948583c,2025-04-04 03:29:47.000 UTC
0.1,0xae48a218b54e6285518198b5d0a1d6679b27390e,2025-04-04 01:50:35.000 UTC
0.1,0x99f8504b0bc8b9bdadc9be99c8f103091fb3ed01,2025-04-04 01:28:35.000 UTC
0.1,0xa51b233ad3a17fc8de064a6423e12a9abf8ef727,2025-04-03 17:50:23.000 UTC
0.5,0x25d6c8f7deaa6b3d58a8fdf13fb68b2ad31e7e7d,2025-04-03 13:59:23.000 UTC
0.1,0xe7b30a037f5598e4e73702ca66a59af5cc650dcd,2025-04-03 13:47:59.000 UTC
0.117,0x2e92a21b89b64de21f920acc875cd0b1e782c33c,2025-04-03 10:34:47.000 UTC
0.1,0xda4c79ccfdcbfa9128b1e328f77e5f9c6ad72a44,2025-04-03 09:51:35.000 UTC
1.0,0xec39be1abce3f9af3a6a5a738bcdf915e07fb4fe,2025-04-03 09:19:35.000 UTC
1.0,0xec39be1abce3f9af3a6a5a738bcdf915e07fb4fe,2025-04-03 09:18:47.000 UTC
1.0,0xec39be1abce3f9af3a6a5a738bcdf915e07fb4fe,2025-04-03 09:17:59.000 UTC
1.0,0x136cb70f6c234c5bea1b1af5faa47011de7a45b7,2025-04-03 08:49:59.000 UTC
0.25,0xeed7e1c7c9c68611584e8f6230178ce0a48eef7f,2025-04-03 08:27:59.000 UTC
0.13,0x0943e7700476933d4bad59ca598a6ca6c66a097b,2025-04-03 07:51:59.000 UTC
1.0,0xb6647e02ae6dd74137cb80b1c24333852e4af890,2025-04-03 07:09:23.000 UTC
0.1,0x81f7c3796f4b024b6700a0134a1c509acf920324,2025-04-03 06:38:23.000 UTC
1.0,0xbd9c944dcfb31cd24c81ebf1c974d950f44e42b8,2025-04-03 05:44:35.000 UTC
1.0,0x992e727e73a8b5b31865646bb16f9dc3955373ae,2025-04-03 05:33:11.000 UTC
1.0,0x992e727e73a8b5b31865646bb16f9dc3955373ae,2025-04-03 05:32:11.000 UTC
0.1,0x2ed24954330d9da774950f43c94b50f0619ce000,2025-04-03 03:51:47.000 UTC
0.1,0x0ae9fbe9e77ae9b75e6996af8b87c67941d41736,2025-04-03 02:09:11.000 UTC
0.4,0x1c681255f80c15dd2d72c91716ec79392e06367e,2025-04-03 00:20:11.000 UTC
0.1,0xbed7e14e072701b27876d44d7751f284cde76a66,2025-04-02 23:52:59.000 UTC
0.1,0x617613a1f020aa883b2c0793f60a56b393d47a17,2025-04-02 21:12:11.000 UTC
0.1,0xda05e32bd732488a48e108a53cb71aafe176143f,2025-04-02 20:47:59.000 UTC
0.1,0xeb788c3fcd60df7687ce55bb20bbcb5238c72133,2025-04-02 20:21:11.000 UTC
0.51,0x982daf4d8ba3bcc03b9f3186b5bf3e3467346927,2025-04-02 18:51:23.000 UTC
0.1,0x5e8c66b8c53e4e13d74111bb699d0c4b6f5e8cfa,2025-04-02 17:47:11.000 UTC
0.1,0xcae89f8484aca98ace453bc96ae321e8892f95f0,2025-04-02 16:35:23.000 UTC
0.1,0x3752dd83b47b9e1b023c566b8db53aa98571dafa,2025-04-02 16:32:59.000 UTC
1.0,0x297bf847dcb01f3e870515628b36eabad491e5e8,2025-04-02 15:59:35.000 UTC
1.0,0x297bf847dcb01f3e870515628b36eabad491e5e8,2025-04-02 15:39:47.000 UTC
0.1,0x5d11be27c36cf1d293c11e26add78cfacf20dbee,2025-04-02 15:39:11.000 UTC
0.1,0x476c755bdc9f9f1c34b83559a30082fedfdfe23e,2025-04-02 15:04:47.000 UTC
0.1,0xf65bad48cdd21004883fe8025c5b1b3c6958dc62,2025-04-02 14:53:23.000 UTC
0.11,0x4267dabff26fc85d9c8a2c3f22ed9e4c42055595,2025-04-02 14:36:23.000 UTC
0.25,0x053e6294400a9268e35df445624f58087c7f388f,2025-04-02 13:44:59.000 UTC
0.1,0x4f1beff4109d6fba11c0c572d37b9bb4274a138b,2025-04-02 13:34:59.000 UTC
1.0,0xbbde1e05d96c5c4f7e377d5eaed21cac08a92945,2025-04-02 13:23:35.000 UTC
0.1,0x4f4c207171585e511b9dee2d8b2690a0da69797c,2025-04-02 13:12:47.000 UTC
0.1,0xdf29ee8f6d1b407808eb0270f5b128dc28303684,2025-04-02 13:06:11.000 UTC
0.1,0x8b291e420c71e67f012fccf524e2be212318ae1e,2025-04-02 13:05:59.000 UTC
1.0,0xab87eb50280a340b42f4eab31db90714b39fe687,2025-04-02 12:57:35.000 UTC
0.105,0xfb15339d187a76af62698f73d700e1f8536f03bd,2025-04-02 12:56:59.000 UTC
0.1,0x120c915de2a7a5d57ea4f44328fa0a8afd4d7cc5,2025-04-02 12:33:11.000 UTC
0.101,0x19c2a0e1398ba78c00af784fdec4cd0bbe70a392,2025-04-02 12:31:23.000 UTC
0.1,0xc1c79c6378e5a72895c8ea15fc6dd59ffddc8dee,2025-04-02 12:11:47.000 UTC
0.25,0x0c1e99991dd2f7d374bff13f9f52284ce6cfdae5,2025-04-02 11:25:23.000 UTC
0.1,0x6a565970c37ec3d9a6b7169be0e419e91d173c8f,2025-04-02 11:15:47.000 UTC
0.1,0x2c3fdb0706f3f94d9491b3e18bcda1c237093f99,2025-04-02 11:08:23.000 UTC
0.1,0x30eec62946ab6c3a5c29a107e470c67963541a1a,2025-04-02 11:03:59.000 UTC
0.1,0x73485149838fa6d19c8aea30c31683803435cbbe,2025-04-02 11:00:23.000 UTC
0.1,0x792d3573c31899b03d03c4a07ecfd4c679574ca0,2025-04-02 10:56:59.000 UTC
0.1,0xa1958a37c21372482deff4618baebbec23c9a449,2025-04-02 10:35:35.000 UTC
0.1,0x857b85eda03f9dab9f79230b8d1b4e760860ac69,2025-04-02 10:34:47.000 UTC
0.1,0x857b85eda03f9dab9f79230b8d1b4e760860ac69,2025-04-02 10:14:11.000 UTC
0.1,0x8e46fb455494d727feea3b07d4f5a400425a7b2b,2025-04-02 10:07:47.000 UTC
0.1,0x422875df5170a421897e6af87d77fc1a78ba2d1c,2025-04-02 09:54:35.000 UTC
0.1,0xb086f565e48a2b97c12ca45b9b6ad7e90ebe9f68,2025-04-02 09:43:11.000 UTC
1.0,0x62ef62562157ee936611e2a81da10b58e1b505ec,2025-04-02 08:36:11.000 UTC
0.1,0x3211695ed0b0c277e7340da9a6ed025463774797,2025-04-02 08:01:35.000 UTC
0.1,0x86d8dc427b4403fc533ec40ca507d5c14100af24,2025-04-02 07:48:23.000 UTC
0.489,0x0ed84bacfba2477695be935079eecaa0a44d74ee,2025-04-02 07:33:47.000 UTC
0.1,0x03d15ec11110dda27df907e12e7ac996841d95e4,2025-04-02 07:24:59.000 UTC
0.1,0x8f2a8240d320efa0f53925ca0b392ec867c4976e,2025-04-02 04:52:47.000 UTC
0.1,0x9efb77c629fc466959bcbefa5a9b303d2c2539c8,2025-04-02 02:39:47.000 UTC
0.1,0xb55b1e64e2a796ea4f8b75111975c33fcfcffa73,2025-04-02 02:20:59.000 UTC
0.1,0x3a3b38c4a357d2939d42ff2b364929ae620f4652,2025-04-02 01:45:47.000 UTC
0.1,0xae4d246fcbc8f11e08dd0c37ecdd824f3b11dd75,2025-04-02 01:25:59.000 UTC
0.1,0xe19d817fd1bcedac50101efccea9398bca697565,2025-04-02 00:29:23.000 UTC
0.1,0x8170f13600c6c378a0039c72eb8e99e9a3188655,2025-04-01 22:44:11.000 UTC
0.1,0x8681cab5de74f41303627a7f36f32c9ea3a64c4e,2025-04-01 22:15:11.000 UTC
1.0,0x26d4068157ee21536d39b8de38f0ccb8e08c9cfb,2025-04-01 20:05:35.000 UTC
0.1,0xe04885c3f1419c6e8495c33bdcf5f8387cd88846,2025-04-01 19:55:23.000 UTC
0.1,0x0161d1cc10116bb2a073a0c293d5e4f1a97a00b6,2025-04-01 19:05:47.000 UTC
0.1,0x5fd3b98bc0b47bb056036e602c519ffd738f3bcc,2025-04-01 18:48:11.000 UTC
0.1,0x0943e7700476933d4bad59ca598a6ca6c66a097b,2025-04-01 18:42:47.000 UTC
0.5,0x019edcb493bd91e2b25b70f26d5d9041fd7ef946,2025-04-01 18:35:11.000 UTC
0.1,0x9040c490785db82226cee75510a85f9b6605ad90,2025-04-01 18:25:11.000 UTC
0.1,0xbad58e133138549936d2576ebc33251be841d3e9,2025-04-01 18:23:23.000 UTC
0.1,0xe5c8134e040c71c7d475916c81dacd12f78b1008,2025-04-01 18:18:11.000 UTC
0.1,0x6d4f3e07add6e391a1be0c291d4b537bd51548af,2025-04-01 18:11:23.000 UTC
0.1,0x89c30fd1ec9b311f0644b25674d641f7eb474093,2025-04-01 17:30:35.000 UTC
0.1,0x0543d87e082fd30b5ead2470e1015af48e65b599,2025-04-01 17:02:23.000 UTC
1.0,0x2788f19f497b33f53fcb1a920ba85111a0792403,2025-04-01 16:49:11.000 UTC
0.1,0x90598105df535b19420bd0d89aff73ecd6966312,2025-04-01 16:34:59.000 UTC
0.1,0x30df16cd7d612c5b25beb0331486b127a42ac371,2025-04-01 16:25:47.000 UTC
0.1123,0x931433324e6b0b5b04e3460ef3fb3f78dda3c721,2025-04-01 15:54:11.000 UTC
0.11,0x931433324e6b0b5b04e3460ef3fb3f78dda3c721,2025-04-01 15:34:35.000 UTC
1.0,0xe679d21696f2d833e1d92cf44f88a78e796756a3,2025-04-01 15:33:35.000 UTC
0.2,0x7eab4dd865c7fa23a7e86da487f8633432c3d942,2025-04-01 15:18:47.000 UTC
0.1,0xe018ac6e9931b4d492ce2d75437749ce0a5a8888,2025-04-01 15:16:23.000 UTC
0.1001,0x1c2527b9a1156c1886a11fffd715b0cc17afffdb,2025-04-01 15:11:35.000 UTC
0.3,0x7c8bdc33ad89714a4365c12dcbcb8cc2d29fb7d2,2025-04-01 15:07:59.000 UTC
0.1,0xd1afcdc2542f161bdaf34c3b77d860fedcd4626d,2025-04-01 14:44:23.000 UTC
0.1,0x81540050e96a8c71542bf71d3bc801fa71cbe520,2025-04-01 14:42:35.000 UTC
0.1,0x291e4ebb46c04d87c2fb10582b20e9258a1a83f8,2025-04-01 14:21:47.000 UTC
0.1,0xc2172a6315c1d7f6855768f843c420ebb36eda97,2025-04-01 14:19:59.000 UTC
0.1,0xf93aaaec5e4ced8605a57b3dff011ec408a8ebdb,2025-04-01 13:25:47.000 UTC
0.1,0xe096b3b4296cb96cdd1d4b4478097a954c71fd7a,2025-04-01 13:24:59.000 UTC
0.1,0xc83810a3581c63bf71756bdbbc971077ecff6e65,2025-04-01 12:52:59.000 UTC
0.1,0x6b813abf97bc51b8a0e04d6ec974a20663fd6bf1,2025-04-01 12:48:59.000 UTC
0.1,0xf5fe364d18f4a5a53badce9a046ba74cfc97f6fb,2025-04-01 12:46:23.000 UTC
0.1,0x111f530216fbb0377b4bdd4d303a465a1090d09d,2025-04-01 12:44:35.000 UTC
0.1,0xb084f0adb86bf6b001e540ac05439d98a499ce1d,2025-04-01 12:22:47.000 UTC
1.0,0x5e8c66b8c53e4e13d74111bb699d0c4b6f5e8cfa,2025-04-01 11:56:35.000 UTC
0.1,0x06c2c4db3776d500636de63e4f109386dcba6ae2,2025-04-01 11:47:23.000 UTC
0.1,0x7dd536719c615d5ed9d6c07abceae3907ad66a67,2025-04-01 11:41:35.000 UTC
0.15,0x9429cd74a3984396f3117d51cde46ea8e0e21487,2025-04-01 11:32:47.000 UTC
0.1,0x9429cd74a3984396f3117d51cde46ea8e0e21487,2025-04-01 11:28:47.000 UTC
0.1,0x1341df844780b66af4ccc98ae0f34be87eabe1d5,2025-04-01 11:01:35.000 UTC
1.0,0x32aa30ccd7aa1c688e4f23b386ce542ca3bcde23,2025-04-01 10:54:11.000 UTC
0.1,0xeed7e1c7c9c68611584e8f6230178ce0a48eef7f,2025-04-01 10:48:59.000 UTC
0.15,0x6b2b69c6e5490be701abfbfa440174f808c1a33b,2025-04-01 10:36:47.000 UTC
0.1,0x7b2e78d4dfaaba045a167a70da285e30e8fca196,2025-04-01 10:27:59.000 UTC
0.5,0xa13910b72ce4c31f08c84842ff0a707f1c4db389,2025-04-01 10:15:47.000 UTC
0.5,0xc2f094439cd1fc45af3e8a679984927abab0d3d9,2025-04-01 10:09:23.000 UTC
0.5,0x1823bd4fb8cc8e27221a702a9658a6d1504d1adc,2025-04-01 09:47:11.000 UTC
1.0,0x53506c6aee9cb2c73759d83bde40785460ffee6b,2025-04-01 09:42:35.000 UTC
0.32,0x6f9d2b003a34fb0b32bc395bb72fa499beef46ce,2025-04-01 09:23:35.000 UTC
1.0,0x2fb945490923fbb22f3a8f16fb54c37e36db1564,2025-04-01 09:08:35.000 UTC
0.1,0x413642cafe68f1fe718d46ec32136e209fd7ee5b,2025-04-01 08:52:35.000 UTC
0.1,0x332f75fd7fd18eb77a4f111365686dae55c971db,2025-04-01 08:41:47.000 UTC
0.1,0x76273dcc41356e5f0c49bb68e525175dc7e83417,2025-04-01 08:41:35.000 UTC
0.1,0xc22d10c8b659e32d86627711faf7d83bab95b01d,2025-04-01 08:26:23.000 UTC
1.0,0x784e7d6b6dc65b182aaacf033f1d2f5f6508ae22,2025-04-01 08:25:35.000 UTC
0.1,0x5645e2471d4b12912c0f2f5db9c4a23d6cbd3c8a,2025-04-01 08:17:47.000 UTC
0.1,0x9cb5433d5c5bddc5c480103f06f03db13b36b7c9,2025-04-01 08:17:47.000 UTC
0.5,0xdb20950bf4c351fd7e425030c4ea52e93eff0926,2025-04-01 08:14:11.000 UTC
0.1,0x4c47b2520e9f7e3da15df09718d467f783b03858,2025-04-01 08:10:11.000 UTC
0.1,0xa7483a35ce1e3135d46eb7c09fdc7753ad0af2ba,2025-04-01 08:02:35.000 UTC
0.1,0x92c99e81239c8b06441bc48aaa7f75ac94844dc6,2025-04-01 07:52:47.000 UTC
0.1,0xa01f6d0985389a8e106d3158a9441ac21eac8d8c,2025-04-01 07:45:47.000 UTC
0.1,0xa4d6739b301c0521e23b8a6f7efcb0f679f2e549,2025-04-01 07:37:47.000 UTC
0.115,0x89e4d5cb78734584ece477cc8cae284fcf89f701,2025-04-01 07:35:11.000 UTC
0.1,0x3c37dc9b5d4c60d404ec834987c106510d03442f,2025-04-01 07:34:23.000 UTC
0.1,0x03f2ebfbf550cd041e24eca5f53617967556af86,2025-04-01 07:24:59.000 UTC
0.1,0xbaacc18e9ec158820ef53f5346f35febf8779f0d,2025-04-01 07:22:35.000 UTC
0.1,0x5f0ab641ec7240bd9f6885b6d8c15b177f1a8cae,2025-04-01 07:21:59.000 UTC
0.1,0x550176c0abb1a22c257a43307d5138b98aa738f7,2025-04-01 07:13:35.000 UTC
0.1,0xc579b72fe7986b64a84948f8a41c4bee396835b5,2025-04-01 07:06:47.000 UTC
0.1,0x81ba93b26bce8ca5d649b6607df15e6d45462d8f,2025-04-01 06:33:11.000 UTC
0.104,0x6eee891d2c28bbf560ac945430d1ae06ab94cfe7,2025-04-01 06:17:47.000 UTC
0.1,0x1819bc55d09e4a5abfc83d75e5991cc2c91b81ba,2025-04-01 06:11:47.000 UTC
0.1,0x5164cf3b0c8c0fdfe4bcc9cf4f1e8f7e39461a59,2025-04-01 05:58:11.000 UTC
0.1,0x777c47498b42dbe449fb4cb810871a46cd777777,2025-04-01 05:51:23.000 UTC
0.11,0x3e407f4158440f1e5a9e6ba98b0198aea6d837e3,2025-04-01 05:50:11.000 UTC
0.1,0x89975b9fd602227dfca22707c26420ae4b542782,2025-04-01 05:15:47.000 UTC
0.5,0x8fac841807e21807f511daf3c04a34cd78661f4c,2025-04-01 05:06:59.000 UTC
0.13,0xb84e827cedb57a8770c0d2661a6051f3b9e28afc,2025-04-01 04:39:59.000 UTC
0.142,0xa6f67217a9011e1e41fd64360862d3b54340fcc5,2025-04-01 04:26:23.000 UTC
0.1,0xe95f8df50b04d1c8fc58010aa933672582690b14,2025-04-01 04:12:35.000 UTC
0.1,0xae48a218b54e6285518198b5d0a1d6679b27390e,2025-04-01 03:55:59.000 UTC
1.0,0x718f0ae66c2d7dde737550b4c271f6bc131f47f0,2025-04-01 03:54:11.000 UTC
1.0,0x42f9134e9d3bf7eee1f8a5ac2a4328b059e7468c,2025-04-01 03:37:23.000 UTC
0.31,0x0a072ba40056902ed64fc8cc604cde77aa2fcf00,2025-04-01 03:27:11.000 UTC
1.0,0x0a072ba40056902ed64fc8cc604cde77aa2fcf00,2025-04-01 03:26:35.000 UTC
0.1,0x700e6729c190f0ac7dd382909520e1d00e749df6,2025-04-01 03:24:47.000 UTC
1.0,0x7ddf07ad1b2b3a134fda52d025b9e0629fef2b6c,2025-04-01 03:22:23.000 UTC
0.137,0x3c3402590b3882bae16dc932ac19a7f671c23170,2025-04-01 03:20:11.000 UTC
1.0,0xce83731fa5730454e7d3a054bf0ab1ec6e37e8aa,2025-04-01 03:14:59.000 UTC
0.1,0x30eb4c1a534351662c1ae273b8986862b60fa079,2025-04-01 03:06:47.000 UTC
1.0,0xa6245875b85d0fdd2a6c3b0a107c300dceee6674,2025-04-01 02:54:23.000 UTC
0.1,0xff0787fc826398695d258df59b77044da5c104e5,2025-04-01 02:33:47.000 UTC
0.1,0x03c3e07233201c582b1d7652632c9219653dec8f,2025-04-01 02:28:23.000 UTC
0.1,0x6d61070a83ab80b97b72dce9d10dad357acc6314,2025-04-01 02:17:35.000 UTC
0.1,0x4fe1b4328392505e69e6353ce334d24c8dd8f11a,2025-04-01 01:54:23.000 UTC
0.1,0xff8f28aee0bfb423d975ae648a8e5cec45bf507e,2025-04-01 01:52:47.000 UTC
0.1,0x5f37baa1799f3612cc131f281e63b90349e59e20,2025-04-01 01:48:47.000 UTC
0.1,0x70aefeb3b33a125d2ef7648b9229f9add3dae894,2025-04-01 01:39:11.000 UTC
0.1,0x4fbfd5c2f2ae9b3773162b5529b0ce7a79895c48,2025-04-01 00:50:11.000 UTC
0.1,0x31feab5c6e76f159bbe2f93fde4a59200813679c,2025-04-01 00:28:23.000 UTC
0.1,0x78aabc122e7fcdff07ac4577a17cac4c3983207e,2025-04-01 00:21:47.000 UTC
0.1,0xdab8e0476c2bfb5aa99579cf2f7d13b60295eafa,2025-03-31 23:59:11.000 UTC
0.1,0xb3595935b3852d7ed8499c639d484c964fef0826,2025-03-31 23:55:59.000 UTC
0.2,0xffc188a525f519852476a08ef8dc8a43aceba266,2025-03-31 23:38:59.000 UTC
0.1,0x9d86ce4ea939ba71bb97383b85afd12d3b3bbcaf,2025-03-31 23:15:59.000 UTC
0.1,0x71f371e0cbe939c1b38f8f59488b33a18c3c3815,2025-03-31 22:48:11.000 UTC
0.1,0x38123a191e9685448658d2207b0543e2fb9282cc,2025-03-31 22:46:59.000 UTC
0.1,0xd671422bddc48942f8c1f8f5c8662efb6ab0aff4,2025-03-31 22:38:35.000 UTC
0.1,0xf1b42cc7c1609445620de4352cd7e58353c3fa74,2025-03-31 22:37:35.000 UTC
0.1,0x6687c671980e65ebd722b9146fc61e2471558dd6,2025-03-31 22:33:11.000 UTC
1.0,0xddf84c246909df890dab4f9d90d138b2d9c64c6c,2025-03-31 22:27:23.000 UTC
0.6,0xd8acdda227fbd91e366d37ca2c34ef49602612f7,2025-03-31 22:13:47.000 UTC
0.1,0xddea2099a20961fdf1e0ce927d42e9b5020db11a,2025-03-31 22:11:23.000 UTC
0.1,0xe945b6a4f1e64c88a08366a003ed1f3550b430c9,2025-03-31 21:59:35.000 UTC
0.1,0xb1872d20bd54ce7798df73f2a8ef1a3d8568ebfe,2025-03-31 21:52:59.000 UTC
1.0,0xdfc6db80cd79b7a8e0951966ae04701b237b434d,2025-03-31 21:52:11.000 UTC
0.1,0xa7ff0bc6f74fc6c49ccba87f3df51b1adf98543d,2025-03-31 21:48:47.000 UTC
0.1111,0x38eff2285a0e3e2eab18c4f3b0765a833c752f1f,2025-03-31 21:28:23.000 UTC
0.1,0xe524d6514f5c6c91796d223c3310ce211bc749c0,2025-03-31 21:15:11.000 UTC
0.1,0x3d62c274a01eaa06c4c6ba5781dc1a39b58f41f3,2025-03-31 21:06:59.000 UTC
0.111,0x7252921bd62996de2fc352710aea0295a4143218,2025-03-31 21:05:47.000 UTC
0.1,0x026a5552d6ebe49b3d38f82028b0a58a856d1a1f,2025-03-31 21:01:35.000 UTC
0.111,0xa2e83e57502a89a3af7ceacc195b320f9ad7d64d,2025-03-31 20:59:23.000 UTC
0.111,0x5bf5817dc357c9d465503d76c8b7719b488ccdd6,2025-03-31 20:53:47.000 UTC
0.1,0xf08ea336f8a34878d2a9fe336867cabdf27a8406,2025-03-31 20:45:23.000 UTC
0.1,0x188b377db3bc07d626c91d05de8ffbc687d4a0ef,2025-03-31 20:44:11.000 UTC
0.1,0x268771080fa985d5afb8bb4f063e25300a47b97d,2025-03-31 20:38:47.000 UTC
0.69,0x1f5d5433ff189f5c1f30487f599d1d754d5db029,2025-03-31 20:32:35.000 UTC
0.1,0xc0b53221a7dbcbce68441c26ea4da73266d6bc20,2025-03-31 20:25:47.000 UTC
1.0,0x212407c68357024b43690ff7edf0aabd2a61b389,2025-03-31 20:23:35.000 UTC
0.1,0x1d60c34f508bbbd7f1cb50b375c4cdd25e718d1c,2025-03-31 20:22:35.000 UTC
1.0,0xb0145ae156d201d6e371d07265fe3c045071c967,2025-03-31 20:19:35.000 UTC
0.931,0xa505b105060eafbf4521e337256ba0433b6fc6bd,2025-03-31 20:13:11.000 UTC
0.1,0x088675c262d19f7c79792d65b95c7ade8df84d27,2025-03-31 20:12:47.000 UTC
0.1,0xf08ea336f8a34878d2a9fe336867cabdf27a8406,2025-03-31 20:06:47.000 UTC
0.1,0x961aa96febee5465149a0787b03bfa14d8e9033f,2025-03-31 20:03:47.000 UTC
0.1,0xf08ea336f8a34878d2a9fe336867cabdf27a8406,2025-03-31 20:02:35.000 UTC
0.1,0xa5d8f041bf3100952ff21e0679169b93a9df777a,2025-03-31 20:00:11.000 UTC
0.16,0x42613bac8604df0277451e239d0f14cffe5666b8,2025-03-31 19:59:59.000 UTC
0.1,0x83fb890702a21247bb217796fc40d87118a85e77,2025-03-31 19:56:35.000 UTC
1.0,0x77aa943a365161e499eaff59e936a799e6051e15,2025-03-31 19:56:23.000 UTC
0.5,0x0c401311a2c441636cbc6eca3d95697316eaf6fe,2025-03-31 19:54:11.000 UTC
1.0,0xf94e5cdf41247e268d4847c30a0dc2893b33e85d,2025-03-31 19:53:35.000 UTC
0.1,0x5554672e67ba866b9861701d0e0494ab324ad19a,2025-03-31 19:53:35.000 UTC
1.0,0x200646d60772abfd57265bf5d84827cc87669c22,2025-03-31 19:52:11.000 UTC
0.1,0xcc0dd5427fbf83b024966f88785988358a65a1a7,2025-03-31 19:45:11.000 UTC
0.1,0x73d65cbeffb720c93c7bc574537ba75e82ba6a0e,2025-03-31 19:42:59.000 UTC
1.0,0x10f5d45854e038071485ac9e402308cf80d2d2fe,2025-03-31 19:41:23.000 UTC
1.0,0xbe4f0cdf3834bd876813a1037137dcfad79acd99,2025-03-31 19:40:47.000 UTC
1.0,0x0897a996954dc23705e55aec9a5c3893655a5d68,2025-03-31 19:35:59.000 UTC
0.1,0xcca9a24c13b3c84e84643cb2cfa6b2402ff870e8,2025-03-31 19:35:11.000 UTC
0.1,0xecfd11986d1ed4a7e637a96bcb17e1e12ce8e261,2025-03-31 19:34:23.000 UTC
0.1,0x70128189f43dca05db3b54dd606a9d03a70a5048,2025-03-31 19:27:59.000 UTC
0.86,0xe31bed180697dabb569790e16b20486bac88cc52,2025-03-31 19:17:11.000 UTC
1.0,0xd8da6bf26964af9d7eed9e03e53415d37aa96045,2025-03-31 19:14:23.000 UTC
0.1,0xb03f5438f9a243de5c3b830b7841ec315034cd5f,2025-03-31 19:13:59.000 UTC
0.25,0x963e5cb0db226a3c3a94b0bdfbfda7fea292a43b,2025-03-31 18:56:59.000 UTC
0.15,0x2c02a99229c015638c3ea851c404c4ab07bde29f,2025-03-31 18:50:23.000 UTC
0.2,0xd3dfbecc89f21834a9c92824220e37261579d4c3,2025-03-31 18:31:35.000 UTC
0.1,0xe95dcdd02a84f36f31976128e72772718cbfd2a6,2025-03-31 18:13:35.000 UTC
0.1,0xe95dcdd02a84f36f31976128e72772718cbfd2a6,2025-03-31 17:23:35.000 UTC
1.0,0x297bf847dcb01f3e870515628b36eabad491e5e8,2025-03-31 17:22:59.000 UTC
0.1,0x578dd5e76b4b8a05f6653ecce39d688efb040382,2025-03-31 16:58:23.000 UTC
0.1,0x297bf847dcb01f3e870515628b36eabad491e5e8,2025-03-31 16:56:23.000 UTC
0.1,0x297bf847dcb01f3e870515628b36eabad491e5e8,2025-03-31 15:55:23.000 UTC
0.1,0xb8eb653dd6d0ed6f7fe15d7a3e216bbf147eaf99,2025-03-31 15:09:47.000 UTC
0.1,0x609fb8f19b28a76f12557a235c3e88f621267c36,2025-03-31 15:08:47.000 UTC
0.1,0x578dd5e76b4b8a05f6653ecce39d688efb040382,2025-03-31 14:57:11.000 UTC
0.1,0x609fb8f19b28a76f12557a235c3e88f621267c36,2025-03-31 14:50:35.000 UTC
0.1,0x609fb8f19b28a76f12557a235c3e88f621267c36,2025-03-31 14:05:59.000 UTC
0.1,0x609fb8f19b28a76f12557a235c3e88f621267c36,2025-03-31 14:05:11.000 UTC
0.1,0x609fb8f19b28a76f12557a235c3e88f621267c36,2025-03-31 13:47:59.000 UTC
