dep_hash,dep_address,dep_amount,dep_time,matches_count,truncated
0xa13480b142c792786bb36f139c27fa501f10a0e0dcf2f11f9bfcb2bb9c4c7e30,0xfe09cae0429099e45caf1e2a2ebca5a402b02de7,0.04391,2026-06-19 03:37:11.000000 UTC,0,0
0x97beb7b09ef6707717b95733e85b9d47daec87d28b6a64d33073551cc70de87a,0xf49d25b497d44cf8881b5d301114f35f71327ac8,0.265,2026-06-18 16:15:35.000000 UTC,0,0
0x32f1c54a1ef0750b07d7b36dca76544b9f4f4a3c74b26c65c6b0f367c3960cda,0x034031e09e7679ba57d5a9335341357a7fb7abca,0.00995,2026-06-18 13:23:23.000000 UTC,0,0
0x32d6e6f742b79c1321c3d9e45b9e4a7f4a6f3e7be78e411ae7d93f3887359377,0x25b6faa00746559f8c7a09d77e44f18c093054cb,0.42164,2026-06-18 13:15:23.000000 UTC,0,0
0xa30bb86075223c3168dfa384955e733a793041dfe761b3c3ed4a059e2f31d720,0x25b6faa00746559f8c7a09d77e44f18c093054cb,0.555,2026-06-18 12:47:47.000000 UTC,0,0
0xe663f901b79f17ab87f625d53753f299fe7ba2271f3395d9b6ea77fff7a82e02,0x36ae8495e33e386fae3f094b8f68a2ccf6642858,0.01385,2026-06-18 12:34:47.000000 UTC,0,0
0x15a827f210d46b76f8a61d6fff470b6cad41f56b95e09c2b0c452fac7b3b4caa,0xf56e893747e4b88090922b33262ef34008933904,0.33327,2026-06-17 19:20:59.000000 UTC,0,0
0xfae8b8a66ac93514629fbf603d92d589e77e88cd9886d9661f919300f13cf9ba,0xf0e3cd13e966b163da954ac83909db8d8fca1455,0.285,2026-06-17 16:59:11.000000 UTC,0,0
0x9295a8799913cee44267196cba5790e93458c690bcde5d535c3c5728cbf9d247,0x2caf9e690b9b33fd1ec6dfca52ad4eb628ee401b,0.04652,2026-06-17 11:30:59.000000 UTC,0,0
0xb366833e61623ed84f6c59add8a9740988b9914b2cbfef98bcb3627e01dafd80,0xa048efc0b698466307f6c67fd8917b8333c59159,0.05802,2026-06-17 08:28:35.000000 UTC,0,0
0x1690f0d2ec9e465fb2afe875c2ab7d56830d0997f3dda1c7286ea2866cc9b6b1,0x189eb925aa7ebdc9ad216000fc49dfa52e010226,0.0585717376536639,2026-06-16 21:24:11.000000 UTC,1,0
0x7e37c53f6761cad81385385a85f420ba3ba17ffc49fceab1682bbcf9fa4ab9d0,0xbebcf6e58929a100d85b8df076eb5384511083a5,0.0590851854151205,2026-06-16 20:27:23.000000 UTC,1,0
0x469c5d1bb7d17b9414d0886cace5c4790f835e65d5ca3639ace75aa5df3a9098,0xc46bc7d74ffaa62868f3f34ea701cc434afb1489,3.37,2026-06-16 20:12:11.000000 UTC,0,0
0x07bff9bc7dcc88bfe016a382c55b9d3fe31631df049611e09a4d848fe1b7165e,0xebd9d564a62dce3cc476b5e01a103ea9a083f96f,0.0596414321349576,2026-06-16 19:27:11.000000 UTC,1,0
0xaf54561f9e07231b03ec38f9cf3ac3d73c25e01bfee2b56337b40ee2758d93c1,0x6b9cad3608b8a99dcd2333f01efe15b18f68a73c,0.0602203867097336,2026-06-16 18:28:11.000000 UTC,1,0
0x850683b8268f20e0b4fc0fcbe538f4b6eef2e755fffb4a93b18a7add717b461a,0xe268e2125211ff4683e01dbfc43405ec6d212daa,0.0609381909552039,2026-06-16 17:35:35.000000 UTC,1,0
0xb482361166d5ee4aab1756da841c56831020fc02266fe87041f317106f3832d2,0x9ab487134a90ee50a6b2ee5d20528c43a279db76,0.061574090620076,2026-06-16 16:47:11.000000 UTC,1,0
0xdf73379a750d7816a0d93d791769fec960ede184b4edc042c0e8c758ca511af1,0x3f29e10c114d35e1b3906c299c3c7bbcfd1ccca3,0.0624976682291448,2026-06-16 13:24:59.000000 UTC,1,0
0x2eb2a704bd3230dae573add33dfb1c3742d99a354491a8e18493c4de0ed39528,0xddcd43a2906b210dd21b9c32260dc655eb3164ff,0.0995,2026-06-16 12:53:23.000000 UTC,0,0
0x9acb1489722edeb33825b92a024a7ac00372f6ecb6875deb2472c7b606caa457,0xad56d5ebca2e61a334534d429a8fb922fc345848,0.0632637288077922,2026-06-16 12:20:59.000000 UTC,1,0
0xdbedbbbc6f0a703ca8d29769e631f27c9378e260383094611728a851ded1875e,0x5de835054d89122f0bdeb7afd23d71c12f8b27d3,0.0639233145798752,2026-06-16 11:20:35.000000 UTC,1,0
0x289da1850fe61f1b283717b63fca98e4fe31d141c60a3028e16c57b276a58507,0x67c8d1907a769d2027a7c8e4a588c4ea0fc69b27,0.0645122719551841,2026-06-16 10:18:47.000000 UTC,1,0
0xc17202141b81c1e8183be47681e213db25b19e73d2d7715d6c9e67679308e94f,0x09df98f6382ee68450cb944f3cb9ed70a6cf530b,0.0651154081472812,2026-06-16 09:21:11.000000 UTC,1,0
0x978472c5a79cb0f07211a9a1314a03c76fce887ad59892895dfdfafbe093d846,0x6f62b29d3b4f31b7d9067337eab11b2a021aeb87,0.0658348508476409,2026-06-16 08:19:47.000000 UTC,1,0
0x10945da7df3dab90efd2c3517492a5412d60933d2f0c7a375e4ffc70d76f71f3,0xe9853ea466b0c3761323fb1604257e754f3c6392,0.0664842263972639,2026-06-16 07:16:59.000000 UTC,1,0
0x3331ca553bc364c21a3473f3d2afadc02908034f264ceac6aa0155f6e80ed871,0x331217a3a59c19c6cb6d7811d34c998f7335bfa2,0.0671157230257488,2026-06-16 06:22:11.000000 UTC,1,0
0x16510fa53fa233663435086e153a7884de38d370e341236758febabc861465a0,0x39b17e2c2a124118aac8a94d78629610901af2eb,0.067737523281918,2026-06-16 05:17:35.000000 UTC,1,0
0xb0fdfad2d6fb90d3c4c77d7c870543e17754009d783bb27b4cfe6ba39a17c83d,0x30895b9ebde6788cf9dddafa15402e3f7cd931b6,0.0684580531296946,2026-06-16 04:15:35.000000 UTC,1,0
0x53fbbcff02d07243eb770f3a56dfbd0f4c33e4b5a11a8b91e2b3491297f52d0d,0xc339865cd0688f814f72aef84451a88ba5bedad8,0.0691118067163318,2026-06-16 03:18:35.000000 UTC,1,0
0x2463d204b99358cebc0bc54743f1070b23dfa4622201bb2948cee3926883ae56,0x1f0ec26e4bf9fc1d2bb7a4c97fcc935879514346,0.0697134925193795,2026-06-16 02:15:47.000000 UTC,1,0
0x2dcc9fc9f5b2bb55fa38c66b89b4349cdcc6dff277867c5a1b522b875db3ad61,0x5fce36f4edabb1066ec55ad66577c732a097f2b7,0.0703542969844613,2026-06-16 01:16:11.000000 UTC,1,0
0x8d73b4ef75fd98ad14eb463afcbac1804d856467da1d22f100d25bada8b5f0e2,0x606a902cfb4638ecc64b843c75838440d177d42b,0.0709394218410544,2026-06-16 00:13:23.000000 UTC,1,0
0xedba79f1cbd50c00d00ff2fbaee5f95b0d4fe9419042edac71900567f432fb1d,0x10ebed3a273fa62c1e9fda1dfba154a04bcfd0d3,0.0715414572148519,2026-06-15 23:16:35.000000 UTC,1,0
0x27e0558042819d32b883c0cc420f12528ae94a4444388ea8cc53d047c7762031,0xa76a1d10070eb87e7123c8b6368aefae6aa11c72,0.0721428072430593,2026-06-15 22:15:47.000000 UTC,1,0
0x8887eb57a4f7c288923456730410bfef7b2b66d1f1c0432d6ff66b706726313d,0xc14923b376612cd54d5039abdc7884c0a21aa8df,0.0727590139384729,2026-06-15 21:16:59.000000 UTC,1,0
0xdc79f873c707cfc47bd9937c148e953f096e28549aa888992d780f07e61ba893,0x23ab887fa420408b82ce1510070d1cbc08b8968f,0.0734121878627423,2026-06-15 20:15:11.000000 UTC,1,0
0x5fa93736794ac9429c162f57682a6cd112d9cb73c53e763e639a4fd61061d801,0x46323ba7cf0f3a8b685ab7c166c88de104474daa,0.0742184891242337,2026-06-15 19:13:35.000000 UTC,1,0
0x2e8d7dc5add0f1357580cea1471d9194c76dce48d575e707bb40595f99829893,0xfc0b35d1ff570ec0cc2878f273093d7454bc2a45,0.074954910209609,2026-06-15 18:40:47.000000 UTC,1,0
0xbd52edc0eb0d3612d84e6a879faa610e9107422a3eea5d335837a83b15faf243,0x33dca1bb1cbc4eb5f13ae728b81bcdfd75be95f9,0.0760232055709939,2026-06-15 17:47:59.000000 UTC,1,0
0x89acd344441508ddc06361e9f7306a99d6809d2d98b49b37f0fb2808776eac0e,0xfe90e54eda858b701d1e308b155e65772afc233e,0.0769376370006357,2026-06-15 12:03:35.000000 UTC,1,0
0x7e9339b8fc7e8c38c58ad6e842e230f3903200d540fac9446216867db98e173a,0xabf2a2e9c07f7265be551932b2ab7655fb8d9980,0.077729773039751,2026-06-15 11:04:47.000000 UTC,1,0
0x6b517ea501727387017495a9c4ce56a7420982a42f84a438824825b37b84d710,0xeb9828c1c412bdf4365ac6199931237ebbd12fa7,0.078420283937987,2026-06-15 10:09:11.000000 UTC,1,0
0xed3b6f4987a27ceff1ca55e05500ecedca2902193917adf9274027577123e201,0x76e7f2e6b895e92af1423f666f90826051ab7182,0.0790861064759232,2026-06-15 09:20:11.000000 UTC,1,0
0x9cb975959263daaaf8f646804bbf3c63cb1ce986086a3e462a71fb63d7cb20ff,0xcb874b1a6ff59845bf1ab92c3a5f37544293ac99,0.0797492523338695,2026-06-15 07:59:35.000000 UTC,1,0
0xf53969b945c8ec7bb1fa60f9825e0f11bd102ed2790405c0481edcd92b9210d1,0xed0b620b60825737f83e0cb1bbcaba1a6e0ee115,0.0804330722046271,2026-06-15 07:00:47.000000 UTC,1,0
0xf37ec79dfd09fad468df3ead15d43167e860195cf603659c3436886176d60e01,0x581b3b3c40c6935e02f221acb0cd74c25b34ccf1,0.0810809351430046,2026-06-15 06:00:47.000000 UTC,1,0
0xb1881dd02af70e6ff967ac409056e1605f4b0c3910ce91eb97b8c7196ba782a2,0x80d5062e26ee858636a85fbaa7489e2678b4fd4e,0.0817606295181173,2026-06-15 04:56:23.000000 UTC,1,0
0x34753c7f9b151e3278b48e772b1b941601adae0ab6c8eb9dac63906bb8f2c0a7,0xe586dc78a7f091416819ee4d99700b1f7e67dfcc,0.0824196899729033,2026-06-15 03:54:23.000000 UTC,1,0
0x74d8d318ab482aa4353eb0838fc4b8eeefa13122a6ec7977ab81fca9f21a48b9,0xe1b3162f44f363d3449b3e40c6f8121c13215a55,0.0832459743168715,2026-06-15 02:56:59.000000 UTC,1,0
0x1732a6f05d967a89e3a9d5ecef4bdc52923063606a38e26307d555ef5429e449,0x69521a2e6f7d4be2e8aed3232d1307a6c86a2ed8,0.0839007461383065,2026-06-15 01:54:47.000000 UTC,1,0
0x23a98f4e64cf0e98813a5d86658643f67deb5d1d22ed80902dd7f507e0ace9e6,0xcd1ab5f93d94073908741185f550ccaf86603d4a,0.0845940966233479,2026-06-14 21:59:23.000000 UTC,1,0
0x96c8be8a2af13256af12f2e0223240d7bdb95cf8a114c55fa9f629f63ee6d0e8,0x9369a3a5591c6ea9b32992e28a2e47b7e3f9211d,0.06446,2026-06-14 21:27:11.000000 UTC,0,0
0x0af1d2c2d75666f80eb873725bebb2b67992745d074b4db9bbfbfa3fd605f6ce,0x127c2096fcf4c9f542d0f8088045c8d790f50177,0.0854528987982324,2026-06-14 20:54:11.000000 UTC,1,0
0xd4044bb0a3383976a8d97d2ca082387a44e2a3098e081302cb72afe5f851e13d,0x9ef2ad76e94e1fe47a7b8a34b6f856bd8812e1a7,0.0861705494206886,2026-06-14 19:53:47.000000 UTC,1,0
0x816a7b9c659ed5620ba51a7ddcdc56d16245c826fc8b5ed6cf58a74ef4335a3d,0x68b3f3e0831961dfd8721cc57a50a842ab27f6b4,0.0868792763107241,2026-06-14 18:54:35.000000 UTC,1,0
0xb159341538c614ae047298202fa3b9824658d4216b22c436a753a71c696ed50f,0x21172d63ea06f2a5fe8ea0d9b68c985aecc6a21f,0.0876147835734462,2026-06-14 17:51:35.000000 UTC,1,0
0xde13394cd58f648bf49e3e3fe91023ed8e381fcc356053e030c36f545f38cfa4,0x2758b1ac127818e7b11164c8979c3acf7a7d4f1a,0.0883852881281267,2026-06-14 16:53:59.000000 UTC,1,0
0x1108bf59a3c0e4f3abe070621b44b78192e799031ebb77372a4d484a03e84295,0x4f7439cf90f2f089281fe8ddf9071ed97162efaf,0.0891997685480027,2026-06-14 15:53:11.000000 UTC,1,0
0xc968380ce3c91210d21393a5e18407b544685b532c53df8646af1347ba7c5940,0x2b11d299a221996d24ec0a10c72ba926e267f1da,1.57921,2026-06-14 15:01:35.000000 UTC,0,0
0x96c2d42399d529e93d9749a31f81a22475040f052ec1157a37c0f72ab7858e58,0x666bc17229e834544d5505e6929dbbb630bdfe0d,0.0900034106745656,2026-06-14 14:55:59.000000 UTC,1,0
0x6f24b79e5a20f86e8bc9e665db1fafdb699bdde8a006b78530f169151a8b5f79,0x968ff3834508954813243beb80b344c3100ea5a4,0.0908276119302686,2026-06-14 14:37:47.000000 UTC,1,0
0x0fede429fbb4b7c66a152b85b28caa9c7762ee2329627abe23c9956bdd75ed33,0x2da389d6fd466305fa7bee8267e1dadcca6ef78c,0.0916892973492335,2026-06-14 12:59:35.000000 UTC,1,0
0x3d12e15174585daddf13bd11035d4eb35016a4427198066bb9de8c4ac0266951,0x3ede1273c9a92fb5c97a399efccdc81265551253,0.0924926412006093,2026-06-14 10:51:23.000000 UTC,1,0
0xfe95148a3690f519d3e01ce342d647bb221f580909fac36ac586c852bd9675c6,0x4b437185f08c0d66f03d512d1e1e22c44a8f9620,0.0932679075528321,2026-06-14 09:49:47.000000 UTC,1,0
0xd6b7f4c178a8e5fb0fa483791d94fcc260adf1211fd6b431fc83ba884baf7feb,0x6c3d04c469d30a341e42b52d486524fa1c0706ec,0.0940927746455485,2026-06-14 08:50:47.000000 UTC,1,0
0xb24b6a5d445cf002a46db6e7ef9fbff16e0e7df2775e78d5fe153fb6b34fa919,0xab93f19c7ae953978788c8eeb73a7014ca76fa10,0.0949043410717313,2026-06-14 08:29:47.000000 UTC,1,0
0xbc4ffc6e95164c7ed5a269cb4ae9402aefb2f3ca299aadd993269b355a714211,0xfe09e50573ca8e1847358b80f1d7efb42b4f7fc7,0.0957317564151782,2026-06-14 05:47:11.000000 UTC,1,0
0x6a5cebacfea5244786345fb29cb49e04ee45ce308edb08ece227d0c9ec555cc7,0x682a93b6c3beda9c456221815724f550bcb258f3,0.0965575879592062,2026-06-14 04:48:11.000000 UTC,1,0
0x1aa6df9142688bfd1bf6d7baeea21ad30407d6028c194c2ac1906a8787bdbb98,0xa3fdd4b209cae39dc3cfae12aaa9f21eb87590d2,0.0974214500473153,2026-06-14 03:47:11.000000 UTC,1,0
0x61054884683497e84d87c15d43a8616f381a0ec3ef12ce4816dd68a0813fee32,0xbf67879466a4b52de7fe4442f4498ff3407c6855,0.0982514346653364,2026-06-14 02:47:59.000000 UTC,1,0
0xf7b747d52d69917c14977a3c800aae6fb5355f31ea35bfac9270614353ef87bf,0xcfed7d17202d89e9784bd57187150927fe46ed45,0.0991226465686118,2026-06-14 01:46:23.000000 UTC,1,0
0x9c701ae79290d0a1f3b10517a53c03a305f9bcfdbb444460139088f86e1d1125,0xcb1ac8ca1510a03a49c6a0cd8aa354f41dc6b43a,0.0999586791357505,2026-06-14 00:43:35.000000 UTC,1,0
0xf4df9cacb212d3b7ea10e870875e2a7d619ee8d5accfee3c39edc78f17db1540,0x1c615dfd2ded9446fc03009a691e81d874adf9eb,0.1008355959975591,2026-06-13 23:43:59.000000 UTC,1,0
0x1c4d9acd34b3578b31347122ff80485b0fd4e00ffc4eeba6d26b0da37f1080a0,0x299c9279cffd3eda3fc0c127ed959a39b4ef492b,0.1017263110124279,2026-06-13 22:45:35.000000 UTC,1,0
0xd5b53feeeae5f5c98091d05e950371c8f4e2f421e8d18734e6cb0d3eb220c479,0xb77c9e9c1214d38f7fa4f136fca289c449da4fb6,0.1026156027839347,2026-06-13 21:43:23.000000 UTC,1,0
0xa3a13f9a5804e40d74719c3ef6871c45d8d1f63dd1fe3609830d0fdbdf74e6e4,0x9c3db9f2b1bdbc535b20f50e9f1b1a3bbcf7da45,0.07813,2026-06-13 21:34:23.000000 UTC,0,0
0xaed5a5009531f9ec8dbdfbf08741c812a7ac55068a9df98cb459cef71d2deb87,0x61e37c8756f4eb665971b49d6473d5b616c04664,0.1034869448449203,2026-06-13 20:40:23.000000 UTC,1,0
0x9eb270b360c8b6b1c3e1b1a19472a3edbb427b7ce0f8e57129019eb58e1ad19c,0xb97b8050c2e87959790eaf89b372cee12d5844b5,0.1043901266417244,2026-06-13 19:45:23.000000 UTC,1,0
0xb0d78f3cb9d9aa7fba05264defc69c69e3c2bd9cf60ae6171a97d6ee8f8c5d5e,0x3faa17cf79717adb6f85a57a726c40853aea4b0e,0.105236218853749,2026-06-13 18:42:11.000000 UTC,1,0
0x5e9ffc7a6ec6a2953aab3df3551854b047057c2c1d4a3ccb9788ac7c83d7ecfc,0x81b583e9f34501b62454520541c88d4c640d8909,0.1061113314327395,2026-06-13 17:42:35.000000 UTC,1,0
0x2c1deb8c103787cda21e30bd0454a9b80e25384c2334556f429eea1fdf8a03fa,0x449dc257ecb6929b4b3a02e0f2e8bc9f64b236a4,0.1070584833332818,2026-06-13 16:34:59.000000 UTC,1,0
0xfe13bf185c8e540ebb7256823eecd39e88c87550bc208d83f44317a12e19a15f,0x2d41e78eb5fca77f6325f0fb471350237cc96855,0.101,2026-06-13 15:59:35.000000 UTC,0,0
0x8700b0dcee77d24754ef75448271fec0bbea9ebacfded03c57c93e0914326950,0x335696a07a95decf842c3c88da0e48af375235ce,0.16,2026-06-13 09:07:47.000000 UTC,0,0
0xdf3f4ce4394c365e0b46304e153a46fcdf6a537e8d994fc86e6e635837dc6d59,0x940a7490062b11c489b294706ad5b6523873e3d1,0.08413,2026-06-12 22:55:47.000000 UTC,1,0
0x091f4c2f82812b305c58393995171aab0095018e76263c78f16218a0cac59831,0x9b9a4c3febc12acd24f8866007a82182da45dbc4,0.1079949434625657,2026-06-12 18:24:35.000000 UTC,1,0
0x2900b8687e82874a28eff9bf1973249d3e654d19a9359ef71039c5e16a1eb4e2,0x1f0510ad7c3fd6597cd8df1e382b2cdcab0792f2,0.06475,2026-06-12 17:30:11.000000 UTC,0,0
0x3861dcfa0d5439726c122e7159f41f0f6fedf0b40e0c1b235747209757b9aaa6,0x7892037b68230906406ceee66dcf754cbb6acb92,0.12365,2026-06-12 09:13:35.000000 UTC,0,0
0x75d4a385d04bdf47d40be67c2cf417327cc753c394565d77c878906dc94a2e8b,0x78894d57a442959032306cdaf646a4ca6b6b915d,0.48345,2026-06-11 22:28:23.000000 UTC,0,0
0xa2fdc6963d6519a4276c8bf0b9951829a6fac81a6277b6cd4295c0b9dd603670,0x9ee370d049e41352e00ae12014b1d9b1cd2c1933,0.02739,2026-06-11 16:59:35.000000 UTC,0,0
0xcc453c483262f550c6c7de872cba622b4e725ce716e173a21b2e67f391af6c52,0x70f96efde58b34ff2244eb587917ae970492636b,0.015,2026-06-11 11:20:59.000000 UTC,0,0
0x9b47dc5fa631e837bea33aa25b8bfdc5d56f9e019d79f53432c49f1254a4854e,0x437b66d62a344b74489c825478a95e87a5c8e807,0.099,2026-06-11 09:20:35.000000 UTC,2,0
0x239aa2b1291202ec1b1ddd7bf016148cb30edea64c213332067a686712ba5e4f,0x625523f13c3062aaafc932e2e064994f35a54a7e,0.098,2026-06-11 09:14:47.000000 UTC,1,0
0x227ab7a6a0545b08bb97126e033e759c11d8da21c687bdeed224c3225cfc2235,0x1458ebba7e380db99f313fcb7012d71a83a5b618,0.098,2026-06-11 08:41:47.000000 UTC,1,0
0x7042c426c93cc23e68626bb5bdfca002ec9e1cd3e39749571bd579dbfade0af1,0xea0c37c358abb148702c5991487fabd126b5f457,2.44918,2026-06-11 08:38:35.000000 UTC,0,0
0x423a4cf1aad0d235d8cf75c6f9d560a3b4cf96d6442905dbc57ffe7848b62995,0x7bf6f95dfa884e482c9b97840af94f1a72840df0,0.099,2026-06-11 08:25:59.000000 UTC,2,0
0xda7d8403676fc6791127d6fdae03966f3a8ab5678628a20d723d61e16aab1ee3,0x2086fd8908ddfdbaf7158b0a1547f63afd76f664,0.1092953756652731,2026-06-11 00:56:11.000000 UTC,1,0
0x9d357fcec635a080e3dcbcd307d728874f8ad158156cabc462990e2bf3866481,0x830b1f81ad8ac4e23eb6ddaf17bb841de8df4eb5,0.1105427386893387,2026-06-10 23:39:59.000000 UTC,1,0
0x082fd697c7880b25822b39125a2633a97a77fd00aec67f51411411d87ff51faf,0x4b66d40f0089cca6f24c50c735580c5134c4ce87,0.00995,2026-06-10 23:32:59.000000 UTC,0,0
0x18400e545cc5d79dab7637801b55ae1ea06adabc0dd82c3fd9a61a17244abf7f,0x8a011ef5f1b4c491cfb683f162c57d700514bce1,0.1114932749942189,2026-06-10 22:38:59.000000 UTC,1,0
0x5c39eb8f02ea39623923eac65483c4b74f5712223cbca9bc8e910cb565c774f2,0x718240a4b5ef426f7a72249a73f1c5c854079c18,0.1124425603615929,2026-06-10 21:43:47.000000 UTC,1,0
0xe0b2906bc36214bd351a62af0c9ff2dcc4a22d8766c579c99b96398fbb68e94b,0x07cf9850ea9e26e0d5f42ce0af16d59842874aac,0.1134892895355315,2026-06-10 20:40:23.000000 UTC,1,0
0x7277a93a7197b3ac08837e92d4f3752aae3949d1dc4468304c5e60f3c5532375,0xd65c62ad335ea36445e4f3992170a5a2ee8d296d,0.1144599558693118,2026-06-10 19:35:47.000000 UTC,1,0
0x6231bf9b400808344531881ae80d942d980b6b9417e974345ea32ab5ae4c3180,0x005162f0ac766d9a47a708f3300aa2b5d1088ab5,0.1154597366148435,2026-06-10 18:41:47.000000 UTC,1,0
0x366957422791b89744397a7d183ea87e1cc949202fc8121b16c4ce24def6d114,0x88d55ce6e5efe9d60d744942600e84bc1030cd4d,0.1166132939765985,2026-06-10 17:47:11.000000 UTC,1,0
0x5f54c1b562869a8f6209b16acf9416a0b6b144264ef4c52af13357823302eb4b,0xe264b633e26715ea6d2359e3515b962054ed4404,0.1176946442369682,2026-06-10 17:10:35.000000 UTC,1,0
0xcbb2e4ec5faba47df58fe1689b4e27fc48126348d3289b1faee72ee61505d455,0xcd0b3ceb61b4eb0b673833860978d1de5934b90d,0.405,2026-06-10 15:20:35.000000 UTC,0,0
0x6bc66ee0a21c3b30fc7f8bf2bf972f1394b9563176dd0c8488e9024508287833,0x62d60da4639e6dd7f17c9347f4354d0f7943fae6,0.1189663402932232,2026-06-10 12:43:59.000000 UTC,1,0
0x595369acedb1adc43e30c383ecd019fae1f1325f2fceeccf3584d1261cdc4c18,0x1716c358ec92e219f70af1f09e5cbec2134766ee,0.1200085226477768,2026-06-10 11:35:47.000000 UTC,1,0
0x7d5b4fe8d2b804f386443cacdb328afd9474d40af2950b72ef7a30d8cf7069d2,0x0d0b6e9da61fbe3129db414b0e03302cfd33561f,0.1210254437597358,2026-06-10 10:36:35.000000 UTC,1,0
0x5e8e835412f03f2ea4bd19ebdf36a8fae101fb406bc6a9b62429d84bfc58d399,0xfaa0697b41abf35e6dc95712d59589dd09fdde53,0.1220042905969359,2026-06-10 09:34:11.000000 UTC,1,0
0x1f8ed78e2caf4cc60391814b32238db65235ed6149a4905a19c36de4356f2fdb,0xf6b67eb0ebc18733103b6a2f70b8bdb26d02be6d,0.083,2026-06-10 09:23:47.000000 UTC,1,0
0xb327109abc6f680e8a7c5700cbf2ab1fa64ec0a937dba1d4ff7224afead919bc,0x5888fb69e54d5d835c9c76181fbc4bdd14a10bc6,0.082,2026-06-10 08:52:23.000000 UTC,1,0
0xda5cb77fd1b52572832bd12087d469ff928c43fcc8a91af0380b6a820f367df4,0x39fbb420f23d401378b636ae0bded97c6664a5dc,0.1230308960224764,2026-06-10 08:33:23.000000 UTC,1,0
0xee51c51eb25a1cd7cc65d9113c0bad2c92f6e59295ba29dce1ea11ef44dfc612,0x8bbc6578982488e87c5e14c9c36008fd4bf4697c,0.1240376575801504,2026-06-10 07:32:35.000000 UTC,1,0
0xf298422d39ddf089b317a29c34b9b22674e6a0abed2232f358eedf1cdc9c7f19,0xfb9185e0cb537ed87bed5f308c542135f07c0056,0.1175,2026-06-10 07:10:11.000000 UTC,0,0
0x5acaa4ec9c123ffb2c5538e30ab65ad65b2d8f7bde0166de2a3998db118b0480,0x4f8302031e7360d4981fbf3976a9da6b59892325,0.1250248786057251,2026-06-10 06:36:47.000000 UTC,1,0
0x06c6e6afdbc24133610c814ac6cb24f14ec9780cf77c308a282abe2cc44a6488,0x44648c161e37cde30e0cc994e34bd1390d68a272,0.1261158162049216,2026-06-10 05:46:47.000000 UTC,1,0
0x36be49ecda0dbbf833a81ad2cbb75063eb01622e13b95ac91cbb051729711bc3,0x58ec6381849572fd67996f64fb2646dab2135455,0.127198432304612,2026-06-10 05:12:11.000000 UTC,1,0
0xc11268127d2c93deffc6de92bf6340d4f027ecbb0caa0632caffe390052e5447,0x0d4d785330f7fe09034e3ee126e85c9a0b62e15a,0.1281698472880244,2026-06-10 04:07:47.000000 UTC,1,0
0x03a6cacca2b7b8e7e451a59b1a958d6599241d8ff7e591c0c9b1467291befeb1,0x5f9695d7c163b509c453b24fbf2117f9581cc84d,0.129214822363933,2026-06-10 03:10:47.000000 UTC,1,0
0x2e6ced62d0c6d070cd7c29b5770cfa67c0a8af1c3ce59e0a8b250beec67ae5b6,0xa540abda3f05ccf8ef78896c36cb81f0eb8f18f8,0.1302417927052517,2026-06-10 02:07:47.000000 UTC,1,0
0x739ebe1bcbd679dd4c56707175ea982fc61a8559df008ddf05bb63227951c9e1,0xf06e3bf21fc065e69221a0cb60d32f5525de7f20,0.1312828067798456,2026-06-10 01:10:23.000000 UTC,1,0
0xa386daecb75df797f7277ea04b5a126c821c815544f5a03cbb9314861094ad6e,0x9a675d19243a752f286e45173785ea2e8fdce669,0.17833,2026-06-10 00:35:11.000000 UTC,0,0
0xac386d549f16e85d2c68f4a0671989e62e24ec9dee26b2acca5cd02211407667,0xd4fcb9f8a1d506e872eb596c9ded24753008d021,0.1322991863691341,2026-06-10 00:07:59.000000 UTC,1,0
0xf1dac5d71a2f2625c291b84302c7811109607d94a47bf4ecd3d2724b9c3a9364,0x9a675d19243a752f286e45173785ea2e8fdce669,16.28802,2026-06-09 23:52:59.000000 UTC,0,0
0x8da19fb42befeef00281a1e4842facb3a91db44f10d5f610da696d86b1cb645b,0xba23364ddc5d136aeb01ec00d4bcffef8b4ca62d,0.1333487646556542,2026-06-09 23:09:47.000000 UTC,1,0
0xb9cedf5fa4404b77c8a0d6dd8bd9acee25cd12de60e1d8c5314c21d251fa6b5c,0x088cba5132c7f86c8a75d09eabfec27fe4ec6925,0.1344024207491956,2026-06-09 22:08:35.000000 UTC,1,0
0x5978b5dd20755516f0c738760967e2be7aec261752b4cc17b4b0ee3f3117ace3,0x4a2aa7bd95a0d352aa8327367cfcfac093e4163e,0.1355338857544346,2026-06-09 21:04:59.000000 UTC,1,0
0xcf245653e2015594c885199e5363fcb1884d08c5bb3b3f16437b8631da20184f,0x739c02a4f5227b4b5efa947daac4cf96e510c11d,0.1366044317110415,2026-06-09 20:06:23.000000 UTC,1,0
0x8c51c63065751b0bd9ada0edb833590230898949760dd43abbd941787c6a1890,0xb4d2e9faa1ef4fa598b1810fb992259418d88bde,0.1377763113969696,2026-06-09 19:15:47.000000 UTC,1,0
0x7b60787b1a1dcc0b25bc969a270875eef048c2fd76358add71a2315a3955225e,0xb8e0ac9b110356eacdf356729822acf680477444,0.1389908656132859,2026-06-09 18:16:23.000000 UTC,1,0
0x4ff3fa0e409c65e125e3985db153f40c3e48573d21382fb5ba65c9460799a999,0x8c0c9b3164aff16be9fa122f51dbfdb369400de3,1.825,2026-06-09 18:04:23.000000 UTC,0,0
0x61a3580f361d21064f75a5a2749314a4e6fab517f266b63d3a821a3841de449e,0x954f154a57baaf5d5fd8be0b3901e2f6c40d1e11,0.1403212901038238,2026-06-09 17:42:47.000000 UTC,1,0
0x29a09d76976dbc14f1392b5aa52b2102396a957180bff9519d273c106976ead4,0x36aaee3ab13c73a5856f970c8424219493f2b16e,0.14909,2026-06-09 15:54:59.000000 UTC,0,0
0x7d73f30c9c8299f5b2a99f0cccfa4092e17d1d1ecd221fe34f7666bf3ee7469a,0x940a7490062b11c489b294706ad5b6523873e3d1,0.013,2026-06-09 15:02:59.000000 UTC,2,0
0xd7e0b1aa2155be5cf5ef2da7ff0ef8b31423ae8463805441554f8b3393f1eb09,0x940a7490062b11c489b294706ad5b6523873e3d1,0.17,2026-06-09 14:39:47.000000 UTC,1,0
0x0ff73698c3d3b449f6cd7866862c117782a47f9a496be3ebf3641869c15ea80f,0xffcfb41a00b138f277b8002325c8ec8891fac051,0.1415612463537705,2026-06-09 12:05:59.000000 UTC,1,0
0xd1058c2946da4237ba96d4697d36665c0861a3d1dc76c7b4dcf13f20d373a836,0x8497ee078b14ea3bf8028ab1a9871a297b49a8c3,0.1426609473055127,2026-06-09 11:06:11.000000 UTC,1,0
0x7d35c081d0ec46e61cd7c0d66da4645b167a10e4f29e5186234178adb48921e4,0x09d6096903d9e328180411d341ab3eb6a3f445ce,0.1437600767286144,2026-06-09 10:45:11.000000 UTC,1,0
0x4a2279aa2df28f4aa60671d5b89ffad3abd7c768d1151ce1978a7246c80dd123,0xffcfb41a00b138f277b8002325c8ec8891fac051,0.0122284612150907,2026-06-09 09:04:35.000000 UTC,1,0
0x6b6bf16f9764691d2cc9b91b7b853338e575696ce3e71055ca8ffe403708ece8,0x8497ee078b14ea3bf8028ab1a9871a297b49a8c3,0.0125427502467452,2026-06-09 07:59:35.000000 UTC,1,0
0x38ad1151edeb4803f09ffc714373b1d761ebff942b3e76d34eee372d7588885a,0x09d6096903d9e328180411d341ab3eb6a3f445ce,0.0128284430582406,2026-06-09 06:52:47.000000 UTC,1,0
0x96a44a78e3b6f6e79de0ab261f04f8a29add47008e404697fd89dfe3c194f617,0x837aa0173b385e2348150c505232a838ac498b8e,0.010945,2026-06-08 00:17:35.000000 UTC,1,0
0x42ed510d41560f362bc268dd915e4bd1c467c4c9dbbcefd7c9f2acf4e658c348,0x1c9ae149000615ca50da936388b73e40b19c03ad,5.75,2026-06-06 20:35:23.000000 UTC,0,0
0xe1215556d84b92d6e465f2e907e428c12b3083787dac0ff63dd5259d0c8b6b89,0x1a81c49d180e3daf02f7b3a2b9bb88ef7137a012,0.021,2026-06-06 18:26:11.000000 UTC,3,0
0xc906dddddadeb4a41dab3937c1674ec5421d70fae2a9cad2a55451d6ce4522ac,0x99ceef10cfe837b425b99d8faea6ed48a1f853ed,0.265,2026-06-06 13:18:59.000000 UTC,1,0
0xb96b50902ffbc5586b4ec33aee35a7d881d83408f8b5c858c8d690cfde27d66b,0x4bb7e7a416acbd88841e2fa066de168b0179814a,0.20042,2026-06-06 08:05:23.000000 UTC,0,0
0x5e69cd4ed336062202e00121c77ca11bdd7e4b3c8975fa019e790a11c5c5986d,0xb81eb725e20dc74b86301c03016cd5ed285d9ee0,0.20127,2026-06-05 21:37:11.000000 UTC,1,0
0xd91b074a9a6500d30714eb6ce02e5f5f4f32be3a3644eeffd1aac584260e64fa,0x2924b570498938bbfd9aef32244fbfd6af3399f6,2.45468,2026-06-05 08:15:47.000000 UTC,1,0
0x1fbf755a007ed5c10d1efb77e34fe6bebb2113c099f1f5b9f92d65b69ea537b2,0x1f193e4477abc490601bfa212ee63ace18b975eb,3.35289,2026-06-05 07:33:35.000000 UTC,1,0
0x1cb01e693e7f314fc97760cf906c189692edc098b1c84b7d3e3bc52aef3a8e71,0x6d47e54d9ce2a5fe0dccb2df34937e667196f8d4,0.00995,2026-06-04 22:41:35.000000 UTC,1,0
0xf5ad82dbb551a53d7434655e95860694c9d11e7d5feb9b4613bd242898cc89c8,0x1558b49d6736e00fdf22b07a52b8c68be5f210a1,3.303,2026-06-04 13:01:23.000000 UTC,0,0
0x9e6b9dfbfe6cb6c7bb31eba47fa5d3de3e19ddeca64c10887c0dbd8b1413d14e,0x4735de1df1c261839d1f64b42c811fdf11e0b18e,0.36036,2026-06-04 09:35:23.000000 UTC,1,0
0x39c2d0871b4fac4d6bd98efbd32946e0d44f69f4a59084ea2699b4cd4fc0b999,0x7f255513056235c0656c84050ef808fb5cb67cd9,0.01479,2026-06-04 09:17:11.000000 UTC,1,0
0x848d63a86134e5a311f824c5c9fe81a9c0a6f9b62461ccd3c45e48c1673830dc,0xfae6b21aa8f8389e8a54059d779c66c699eccc00,2.349,2026-06-02 19:16:47.000000 UTC,0,0
0x3f62c69beb39ae4b43c7943bfdf4b1aa3f5d4c72a548ded3b53c3f7d06a4ddd9,0x62a7a236b7e6c7934a63077c73c70310d91d80f9,0.022,2026-06-02 11:40:23.000000 UTC,1,0
0x7aa761356d66871b80649e51cd95e288c4e3b132bdc021c10e5ca5ff3225ca0f,0xa2d4500905ea383f40c474f80c4417493de639cf,0.017,2026-06-02 10:47:11.000000 UTC,1,0
0x3c4fe855a08e00220f7083eebe2f3235fd7914d7f3f95a7523d33b5d1733529b,0x42237c62c7fecf035da15c98432c684c5f623d86,2.282,2026-06-02 09:05:47.000000 UTC,0,0
0xa843b2ae71123650022b76bb656232e385237d5838bf4f8148be3cab4321b21b,0x34cfc00b218a851a8eadbb8f53a96bc17522dab2,0.042,2026-06-02 07:26:11.000000 UTC,1,0
0xd3c78f4538ec050e2d06b7acea146ea89534ceb12497bdda0dcf081029475677,0x9216025e9a5fb248aa1df99a4ffe25d620594875,0.037,2026-06-02 07:00:47.000000 UTC,1,0
0x6da5efa5cb969deb0b6cde9f5398afa7ed776d308cf3343ea5d7d39e4935afda,0xf76421d3e1ef8264788f308ee413a627c5286fbd,0.015,2026-06-02 04:52:47.000000 UTC,1,0
0x92e32b969f20153015f5e0fe0ece5b470b6b8a4b320bc0abb24336e247b3ef7a,0xb32540983186a85721c01bd30e089604d71034ac,0.554,2026-06-01 14:40:11.000000 UTC,1,0
0xd4597347e46bd944fac56e8731904f6a370b4bded5574061f0016c280edc2d0b,0xae7ad5c687ea2088f672ba30452abc8efbd67eae,0.0195,2026-06-01 03:07:35.000000 UTC,1,0
0x12fe4d815c1010d142187c8de989c12e044dcbc4b7366751c5c67218f190a67f,0xf7d84bf8177da67d1cb04c040b80a72aac84abb0,0.01537,2026-05-31 14:11:47.000000 UTC,0,0
0x2bcafbf1d9e086078ae4227c7dbc318d2bb5e681c2f41de9c1d7fb49a8aeb8bd,0xb32540983186a85721c01bd30e089604d71034ac,0.31029,2026-05-30 16:00:59.000000 UTC,0,0
0xa489911d32c1f641ea0d41aad462ce15cc94839f2c598f87c2faaa74b03406d6,0x9b69d3de442323182c875e0c60386729d9b605bc,0.01053,2026-05-29 18:17:47.000000 UTC,1,0
0x8b02ad17867aeaed38666b0a2239b2a2abd69d1487dcf8dbd8b04c5b82e5456b,0x016452a1139dfbe6f6be85de8e59147dca52cf43,9.95,2026-05-29 01:50:47.000000 UTC,0,0
0x254d3b1591a72bce40cc288a6f93f15f8f0b6a33b88f4aa1b03ea9fcd3f2510b,0xf2b399064d07aa9542fdb9db3ad0931ef90473cc,0.01234,2026-05-28 18:32:59.000000 UTC,1,0
0x092a09a3c6d7c99f4a77edd428392f7c8d4d0fe39e7ac6f6fbec3866fac980b6,0x313d146f9222eb77cbddb81906798af4fac5737e,0.14,2026-05-28 15:52:47.000000 UTC,1,0
0x56b48a7e051baa44d435a8befb9963ce8b083904c40120d59ace117cf3a7e78c,0x9060ff5e17aadd205d45891cfafec9cb83feae62,0.185,2026-05-28 09:51:59.000000 UTC,1,0
0x58fd698af9feae41a40bd432e7d2e365897fde46cfb7d9ed62009ba43e448617,0xfaa0c1a1c39d58a724160427fbb39608fe63233a,0.01721,2026-05-27 10:34:35.000000 UTC,0,0
0xf5739ffafd6cbd5d58d99b75940c2a8b6216b913f65765a9fce6c802cd2af845,0x92a451882dab251d2ed6298b153065f8ad32433d,0.01445,2026-05-27 07:55:11.000000 UTC,1,0
0x5bde827ea59c3aba2a12c66880f62b7e801c9940748bc67092106bafec8102b6,0xb28193b29a27308ed25cd5ee967eb700435f1088,0.53436,2026-05-27 07:16:47.000000 UTC,0,0
0x4e32567e48d892f4da3b6fa498731e5e5dee9e3391f219bbae7d399fe1dcd0bd,0xbb9e6b5e0730f20d1cae914daaa0ba91e43fe2f8,2.25496,2026-05-27 03:04:11.000000 UTC,0,0
0x55c41fcad54f8b9742601bdaeee562cf03d03607f511527cb660505ae9d05e4f,0xe69a634a27a0cb65e755a1bc031eab8c582b338f,1.98,2026-05-26 22:21:11.000000 UTC,0,0
0xf3a9c745eeb77faf1ec0837911e670fa3bcfa798a30010679fa405ce8329519e,0x21235cb051cc004d2fb3901fdfacfd406d833cf0,0.101,2026-05-26 19:27:59.000000 UTC,1,0
0x46d7b72d726d9a4d82bcd1136c2a42041db9e82b90a26e345b5557ac76e8251f,0x21235cb051cc004d2fb3901fdfacfd406d833cf0,0.10695,2026-05-26 01:32:11.000000 UTC,0,0
0x38a79fad97c384e8c3cd9c09d481d2317dd2aa86592927867a83a14871089767,0x8fc1b5634f89b2fc50880a70e7e8e054f9496d2f,0.468,2026-05-25 18:31:35.000000 UTC,0,0
0xfef9113f5a9b19a79d7b89fe33c6d29aea0f7e208d3d3ea1e067f6bea06009a6,0xa2c41535b6c77e9a0a8012637ec79b21a93a70a6,0.03697,2026-05-25 17:17:47.000000 UTC,0,0
0xfb9df7e9fd68d13a53907b13bffdb81166feba31c065da9638077618c0c538e8,0x7cea076162dd284747fd04fb5fdfe3e69832d024,0.0461,2026-05-25 16:01:23.000000 UTC,1,0
0x7249bac2183d4c482885012152e21a759e9f283e957379b28a19b678ff0a5372,0x7cea076162dd284747fd04fb5fdfe3e69832d024,4.17,2026-05-25 15:57:11.000000 UTC,0,0
0xa1894fdaa8b53732a12d3aff68163d2229dbf7936ce2d6e23cfc973e2e76b457,0x772318aac576f599e7b989520b017a8124d4b4b9,0.62333,2026-05-25 07:26:23.000000 UTC,0,0
0xb80dbc443e08c066094ddfaa02f43debefbf81494bf44d90a49f1064fa463a7a,0xea869669210a69b035b382e0f2a498b87dc6a45c,0.35,2026-05-25 03:46:23.000000 UTC,1,0
0x63ae47644c4693f9210a7a869bc12c273e84f8dc0bcc1a4413494aa71f707344,0x1ca8c4f3c77495da7e197c5b14154c19b8beee5f,1.887,2026-05-23 23:41:11.000000 UTC,0,0
0x20cb2ec479c47e9a805b848a2ea3fea79f809ffe452e302e7420fbce3ef7fafe,0x87a5769ee0f51575b47ec07362b94e13868c25ba,0.02804,2026-05-23 12:59:35.000000 UTC,1,0
0xb2b9c1b4be79c096857fecb7ea914a265fbe96fbf9481095fa14887772db71c2,0xdcf1a0b0c03b4df58e052133662a3b74cb9d47e1,3.01784,2026-05-23 09:34:11.000000 UTC,0,0
0x973db5df3df11532890e9f61547d70a1110b998d56b130c043d982b5eb0d2316,0x92a451882dab251d2ed6298b153065f8ad32433d,0.55235,2026-05-22 23:53:35.000000 UTC,0,0
0x3d453e0250d7fd47d7ca2a6e3aff3ac5ab8130912947e876c63f501b19e3cfbf,0x69aa4b1c616c9f2a08d57bc8809a199d07c978c0,0.181,2026-05-22 19:13:23.000000 UTC,0,0
0x9799942c63b72cd54b8a846da0f2a02dbe9761b0369d2e7589d4bc0738229a16,0x7e1314d619dd690d47584f60a9fa619a148b88a6,0.02728,2026-05-22 13:06:47.000000 UTC,0,0
0xdc6c08ba4f2d4e955aefd8b813e886a5e3be43cb081879d1ef3474ba84e703f6,0xc88bfccf6f2eb6353590b4a0c2b72090b430986d,0.042,2026-05-21 20:12:59.000000 UTC,1,0
0x95b435a6528b5d378ebbfe97832e7761423dcf802b19f0d8583a52b45441ffb7,0x75beff45c9093dc1f0692eabac022e2e60a8ddcc,0.06804,2026-05-21 14:55:11.000000 UTC,0,0
0xab52561a4bbf6fa32a3101c3122907fcac5296c6b44749cd72ecf4ceb145c6cb,0x1e82ec431735b6fba229d26ac427df7443ff78c0,0.994,2026-05-21 08:25:59.000000 UTC,1,0
0x04c44d2bf27d81d635af79972538171deb798e82d707cfd851a60c314d771779,0xab968fb9c837de8e76639c645201cce4591e1186,0.05535,2026-05-20 10:32:11.000000 UTC,1,0
0xa059e41ad44e9516630c0c231d4891d2bae59e296074f5ad8203ed99848e2211,0x5701a8f44906e4b515f5cfc0e09ea0d910f4fbd4,0.03371,2026-05-20 02:58:11.000000 UTC,0,0
0xd0585706d80c6ae931d2a5d17feb003b5b9b8672b89a607b1c13aeda5563b272,0x4668988ed1d9226cbae65c4c7c8c268c2ead2aca,0.01234,2026-05-19 22:54:11.000000 UTC,1,0
0xb1b0dcb35e7bc2a083db9206ee7be55c6e1bc6ae70e50e452e6b127a1937c812,0xafbc93ccb2b0edf4d6bbe4a604c31806f216839f,0.01962,2026-05-19 17:17:11.000000 UTC,0,0
0x44e23593d1b76bf75025f630f665adbde6c0c16a036c2d152e80b3fa8a15baf2,0x70380e4edd5834399681f953c4bb2fb6b6fb1391,1.39171,2026-05-19 15:26:23.000000 UTC,0,0
0x65289c24ff6bfa6b4bbfddf4424668fa35ddf56a0e7b2d0329b0f9c5659f99d6,0xc53628263e78e42edd621959151e20dde2077a3a,0.053141840405245,2026-05-19 08:37:23.000000 UTC,1,0
0x2350de8ee62182478bdb91f812e0cde94080cc095b3c75c3d5af54d9370c1574,0x82617c5ead9f3f1a89c4b4069bc3e8d442a7fb57,0.02273,2026-05-18 13:42:47.000000 UTC,0,0
0x80a2149e83a9a1f9a2cb563a2a92112b757b5bd03f5fbb81000e4e20ac1a61b5,0x4b92ff7faa400266241075e4ee2b146e3fbe6664,4.7623,2026-05-18 13:40:47.000000 UTC,0,0
0x9a9fe691a5b14e16ef58abb21e3c1d3259be6c5159ce2dc51acbb80ae7725f7c,0x84fc011c5d865eef0ca48a08da9d5ff0e33c82c4,1.251,2026-05-18 10:10:11.000000 UTC,0,0
0x6dad87ef6ff5d7c2f8b3d3728eabfa7e3380612a154d42082e61611f29a8f68e,0x82617c5ead9f3f1a89c4b4069bc3e8d442a7fb57,0.01701,2026-05-18 10:02:23.000000 UTC,0,0
0x535a57c37b73a2915136382ee5b0b7951f9996188e8f0d3ce60a4db3b9d22868,0x1e82ec431735b6fba229d26ac427df7443ff78c0,0.935,2026-05-17 23:03:59.000000 UTC,1,0
0x350472b21cd5bdfa7f9f813008ccd8fc20a6bfb3c4780a66e0502340da8e7223,0x0b5efa9f66372d1f3873a20b6c5a168893f05fee,0.07145,2026-05-17 15:53:35.000000 UTC,0,0
0xd68aa46cc9d55f57c03301e583391d5b10ddc37d179f579a4fcf31e4a5cf6f72,0x810e2501778eb8bcd553753a57864f32cb328474,2.69089,2026-05-16 11:16:11.000000 UTC,0,0
0xe27e7892513dc71931b0b9b7936b95683bd3d099b77193f7212730e487e01d43,0x7ea423eaf67b2fa4d755340ab3951f709f0e4088,0.0375958181181676,2026-05-16 08:54:59.000000 UTC,0,0
0x4afb8a456d1e0bab5f879071176f9468634cd5ecc62cabfa39f38ab333c6cea3,0x14e59f91c2a757fe636af2a451a5647f6af40775,0.01507,2026-05-16 06:15:23.000000 UTC,1,0
0x4d2c78b91f254c6b8b2f62d6dfc8dc211bc50934fd25853bb9f6cd1bfe47bb0e,0x4a77bbf59a9ffa7ab370985667311e879425aecc,0.0162232695178795,2026-05-15 21:21:23.000000 UTC,0,0
0x58a5c6cf2f43169828651381ff75697052f40b075c5b54cd9d97a97e0786ddcb,0x38fe097a85d880ebb752fb07d895b11aa5715ac1,0.0109737819309613,2026-05-15 21:20:11.000000 UTC,0,0
0xf5ad7dc76d131293e32cc75b09750dc157ebdc19f0404e677188c7c13731a3d9,0xac376e51dde5eb61f457f2762101006718c86887,0.3043509089545346,2026-05-15 12:49:59.000000 UTC,0,0
0x94c6c7b19256959fa1af73861d1d85fa647625b1fec84af89ae98f61178c2fcc,0xad3abcc0f8c241e520f4ecd496a3bc792e96e1a5,0.281,2026-05-15 11:59:11.000000 UTC,1,0
0x70f8ae39b39477131eebb848988126ab1bda5a5542032bb5e04a2c6a62650a17,0xc88bfccf6f2eb6353590b4a0c2b72090b430986d,9.933,2026-05-15 07:19:23.000000 UTC,0,0
0xc9059908d2cac594ed8a6f6d32f688f8e159a8471b65d1ec6b610c26cef08628,0x2a2334216b7b76df267617e52604cc17a5bb7d73,0.0852232696658071,2026-05-14 21:40:47.000000 UTC,0,0
0x3ec11e014c4da0fa1db27f9abbfa8a9b820b96a4bceeb6f6c4a3240b6ce7bb4c,0x920c02568c6e63198c6abb8f8a6506597d8d0eb7,1.378,2026-05-14 17:26:59.000000 UTC,0,0
0x10d470100e5c139c2d3c291f0e43f37f904defc9bccb65302579d0e6592513b9,0xef878c3d52d5372df671c0e3126def8fe69f4bf1,0.025,2026-05-14 09:41:11.000000 UTC,4,0
0x654af8fb7729fcf8740adef9f5a422143edf031a6235597e0b9b1fd67bcb62af,0xef878c3d52d5372df671c0e3126def8fe69f4bf1,0.26,2026-05-14 09:36:47.000000 UTC,1,0
0xdbf4f03a590256732a92dd6151ab6fafd464801f94d0713c502c7e66b7db8970,0x7c92619e6f313a329702b323cc6c729ea2dd18ab,0.058,2026-05-13 20:22:47.000000 UTC,0,0
0xc24dda68dc0f9687811768455c0d380bf6359c92346537dfd3b7ba9fe9c748ed,0x1a02af50f11fa5fa5e2ece35469e7467b6d4d7b4,1.484,2026-05-13 17:47:47.000000 UTC,1,0
0x4c647b972f57369ff2786e66cab5e6766272c6be73d739d7065f843bc22d3429,0x02d49697139f40bdf3950cdae931b150e0fc05f0,0.743,2026-05-13 15:00:59.000000 UTC,1,0
0xf6bf640255b354b9c24d069b4e28f2f2fc82aacc7d614e5ce23af915223369ef,0x02d49697139f40bdf3950cdae931b150e0fc05f0,0.9962,2026-05-13 10:22:59.000000 UTC,0,0
0xcb0289ca83268752439250c8be43edd8984688ad56a62a5fdbc4e852b0090b73,0x1a02af50f11fa5fa5e2ece35469e7467b6d4d7b4,1.698,2026-05-13 09:54:11.000000 UTC,1,0
0xd0d067766bbf553c5023de020ef496c126601bcb669a119df01994688d6a0cb5,0x69c9fc84415ca15822e533847b5d60518709085c,0.4020183269627467,2026-05-13 08:47:47.000000 UTC,0,0
0xee3787fbba4f91a32dc2450cb2fe9f47482766a47ff8f729650032d59e5544aa,0x920c02568c6e63198c6abb8f8a6506597d8d0eb7,0.9835,2026-05-13 07:09:59.000000 UTC,0,0
0xdf83059368b9fa6060291bf67ea6eefcc2876b8359b0a850bc0d53a31167942f,0x53bc793bb9afde6c9ccedcf33018f1611507b7b3,0.8963,2026-05-13 02:06:47.000000 UTC,0,0
0xfd3d7daf805b944808db78df3ee18b23fb314575fa466039b1f421c09f1a66b6,0x1e82ec431735b6fba229d26ac427df7443ff78c0,0.37,2026-05-13 00:51:11.000000 UTC,1,0
0xc471b084d352c740ad78968d9f43cb0cecec96f538d127d19070b4fd8f834812,0x1a02af50f11fa5fa5e2ece35469e7467b6d4d7b4,0.9653,2026-05-12 15:21:47.000000 UTC,1,0
0xdf3958f33144015add71ca8ce9c8488af07099085b1ade2185749dc82f4f7cf7,0xae4d03c653ca3cb60331e6c222ee3f37a5684458,8.15677,2026-05-11 21:33:47.000000 UTC,0,0
0xb23a19594e5e85ff23594b94ba5a1dbf0be58f95e27061d285e1f5e6dfc6ac87,0xed1e1c44f2ff7f411152e2f74717b60127c5e313,0.02701324619892,2026-05-11 11:58:59.000000 UTC,0,0
0x897a81bb9021f6aa689187e5623820083fb16b842e883d5724553185c575193f,0x61e1d48f6569e03fe203d15e92ec20bdca73a7f5,0.015,2026-05-10 12:52:11.000000 UTC,2,0
0x08b19ddc58c032b20a7e2d8bb49d4e8b81152c57be14d432ea0fcb3f0d51f203,0xdb7ec159ca69ae19647e8db5fd5809a6bac17d4b,0.088,2026-05-09 18:15:23.000000 UTC,0,0
0xe4d55f340b821040608c9eb9220daba32cd51a69383e8e2028fdf25854a7a9b2,0x86cba6f2749a58738e5f177a3c9ce594aa0874f5,0.3645630461101276,2026-05-09 07:07:23.000000 UTC,0,0
0x4e5cc67cfd7722da4bd1ac1b22d9edf1c5c22c1ccca9f1b8a55b9c66d8a39055,0x6e6031664a1d3d7f5d3ca8b8af5ea5844ba9ad60,0.32547,2026-05-08 05:37:47.000000 UTC,0,0
0xe06237ceb1aedd5667e0625de1970edad4c50992260ce0269a9e7bbe5a0aade7,0xf4f7f1bd0905efe61382de895ec3c1ed321b995b,0.4975,2026-05-07 15:58:47.000000 UTC,0,0
0x975f11a58612386290b4fc147cd3a36d66cf59a8d5021aeccd782c8130a2b15b,0x5a57183b748ba614d900f224fa55c5a96b7f7971,2.75,2026-05-06 21:17:59.000000 UTC,0,0
0x127e94a70df1bb1f0a6fedb40446d1edb4f3fd458605b7d5341a418213b9771e,0x3a3565a98de133190f7aacb06d6c684c61562b18,0.04166,2026-05-06 19:03:23.000000 UTC,0,0
0xa2faa3fc4f75a16afed7d1dbc09f0a25e3f0025107413279ee14cc958dd00ee8,0xc3ab4f4451d65299540242bb8ab3c2c65154b3f6,0.43,2026-05-05 17:36:35.000000 UTC,0,0
0x09e8511ee90722b02615973c5b0daa0016337ee541ad2e239228196c10226407,0xfead4a41bf3654b1531b705001cbe94d2078ee1d,0.013,2026-05-05 13:08:47.000000 UTC,3,0
0x67f2672124632f45db3ec1dc9dfde1075a65bc389e006dea3b842a2555a72047,0x9fb0873a5392d4fe376f18c67f5199676ea9a81a,2.22,2026-05-04 20:33:11.000000 UTC,0,0
0x50e3c6ecad9cd9f1480bda13cd6ab492040e171ae31867b87f9802286984d12e,0xa0df0e58e5a0d7c61d3ef0a140cce006cd1b12e6,0.03777,2026-05-04 19:29:35.000000 UTC,0,0
0xa04ed5ea298f13ceb673f0a745a919d5cff0f3e87ce525dde162fe4396016f88,0xa0df0e58e5a0d7c61d3ef0a140cce006cd1b12e6,3.473,2026-05-04 19:28:23.000000 UTC,0,0
0x3e60e6e403667e92bc20d70ee13957b3bd616ddbce547b36d081d52b70c05105,0x1bbebe590be080a6b32d853167679480e7a973d1,4.194696844602712,2026-05-04 07:20:11.000000 UTC,0,0
0x3114c52d6af7993c29001a527b3ff2a4f3a338d4d6957825fccd512e1e3ad109,0xc07d58cbb4b96deb79edb2c37c46127233697a94,0.0871,2026-05-04 03:06:59.000000 UTC,0,0
0x50e12dd5a71fb8262a9cda0b956ed3895a85363099a553b1af91798df6713f6c,0x4effd990230ae0826d27141ee1caf9a199f33559,0.398,2026-05-04 00:47:59.000000 UTC,0,0
0xc3e7e574fbf056716d8bfff53eb90b4b23783df98395104bf36b0d39a23fed4a,0xe476ef097ed0dfb6d96a31052eb219a4ce1cad1f,0.03175,2026-05-03 21:26:47.000000 UTC,0,0
0xe571e8394045a64f34be245ab3276f6b5f80441b21d07b289977f33a5380d891,0x860c12329c89c9131b2dc90b20769f5388b24b1d,0.0165,2026-05-03 17:51:23.000000 UTC,0,0
0x50066feb538dd35a1b1ea7d7c05170038d26fe642d68fd34cadc8166a1a16bd2,0x028c018a43758e410442208d0e646ce30bf8dee6,0.106,2026-05-03 08:49:23.000000 UTC,0,0
0x820b4797b2e06bf7359f2afbb392b002c196cd4eb3cb662add7390569b4e5124,0x44fb69fac1ba1b6416f5e3699c18be4be18392f7,0.13,2026-05-02 23:10:47.000000 UTC,1,0
0xf2a3bb13876a34de7a91768881bcf8a3ba1884322b5b4b9b8781d9fff9462444,0x9da4cde5f6c4468cff8e0bbb7875ee20e856c9d1,0.456,2026-05-02 10:37:47.000000 UTC,0,0
0x37f8d30b81a1a0fc518b4f548be568fa5e5993f2680855db2ae2e00a53188773,0x2143098d9dc36e212d90e7b402f121d9fe83a3b3,0.0396093391216816,2026-05-02 08:23:35.000000 UTC,0,0
0x7a5ce03564a14d85bfc738bac040112a5297026d9e8f01d2d89444b1a42fd322,0x002e69d2be3be4339db5701d0c317f2ad86243cc,0.0229162334058274,2026-05-02 01:57:47.000000 UTC,1,0
0xb822c70b829ee647717ec3ed3914326a1bc670242a1d039dc5ca092c26464ab0,0x61e1d48f6569e03fe203d15e92ec20bdca73a7f5,0.035,2026-05-01 15:13:23.000000 UTC,0,0
0x802c77ffc3a5f8e79533fa9445eeec69562e7ef736311999c0244c65aed26b32,0x1805a487036ac67e6a23b1f7cc44d60cce82a91c,0.010012039175532,2026-04-29 23:35:59.000000 UTC,0,0
0x4908fffae4529f1917d114919fc24683999a601bf47089ab8dba956feef0a722,0x97830f7e38fb5b55fc7891a6a68ffc8b3b628a1d,0.01532,2026-04-29 10:41:23.000000 UTC,0,0
0x991b363bd95e014739f1b19793b34f44e78566100967d3fb948e9552901cb1d3,0x940a7490062b11c489b294706ad5b6523873e3d1,0.0776,2026-04-26 12:13:23.000000 UTC,1,0
0xeaae7ccbd1d20286dbb1d60bca31ce2d8794c9419a714c0f9141e6e5daf440f3,0xcf99569890771d869bfc28c776d07f59b0636d72,0.018,2026-04-24 22:53:59.000000 UTC,1,0
0xf02194fd2e5b138203826f5b645a2e6d7d117de7e666b7a7d5cd228beae6c2a7,0x2fddc15a3dfba8e94a161ded1e96a65ea8797648,0.0342945,2026-04-23 02:27:59.000000 UTC,0,0
0x4890ffa1617c9aa9734cc29d4e0502f53c2f94707f17c769a41edc78ba2b671e,0xceee10b100e1c9e9fb0c8be0475bb505ef16c08a,0.01263,2026-04-22 11:50:23.000000 UTC,1,0
0x159adf08bde6a0f4905d48038a906d8960080d70a2902e9c56fca718088ae0c4,0x7ac7abf5a9bd384f4aabc6b0db8d4639cb9e6f6d,0.07031,2026-04-21 20:24:35.000000 UTC,1,0
0xacebb62a97aa0bf18b191a7aca8b8f4e4cf3312ee52d0804951582baf9c92c0b,0x77cdfc29c5fd43e1263b2d887eec6dc5e86dfc9a,0.246,2026-04-21 09:57:11.000000 UTC,1,0
0x354f6a819ddedc80aaf517fdf771f0c7e4015cd1c887601201fd92a5c3204b8c,0xcafe879f8a164b508db934622dfa2fd3ca71fdd2,1.155,2026-04-20 22:22:59.000000 UTC,0,0
0x4722197356f98d322670c2589f8f31424f438c134e5e39e4e90386a3655b1eb8,0x09850fe2bf538a0b5ecfe70eae290286304f7fc5,0.0448562835064417,2026-04-20 08:51:11.000000 UTC,0,0
0x67087d805d4b5948e57d4ad7c79220f24d1d0596c45066ab881e4b9e8185ad74,0xdf7901c6cf836e0dc87547b51e541c5556a4738d,0.01484,2026-04-18 13:27:47.000000 UTC,0,0
0x4ecf2b5c8c4fbde337d21e6d7027a9994123058007bad1cb6098f6b953a53f2f,0xfb7c1d49e006eaddff2385c7ef8b0c5cf49d038a,0.14,2026-04-18 07:38:23.000000 UTC,1,0
0xca7dbfb31fb1300112e909d62179f5e3b1870344445844ef407864f137811b63,0x28cf37962ff401452672f265ec10b820ad435f05,3.838,2026-04-18 03:29:35.000000 UTC,0,0
0xeeb1fa47a0625c95a4f564c64b89e647f0a1b4f1e6ada14876d9a36f4a2dcfc8,0x214f00044188d3c6f9a501aa7b4fc7f2c3c6782b,0.015,2026-04-17 18:34:59.000000 UTC,3,0
0xabe2dced6bd75324b3b149ac311decfd72a6e369451c9efafb2bea4dce96afea,0x2e3bd4e33281ec73b88233ab5f8b0e52a8d6f913,0.4673,2026-04-17 13:47:11.000000 UTC,0,0
0xfb9bf6035792a9cc82629606dca553ded7439f68d3028c10ee83b0ebd693a158,0x4e1579198621642ee558309e3544fe00bc4a15ee,0.0285,2026-04-17 13:46:23.000000 UTC,1,0
0x7cb8dd680c7888412284c4fb5f2591059294dcc526b166295fccfa1a78146c1a,0xa5e6b86b278ae2511518e0837047ae9595777434,0.08564,2026-04-17 13:44:11.000000 UTC,0,0
0x3df9f200e0fbf99d32558e76166624c92acd3a6ce6285cbacdf7e6619be07254,0xcafe00ad6c7961deda1658a587c159063067a9a6,0.289,2026-04-16 21:17:23.000000 UTC,1,0
0x1d8c7350ac40afdc57869adef59a3810ed480a772b0b8b8ac48b8c77eddab35b,0xcafe00ad6c7961deda1658a587c159063067a9a6,0.535,2026-04-16 20:53:47.000000 UTC,1,0
0x6487ae86b817c4369a8dd7d866c1d7560d7885286e8086a65a08e803a2cbb5cb,0x436e53290d25bf57f09ba2c989640a1925bbc42b,0.0138000125933004,2026-04-16 20:34:35.000000 UTC,1,0
0xc82065e468b68eef2c731a9eeaad535ef91ed63411ef6db273f3c611cc8e6319,0x603b06f16e2f027170f73ae09ba73881ece8ea9f,0.031961,2026-04-16 20:30:47.000000 UTC,0,0
0x9d91b79b0779ee76e91bdaf6ba0188dea5407efcc17f878ef6394922fbd066ca,0xa4055e8dfbfa1d2d4f1a5fcf14a00f6b26e861aa,2.91502,2026-04-16 11:12:23.000000 UTC,0,0
0x88da692cb26509d57de3bcf091ef16f5e1a4619cd806791ff8f957f97f91d7d0,0x77cdfc29c5fd43e1263b2d887eec6dc5e86dfc9a,0.25,2026-04-16 09:07:35.000000 UTC,11,0
0x92efbd645d3e6461243f3fa96c43530d3b757575ccb7f6de35b1ef644ba91d90,0xcafe00ad6c7961deda1658a587c159063067a9a6,0.15789,2026-04-16 06:11:47.000000 UTC,0,0
0x1d4596427a67e633e2c8db54b3845bbaa674e51c3acc31ac3c7f807aeb670031,0x034265d7289c4a0bca704d1b75d2f829fca852e7,2.5035,2026-04-16 05:33:11.000000 UTC,0,0
0x111b37ff5bd5efcf19c4ac114b6dcb599e1e7d288c20dfa89fb77bd60844382c,0x0b4ead9adb79457816d446deb57d7a22f88c644c,0.025,2026-04-14 17:26:11.000000 UTC,8,0
0x529133f36566af5c85b2a335826b1ed62311041be378ef1cc9b0400349ff7ef3,0x49be8a0773824e2917f4baccebbdf298e7cf27bd,0.172,2026-04-14 17:21:59.000000 UTC,0,0
0x9beec081c593189cc68bd78295193ad3674e0f7d8d6fb6b504fbe593c798004d,0x8437e936eaa398b408ecb087caab2f0c27e7c2f1,0.19,2026-04-14 17:04:47.000000 UTC,2,0
0x35bc33cb028877fd879252b488bf76332b5f64898b5a71082d883e5634dd4c0a,0x1fa375341fe8b74a2eb116516b550ba21b689819,0.0142720983142338,2026-04-13 02:31:59.000000 UTC,0,0
0x9a84d41ffdf7b982e1f6cf49bd62046acd2f738454b28258f2f70dd25d4e0e7d,0xea8480be7ceb0cd7014ec043c84cf48b344861f2,0.18391,2026-04-12 21:46:59.000000 UTC,0,0
0x51fa1a5fc20c01f3d02b221071bdb8b9cf7ff52f87547080f828da22997550a7,0x1b3fd74d1c4d7c22cddd3e035a0cc29d1c1d6514,0.05513075,2026-04-12 00:19:35.000000 UTC,0,0
0xc8c2310d245f866e26b394f5d3cca8ff9c9e349e339e98f57bde6035e9d8af04,0x9783d207e3cbc58998fbb17f40e43205d6319b24,0.0505318631004482,2026-04-11 12:26:35.000000 UTC,0,0
0x16b909c3cfccc0c32ca3c23dd89afcfc364d76e986900de88a5607dd0d622d12,0xdec0de729092bff045e093083f76063fe7f76aa0,0.039,2026-04-11 10:36:11.000000 UTC,0,0
0x02f3a1179c9c565bbf8be3797215fcee1788ee23a9d2c90f34016062db3bfd90,0x5083efc06573835c8459af6ab91b434f8d1858fa,0.02607,2026-04-10 15:57:47.000000 UTC,0,0
0xc9be64fd8f608765f87d5d399e8d905c4de8dafe1f7510fa6bc99368ef5e98e4,0x1afc904a652c15187ed3e38e1377e3587f6c6b4f,0.0105566775196303,2026-04-10 15:47:47.000000 UTC,1,0
0x5c01d15e290ef742e9f817835b9ed14a5399fb19239214f3ffc865d14ca6cc7f,0xeb8663ecc9126aae55d39c15359b14e5e998be32,0.01745,2026-04-10 15:38:59.000000 UTC,0,0
0x7fc1bc51e4cb7a755f4e37906c089f6c665657087b07df2772c932e0d3af866b,0x7185fb733198ec9739f3b6235af17b3d3030aa3e,0.0146914890130341,2026-04-10 14:00:47.000000 UTC,1,0
0x0225241894869ae0a99525d080177f6936c702209c62c02f56c319f16f024c9a,0xaab7036a313d188f4b0d130b8087f448e03e218c,31.48701,2026-04-10 06:44:11.000000 UTC,0,0
0x121e11797117c8f10621aae4a54a3fabdd6da0493af85f4d51a1db89b8dcdf90,0x8a58443fd1d652a1941aad07e786000c1af4ef09,0.0426985,2026-04-09 20:43:59.000000 UTC,0,0
0xe31ca25d7b3f504edf7e5dd4a8cdd3c212ef34183693278db1398d361724e3aa,0x66c09f766ecf9d0e676cbd399f0b261e456f5179,0.05714825,2026-04-09 17:13:47.000000 UTC,0,0
0x12f46e9c500f4f2c0ddb53c88009240028b5638129ad7e1a518de5805274b23a,0xbe3743d7df77ea127f56a146a7451604a96854b6,0.13935,2026-04-08 18:59:23.000000 UTC,0,0
0x5f494ab8aadc2bdff74bbffd6e32b85d9ec72932d7c7920ae341828adc5ac095,0x31500a5975d6defa31912ecdd8b84f9ac3bdf72e,0.75,2026-04-07 15:52:59.000000 UTC,7,0
0xf9855cc5619e04361b26a5f8a1a3440ef0928d4ce35af93adefce40b56cd82f2,0xf1df7061c56d69401da0a45eded62875599a9650,0.060909,2026-04-07 09:04:47.000000 UTC,0,0
0xad471708f7b65aa7176ec44092a5b5201ead1431c52c6a0037d2f9a2ac64981c,0x5dc983f01dc3691054755e0540e6c669a27e0793,0.08514,2026-04-07 08:31:23.000000 UTC,0,0
0xf48f9c2db407ebf14c61def9180a775b8974c5366c04967d57b52ff4ab6c5de1,0xe04885c3f1419c6e8495c33bdcf5f8387cd88846,1.15,2026-04-06 14:36:23.000000 UTC,0,0
0x26794e488c567e1ec7c183a6bc0a9e861916c1d9b3f4c7a9cd1388eacd84bfc4,0x1a7d20f8bd74eed5ba703da4fae5bdf1ba69c2ab,0.1025,2026-04-06 13:28:59.000000 UTC,0,0
0x98386fdcff1ae3fd1d4825c9b772cfce2b4bbefbdfee1ac5f8b5ef1beda072cc,0x3d6be7303255c94aafea2231921c9d37a1f8837b,0.015,2026-04-06 06:30:11.000000 UTC,3,0
0x9fb058260516e993cbb4759a09475c03e12607f6c68f4eecf096b85254e9e745,0x4e1579198621642ee558309e3544fe00bc4a15ee,0.14812,2026-04-05 20:03:11.000000 UTC,0,0
0x17ac415551d1d31498fc0cdbfc35514ef8184fdd1c6f932872a4d66dcbed930a,0x8fe0dc2d5132ad8612540d8f721721c2babc3116,0.01588475,2026-04-05 17:24:59.000000 UTC,0,0
0x6fb9e666a178726a56372a1abcbb81cb3ff28f0242c452605867aaaa15c8e3cd,0xe56091c58682c3e4335dae7800ccb3eb385b4151,0.0125,2026-04-05 14:02:11.000000 UTC,1,0
0xb3a6f0cacf58f6cb6c60740731fc4cb463d6a1b43bf587d6032c1a5aab8df530,0x544c5bda9645ebbfca4a4832342f31053ba126e8,0.011,2026-04-05 10:47:23.000000 UTC,0,0
0x5d5344fefe9def535c4a081b4c9eb0303d77ad939f2e52a599897da3890f10f1,0x1f0dbd861ec9022714d73fb54a71ee9135d6c172,0.14584,2026-04-04 12:29:11.000000 UTC,0,0
0xd38cf978ce69d13b2f443e23c54908ffcadfa0e82f8117191e0283d51b8d4f2b,0x040963903e15219082537cdec713760febd893ee,0.064469,2026-04-04 03:09:47.000000 UTC,0,0
0xd8b082ebb8564a74a704576ab2527cfd2e3be041ca1d29a346b58fc1ea250ab1,0xf092fa0bccf1f2449d931126f3bb1e99ad31d436,0.0324175,2026-04-04 03:01:47.000000 UTC,0,0
0x4d2db6166fe7f11054b2150592a2ec9ccc21c40f841c8767a163ee8c89557372,0x6ade9d3012b33911c300fe39d7495da6f59dc670,0.05387,2026-04-03 16:26:47.000000 UTC,0,0
0xd0350d6d445e5fd19d8c9a972928cd8d6e8dc9ae8a39facd4d18b449cb4df1d1,0x5243757f2dff6561c3a61ce1f77958a51618e1b7,0.01925,2026-04-03 02:22:59.000000 UTC,0,0
0x005459b231bfa56bd52dccb973abdd3adfb751b93a2e4bf15c8cf7fb54433298,0x2812a24307d79ebee2ea0a76d75b4244b65c27a4,2.01364,2026-04-03 01:47:59.000000 UTC,0,0
0x448d0001c6fa5ed619e61239530b52869e9be2b3d744e483c7fd4f0aba694aca,0x2812a24307d79ebee2ea0a76d75b4244b65c27a4,4.675,2026-04-02 16:53:47.000000 UTC,0,0
0xd7bfb97d3b3e944e8be3abadb1868baf79a186b467e8211062801623378d0c62,0xdcdf73329ecf0aa062e52f636cd623420e085e0b,0.54238,2026-04-02 03:43:59.000000 UTC,0,0
0x55e9c5f0b50005a9367c17fa1ec2a340b8771f0d5590978dc0d4ab9f7ddc1aa3,0xcbde17ca8b9163644a9d9679699cceb1ab10c46a,0.115586,2026-04-01 19:40:59.000000 UTC,0,0
0xbb98668bcd88201b5eb56675fae2f9f9bbb092700eed9da0207928c865a72974,0x159495dbb22ae47fbc282ec87a6b614092e255aa,3.25,2026-03-31 20:47:47.000000 UTC,0,0
0xa3883246319d12c2529c959f82e18df885508d4140f0f61ddbc582149e960c31,0xdedc1c2587e75df2774ebbc624ab6d2bd637eb72,0.947208,2026-03-29 18:21:59.000000 UTC,1,0
0xd253b0c9b1fc9c04894cde7910ffffec341e12fd46730988da380f6829ade202,0xf31edeaf375cecb2b2f89687b84a79ac718e4c52,0.017,2026-03-28 23:55:47.000000 UTC,2,0
0x81e4a6dd8788d8926790a7014169ae642a0ac50b1eb83f42f3023e2f28dba4e5,0x30ef4cfe6e4d450dbd315ed695e256be91659b0a,0.026105,2026-03-28 19:29:35.000000 UTC,0,0
0x3932ccd4ae4c0159d1c81bdcfdbe4dbfaa0a864ed813be274387c4663d21867f,0xa4318c0f24b161becf425e33a437e18eabdeb54c,0.031406,2026-03-28 19:29:23.000000 UTC,0,0
0xbf7eab3f3c3d6460010069483242a2156dc488724b0702040e5c574b3a7c57cb,0x6c5d494b168a27f750cf7a95053d9e877cfa4ddc,0.047,2026-03-28 08:37:23.000000 UTC,1,0
0x2303b291cfcbb73d8687ff97caf113d65db476b35f40b106c8b816b96d7e1e14,0x860c12329c89c9131b2dc90b20769f5388b24b1d,0.27,2026-03-27 21:12:23.000000 UTC,0,0
0xe4cad6fac193a195dd4422857177bca5e496bac20752caaa48f64bc8967fb6af,0xa63dc2738b37f3de2854b0918921eb9c0339039d,0.011289,2026-03-27 18:49:47.000000 UTC,0,0
0xb4795fcc1ac0f1f5335191cefc3c8e1e46d94cdf334e7b64cc20f76cb984eb5f,0x1619d679a97de4589a11bcf1fa3cca9c4a488966,0.01234,2026-03-27 18:48:35.000000 UTC,2,0
0xf4e3418f351f117671536f79e89eaadf1c64cabbfb0f29fb503f84bd913ae0ee,0x5d196eccfbbc5a40f8d86a70a77d0ede34c52545,0.012,2026-03-27 17:28:35.000000 UTC,5,0
0x05cad3efc74ae2b0b196bef61f551770aca4fa5fcb70759f02cdf2b687b6d32b,0xb87010baaa4e05bcbc8bd8b7a7f27b2bd60b0917,0.16938,2026-03-27 15:50:47.000000 UTC,0,0
0x918335f9ac3cff5853ac145e1c1f8dbb0b4c7c4c165d6e3319af93b4d74ebabf,0x23c56e08171ea32b0aed36a08b6a17a13de47a14,0.03105,2026-03-27 13:31:23.000000 UTC,0,0
0xf48330c5d9d9b41b77d54a06cdfdef2c78ff5d2d6ef0aa5f06aac6e7d94e1015,0x98ab5781d2f03402fe17d334ce4a527f1848a2b4,0.08963,2026-03-26 12:35:11.000000 UTC,0,0
0x431cb13a7dbb41d697e13ec369254ea42acfa6d46046d41ab8be74b894e82aad,0x5e60514a1ab19fa5902d271842e8a959441241a8,1.1602,2026-03-25 19:42:35.000000 UTC,0,0
0x6debd9e0ddcf420535c2df8ac6b7b0a127448fdeeac4a7e7b81e54fdf696a446,0x8efb1d00c8e39f7fdc84deffd2714d4155ca8f80,0.018,2026-03-25 14:26:11.000000 UTC,1,0
0x673d1603a8981f87350d42979db2cbcaf2d6f59ca0dd2c8dca6a6d7e3c2d7aca,0x89f8b29387a10f8c32f51fe9cfd1f21160598408,11.25564,2026-03-24 17:58:59.000000 UTC,0,0
0x08980a2aad8b5d987cba34eb9e2927f9c5cb7bda712e992e3dcba32fd51693f0,0x2b0d0023aa822a35943738c5dcc1061977ac020b,0.01893,2026-03-22 20:13:47.000000 UTC,0,0
0x5921267a7640c43c36782332df3cf02ada9abee25222a23c622db4236e3fa4e4,0x2843df91df16e9b5beea7b6629684ba8b6b9e8dc,0.01001,2026-03-21 16:00:47.000000 UTC,1,0
0x39bdc573bb140b55e15803515b4af0767483b8bf4791117ad6e7b18caca70cf8,0x2f3b4be902fdf4453d92782593cd103dbed4a133,0.80944,2026-03-21 12:36:23.000000 UTC,1,0
0x9a6a1e4ff10ff14d894224252cb0137f978328afff785de71f11ba736fb7ae96,0x2f3b4be902fdf4453d92782593cd103dbed4a133,0.04451,2026-03-21 05:43:23.000000 UTC,1,0
0x12b9d1b3a2b522fef7bfb4e30a1402b80649afa78ae8379d17c0e3d11d4ee3a7,0x2c1a8dddcd1d44ee50ea65da9ca328186e460b80,0.37997,2026-03-20 05:39:23.000000 UTC,1,0
0x325417866475f5713a7b8dde8d626f0a0f108d35acb9b5d7fcba43b501e32d44,0x6b6e87c037aa8c3a50a5010d8704bc5ea5c3d3ad,0.20723,2026-03-18 14:15:23.000000 UTC,1,0
0x400cf0d6761bedced646a0dc63c0abc362aad2ceaaa560dcb86d6b9d9ec49bfa,0x6b6e87c037aa8c3a50a5010d8704bc5ea5c3d3ad,0.32097,2026-03-18 10:17:11.000000 UTC,1,0
0x2b829ab454b7078b1b11ec1d92d2d8d86d4b882e5043c87ee708529f485d8f09,0xc9d6a268ab7a3dc1fb05bb904ecb9ab1e8dd845b,0.025,2026-03-16 20:32:35.000000 UTC,10,0
0x3bff154ff38e547261592133a92a94b653db1216d3b5aa0addd0090c3673040d,0x34f6e6f2df175ab2a13e75cdb56e7c3a4bbfa417,0.078,2026-03-16 13:21:59.000000 UTC,1,0
0x8416cebd15484d2122616c965823f9be0278420aec1f287b6bc5d6c9f81fdacc,0x97fd0f1acce4bf72f214492af39fe9e065e17fb7,0.91,2026-03-14 04:32:47.000000 UTC,0,0
0xcaf0ccc7a6590f6e918004f033bf72d714bd19abafa30ec5eb281db4ee3789f9,0x31500a5975d6defa31912ecdd8b84f9ac3bdf72e,0.25,2026-03-13 04:09:59.000000 UTC,11,0
0x301380aa198d246227136d0e9d897294b0f886a10d83c3fc0a8cfbae4c514987,0x9249f0291d6dd05b7d49ea7fbeae668c58774cb6,0.01922,2026-03-12 14:24:11.000000 UTC,0,0
0x450c6105c5a7b07a0a890fab5945321e5184271f670de10ad02613e8a766532d,0x8c0c9b3164aff16be9fa122f51dbfdb369400de3,1.65,2026-03-10 20:00:11.000000 UTC,0,0
0xa85e6a179a631bf4b8da9be52d18481ecd2c5fb5cf316962b67228abd2d173e4,0xa0a72df3fca4ac9c7e29e4f4b4b4f9375be66075,0.1529,2026-03-09 23:16:35.000000 UTC,0,0
0x08db6d379ce149bcb15cb1dcc9cae3dd2348200fec141f0df29fd6335fe7ef9c,0x2c1a8dddcd1d44ee50ea65da9ca328186e460b80,0.98767,2026-03-09 12:50:47.000000 UTC,1,0
0x7ba4839beaddf66b6a5ab3499ac55c616f377eaaa74a81946d220a5952844a58,0x2ae3b2e465f4f8e6f3e3c9822c75a4278d88489d,0.13634,2026-03-09 06:53:35.000000 UTC,0,0
0x169a08ad139ab458ba0850e730582a815f8d9c984eda28c5294e68184b688805,0x1eed555d186a3a9835741a5c09c64bf458402817,0.80689,2026-03-08 08:55:23.000000 UTC,0,0
0x3e2b40d5a071a0d1078c2a14304ccedf18361f10e41cd52cdb7ceb624afba3c3,0x13c8fd57d43b27daa6f8d3c5cd6e089045600b23,0.026,2026-03-08 03:04:59.000000 UTC,2,0
0x0e959ca0562753cb76cfb9476b656da9893c86c09aaf2cd53795d353914989da,0x77363681bf4dd89cb5f7dde61518a670e5ab3074,0.25,2026-03-07 06:59:35.000000 UTC,11,0
0x676d4d96182827856f586dd0b0dbd990e33e99fe7cb63cc396ab50063cca496a,0xcadf66193bfa9892d90886f7ada6cc4a0af86c9e,0.2311,2026-03-06 15:51:59.000000 UTC,0,0
0xf9611e8c17da487a579f227ede31c540c8f23410caac1f558af857cb778472db,0x23802e21c6cd72c091792bfb9f7afc2265cc68d6,0.15,2026-03-05 06:53:35.000000 UTC,7,0
0xcadd3afdf0ebe359da1e371202754e7772f5293f73a74e283ebcb2efd927c9e4,0xafdc9729d35d7d8a0ec479841f55eb0c2690042a,0.48465,2026-03-04 22:23:47.000000 UTC,0,0
0xdd0875108235fda8d3e209afde3ce1599301da31b50fab66387bf9b7f22276de,0xcec22dbbe17d5f7fba23a76178acb0613211fb44,6.21746,2026-03-04 13:47:59.000000 UTC,0,0
0x2f190c5da6d4d2d3bf79e0b5e658821e4808c8f0c3927b63eda19a6cb7663a11,0x31500a5975d6defa31912ecdd8b84f9ac3bdf72e,15.15,2026-03-03 16:50:35.000000 UTC,0,0
0xd187bc0ab4a43d345968d3f9bf391c81dad3728693e39bdbf8b7f581bcd3c9eb,0x31500a5975d6defa31912ecdd8b84f9ac3bdf72e,25.125,2026-03-03 09:55:11.000000 UTC,0,0
0xdb8484bd2a5c66c88954e058b522abf222860bd9a4bc4ef85fe4c5cd2cad774f,0xd4fa36def1a01795a45860f9b4c057c739cedfcc,1.45612,2026-03-02 23:59:59.000000 UTC,0,0
0x371e44c9a39d3ab59ef424e766f2ef4d386de8474f5ab07b24c5eaca184dc688,0xafc09e216b2e0bcee79f2a4cbbd72852848e29e1,1.0781,2026-03-02 20:24:59.000000 UTC,0,0
0x8d4f772237c5229f1695f2abf10e23e554a65efdb6ce49d17a644405d98934d2,0xe05735299c38825ac3f3f742ea8752e70ee11e74,8.795,2026-03-02 20:00:11.000000 UTC,0,0
0x0e23400468a3519a47a2252f7c78def3788555ecfeb2f9d4bbe4f9127673a28b,0x2151e5d895ed378f28ff29bf74bb0e9b5a556f50,4.57896,2026-03-02 16:38:59.000000 UTC,0,0
0x0d73ac9b77c7a9ec7415770fbb61142ad7bb305853e61a234920e94e78f2bb43,0x2151e5d895ed378f28ff29bf74bb0e9b5a556f50,0.33,2026-03-02 16:06:35.000000 UTC,1,0
0x69c9526d0b111fb8678b7d02c92187bc70402668d8f8b3e139778b9f949c7bee,0xafc09e216b2e0bcee79f2a4cbbd72852848e29e1,8.75111,2026-03-02 15:51:59.000000 UTC,0,0
0x76a8da3efcdc1ed491f087327eb988eeee46504007d4e9525e7df765488eb9da,0x94dcda1a9de41f599f22b5d80a84b842bad346b0,0.48,2026-03-02 12:48:11.000000 UTC,0,0
0x406dffaab38d98598d0d08836dc40671aa3c7bbb1b4388a09c11245a7220e602,0xb09056ecd83db0c285a47564220a8c236d9f3ee9,0.0355,2026-03-02 12:47:47.000000 UTC,1,0
0xe7bfa80d51d84c4477b1a46ccc970281a970e5307bd25c805e6e7f35219b7e4f,0xd58f714ed6de482349d7badacacd6f7e08c713fd,0.017,2026-03-02 12:46:59.000000 UTC,3,0
0x3e1d4612a704d47480edb569932e42757ac56071bfde4e3075de150e4db8cf0c,0xd871d402050bab512dcc3f1b2cd781d1c8134863,0.029,2026-03-02 12:46:23.000000 UTC,2,0
0x62aeb6a3a5c8f880ce8a04be1365a1952e503a2654e291d4b64b07dcf222baf2,0xc483305eb494a2bad5108f97bb5efa663c6157ff,0.03604,2026-03-02 12:45:23.000000 UTC,0,0
0x6c09fdd3d6501567449e286076ab463cb402029981672d948ed4339feedd6aaf,0xed56d9723e2a2e9cc989a803aafec2189b67efa0,0.46743,2026-03-02 12:44:47.000000 UTC,0,0
0x3eae964ce0ea519e546484c1857314e9be45a186f55d548c6dee9a3a174d8811,0xd4511228019120eff7a2b1aa197258bf2ff415c4,0.026,2026-03-01 22:54:35.000000 UTC,2,0
0xe675dd257332cd2dcd4acb83e5625e2719e928949874144a5d2a8fc218da0e2f,0xf4f7f1bd0905efe61382de895ec3c1ed321b995b,0.00995,2026-02-28 04:44:35.000000 UTC,2,0
0x952108ead83a889b4028bed8ffef6057d75f819b3111d424b916c373aeb0b573,0xa62c4b140d11a43234e8e33e1d50cc2d3a27fa24,0.59,2026-02-26 19:14:23.000000 UTC,0,0
0x3f7d58f26941a2e61f3bde7036467306c3e66fd886233ea67e21bc488a2c34f8,0x5dc983f01dc3691054755e0540e6c669a27e0793,0.026,2026-02-26 18:33:11.000000 UTC,2,0
0xc5132dda15159e2a53667d1a9a570bd2c105a2259549d6171adb75489e1ae8eb,0x27b981579f1bf9326a08c954327e6f876aeba3e8,0.051,2026-02-26 18:28:23.000000 UTC,0,0
0x4882dfc1e52a14ae6d711fd612fc020a77fce9d9901df8546178cf0ec0a2d047,0xe23b618a6eac9f31d043c220b5f924d80a2c60e4,0.1007,2026-02-26 01:28:23.000000 UTC,1,0
0x100d4d9008077349f740b8a4502bf9cdd1eb5b7f6d008e0e88cae03ee573e513,0x22b4a5ef59b1c6dde5823028d177ae79a764bd76,0.09739,2026-02-24 18:16:59.000000 UTC,0,0
0x2905d754e2f60935f3a61d7eeedc63871e4b05d4303be837251812f883ec9ff8,0xf271ac8322e635dc7cca3b7fafd788d321269ee3,0.85,2026-02-23 12:10:23.000000 UTC,0,0
0x970b35528b01deb35b3d2209b112c9171ff8f4871006fcbf009e8b85c1e3158c,0x0cb980ac19f042555618bc112b485d84cbc05b35,0.23955,2026-02-22 15:07:59.000000 UTC,0,0
0xb71811e1a833d4ecada39acb0bdb8bea9d73b4e038e51c1a7f88092beec32206,0x10da19c14a019913221ea36914153822d1d01037,0.95,2026-02-22 13:55:59.000000 UTC,1,0
0x0cf0b1ba0dde0d6701a116f64f4fcd2f839b8c93ec04365d3bc537da70ddd6f1,0x4fbd9f97e8be48751885799e76d148c7ff320b28,0.15,2026-02-22 11:11:35.000000 UTC,9,0
0x7119e12778b788d492331e221e39590b5a6fa2ab39b867711d1980684577d992,0x251f21ad94980dcc00215c943015d8d0c748d132,0.071,2026-02-21 18:51:23.000000 UTC,1,0
0x98d2a652601b39f777a1cf3e9da10eba407d0c43ad70b014123c69950ded7327,0x4411ecf713647a417ddaf3d33639199b306ac04f,0.15,2026-02-21 18:48:35.000000 UTC,9,0
0x748a40cf36b58e295d96a5940fa13016fd418518948bfad6f6d72065158b7d5f,0x50267dbda0c20652262d9fb38335656ca7fc6499,0.221,2026-02-21 17:58:35.000000 UTC,0,0
0xa821091bd8abdd69f4a1af4bd3cb3cb5d25229ea146a575e2f69ebce2cab52d8,0x4bb5d0ea619fb5ed3d5472866115409377682199,0.211,2026-02-21 17:47:35.000000 UTC,0,0
0x852e0835789658ac09855371950ffbdfcd9762e5cb5061b1c59e5531e4e3460e,0x1c0aa8ccd568d90d61659f060d1bfb1e6f855a20,0.00995,2026-02-21 02:57:59.000000 UTC,3,0
0x541eccfe81ad29cc08b4162b31c8d5d3f5901becdd834836b0cccb4e9cbd0390,0x327d9ce46df6c6c53c1c0d7a5188f52047fbfb12,3.18021,2026-02-20 21:27:47.000000 UTC,0,0
0xeebd992b41e13c8a7e65775879e4598a555df46b637c5e4e6211716536bd4150,0xde9597756a6bb79af11fde990e62d3203d1172f2,2.3576,2026-02-20 20:55:47.000000 UTC,0,0
0xb425f84689944e079f8db7e8b5e20ae82c01ae08e8c1696dda70664e0561bfdf,0x67f5a11abcfbfdf446b5cb75d0d9baa5315246ad,0.1001,2026-02-20 20:35:23.000000 UTC,1,0
0x6d71edb8a7ae95239198a5762f93f63d675f1576f4f070ece33984ee9de7e990,0xac6f351fe9966e00ce8b853b10e7f45b1a711aaf,0.141,2026-02-20 19:01:35.000000 UTC,0,0
0xf35e802dfb5f85c6312d5cafe80974902fb3b0788e8ff662c5029df695138eef,0x411fb66ade0b9d540d51fd03dc83d78fc20b3c3d,0.49,2026-02-20 13:50:59.000000 UTC,0,0
0xf3ab51bcb8254bc2216628958d157c5ce3567a9d97a6602fd3443e6d47df8be4,0xd9e890e2038496101622c521414dae56f24e27d2,0.00999,2026-02-19 20:33:59.000000 UTC,1,0
0x959029fc94585984d0a4ff40a813318679d2e4776f2ba50b5528fcd1fb8163c9,0xc126ec67c06d2ec618663bdd9e65b195bedd1d3d,0.01194,2026-02-19 16:16:47.000000 UTC,0,0
0xdda0a0ca52689d6e15bdc6b2d6a4e717bfc8c60f6cab9fa9e74a55cfce5a421c,0xd8993674323d67b7a2fa4cc6a34960d67d363db6,0.15,2026-02-19 16:10:47.000000 UTC,9,0
0x4a52a702870faabdfbdb3cc7b99c8af5f8b33e14d3c5a2254a4fbd21de61106a,0xfd32efe40fbdadf2c16392a3bd9ff498137167c1,0.0155,2026-02-19 14:19:59.000000 UTC,0,0
0x001185872980b1d345da822ae65fa387107974c894aa1d41fd987b64a28dcc82,0x000000000000fb114709235f1ccbffb925f600e4,0.0121043666385821,2026-02-19 12:44:47.000000 UTC,0,0
0xf7383269cddcc5e7912e10597d5f5e76f648c0f8d8b8a69719eac2a523b18108,0x1c0aa8ccd568d90d61659f060d1bfb1e6f855a20,0.00995,2026-02-19 12:27:59.000000 UTC,3,0
0x6e993b466abfee39ea8c4dae7c50c94a47b2f0dec9ed248ec8f36af755fcb829,0x000000000000fb114709235f1ccbffb925f600e4,0.014971418952107,2026-02-19 04:13:47.000000 UTC,0,0
0x5702304a1016971f3f4140f5f7dac547fad1076171c611ee46685766a8343165,0x000000000000fb114709235f1ccbffb925f600e4,0.0131081445597995,2026-02-18 21:04:11.000000 UTC,0,0
0x52aa52282c5f3bc7aceab00d2b33419d9d79aafc189a395e9a5bbae7be12b8e5,0x9886fd1897ebdcbf8c39c4f9fc8e3167fc5c7e85,6.13,2026-02-18 05:57:23.000000 UTC,0,0
0xdbd5aa600e5f4aba355bb4506ab9d91a86e697c1848d5b1635105521cb703379,0x6011e643b8ba18d161c62a9408b5db018b50ca03,0.125,2026-02-17 22:08:59.000000 UTC,0,0
0x87320aaae4868c6f5b7c8b31ba2fc82005bdd7522fdf85f9eb8dcc93a34cb475,0x265e7bf9f12a708045ba3188235d817b0bc5e276,0.022,2026-02-16 17:01:35.000000 UTC,1,0
0xf58c41686130e5c2d0e3b7de35fee6e27791b8eb1160877a8a82357928904ff7,0xa5479c21f8375c68a903d505bbcc860921565217,0.028,2026-02-15 21:22:59.000000 UTC,2,0
0xc606a4ff1323a8f81dbe489d1414ca0727e801ee674d993fba1ef91f81274951,0x9a344679a0bcc11fcd5dd63d75f15bfea0461a27,4.06861,2026-02-13 22:03:23.000000 UTC,1,0
0x0c89fafcedf16f28e1017f4447b10ea3acdd302247dbab49bdd02795dc0820f0,0x16c0a9c9967d8e860bf84596769ef513dd6f2094,2.97041,2026-02-13 19:49:11.000000 UTC,0,0
0x519a3f276c87b1184a8e63e9773fa8a8a88bdbbbf58e87a35e3dc7023178ddbf,0x7bdb96ff4c314e716ca5d4283177862c4708046c,0.104,2026-02-13 18:06:47.000000 UTC,0,0
0x8dd8f5c267d47daf813af632757488d2913738163dfa1c23a95bae12a28c738f,0xd7fb18a5ea54604e3fc5299daea4373de898203b,0.1045,2026-02-13 14:32:23.000000 UTC,0,0
0x2ab440faa4ee132db6b5a02cc0d2484862ab5a84c9788fe60e428c90a1e7ecbd,0xd7fb18a5ea54604e3fc5299daea4373de898203b,0.58374,2026-02-13 13:52:11.000000 UTC,0,0
0xf216c05bcf2022b3d822b48047196d9830fe6bdb87f699f51fd07dff350c3ed0,0xa31463942c8b79af930e9f3c8e932d49fdaa8fbc,0.41089,2026-02-13 10:46:23.000000 UTC,0,0
0xc6675c90b872214f2f6433e364cf4e37898afe827aa6a4cae372380bd18d033e,0x8e06fb3b9177ef9141f7d4cb5fe14019cabce38c,0.7038,2026-02-13 09:54:35.000000 UTC,0,0
0xa67e8970a145395508f2f8d30aa88b84805f29a312a21c9dd15070cf7cf8edbb,0xfd80a14a7d87a7431a036e4e12978d99f1671220,0.05861,2026-02-13 07:45:35.000000 UTC,0,0
0x8aa3c754307981516f3f8591b3dd4a36977eecae29d96d22b26c4a4337681da0,0x3f88179bdf139c56d19d04fb731ceaa007c9f9dd,2.09529,2026-02-12 17:58:23.000000 UTC,1,0
0x2751824bb95749649f61fabc32a738a3fac4c96af9b6c9fd53e2696c9cf955d7,0xe67c860e2595f1549400b9d380aa2a0ffacca19f,0.23044,2026-02-09 19:24:23.000000 UTC,0,0
0x3e89d65576d365aae73c892c0bdb9f41c406b8bca34b5152f70cca3259153ce0,0xf50d01e5e31cb042c32885ce8b58d330ff40159a,0.43209,2026-02-09 11:56:23.000000 UTC,0,0
0x978c9bed7f1fc0367aa2337056ed8fa7aaf4d1e2447a3107a11d8dcb4766dec8,0x03b9738da2eb45180ca4d15c4ada95a1f24c70f2,0.06258,2026-02-09 10:30:59.000000 UTC,0,0
0x10fe1c40623c94edf4cc7bfd80bdce25dcac2d60063550643c69e14dcc396285,0x1d91d6e64f1893d4f1d67c6e17e8327d3c0cbf48,0.025,2026-02-08 23:26:59.000000 UTC,15,0
0x14108f7f85cb7de40b07ba45ba81792c86c50596aae08a6b3c7de3d1e46f26e2,0xdac78f75d35dbfd802868746904ad85c12ef325a,0.255,2026-02-08 02:42:23.000000 UTC,0,0
0x6f609c561b88b513e87a04f4e98fb87b1d34756b2b2349245acf9a5769c537c0,0x9e2f4c2472f6385212fedeb89c86d9e8abb1afd1,0.011,2026-02-07 23:37:11.000000 UTC,5,0
0x06e3a683a26d715b943a85576ed51079288f9bafd536d853d2bcaca9ceb29c38,0x69bea6ab71f076839f427daaa1c639f5e4d36ab5,0.27,2026-02-06 22:14:35.000000 UTC,0,0
0x90421f5777e7f9b033f58dc14532d1f67cc6efff1effb69824adbfcd258e409c,0x68a837bde49263e4c0dec64e106e4e4f8a673d43,0.025,2026-02-06 17:06:47.000000 UTC,15,0
0x9080f79bbc018952f389a8d925326aabe7eaee7bde92b1504ec07ab4e2c50cac,0xb276fa582e4f9b2c575889b9c06c026f54f1d74b,0.0217,2026-02-06 16:50:59.000000 UTC,0,0
0x81b017307f3e922025a9f2908d7c1d895e321523a691a888eb7284840be965c7,0x7bdb96ff4c314e716ca5d4283177862c4708046c,0.31,2026-02-06 16:31:35.000000 UTC,2,0
0x5142bb7312508ae6b538a5b737478585a1155da77a5c07e883b13fcd4946c919,0x7bdb96ff4c314e716ca5d4283177862c4708046c,0.60278,2026-02-06 15:50:35.000000 UTC,0,0
0x842ef2f0160192740c06ded59b47333fd3ac8246518bea160fe8867e2c25dc0f,0xfd0cbcd05b9e79d8a4ac6a3bd692ba8bfd1a35d2,0.10798,2026-02-06 15:32:47.000000 UTC,0,0
0xb1be0ccca33869707683392ecc31140cbf3f186af54b9511630482ba9f251199,0x3801217f8d0901cef6855b7d9d5b4669abc2bb49,0.011,2026-02-05 14:49:11.000000 UTC,5,0
0xdb8363f426fdf47d5a64a766370e92a35d7632c67c071ff4e36ca1423e825207,0x61d3f5f3b51b386a8d3c7de7b90c2df3ed1234c2,0.046,2026-02-04 17:44:11.000000 UTC,1,0
0x9b94c6126eaa143fd1fb4b88dc04acb16c8c013802277a4df3e8a112a4d2490e,0x6b6e87c037aa8c3a50a5010d8704bc5ea5c3d3ad,0.18,2026-02-04 09:55:23.000000 UTC,2,0
0x97c2f9a5b584ae56dcbad133fc88e47b6a5ba8cc3fbbb3346f0e05f5b99a458e,0xcdae65ab5a5a50ddcecb42722d87a99c1d9d9889,0.31823,2026-02-04 06:19:59.000000 UTC,1,0
0x931404585de6d976ee545607f380cfce66e7ca91fa6e49be708358fff8abe81e,0x5de1b796fe481e0e3771fea353798384d38258a1,0.01194,2026-02-03 14:47:11.000000 UTC,1,0
0xe3728495fdde4cea309dedb50a7bb3d3e19e396fc6970aa0f4d51b08e02f96db,0x5de1b796fe481e0e3771fea353798384d38258a1,0.01194,2026-02-03 14:37:59.000000 UTC,1,0
0x14667541ca7a280b401135c39314cf5643b9431a7db6b528255eebb6e5c7d37c,0x5de1b796fe481e0e3771fea353798384d38258a1,0.01194,2026-02-03 14:26:35.000000 UTC,1,0
0xd10d6cfa584d1781f126a4cd9824266458cd50045956995d82e230f56eadeda0,0xdeafd11fd890f655c7bf909e2f1511a606ddc4ef,0.576,2026-02-02 01:13:11.000000 UTC,0,0
0x5e18d40c3a9178ba373411b21d5f901734aae06fdcd6f28102013dc1e1372a3c,0x74dc84ed9d4184379168ea16dee8603310352185,0.03166,2026-02-01 20:07:11.000000 UTC,0,0
0x67565d20bb52d89747c527f00b9426b49074403fbada49eafd05bd4636613f06,0x2c4971f49a8d1f248a4c0334f30d8288a83903dd,0.08065,2026-02-01 06:54:59.000000 UTC,0,0
0xf14f704a1aa6e8907c54854c3a90560fdbc986b2fbd402410168507fbba587fe,0xe2ec44f28989253d621547b1216a8a07a2b0264d,0.011,2026-02-01 02:48:23.000000 UTC,6,0
0x61993f71cd8303e58af4c574949265c56f414ccce57a7b05e75e65bd10a0741c,0x69aa4b1c616c9f2a08d57bc8809a199d07c978c0,0.46,2026-02-01 01:32:59.000000 UTC,0,0
0x68ae8ae28220aec811e18bfb06fc20e10af6896d97d94c3315efa975877ba773,0x199a048ef3aca06811836c55da107e069cad85c8,0.39,2026-01-30 23:49:47.000000 UTC,1,0
0x1f73c2120f9d3a6b25024b2f1c71e459e6f36366c1ba203d837fa5b111b461b3,0x20a690167060542efff10a947958286c31c7ff41,0.07697,2026-01-30 17:02:59.000000 UTC,0,0
0x7d5f609c7c2eedbe38d9a969f433665ceceeff6890fee30ec7f04f6ad5c82c26,0x6b6e87c037aa8c3a50a5010d8704bc5ea5c3d3ad,0.15,2026-01-30 13:04:35.000000 UTC,10,0
0x7bec43c5dea3e289eb618ee6916afaa1cf87b38c17b05bac18459f87bbdfb8ec,0x20a690167060542efff10a947958286c31c7ff41,0.67087,2026-01-30 02:16:47.000000 UTC,0,0
0x4992d475ff1164bcf048114060511ca37091c00f580caf6b7a7dd6a9292f2a45,0x20a690167060542efff10a947958286c31c7ff41,0.079,2026-01-30 00:37:11.000000 UTC,1,0
0x8479b86889a8654ff8a4ab90f9d62804690d9c5d7ddebf67a15816ada870de75,0x6310b2251db6133e18345d4c7363ef775046855c,0.01058,2026-01-29 05:13:23.000000 UTC,0,0
0x3a24ac2fed2545b0cd0d2e31137410be9ac84a14b151ccfd8467e9e079d2eb6f,0xf2de7127320a5d1a1cf97212a5c100a55089dc6f,0.0101,2026-01-29 04:17:47.000000 UTC,1,0
0xa058b3ede558b298c80d93682daf89f59c951cd9369245ce645400236eaddf7a,0x789fd5c0a57eab700ce4f26c3003da6031af7d86,0.01175,2026-01-28 21:37:11.000000 UTC,1,0
0x75f95e7e5450bced3fa5e18aa4038cb12722520ab1a605a88aef1f8b42b2ae5b,0x57ad3462be381a0a1913f1dfd1564a9a1c9907ff,0.01128,2026-01-28 21:16:35.000000 UTC,1,0
0xa1bc422560c2da661282c6211ce281a1d8cd1b2090cdc451360989fd4a5a43d1,0x6695781be146c93383e6b911e0b68d2d7a053532,0.25212,2026-01-28 03:56:11.000000 UTC,1,0
0x1e83a3f708fefa56807f4cbc0fa01e6defe0ce6ee4856495bf031834a8a03a45,0x7434672e89b055fd02deebef203738cf0802c01b,0.15,2026-01-27 23:49:47.000000 UTC,10,0
0x4415b2f8802df137f5f20938152be887cb404092764f9a4e2acab2b5cbc8d698,0x48c19eaad056b700ca5c4e2338e174a01bc35e78,0.47619,2026-01-27 22:47:47.000000 UTC,0,0
0x69d2682ac1af6042fb71011fd79b262d8c968e3c66fccbc9c739ee0d7926465a,0xcebcfdac0291fe33374783fa4c422ef85599a446,0.0125,2026-01-27 10:52:35.000000 UTC,4,0
0x2f58b9c94cadcfa9e871dc20c2bdcb60f26984d4dfd840139eb7890640dd698b,0xb9b53b225c5225223dd58dcef0d7a39230c426ec,0.013,2026-01-27 10:49:35.000000 UTC,4,0
0x8e65345c053db24184c6141188d1cadf16d2aa384c0621cd76274ec6c089d4dc,0x5c74387a769c8f7c8cea3b97e92025fb125ccf30,0.21,2026-01-27 09:17:59.000000 UTC,2,0
0xbbf587319e9a9db44b2888a7075763e5a6dc3dcb50f3425901bb732e52fbf8fc,0xa38496a921e35ceab311270ccbdf514dc4976651,1.38,2026-01-26 20:47:59.000000 UTC,0,0
0xacaaed2d47311e34a3f09b0769bc628e92353336cfdf24ebc9bd577682ad2881,0xdb6efc45d5856ade3f0764e9d5cf652b8fc70501,0.3685,2026-01-26 17:57:59.000000 UTC,1,0
0x42215832697b3a738dbf23ed5db352a28c887fe1f36cdb8c44f109c288c3e0d9,0x90eb1303e87e824db55fd53e00816796d281a51d,0.223,2026-01-25 10:04:11.000000 UTC,1,0
0x1c9d31aeeeacd4415864a1e5348dc5a3910f726a1a68b24384077cdbe3f638f6,0xb1885d6e2a71b9d7318288ae2e773a37d43d9dc5,0.0857,2026-01-25 03:38:47.000000 UTC,0,0
0x8631ed487756431c051d685ef30b25a1089cdb9a31b18072996225ac100f1760,0x946e28227263571041ea6f5e215599cbbb257569,0.34464,2026-01-24 11:15:47.000000 UTC,0,0
0xdb023202d5598ddf092e09fb7edc9e50c2b64f66da513de43da224ec36c0a95a,0x35dc867d91e32bdf6b6034fe4f131f6fc2069397,0.0157,2026-01-23 10:09:35.000000 UTC,0,0
0x824372d3f9c03b5390efa69f03aeb8aa979389f64509586b581cb57d5ee114bc,0x644b6df7cf6888d26fc6adfaf1ee007533c646c5,0.25377,2026-01-23 09:02:11.000000 UTC,0,0
0x9616ca33e84dcf526a79c53faa276a8e5e9fa1a8347856ca4f3561159c4531f5,0xb7a1580b5603b61393d068faf04759d341ec6521,0.06343,2026-01-22 19:14:11.000000 UTC,0,0
0xd61a285f36b12669d2f92c3905ff28a8a38047a51f2784787b0b5050448f9970,0x644b6df7cf6888d26fc6adfaf1ee007533c646c5,0.09149,2026-01-22 16:52:35.000000 UTC,1,0
0x02eda7a738171d2c87aca7b08f82fcebc3ba5f1015278a07b0858d10ee0da8e1,0x63b1a04932879fbd18f8e7f7576b2490f1e0ac4e,0.164,2026-01-21 21:41:59.000000 UTC,0,0
0x03d988f0a86f161b9ce00e04b74436c2a80e204f32a246a419e708286db53f8f,0x8c0c9b3164aff16be9fa122f51dbfdb369400de3,0.82,2026-01-20 22:39:11.000000 UTC,0,0
0x45a7b50e0db446e46fd827b3196dee07dd91190b290a5ec02282470400982280,0x63b1a04932879fbd18f8e7f7576b2490f1e0ac4e,0.33,2026-01-20 21:52:59.000000 UTC,1,0
0x401a5daeaf1b3ad595320e07113e6ed8375881f8d5ca0e01a859762fae7df95a,0x7954024dd845361f5ee49856cdf02c502ef6b6d7,1.204,2026-01-20 15:36:59.000000 UTC,0,0
0xb2f380673d4ba83367a7dc68d4954bf475ebaa80639140c2497ccefdd49e1842,0x63b1a04932879fbd18f8e7f7576b2490f1e0ac4e,0.30449,2026-01-20 10:36:59.000000 UTC,0,0
0x52f2c3e167487214e6f2201eb0ab14df2971a035eef7851ccf067fb3957cbf6c,0xcd7c8ea0aa06dd6e7f06b5daaeb35029f12dc2a7,3.96337,2026-01-19 20:24:59.000000 UTC,0,0
0xb6828a7c6e96c5a0169a73926904ede39bba0ec99cd9b38cfc562b646b18653e,0xc240272c76e69a0d9ada5a0ef95adacc077dc6a4,0.21,2026-01-19 18:28:47.000000 UTC,2,0
0xa18d9dd0bc863e7eaefaa03768ce197a309aae883f8fac10d6ffd3823502fe39,0xcd7c8ea0aa06dd6e7f06b5daaeb35029f12dc2a7,2.47091,2026-01-19 17:52:35.000000 UTC,0,0
0xce0bff76127b3df3e06730ad5756c76a5273e882d1ff53183530f553e741780f,0xcd7c8ea0aa06dd6e7f06b5daaeb35029f12dc2a7,0.98306,2026-01-19 16:50:23.000000 UTC,0,0
0xf111d5f3795f7066518a3c765cab8e789f20f5ebbaa40e0553120557f84d5846,0xc594e964fb4b9414da66c5f2063bc9f07d57e955,0.024,2026-01-19 16:42:47.000000 UTC,2,0
0xe943facb8a4457c78e92d1bb3af0624de265df884c16b5c7d353d9c642d35427,0xc594e964fb4b9414da66c5f2063bc9f07d57e955,2.10768,2026-01-19 16:38:11.000000 UTC,0,0
0xc457a274b375391c93c899c397858c4a5e3fe4d7bc6136cda3cf76debfd65dc7,0xc240272c76e69a0d9ada5a0ef95adacc077dc6a4,0.687,2026-01-19 13:49:47.000000 UTC,0,0
0x7070ea95008b58c5c8c3653fb34432192c0a6a1a604513519866dfc46269a0a1,0x9a0f21b00d45856bf67be52d822fa3d4f8888de8,0.0101,2026-01-19 13:26:47.000000 UTC,1,0
0x700112ef342f1b256c72e7a650577eefd30fffd8d1d258b64dab7be98b807c8d,0xc81fab87fc197c5e49aeee899710b22d243e2cae,0.14708,2026-01-19 12:24:11.000000 UTC,1,0
0xdfcf408d583a17180b5a7f37f5ebabfb642df9cb18d6558b880224f884e9ce46,0x6975abc45eae5186c0ae4d75cdb82fa8b2ef3bab,0.04584,2026-01-19 12:20:47.000000 UTC,1,0
0xe7398d120645944d3e61a5073401d58836350a2ec0002e97daa99a48d7200c89,0x61ff9cbe2d6ce98f4c8ecf3807339474f4c09630,0.0101,2026-01-19 12:10:23.000000 UTC,1,0
0x9ad05c42a41955499252471dea4d6ad107aa7ee92ec8aa16a5d13f13c957d24d,0xc6d7208dadee4f431bd0f3f11e7d4c91ff51bfb2,0.0101,2026-01-19 11:58:11.000000 UTC,1,0
0x71cc0e044a276ec89ecd29646e764c04206e923fcdc1155f924c20a220d59bf2,0xeef1df20b597de3f9127664f4b24732248128413,0.48925,2026-01-19 10:26:11.000000 UTC,0,0
0x673b83ce507ac2189ceb65bd50e0ab85e9aa8b65adb298a07a3e2bd80f2103c6,0x16a6f0827ad3b4ccb35c13f65a5e149571b9699a,0.011,2026-01-19 09:52:59.000000 UTC,6,0
0xe789c08b115703abb081d017f95d22f3b6f9ea6f9b6c96fa93559755ed19b66b,0x2df20a817a833082b7cf92fc3f20c75abfb5130e,0.01001,2026-01-19 05:07:59.000000 UTC,2,0
0x5bdcd7ae1a9f328cc3447b05d44b8a858748e6add2cbbc4c66bca52743681063,0x797e2cd952df539ccfea5554911afeb2a77fb760,0.105,2026-01-19 00:39:23.000000 UTC,0,0
0xcd94ed94776884c881998064ea337708b310ccf1df1c4ec83d8ea4bb18c855a6,0x2fb2c27516ed997d0af627ada6934ee84c3ee59f,0.033,2026-01-18 23:47:59.000000 UTC,1,0
0x75c7d0075bd2314e2541c8e1f05c92d34976884653253de65c118604dffc1b29,0xc240272c76e69a0d9ada5a0ef95adacc077dc6a4,0.28,2026-01-18 23:31:35.000000 UTC,0,0
0xb952cb08be4ab125a67f50a5283bd5627858cfdb352220fd48d79bbb5770c469,0xc240272c76e69a0d9ada5a0ef95adacc077dc6a4,0.12,2026-01-18 22:52:47.000000 UTC,3,0
0x1393bd2b356448728081fb8861e7fcc09479debad07e968e09c6992b7d334e9a,0xd3c6e57aabd189fb208529d367e927fee74d55ea,0.072,2026-01-18 21:28:59.000000 UTC,1,0
0x612ead954e97c84bc34ffd7cdc4c2bc3d95a3817f88641808a39113058629d6b,0x5335011c5a7d87f23dfdb025e99c7c3af5902261,0.087,2026-01-18 21:28:11.000000 UTC,1,0
0xe8f65cdee0fcba6a0485d768d2f3d89472a99387bd02156bafb8da659f1c28b0,0x4d30f34db664cb5e016771bbcc1c3730174a4830,0.096,2026-01-18 21:26:47.000000 UTC,1,0
0xa0faafa95d0e515b5f96b6c3a874e49439584cc3ef2dbc971b8ca71ba9ec1fb2,0x1af6e886e7bf353dc989e6666cf6e7ad8dface5c,0.77656,2026-01-18 14:19:35.000000 UTC,1,0
0xd70d1ac71eca5dd76d4a1bf43cc9243e91144e0364f90857ce0d54c5b29246c8,0xbbdb3df52c5742bf5dc5afb2e0b11c0dcc38cefa,0.0335,2026-01-17 17:31:23.000000 UTC,1,0
0xc6a92034f5d0449f283aae2eb51b8bb7ffd93725606380750c1a835474b7ebec,0xbbdb3df52c5742bf5dc5afb2e0b11c0dcc38cefa,2.977,2026-01-17 17:30:47.000000 UTC,0,0
0x2f5eec8d56c5ce00d9fcac00a6213a4e48696e851d3750f94c818d5392fc1a6e,0xbbdb3df52c5742bf5dc5afb2e0b11c0dcc38cefa,5.123,2026-01-17 17:25:35.000000 UTC,0,0
0x4f5391eade13e3c8f4e333d1d152b1cb0e5b03c16b6c9d793e3021b24e270a19,0xbbdb3df52c5742bf5dc5afb2e0b11c0dcc38cefa,4.786,2026-01-17 17:23:47.000000 UTC,0,0
0xf8c0d0e668860efa22045ae41d7732323a7bdcb4ad67316dd0b8f92fd51d6183,0xbbdb3df52c5742bf5dc5afb2e0b11c0dcc38cefa,7.45,2026-01-17 17:22:35.000000 UTC,0,0
0x35bad66faa8e3c5fc256857b084ed574b13f72dbe29690940fd774d633160eb6,0x2ac9c973189f42a3f1bb854f031a7fca9d9cb69d,0.42382,2026-01-17 10:57:47.000000 UTC,0,0
0x0b834ac81f70005e780f474650ac5a11881e6ed482b33ab905a7b5f7445ea4da,0x163e284dd220d8624322553e7ec872e896de4f18,0.055,2026-01-17 00:49:47.000000 UTC,0,0
0xb11e5cc8870c3a8afdaf48024e06fbbe2bd3b69138307c8548f51ba51261b255,0xc240272c76e69a0d9ada5a0ef95adacc077dc6a4,0.49,2026-01-16 20:32:23.000000 UTC,0,0
0xe9518634826b7550a8b7bf4fe258327f835f5ac427565cca8cc2d3cecb1925f7,0x5b32ea1bcee29fde609d777dd04b61b4da8a0ed1,0.0101,2026-01-16 07:42:23.000000 UTC,2,0
0xdf5b50262575c9a23ae229f96b5c1d267fbe24a1defab4b0980ec60b55e6dc13,0x9886fd1897ebdcbf8c39c4f9fc8e3167fc5c7e85,3.27535,2026-01-15 12:01:11.000000 UTC,0,0
0x734d9a4514b4f8b7f7aaa9891f37842b626c738909a6dbaf1f4375bf858f0850,0x336d0e2d18ae1822b3d607ee3c0c684d9c35e4a5,0.035,2026-01-15 02:26:23.000000 UTC,1,0
0xccf97e456b8d9425169115548655b3720a3461a76b48f973ea7d8d35b2e1ac1e,0xee355e1ea27ff2ce850756e0fbcbb441bbfe229f,0.73339,2026-01-14 20:34:47.000000 UTC,0,0
0x3ea886d83a682f5a23e1309ea1297f08a5fe14164b85ff48b193a55be82b7c49,0x835682d3fb952c0e56811a9e9b7ee0d6926c58ed,0.00995,2026-01-14 14:51:59.000000 UTC,4,0
0x37122e092c7e4dcbe10a3b8ede5ca279b0a9ab95a7175db7a51ab2adb53bfb65,0xd0f08d8dcb6432c563c653ee478267cb772c742f,1.98,2026-01-13 21:00:11.000000 UTC,1,0
0x0262320229598e0a8ea64b0ed0c8a2467aac22d7d878ea078bf3718fbe5f80fa,0x9173d354582a803ce104ba181db38ef8baf5a73d,0.01242,2026-01-13 12:28:11.000000 UTC,0,0
0x3ab780deb182602b27de56120fef6c96da582d44762de8e2286229383631d7ff,0x8e5845128e29b90d92080ce61d4c52dc312c689f,0.045,2026-01-11 21:30:47.000000 UTC,2,0
0x7247e7507d4e1b25c5ceb4d5b0c35dc47eea4fe85f359e2c55d62021d12eda43,0x643e64de122cd40dc9ab4e92ce0d3f39aeec5696,0.105,2026-01-11 13:56:11.000000 UTC,1,0
0x3c319698a4e0d8366027d4aebbfd86bd27214455d87b520ed785176ab0badbf5,0xf784d019ec1c68301e5f2cbe92dbf18df8031a7c,0.035,2026-01-10 14:47:11.000000 UTC,1,0
0x04e58cc4fe20b006f5a94ea8f25cc126e84534e6d032fee7b91ea29c8dca3203,0x07b3fa83c50a56a8d396c547f952932d045a43c3,0.22088,2026-01-10 00:49:47.000000 UTC,0,0
0xb669a796904db37f57f62ad9640224dc6b88c1ee56132e1ee1101a847a104e53,0x7b759eff7976aa5757eea2b0e5eb94a19316b2a5,0.24002,2026-01-10 00:48:35.000000 UTC,0,0
0xd1395eeed7b2a4d2f889326507368468bfe1df794dfa9f01e0fd83ef878c371e,0xf394654700e1ffc93a8a09ce87d4b3a34b9cccc9,20.30005,2026-01-10 00:47:47.000000 UTC,0,0
0xfb4d4398b635d1a1b05f353977ecb17ee9c77e914e978f0464e5b987df0f1104,0x1441be80efa45553713cd363a700ff3da3cd37db,20.28982,2026-01-10 00:46:23.000000 UTC,0,0
0xed5ae0d866a788e79e5cc0171755ef6c5aabfe6d1e341a3177de5d6aad39fe05,0x07b3fa83c50a56a8d396c547f952932d045a43c3,20.08102,2026-01-10 00:44:35.000000 UTC,0,0
0x3d585aa866da4194a11461e018b9b07e204e87216eee07ea7e14b234770fd449,0x7b759eff7976aa5757eea2b0e5eb94a19316b2a5,21.82097,2026-01-10 00:42:23.000000 UTC,0,0
0xef586c07dfc6a3ef50c5379689f794a69e996c151fe5cb92f36f25faeccfe9d5,0xc81eac1de9491826dc112d32f826725111366bc8,0.03285,2026-01-08 14:59:47.000000 UTC,0,0
0x3a30c1caa61541f0b9c8c6cbe1b9480bd9a5513252563084e056897d4f94a1c4,0x6b6e87c037aa8c3a50a5010d8704bc5ea5c3d3ad,0.14831,2026-01-07 18:17:23.000000 UTC,1,0
0x235b23dacba2e7c405698db9db066eef8baa56a13e93a163b2bd8c254b17b519,0x759e2aff11ddccf572992847ce41b852dbf209de,0.46423,2026-01-07 14:08:35.000000 UTC,0,0
0x2601a6e17d8c78795026987bf389e685b0b8984683733fbf63567020542bec4d,0xf6f9d089ca37f510fdd5ce57b3dcb9311b3c787f,0.41049,2026-01-07 13:22:11.000000 UTC,0,0
0x6dd745e54b7913cbfbd9c792cbf8212b2ee56149ca00ab134756d94b52c48f5e,0x6b6e87c037aa8c3a50a5010d8704bc5ea5c3d3ad,0.15597,2026-01-07 11:16:23.000000 UTC,1,0
0x466f8e3f27915776502fc35817b7a7ce9ff44429175c1544835620538556d5e3,0xd71c4ae92a7ea2242beb69bf0a6f26a578fc09c3,0.0155,2026-01-07 08:32:11.000000 UTC,0,0
0x94ad8674a57361292e42a9920654e95eaec1509ce8c7d0b5de9b7be4bcc6a3c5,0xfe26421851be7d7ca50c941f7408981c403bda64,2.43,2026-01-07 08:17:35.000000 UTC,1,0
0x89a8209f727c2adde571408b9716386891617b63b16ea744d61c791ffb8649ea,0x809eb4328d9c36e8e6f14e80c716b9874e0b2017,1.265,2026-01-05 09:44:47.000000 UTC,0,0
0xf4fe7eb0a602a2ea7c6c83001273c8ee54f6563bdbbfa3a34afc6657103b4ece,0xf28a3dd854d9b583cb98ef20378899150d106c74,0.055,2026-01-04 21:52:11.000000 UTC,1,0
0x7f368e326d5a3971d31249871c9901316f49c3ff3e912562ca9a4d6824b8af1a,0x34b8028d3917a74059b328f3e99662181a283084,0.258,2026-01-04 20:54:11.000000 UTC,0,0
0xf1d67e959175c2f0999822981da78ff90224d7b8caf8b1fdab209017dc26df61,0xeef1df20b597de3f9127664f4b24732248128413,2.83127,2026-01-04 08:50:11.000000 UTC,0,0
0xb63f2b4dc730f077fdd6e9389ec2702eef244746366bc1cab81422de384201ea,0xd0f08d8dcb6432c563c653ee478267cb772c742f,0.02852,2026-01-03 22:33:47.000000 UTC,1,0
0x205cf3c45fdfb216b29ce60e66d5eecff588874992d34e86f05203bc0a207e24,0xc2d2cbcd2f0a04b89283cd4a40301ab55a2393ab,0.181,2026-01-03 17:20:59.000000 UTC,0,0
0x511a2d51ac26085a02bbcdf7e5db80ef482e9b0e03bb4f346d64d37b089e0df1,0x2ac9c973189f42a3f1bb854f031a7fca9d9cb69d,1.70067,2026-01-03 15:59:11.000000 UTC,0,0
0x4c51455a699b015fb421f75b7e2f2ea91527f84f9c30e2cf72f62b3cff4ecd36,0xd0f08d8dcb6432c563c653ee478267cb772c742f,2.5948,2026-01-03 12:03:59.000000 UTC,0,0
0x56e5433308fc06257b42bd7d79e2cab2e071c257236ebe62b951cf92940ee321,0x2b0d0023aa822a35943738c5dcc1061977ac020b,0.69332,2026-01-03 10:52:47.000000 UTC,1,0
0x039102c1c27f28ca6a168f43551954e05ee31ac664ad2927270e97352fdb5fab,0x572952fb4de93caae266520136ca2549398ccf58,0.07339,2026-01-03 07:29:59.000000 UTC,0,0
0x4dd93b4c7a7c69186543355a548f3fd74444f012b4d3156e4716542cdce9e8e1,0xbe440d2ec05c4a66b1cc5a4b6ee29ebe945a72e4,1.83,2026-01-02 22:42:59.000000 UTC,1,0
0x3464ec493be1aa059038e03d1b05dbf35ef898ab4add42659f5a228d3f6c0c7e,0x2b0d0023aa822a35943738c5dcc1061977ac020b,0.10811,2026-01-02 17:42:11.000000 UTC,1,0
0x123f241f32a82a3c83f28396a7774c56d44dda9c7a65541d503cd45ebc63852d,0xfeb5a1279abad1cbd4b9f4118b3ecfb9dda9c59e,0.012,2026-01-02 16:05:23.000000 UTC,7,0
0x927c2d95f62290e2e9c3085a2995d5ea6c750c42c319f2dcb01e8a4fc2f3f5f2,0x6152cf1b5f3e61b1aa956ff64efa1453b30b4c6b,0.19304,2026-01-01 16:36:47.000000 UTC,0,0
0x1f682bb45397fcfeb4468d1b26d42257b2db98cce2c372a5504dcef6ed901327,0xedb95c4cb1e51b8b75f5100ee37d729cfd3eff35,0.815,2026-01-01 12:04:47.000000 UTC,0,0
0x88d37383ed57d38fedd53f735ed336c96fd1babbc77b13d036bf2ca5934fe984,0xb700295c5221eff055ea2e254ab5a44005166fbb,0.04504,2025-12-31 20:43:35.000000 UTC,0,0
0x734fca0945c2fa352d8ec29329625a8329239dec5c46a597979a6524a6e16109,0x6d79ade3f835cf7b24b74af9fda542fc941c0579,0.035,2025-12-31 19:17:35.000000 UTC,1,0
0x99a27bd500d5c9aa49820753b0222b1a1eb990964c727680a046f8032a5d31ae,0x3107c8c74077243bbc030326d0826b461a3c2a2a,0.627,2025-12-31 17:29:47.000000 UTC,0,0
0x04ce033062fe8d73ee67c2bd736c231aa5a79d2ed403f0e69d4ff37b0e67a133,0xee355e1ea27ff2ce850756e0fbcbb441bbfe229f,0.25,2025-12-31 17:10:23.000000 UTC,13,0
0xc4258b9ae3af2b29aba9e4cd686bf6a8e6f66ae5fff3c885f8405946643df6ff,0x1f22a0dfb910ea82afb860e14408e9837f364a68,0.35,2025-12-31 16:56:35.000000 UTC,3,0
0xd1c7c950082709e9d99ba5eaae77fdb3d51ae58d16d046816eabe910dcf5e77b,0x246b505f35eeadf3137bf99ba7936e7a386e2026,0.83005,2025-12-31 15:20:35.000000 UTC,0,0
0x3b3ba6443488a4c4070799aa0bdf147b5ff669d55d8dcfe5085a3371f3685c60,0x6b6e87c037aa8c3a50a5010d8704bc5ea5c3d3ad,0.115,2025-12-31 13:10:47.000000 UTC,4,0
0x848ce9689152debae6c57d988b9d16d00ea58c0a5b01e1260dd61538f05b45d1,0x73c9d6a8df43b49d2a4bd3cb941bf2ecffe54f77,0.12782,2025-12-30 13:03:47.000000 UTC,0,0
0xfae3215fb76211c11c798755e7ce8904f22bbc1a3c0a4da710515396a6d951ac,0x84c40718ec7afa0a4df9b3bfec25f5eb16512f19,2.024,2025-12-30 05:46:59.000000 UTC,0,0
0x99cadf58b64401f18de33ba907134bb25413dc97cd07708ab326e8d27d2d9716,0x04d56f98c953acbc5d3202642b3c9b9c64f0b225,0.011,2025-12-30 05:11:35.000000 UTC,7,0
0xdef9356a2ee6c4d4fd2fe6bb4fc6ba08bf71aa9b80e61c8f2b445908c148e7c6,0x93e1308337f667056029702334a73f1d1183a36d,0.74659,2025-12-27 15:07:47.000000 UTC,0,0
0x7938456c288203cc6b35f3316f521ff0eac5de31d72670a8a3f5b1b0d4df8e93,0x1d90899e3b283a51ed825dd388a6f825a89f70c3,0.35,2025-12-25 23:47:47.000000 UTC,3,0
0x89f5b402b3ff5bdc054e47fa82cc449f89fb5da08310a7962ef60a12fb61f8b9,0xd56fc76b37e0086998a6690841d893e508552250,0.508,2025-12-25 22:34:35.000000 UTC,1,0
0xe459ee2ced5b5189bc3c62d7b37f819f3cffab087de7aaf6960be52612b34511,0x8922e633a83c01d7df56c1863e1027db8c705755,0.3579,2025-12-24 15:15:23.000000 UTC,0,0
0x13e2288ca4f6f15a15857c3f50087b26c1cdb41436987a2d737791ab7dc1e317,0x51adf197a091afcd2af5e73a4828257988fbb65d,0.0199,2025-12-23 11:28:23.000000 UTC,3,0
0x620d7a7cd064ff494ac14c338fdeb67b9b803c315e7ed2748f2195a5c07e05bc,0x1d3fa7a111cfe0921ccecfb0afbdaa8496cfee7f,0.01876,2025-12-22 20:32:47.000000 UTC,1,0
0xc9b312802105f9c93616781808547e86dac7c4c032cda245e094ee5fa7167861,0xfe584841ef1fc630b1495e945d339c30637bede9,0.09476,2025-12-22 17:19:23.000000 UTC,1,0
0x8b065a538d6b2941bd8513c5b244aed5a69816b351b1d1cf53af84e940efdae4,0x3adb4815dc8e8f41183f13e131a91583a0b4a81f,0.065,2025-12-22 09:22:35.000000 UTC,1,0
0xd4ca39fdf724bfc98b9db7e8d8f40d702016c6cdbce60f540d9f6fe8edc288fc,0x500a3a68a1638833b6420de9ec4e6b9c945bb3a3,0.012,2025-12-21 13:37:47.000000 UTC,7,0
0xdc9c02aafa4edcd32f7f92a3bc5408f7022518e867c6b0bc8bc4bbd781e8ba3f,0x7799cddc48f14b0c884a99c9cf2d90af820cdad0,0.53296,2025-12-19 19:12:35.000000 UTC,0,0
0x5debceab270c44a57533c2008623473d1c9574eb421402fc095916e9690b48d6,0x69aa4b1c616c9f2a08d57bc8809a199d07c978c0,0.44,2025-12-19 01:39:11.000000 UTC,0,0
0x3e2f1816d73e85ae264c03be11fa19990db6cfa5a73d213329354babeb084990,0x6b6e87c037aa8c3a50a5010d8704bc5ea5c3d3ad,0.07341,2025-12-18 18:49:47.000000 UTC,1,0
0x0430f1473beea42ecb882b0761628724611c72d266bd757b16ebc308aa804787,0xbcd00ac6954a9e5c2c2913de5f52139fa07020f6,0.25,2025-12-18 17:03:35.000000 UTC,13,0
0x69562e4e8dd4403fb4738782afd74b4783f274c67737eb8dd0a542b08aeb7438,0x14b9ebe357ccdce556d685a5a29a1c48b0ff1d2d,0.104,2025-12-18 11:12:11.000000 UTC,0,0
0x893cf3f87370947b64faf8e131e6fdc1434945c99cd8bb19dfaa9eecd7f6ab9a,0xbcd00ac6954a9e5c2c2913de5f52139fa07020f6,0.125,2025-12-18 06:39:59.000000 UTC,1,0
0x121002cf2445205997a20df599622c9233c268e682e081c51fab2554bb65489f,0x8d90a4fe233c2e5f59ee8180ac497a6c1749d0f7,0.01005,2025-12-18 03:49:23.000000 UTC,1,0
0x3e84fda4f7eb3191bdb896bbd89ff3e8a471d7f2f2660b86a696a8693e946d91,0xbcd00ac6954a9e5c2c2913de5f52139fa07020f6,0.125,2025-12-17 19:47:11.000000 UTC,1,0
0x7016ff4e65e7fed354166bd245184d55baeb85e2c302ceaf3e388bab9521aadd,0x9bb9f31abe979bb541a1d15cf48e9082845ef25d,0.071,2025-12-17 17:51:23.000000 UTC,2,0
0xef3947c39b8799aecb82ae96a4ab8a6b1e74f9ec8c6e059d9031cc2478f7a54e,0x39ebf36997fdbc2a74c97f360dfa4f8a2eb423f0,0.745,2025-12-17 10:04:35.000000 UTC,0,0
0x1352e3d51ccc7a57ad2e77df3e19a8da8b6f5153603454b880815d3e05db6700,0xac0e9e5c1f28a6bbcb717fd38d3f3e078ece2697,0.015,2025-12-16 04:28:11.000000 UTC,9,0
0x569f20232693e7b178fbe53be1b8bbe6da3fd995b896cfddd83fda5631bb9902,0xb66084e030ed88281e7b52e2e9bdb7d6caee1e87,0.15,2025-12-15 15:09:59.000000 UTC,19,0
0x409d4aeffebd5650fe15d824068d31125a5106b93403de73fc3b6046e1ae419e,0x9bb9f31abe979bb541a1d15cf48e9082845ef25d,0.065,2025-12-15 13:43:59.000000 UTC,2,0
0x2bbfae3f388694f10c3e12b699c65121894f88da859f3a1319f1e8b854ac8c2c,0x617dc7a3a95a9d7ece0c99ca5f72d52b53309325,0.03436,2025-12-15 11:35:47.000000 UTC,1,0
0x65490f0c0802c9c65d2de9d7a1d149aee6a020886715cd885860b0a9b7be1905,0x61d3f5f3b51b386a8d3c7de7b90c2df3ed1234c2,0.10597,2025-12-14 22:26:35.000000 UTC,1,0
0x1e16385994bd8606a0fa33b4afdfffad703bc0e6c0a4b4c498f9e89ce50c6e85,0xb2d1d4d9bfdfaefe2e176895820d2c6969035a0b,0.0709,2025-12-14 21:51:23.000000 UTC,1,0
0x840c66025aae3902ab83ac7db125bcc607ccf185f1627a821b6c797dcc0bcdda,0xfc5c5ab8042e416869ea4d8b35a6182c9bf14f15,0.11,2025-12-14 15:56:35.000000 UTC,6,0
0x0e3b394e68170ea08fe325adc80d78c60ac3576412677c20d699b2e712cf1ef2,0xd10446883908f1f2f27f2f519672e27bff4c3380,0.85434,2025-12-13 14:06:11.000000 UTC,0,0
0x3c1c0050232cac29323b0cf483e30461c12168906b12491c1e1c4b344d9d901b,0x03f3c0affb4e135dfa3b61247cb6c7f7d7dd0888,11.11,2025-12-12 23:49:47.000000 UTC,0,0
0xda6cf4cf6b0aac223dc5b5b3d889c7581d255b4031d1bebe40bb625c94bd8290,0x617dc7a3a95a9d7ece0c99ca5f72d52b53309325,0.13,2025-12-12 10:58:35.000000 UTC,4,0
0xd03030b4ef954abd6ef15cd1ea52bbc2feb86da229ee3b034645dcaa03537fa6,0x8c0c9b3164aff16be9fa122f51dbfdb369400de3,0.775,2025-12-11 20:29:35.000000 UTC,0,0
0x8ec2429eec95b90d8eeffa0b0fd3164f70eb076d50cff9285b12f4560be6d400,0x21bc7fbf89b07e318dce55676bff0c3ff5edb948,0.01539,2025-12-11 20:06:59.000000 UTC,1,0
0xa1c6104fca67d424ff5e421f035dcec54e589d424f8f64d701a0d5b91e195bfa,0xe18b3f9f635be661253c076aca15b517408c9b4c,0.025,2025-12-11 12:32:47.000000 UTC,19,0
0x3d561d11cec67e7d45dc2a0132e5b2509b1e2c55ebc2925c053825f09011803f,0xd10446883908f1f2f27f2f519672e27bff4c3380,0.35,2025-12-11 11:21:59.000000 UTC,4,0
0x2435cfdb63b270606c7b8a17586aa4fc4ef01e8e392a96da48b13788e983fae4,0x0f48669b1681d41357eac232f516b77d0c10f0f1,0.25,2025-12-11 10:29:11.000000 UTC,13,0
0x0016e0a5d38a31c8f1d2d0d727f548e8193d73f16ca1c69aec449b8648c32722,0x0f48669b1681d41357eac232f516b77d0c10f0f1,0.25,2025-12-11 07:35:11.000000 UTC,13,0
0x02b9af4d98b596eafb90368b7a4835aa2d1ec110cbeb78d40c80b6a7da2e4e22,0xa48ddceea52468e8b00030573d6a2033c2015ea2,0.1056,2025-12-10 22:53:23.000000 UTC,1,0
0x43fa0ff7aef042cad640c3fbeb3166aefee599be660b54a306f04d49e902e796,0x47fb2c0e737c28bcb7abec64956ef694e7328116,0.16633,2025-12-10 05:34:59.000000 UTC,0,0
0x3bd2270f3b46fb34ecfd4b215747b39994e85323142f726ccd48447b7e257ccd,0xae3137328911c50dc9baa9f329f1403a12c1e704,1.20774,2025-12-10 01:03:35.000000 UTC,0,0
0xb98d0ca569a2bc902d5b81dba43ecd6c1fda8458475d74ecf86faf3fc3b19115,0x2f7c3cd533652bd6a2dc7a3e4daa989e60295a40,0.011,2025-12-09 05:58:47.000000 UTC,8,0
0x2a006bf41b77cdc46bf53bd8dd31d92b06326f7e78b52d8b92e84d7e64d93f54,0x23776e53ac37883f4128ab0a0dd075427d1b097a,0.49831,2025-12-08 12:08:11.000000 UTC,1,0
0x6d37ce74a2779fe5460ea17e5ae0052dbd6bcb48c51ec42cb9770831c6422d8c,0xbe9ba50e097fb5a198369800b00e1f523ebaa069,0.03898,2025-12-06 19:59:59.000000 UTC,0,0
0x23d07d59f40805301198da44a394361ff54d5ec65877ed49ac767ad829285a1b,0x99ee664abbe926d7ef3ed66b490d296a30a706c2,0.02778,2025-12-06 19:34:35.000000 UTC,0,0
0xaf202e1532559ed598015fa5a238688ec1df11082eda2e883f703ed1ff1cddda,0x6b6e87c037aa8c3a50a5010d8704bc5ea5c3d3ad,0.66332,2025-12-05 02:17:11.000000 UTC,1,0
0x051f078e823dd32d0d778bc80aa1159fb6b33abe49a1a2dfe327bb29ed07b8de,0x57d35153f593b86dd9e35819350762d1a1b37a51,0.02852,2025-12-04 18:48:47.000000 UTC,2,0
0x933c7a7d4427d379811f18d110f4d9cfb0f10e3bdb7595acc6b7703cb51bc252,0x7421241114845637171654742547783342785642,0.15,2025-12-04 16:37:59.000000 UTC,20,0
0xf9afe96b27d54b45a9337774a90d8d2a9a80b7138b4a9feedfa30198626c34bd,0xe107cf800e4582eb239d7ffe6b476a202338b7e6,0.37087,2025-12-03 05:27:59.000000 UTC,0,0
0x00924e4e254f34ed9d148a6e2aed3f2987e19317b0f00b1ea3d107ddd87ac3b2,0x348ad36f7be4bf0c2972a1e1e610c71c59db91f8,0.07652,2025-12-03 05:00:59.000000 UTC,1,0
0x68125946dddcba9b7c6ed142aead33482e2b3f9ffcbfeea4007aba962de9de4e,0x63520e14105bab5aa1b5f1c5d6d1f8330ef3f7ff,0.011,2025-12-03 01:44:11.000000 UTC,9,0
0xdc43d98eee1a3fe1d2e69b0d5418bf33b13c08303586f92817bfc3ef5feca41d,0x5794d7b187cf3333555a3f5c3e9edfe1059dbb9d,0.012,2025-12-03 01:30:23.000000 UTC,7,0
0xee3a48c3330030ed789f2d3897843e075fd3d59829d0e9fe15a27725de97a68c,0x72756f239d3fb5041ff9ce821edc530bb04ae42a,0.011,2025-12-02 16:16:11.000000 UTC,9,0
0xcb899ce60e8fbb181bc15e1de80f68e190365955f7b559bb21853a75a78b13eb,0xe3dc8eba0b46ff2a1e67b4d5c9584c60c2b38535,0.08327,2025-12-01 22:40:11.000000 UTC,1,0
0xd572e525faf3b5934e283ae235175ea46057bc213a91966967fe0d665dd99849,0xfdd74a62b2d405f70246a4ca6bfb3488c8e9a00b,0.71,2025-12-01 21:57:47.000000 UTC,0,0
0x31c196b23a6ee4a3a1b131fd6872429f1d57051e79141ed1f4424562c7b5bbd3,0x62ece183f6343332a8b7207e7ac16ba60bc86804,0.51,2025-12-01 21:55:47.000000 UTC,1,0
0xa98bf4280a5b054e5995f73ffcaab49a9d3d900ec07ba1bc99105e15dfc28de3,0xe0e9aaf27993f96735fc91a9d89c8207a4d2da6c,0.61,2025-12-01 21:28:47.000000 UTC,0,0
0x62628ace1ca1ad2d6b3bf3e798ac29352235d09a2c84c5aeeb2f044bcd350997,0x63fd43a809087567646c76995700043b46c19625,0.61,2025-12-01 21:17:23.000000 UTC,0,0
0xb50aefb275c7c6395b760dbcae33d96e2c595dc096dfbc140c0556c2f4271405,0x2c9715380fe5b6adaa26afc00681cd6ba3ec04c1,0.41,2025-12-01 21:10:35.000000 UTC,0,0
0x0a727259bb9bc459648bc4ad326199c2e6651277b7cddbb062c8808dd1ce9423,0xf267a43c4447fcf603f02a3082fa41b5c4282625,0.10146,2025-12-01 11:34:59.000000 UTC,1,0
0x99fd16876eee19d4103df7a6860cafceb508735c825ffcabd26434a564a40516,0x63520e14105bab5aa1b5f1c5d6d1f8330ef3f7ff,0.011,2025-12-01 02:44:11.000000 UTC,9,0
0x71d02be99db0926427e4e253b81050f64259aef928390ceb31159b0f9a42f544,0xad8271d888d415aa01c02b49aab0d4d9c855de96,5.20168,2025-11-30 14:41:47.000000 UTC,0,0
0xa1595dc3f2e743560952ea3ea21c80b16f5905f9de330411126c20e9d6e94d80,0xb49c12373edf3ead7694b0a1e84c1628cb6fec50,0.21992,2025-11-29 21:13:23.000000 UTC,0,0
0x28b21504a4ecd4f76d5dc1c7aa18df765265a18c2d31bf7c36842e41560ad877,0xebdf3b5e96a092469d5424b091acdd14fd407781,0.012,2025-11-28 21:25:11.000000 UTC,7,0
0x6a470d8425f4f447919c5bcc943ea9f07933a71421abfa26b75b4e51f9a929ad,0x64999e50e728120a6bccea4db5b337c89e33bc2f,0.102,2025-11-28 12:26:11.000000 UTC,2,0
0xf23a9b17dc14b83810cae78b2a02832d0567a128025ed7ee20559b7583aca8df,0x3a1bb9a434d4ce28ba39f5946112369315d88db6,0.11,2025-11-28 05:43:59.000000 UTC,11,0
0x72fa77a7b22a136870b48d3d5a9fcb52bdc918ed8cbf1cc414742920dfdaf200,0xf68c0d71b1fb49734341153485e9765f3bbdffb9,0.011,2025-11-27 12:29:59.000000 UTC,9,0
0xedebf64ded9a15eee0ba37a7b3bdd93e263becc04ec212dadfaf6c2147a46d19,0xba8fc8ff6fc163419875fd832d583bc43dd9f347,0.012,2025-11-27 12:24:23.000000 UTC,7,0
0xe8166585b2ba83b641b435fae1fe24b805928f8de0bf3e4ca2c02bc2bdc54e8b,0x2c3f5f81ba2edc5ba7cacb45a825b991782a72fa,0.012,2025-11-27 12:16:23.000000 UTC,7,0
0x83741217cb53e70a0d2271f81d4320082f3bfb8a9cf7e44ddc9e383483f5106d,0x1e885a708e011f30406ebb6400d8dd3c51a80e32,0.011,2025-11-27 12:13:35.000000 UTC,9,0
0x8afe2d219f7c7dd34b6d53d57117be4909b114e27a0d507fc10e035c58346589,0x892e47c5b6edcf3af928915238ed041affc5a8c5,0.011,2025-11-27 11:52:35.000000 UTC,9,0
0xf96ca27695e5d7738ba6a30eef39ba7e8f1bd503603928f6e3718593e7d34fd1,0xfaf7a0e4eb5625e5743ebda3b462d40120a3e8b4,0.0095,2025-11-27 02:52:23.000000 UTC,0,0
0xe620c206174a4e71a33af78cad5fef4145eaf8897b49726af6ee69e8394e0bb8,0x61d3f5f3b51b386a8d3c7de7b90c2df3ed1234c2,0.10392,2025-11-26 19:14:35.000000 UTC,1,0
0xc44340e12f68f7f2148afea5383415d158b1756dd67a3c732688e4d6aeaec258,0x955a559496cf65f60fa6ca42188bb152ab301bf5,0.01051,2025-11-26 18:07:23.000000 UTC,1,0
0x507e0d660bc8922ebf674ad7f23798820c2ab8618d1c2868359cd0b537b84299,0x73cc3baf8956d2f3dc93af153362fa2fe4f6c4f4,0.15,2025-11-26 16:19:35.000000 UTC,23,0
0xc95698349936af62fa5f8e13869976c7e9feba609ba7b537f874003eb69d1545,0x6b6e87c037aa8c3a50a5010d8704bc5ea5c3d3ad,0.1032,2025-11-26 14:42:11.000000 UTC,1,0
0x77fb4eac5fba9bb497a54b855612395fdde4e955f8f36e915157fac62f1cbbb5,0xaa50b408f03dd3dc7d3e2c935e58aa6f32f82e81,0.114,2025-11-25 19:32:59.000000 UTC,1,0
0xa7cc80ba85a85a427bbd67a18f15fde151054a2a5eec36a1c52e0ddc89f7076f,0x4ac358f7903fce140e270a853ea2482585899b4f,0.011,2025-11-25 08:42:47.000000 UTC,9,0
0x21f9b9487ff6290ffda6c5abb1337511ae6dbd26377e2c9c73880d9ca81b0056,0x14252edecd2406a876948650518a6c2ee0c3fd7c,0.011,2025-11-25 08:39:23.000000 UTC,9,0
0xc9a9c6919abdc3f99bff4123f5df29e5085fb2f70becf6476d7401cf2fb1b79d,0x0c7ec9608bd72be08d208df68274c6c46e17890f,0.011,2025-11-25 08:35:35.000000 UTC,9,0
0x23e0961175cbd5c8f5f72f7b96219dcc8aa9a7a4e4310581e3a72a12544a373b,0xe51af89116374a07bee62bcce052c5e0029817ec,0.011,2025-11-25 08:32:35.000000 UTC,9,0
0xe9ccb1d8609f9d99a705191a37b80e200d4a89323f598d82a7b944f75461a47c,0x80b9921e66f8668a4918d867809da014cf77d302,0.011,2025-11-25 08:27:35.000000 UTC,9,0
0x8bef56789b3e4a90b000c9973c24465951749f1404081087b0abbce5c00830ea,0x45e7b19302726e8703071b233fad6659c8a04ba7,0.011,2025-11-25 08:16:11.000000 UTC,9,0
0xf0e39356f8dfbce748ed8e24bf1a6dab0649cf13670fb4e395b1943a2d2bda92,0x25f8c06549a77fcbd37b4ad6e2cd4fed54575779,0.011,2025-11-25 08:12:23.000000 UTC,9,0
0x5ab914b600d90ca250c80bbf497d2560624e8bdfa8f338264226ea55625c8451,0x3fa6dd1c0b90e03252a7be57720f05b9c3624dcb,0.011,2025-11-25 08:08:23.000000 UTC,9,0
0x2cbedaffe8c570c8536e99c756238764a6fbcdbc8f48302f42db8cca33388f8a,0xab25f10dce739223cad7f1d5eb1463c8b053c3ec,0.011,2025-11-25 08:03:59.000000 UTC,9,0
0x15d9fc75487fd9f77a209e42d11b333366251669b5cae38fb4df324973163afb,0x55a16a377f1ad57f641c92c5c3b6307a86fcb8bf,0.19715,2025-11-24 12:38:59.000000 UTC,0,0
0xb24c61e6cc659327f481634d2c0a291700eae4e543f405e50825d3973dfbe9b9,0x05cd4623c48553a3070061f557bc38a1d00f716c,0.011,2025-11-24 06:56:35.000000 UTC,9,0
0x77248466f083a82174d3a7a9e8381a5d329ac3141d1e2372f6397b13e398dc7b,0xd796a3f19b342e3f9f4acedb689c17015141b41f,0.01959,2025-11-23 23:57:35.000000 UTC,0,0
0x3092ece391402ec4fb570c46415c09446991f23d5fa8088d9bc9b2c2ec525901,0xabfd99a7da59e8b96f1cefa6e35fd03e6831bc10,0.103,2025-11-23 13:01:35.000000 UTC,1,0
0x92c0988c4b69faae09340f52686c11a48fdd6a327681994c96cfd46af4dc146e,0x6b6e87c037aa8c3a50a5010d8704bc5ea5c3d3ad,0.11629,2025-11-20 14:10:47.000000 UTC,1,0
0x4ff1f609872d3f6c9fdbdb59fcc5ab02287e36d6b5d56f509149c887a6a7fb2e,0x8ae4c29c97a9dfba7a4440c6336a7d37eba0e12c,0.11,2025-11-20 08:47:47.000000 UTC,12,0
0x657f299e24493899733aa6bd4ad0dcfde82b0d8a54c142b4a41f6b99bde52a10,0xcadf66193bfa9892d90886f7ada6cc4a0af86c9e,0.19339,2025-11-20 03:25:47.000000 UTC,0,0
0x9cb508119e2f3d2c4739a88f86357776f7b8b862a638c55fdb0806853da072f2,0x6b6e87c037aa8c3a50a5010d8704bc5ea5c3d3ad,0.1889,2025-11-19 14:22:47.000000 UTC,1,0
0x4e0018c9922b454c00d60cab3941a331e77f58dde9b2dbbfbdac836bfaa86eee,0x5d9c5c3192dbcc66c84908cb1677cee5ab2a1086,0.105,2025-11-19 01:51:59.000000 UTC,2,0
0x9a4e69ba48d1d4849ab3647526229e4c213a50b693be57a5a9cbc5f39f788a25,0xcb53a818042db647cb01672751b0e4efca29cf55,0.11,2025-11-19 01:19:23.000000 UTC,12,0
0x3917a3ad628907b4af84e7b63fcebcc5f6fe67339dceba72a56cad653d3ca566,0x69aa4b1c616c9f2a08d57bc8809a199d07c978c0,0.15,2025-11-18 23:42:47.000000 UTC,23,0
0x61037bc65bb05ae3fa99d7423816528f12ba203842e15ff0ec95a1cfa316a5ee,0x9c303de078c7252964059cb252d0dce2bdaa568f,0.11,2025-11-18 20:41:23.000000 UTC,12,0
0x71729576638166608a34398f3e068c5ad0d74a04dbe6d4f00f69c9e4012de40f,0x23776e53ac37883f4128ab0a0dd075427d1b097a,0.101,2025-11-18 12:49:11.000000 UTC,6,0
0xda0dc1a6c356646456fc5e5f568db2660c355d9757b9cd4c0697a5e6d003261f,0xfaf7a0e4eb5625e5743ebda3b462d40120a3e8b4,0.0995,2025-11-18 10:39:23.000000 UTC,0,0
0x28385dadc56a5ac92a8030464620523f5359db5aa00e86cc7dc67e694049b6cf,0x17fdb0a2bd4d2dc452a99ce6188d5767835b2a5b,0.1518,2025-11-17 21:01:35.000000 UTC,0,0
0x39d6b1cc035764abf3c9b477932c4ab564209ea894dea84c3ecbc38eac75601e,0x7d10cd28fd13e537f97a40a4f778e0d578df11ba,0.19581,2025-11-15 12:36:47.000000 UTC,0,0
0x0fdee4e22e0e4f39abc049c7f51df3b19a905a1aedca062af0c09e1e3eeae3fd,0x0fb21490a878aa2af08117c96f897095797bd91c,2.97,2025-11-14 04:04:59.000000 UTC,0,0
0x465d4c307db186202045a96acf17281edfaea73542c444393d8dba25529724d6,0x6b6e87c037aa8c3a50a5010d8704bc5ea5c3d3ad,0.10437,2025-11-13 13:50:59.000000 UTC,1,0
0x4612050e3f471e5762347d0987f4b487815219e22f66a6b3e530c06af09ecfdc,0xb94ed01e10fbb4ab012cdfa0e50fc65ea7008d4f,0.40541,2025-11-13 00:22:11.000000 UTC,1,0
0xc7b454d93ffce4c1f9fc04d1182fad3acdc0057c302c9f362a45c2669f3b24cd,0x6b6e87c037aa8c3a50a5010d8704bc5ea5c3d3ad,0.16264,2025-11-12 13:42:35.000000 UTC,1,0
0xeeeda239c73aafb347439fbd0a036915f1d71f5c7ab3a630ffd8fedd65362b09,0xef800f215584e7ef018afa1c88ecf51c0a699674,0.10945,2025-11-12 03:55:47.000000 UTC,0,0
0xb48df675907e4dd1279e749b018f722c81c9b9aa44aeedc404c25dd689c71af9,0xcdae65ab5a5a50ddcecb42722d87a99c1d9d9889,11.78269,2025-11-11 11:09:35.000000 UTC,0,0
0x3e00f76abd1f013a9c9760f0c4c2e76d417b0f08e4f95db7bf2dfce8e03e122e,0xfd32efe40fbdadf2c16392a3bd9ff498137167c1,1.28,2025-11-11 09:24:47.000000 UTC,0,0
0x5f24809534be8ce8538ada3ac29c7109fa21d0983dadc7f9ab7e3e4273999508,0x0a0d752f90b7bf700e29379c7f512c87561e959a,0.23087,2025-11-11 03:33:47.000000 UTC,0,0
0x6d1f0399f5aa65374f29c8d1ec0e2674beab018cfc65cc18d8ece66396a61389,0xc790283f45499b5bd7da6bab42080ce88bb0f150,0.10759,2025-11-10 01:46:23.000000 UTC,0,0
0x9c1702cf203768d0176d80e4a2373607d4402aacbe5e0019f964d371dc866bb3,0x30154a20ab0d25eeae96c0baf8cca51ea6518586,0.10849,2025-11-09 11:23:35.000000 UTC,1,0
0x9b4cf1cf1b3e1dadc7b0b747994a191cb8836ab070c405631f3bebf50d8c8435,0x5fd6036d56baed4f37df99f93985764ff68d3e44,0.13574,2025-11-09 11:22:11.000000 UTC,0,0
0x71ac7b5008467154e82a6938ffc984c8140086a5745c0a5c0455f9d2f8d88620,0x1bcadcd1b82f63919b6fd5e63434b03bd45ee58e,0.125,2025-11-09 08:22:11.000000 UTC,1,0
0xc5b60edffd7d44398545794c17adab4e45d7e8221d1960e2f0b1e3692ffcd5af,0x36a18332c4a560d3c44caf8a21fca19adbb38f34,0.25,2025-11-09 00:06:47.000000 UTC,15,0
0xa7819c3d9bb5a339a859e8e867e003514702fd7190850bc0adb9aab0846b07c0,0xff8fe929ef87f2c840ab9208175298c557ecd53b,0.12,2025-11-07 07:39:11.000000 UTC,4,0
0xd3442fa05016a0e4f6af4864e367d53aedefd6e976ae67f3de7ab0c369d3f6ee,0x6b6e87c037aa8c3a50a5010d8704bc5ea5c3d3ad,0.2271,2025-11-05 13:26:59.000000 UTC,1,0
0x372d284ba7406fedba06a3944b5aa6ca44d3036980d705a1f5c38ddaf5a2e437,0x101a2ac1cad098cf5c6d3370b9e8754c0698b245,0.49038,2025-11-04 14:49:23.000000 UTC,0,0
0x552fc3db9b0524e53c4e2ff5282d600866c84987f04cd287e57354d6118c25fe,0x07b3fa83c50a56a8d396c547f952932d045a43c3,18.32434,2025-11-03 20:45:11.000000 UTC,1,0
0x2e43876aa9862c69758152dfbe68068b2fe35e2f51171ca75980829015c6b1e9,0xf394654700e1ffc93a8a09ce87d4b3a34b9cccc9,10.53033,2025-11-03 20:44:35.000000 UTC,1,0
0xea5b799fb82c4f038c95574ca40cc640989b8d63ceb6fa1f3942d86eabde0a3f,0x1441be80efa45553713cd363a700ff3da3cd37db,20.62915,2025-11-03 20:43:59.000000 UTC,1,0
0xcbddd996ea788d6c20fb4df9b3cec4b8c96cae9bd78799d4ab4ab12ccbc25127,0x7b759eff7976aa5757eea2b0e5eb94a19316b2a5,18.3407,2025-11-03 20:42:35.000000 UTC,0,0
0x8732f6b5a66decec18d10c199e16d774db0a9565754f055a4b87857970e9ac75,0x78d40f2ef9839d4ad73f594d23bccd5103a6e184,0.11144,2025-11-03 01:25:47.000000 UTC,1,0
0xf39f0e6b7c43ba9973c1672875672ce199646ae331295a0a7958825a82ab04b6,0xd7f7617f4d8dd8eb8453a51d38cbda01250c922b,0.13914,2025-11-03 01:24:11.000000 UTC,1,0
0x03d7f8379de7f73622259f0d88e8dd89fd253613202db1ada19e93456603407f,0x73d075132eb7c71ec379764bcc9d92ce4ede7b85,0.75,2025-11-02 23:01:47.000000 UTC,7,0
0x6014c49540a1672f409170d20680324f0aa509a09a459eb4c6547aa6ac0f5240,0x6b6e87c037aa8c3a50a5010d8704bc5ea5c3d3ad,0.14669,2025-11-02 08:15:35.000000 UTC,1,0
0x03651733eabb0ddebb7cea41e9c6b435bfae51c4e98d4bd8a6e8bd7b3f9ee5fb,0xa4cadbb404284b2863e7fbe162494b647dfa321c,0.21072,2025-10-31 09:59:59.000000 UTC,0,0
0xeb4012ff6d8919ac5997c79a03fcf4c76ddc40358b8e91e753fed8b49a6823cf,0x6b6e87c037aa8c3a50a5010d8704bc5ea5c3d3ad,0.10729,2025-10-30 15:54:35.000000 UTC,1,0
0x76089b301c3588498227364721e52da1ea1a7d4f64b9937ea8631e3aaadb7f94,0xd5ea13b3914406f634bdfdec9732f1cbc494de38,0.11443,2025-10-30 02:30:47.000000 UTC,1,0
0x27f6f5f1ed96c0bb33d51e20d0de00abc4bbf0e7f4877525ba3b6057cd4bca7b,0x1e2ffcfc71a841dbcbc7c5147a1e665f1cd5b137,0.66,2025-10-27 04:47:35.000000 UTC,0,0
0x48b3b1ed1f455adc826c233d23cf9ebfb44d741c1e88079c1104b024cacecff9,0x2e29c9d43c546c7bca16a706274ec2d9879fc142,0.23,2025-10-26 15:16:47.000000 UTC,2,0
0x96fd2a10bb41d8839fde09e1bbdbbe032fca92646076ed0bd79764ab72c4e3a8,0x6b6e87c037aa8c3a50a5010d8704bc5ea5c3d3ad,0.5709,2025-10-26 13:19:47.000000 UTC,1,0
0x7ec63f67ac9aec9e8d08e08964cbdb9d682980e5c2af2f34df92f915ebc689e6,0x8692b64cc53751440bf812aa83ff00231ca80d42,0.25,2025-10-26 07:20:23.000000 UTC,17,0
0x182db24a813638d27a68235a29922beca5ba498a54239528dc3ed9dbdc802cc2,0x4a1d9a444ffd2bc866f7ff5b9b8d218a203500f1,0.254,2025-10-26 06:37:11.000000 UTC,0,0
0x6108ea33a57edbcff763f98d8977c8a12489945aa42016c7d736ccac192e9aeb,0x7176357126d5bf260b7356f5e9605ac53ad59ec5,0.216,2025-10-25 18:09:59.000000 UTC,0,0
0xec726e2a140009483f2e03c03cc2674e4cbdcb65121a16ea8ce68a0354b76491,0x23fe783b04700a1555c91c8ef229655bfb964dfb,0.237,2025-10-25 09:20:59.000000 UTC,0,0
0x1151c97cd4aad43716fd7258c0cef592244f5a1d735c76c0bcd27ad60721d3e9,0x19feee0dff8bf9df19655c3b945a0203676a8f4b,0.259,2025-10-25 04:01:23.000000 UTC,0,0
0xd975a35843e222d98d9adcc80f82b4f1b92faac59fbe0292fae43375abca231f,0xac6689eef1c69f7425661d1e475544efb9ead122,0.20732,2025-10-24 20:56:59.000000 UTC,0,0
0xc2156ed397b4bcc9fd94238999381cb75dc10ffc7192a6185cb0f6f44688b8b0,0x45241a4046d0dffb7a68cce9e9f0787e8c656928,0.15,2025-10-24 12:47:47.000000 UTC,24,0
0x51b410a451dfde9962fad891785973472fd5e6f8523e9d412270d390ec01025c,0x7560e1b7d521a4f97950f523a5975011e5d0545e,1.18135,2025-10-24 01:35:35.000000 UTC,0,0
0xb1e43b47135881ec13edf66ad988df768669bdadd3822be22406248ee93ff5f7,0xe3716e4639ab74c1e5e5e70d4e2a4be14e08374e,0.155,2025-10-24 00:45:47.000000 UTC,0,0
0xb3e6ea86c3e3d1fcd4d68c8459fdd849dce2e07b2a0fe1d6b9c4cea6d60b8e29,0x20e788c4b1dc2e6e8ad7119b802f86fbca692b48,0.221,2025-10-24 00:35:59.000000 UTC,0,0
0x161a1f81e383b776e149ca2e108ae3c3026fc9bd5873f10e9f614fdad2b3a45d,0x71b054741127035258680428ef9a4feda1788d74,0.19068,2025-10-23 00:04:59.000000 UTC,0,0
0x4c22d7a21e811b73829edba65c09fd935cb98bc51f08760c2372525704a5695c,0xe6848f956b659ceb3d1af013e9bdba8b3c437c44,1.96709,2025-10-22 12:53:23.000000 UTC,0,0
0xe9eaa049d38850e1454c3f9262c899402e612a132cbd842d69b78d69e0da79dd,0x92d2357ff9e14ac5720819862d344f426e627a89,0.38,2025-10-22 10:05:47.000000 UTC,0,0
0x389d7fbf942822b0f06fb0ddb9afa0d34ca613b68be4153835daacfb1a2285db,0xe65cc0b0854c29abcbcc8aae3d217a79a9e25ef3,0.1926,2025-10-22 07:32:47.000000 UTC,0,0
0x23087399342e890b18a288f6e81ba387eeb437db6a7c0da7f60ff4167e4eb458,0x44ee022ce52edda374516e93fb7a035f73e2f08d,0.11749,2025-10-22 07:31:47.000000 UTC,1,0
0x4595b2e34a84265241964200034090d1349648b54f37ac351b69cd8c44aef9c3,0xc8d5e99b361deec9cf26af0954c365ef65ab7069,1.65,2025-10-22 05:16:11.000000 UTC,0,0
0xcd93c49b6b6167d1d5b89d12f0998f872c2e23dffb60c77abf523d41f72cfc48,0xcc5128db7f326b20b261e50edbc164beaf344cad,3.25716,2025-10-21 21:03:35.000000 UTC,0,0
0xab2984f842227ab85b05d1d7c97ee862fed14251578ad1baf20fbb5644dcd56d,0x3a9f9c4a304b9e5fef0ea617dbca6df2803dbf71,0.165,2025-10-21 19:30:59.000000 UTC,0,0
0x70746dd48119ec509fce26c0fc304a4fac17c5d384a50d8cf90126214542830c,0xdf29ee8f6d1b407808eb0270f5b128dc28303684,0.35,2025-10-21 11:13:35.000000 UTC,5,0
0xd3507e58988c7600dfd170936d1dfed9680033dfaa651825e228219b65bdc057,0xccfbf0fc6c88a80bc04eb6eeb4fbbd5e2d327962,0.19701,2025-10-21 00:58:35.000000 UTC,1,0
0x6f8b43ddce010f73b05e471786f46f2d42f974cecaea83bb509228171af7a31e,0x60ef49cf2f0a0e93f43351132e19f5d16340bd78,10.444,2025-10-20 06:51:23.000000 UTC,0,0
0x587a43c87a77411ed421b8c260569ae9d57ea35efe451bdc8b2112e709650fb2,0x0e5a3d70bf3b9a27d344153e4b2a0562d2e9df54,12.98638,2025-10-20 03:27:59.000000 UTC,0,0
0x811e5f9bb89361acdc08983bc3e50f5a3f32e5af20a4dfe2955da516af18e381,0x8692b64cc53751440bf812aa83ff00231ca80d42,0.25,2025-10-19 18:16:59.000000 UTC,20,0
0xa129dd40ca964dee35d45a08c4580114f1df5d77fee1bd819f134ff131586845,0x207cd69230c6c0f917db89872b34a19f05a38b02,0.1206,2025-10-18 23:34:23.000000 UTC,1,0
0x37fd9ffbeecca9493b18a397c0a9d3c389fd19dc7d3292769e104dc6fcee32f1,0x19feee0dff8bf9df19655c3b945a0203676a8f4b,0.248,2025-10-18 22:32:11.000000 UTC,1,0
0x7bb5f12aeba509528c7cba8e78fad31a82dea5d38b20d002295cc712debd92cd,0xdf23dac6e9200b091e8f494d918db41ecec3e543,0.202,2025-10-18 18:36:11.000000 UTC,1,0
0x381c68160194d386d960db3679bd06cef730b3a4d038b836436b319e72e61fbc,0x2e29c9d43c546c7bca16a706274ec2d9879fc142,0.22,2025-10-18 18:29:59.000000 UTC,4,0
0x5697610169781574eb4d3440e2f633198a1ee3c8a302def6a3eeb1c788e1d826,0x963e5cb0db226a3c3a94b0bdfbfda7fea292a43b,0.8222,2025-10-18 16:43:35.000000 UTC,0,0
0x248083539a870be4df8c9c5c64050bbfbae9f998749836c152254733e73b0195,0xfeb2b508a27e5ae8cfa78e5c6c84b57b7eddc6ee,1.5752,2025-10-18 11:57:47.000000 UTC,0,0
0x263dda04ab4b950f214555281baa53987bceb13bd24d6c2768c298a48e98811c,0xe3716e4639ab74c1e5e5e70d4e2a4be14e08374e,0.165,2025-10-18 10:58:35.000000 UTC,1,0
0x897a97c1ebdc9282fee1744129adab238af52b47ed93b62e5f5d33504f415c71,0xceb4c78f654c2168cc64d5b84fedad35e3ae8745,0.48,2025-10-18 10:14:11.000000 UTC,2,0
0x6507e144d914eae70e7033d9dccb024a67a2e65d85d767fb244082dda07c84de,0x4a1d9a444ffd2bc866f7ff5b9b8d218a203500f1,0.25,2025-10-18 08:49:23.000000 UTC,20,0
0x131853eede1446206e97f617c11f9e0113441007e246f1332a7378a79ce06b61,0x3a9f9c4a304b9e5fef0ea617dbca6df2803dbf71,0.16,2025-10-17 22:05:11.000000 UTC,1,0
0xd465a15a1968685640ca72f7ba6fd7e3e794afda2d0648793df5cfa395212802,0x599660245bdc7e51062a89faff172850239904e3,0.25,2025-10-17 19:24:59.000000 UTC,20,0
0x2362ebcc309604380030814f409e00f79dc419a18b04f7b7a2d1ca53e3fef721,0x5ac7a63c9bbb4fab857ae80be921344e3d0f8c97,0.29,2025-10-17 09:54:23.000000 UTC,1,0
0x94771983e29aa115bf200bfa6becfc835ddaf17dd3e5196df1ab9fc3c09cdd78,0xe3855a42c76a5fefd04920c0d5b35f60daa4ee10,0.1261,2025-10-16 21:41:23.000000 UTC,1,0
0x97694dd0a595fd379362bd10b63d3c01078a1089d88e883c0ce463084521c0b1,0x20e788c4b1dc2e6e8ad7119b802f86fbca692b48,0.21,2025-10-16 20:26:11.000000 UTC,3,0
0xde305e2833e27e54e9598941df357e982792d8138edcf67655c458ae6bdbb460,0xa6c411838c02425ee3b5b3478c305ac422d210f9,0.25,2025-10-16 20:18:23.000000 UTC,20,0
0x4b1713a9e09e7d6795d58d87c6b718b1d5e94ea99f7348e5152789c86c0f32f3,0x1441be80efa45553713cd363a700ff3da3cd37db,6.73455,2025-10-16 20:18:23.000000 UTC,1,0
0x0a886208cf74f2dae2a6c02428132c55ac27a0fbe396fab67623a3531bcea2db,0xf394654700e1ffc93a8a09ce87d4b3a34b9cccc9,2.27935,2025-10-16 19:41:59.000000 UTC,1,0
0x54337e31275075bb199d1ad9da528dddc7fcd812c547615535533007f6f511fc,0x07b3fa83c50a56a8d396c547f952932d045a43c3,2.23988,2025-10-16 19:28:59.000000 UTC,1,0
0x04ff377e42e52b2636feabe94bd671d7dbe88a517dc7963c087f98813f4560da,0xf394654700e1ffc93a8a09ce87d4b3a34b9cccc9,8.79084,2025-10-16 19:28:23.000000 UTC,1,0
0x8228b00ddb2d911b1476710908ebcf1dc606218f0811f04893d147ce0f57ea5b,0x07b3fa83c50a56a8d396c547f952932d045a43c3,4.3986,2025-10-16 19:26:47.000000 UTC,1,0
0xbdbab25b5c188abdcafd63bd1d41309fa30b13deeccfc3961300fe27a4daa64d,0x7b759eff7976aa5757eea2b0e5eb94a19316b2a5,2.30498,2025-10-16 19:25:35.000000 UTC,1,0
0x96da0a9eeb862b42059b0e66a6ab3bb6e8292d873d818775b2500eaa7cd9fca9,0x7b759eff7976aa5757eea2b0e5eb94a19316b2a5,10.8808,2025-10-16 17:04:59.000000 UTC,1,0
0xdccda35fa6845e9315a835669d9689563bb0a77bc81a6898510544e08bb7b95a,0xe8db7bf8138aa77982f329c3523e5ba3f0d4c1c0,0.18,2025-10-16 15:15:11.000000 UTC,4,0
0x4844e6ac1a0c213ef9a687941ab78a1ac810c03cb9b923b31d23b4d723be1585,0xfd96efc35167788de4bda7ea61bfcd37ab207dfd,0.24,2025-10-16 15:07:11.000000 UTC,1,0
0x2c47662367f8875baf820e49541b0b8ada81547e5d5bdd3f6d59362b02062b3a,0xd7c59c8f0d0612ca60107ad11710b04a51b96247,0.19,2025-10-16 12:14:47.000000 UTC,5,0
0x327e3fd4d14acfd2a3807cf038a65a4555003fd3ca1c0a79513b3e6f1312c4b9,0x65b5b9e489e90c641c69742f5ea805146795d681,0.20149,2025-10-16 07:20:11.000000 UTC,1,0
0x84aa77bd336bd9f450275fb320231432372f41a2699f85b70c2917e0636ab5b8,0x8b70625a8190aff3965a677b54d7d6b533372320,0.1238,2025-10-16 07:19:11.000000 UTC,1,0
0x0bc1c16b5a3f7f6f95b312fcdeff148592b37188013c9129c3d8eb9f3007a225,0x8d3731f7791e7b2d210051073b467fe6c5467eef,0.10624,2025-10-16 06:13:23.000000 UTC,1,0
0x5a5a1f0df7f6cafbf28ea1446d3460d7fbecad6724bbca46b84945a91570d985,0x7b759eff7976aa5757eea2b0e5eb94a19316b2a5,6.56695,2025-10-16 03:10:59.000000 UTC,1,0
0xa00f3b24a9da416b31c7e7b444d825ab82149d018174476b0e3029d61505b725,0x7b759eff7976aa5757eea2b0e5eb94a19316b2a5,8.70869,2025-10-16 02:45:23.000000 UTC,0,0
0xdf5c2d814e3ea0f88799c56a6951e95c17022d5af3c197bc5b51b42d2f69e59c,0x060999c6e461be2e4f74c65912db0ef4a9a1c6f0,0.25,2025-10-16 01:14:59.000000 UTC,21,0
0x40ea5472189766d1e09bb170c2d70fd251f0c3b90cfa1d3bc1a4cb4c0cf04cc7,0x990f8b00ae3f8c40f8837419bea94eab48be5c14,0.25,2025-10-15 12:17:35.000000 UTC,21,0
0x585c29998719446f56271c540ac11a45ff28da601527c671f67778a1cd1f9fe5,0xa6c411838c02425ee3b5b3478c305ac422d210f9,0.22,2025-10-14 19:07:59.000000 UTC,5,0
0xdf039bec2ddf639cdb7063f7cac51fd99c6f598190ee868a69d977f172a29238,0xfd96efc35167788de4bda7ea61bfcd37ab207dfd,0.245,2025-10-14 17:32:47.000000 UTC,2,0
0x55ee7fddcff398e532e189d695d7cc3ad0a01a020ad51dc87cee79b4ad170455,0xd7c59c8f0d0612ca60107ad11710b04a51b96247,0.195,2025-10-14 13:17:47.000000 UTC,1,0
0x4529db80edee63df42ce51e3551e902d096951bd98739c653ee3b501f729911d,0x990f8b00ae3f8c40f8837419bea94eab48be5c14,0.235,2025-10-14 13:08:35.000000 UTC,1,0
0x4eafcb38ed1af4e3d53129e8a9d59c6b6c306087e7419d878b491918db2a73db,0xa8e40a9cc4cc8fd0007ea10817806d408d200e2d,0.28,2025-10-14 09:07:35.000000 UTC,0,0
0xab73de608b19cc0d90d1491ee551412080fdba64b7f0eb6eec8dcb649c65cfd2,0xe8db7bf8138aa77982f329c3523e5ba3f0d4c1c0,0.19,2025-10-14 01:04:59.000000 UTC,5,0
0xcd731fa58ae48fb6ae41e955ca71164cbd1626a19fe1bf7ac1fd1d2bb6041d10,0x65b5b9e489e90c641c69742f5ea805146795d681,0.12704,2025-10-13 00:27:35.000000 UTC,1,0
0x66330504d68a3e001c6ff01d13ffa90d9d397c5c750fa3b7fcd44742372d79e8,0x81039559adb9e85e2bef030144c594684bb494f0,0.10405,2025-10-13 00:26:35.000000 UTC,1,0
0x20c7280bceff8a42e8375868271fa3492fcb5ec87aff1b0e6914c4b476f509d4,0x3a1bb9a434d4ce28ba39f5946112369315d88db6,0.11,2025-10-12 09:38:35.000000 UTC,18,0
0x21b9aaddf25ad7e4966736b1c38262b2d227076b140e08684104833b4d2efcac,0x1496fe65cbbd87765a5da4c90c193ea3b59928e3,0.201,2025-10-12 06:59:59.000000 UTC,0,0
0x2c27c040ff5fbe2ed87d306560a586a1c75d524d1b18079a82195712cef3d194,0xdcf55680f897d2b9594a985fe659fdc655f91c48,0.91,2025-10-11 15:00:35.000000 UTC,1,0
0x525058fc6aa2dfdd44f20d5523f2fcfd7757be2234330b5255879fb70b4f8021,0xc1979c1acfa6db94af9b054334bf23e81f87b1c6,0.65,2025-10-09 19:39:47.000000 UTC,2,0
0xc9c7113e309d751cd7b850d574dd52821f4ab3a9b4779178420c03342e5a640d,0x9295b84f08b52e480bce5cff6a65d27f2e7ce3b2,0.152,2025-10-07 18:38:47.000000 UTC,1,0
0x305338d49b99f967cb002bf0640a43ea8ef1a7f3125f884b6fc399928781dc38,0x263a46b68219ce63da8f7e12a984ac5e0637d9ca,0.1304,2025-10-06 23:31:11.000000 UTC,1,0
0x655a63b3afad844fc860165c8a78d919580752c0713ab7993edb6e6eab95691b,0x4b4c91c9ce7229a2a6dac82b6b507ed823d46ec0,0.10703,2025-10-06 23:28:11.000000 UTC,1,0
0x7d902f347131c8b2043c7b7bbb9107dd5c3bb80f6936d20fc9987ffcdc0c0e0e,0xb921259d57ca53cc837bedf1a0b55a5b95b11743,0.1012,2025-10-06 11:25:23.000000 UTC,4,0
0xc74382b0bd1ec69ab8f82a8c601d6527db4cbaa6ee713cf1efa76f7da1e03e25,0x79f8ebb0fcebadde2535d8500dfc2e46d41521f7,1.1137,2025-10-06 03:32:35.000000 UTC,1,0
0xb7ba1fc62f7d29ebf230814315558962be51676ab3c927013996d81ff7199fee,0xa24ee9906c04591ed01667a42dba6a714892b90d,0.3553,2025-10-03 18:59:35.000000 UTC,0,0
0x83352b52d9df834a6d1630cb77c7d7f5c2d216186101680636afc0fa3f673286,0x1b26453779a8ac69bd67a5d5cec114c203e887a4,0.1012,2025-10-03 07:42:35.000000 UTC,4,0
0x5d42d6af38eeaf4143ddf9bbfa48b5ba7a3f4bed7a51381dd4bdd02bfdec9e60,0xf31afd56c311def7faa176587645ad6b4cd71720,0.11,2025-10-03 07:07:11.000000 UTC,25,0
0x19474907ed0cd4b3b279acb82e00c4f621aa01ecb70c4896a5d04783561f6b82,0x2458faf775ea581bbac3d3a298f1c45f674c8483,3.935,2025-10-02 19:38:11.000000 UTC,0,0
0xb8ab763bae890e54e7d09c38eeb3739c3b3407272f3fca5248364a4125b80614,0x45b40589a2ee74231f6d065e6909aa660257c8f8,0.1338,2025-10-01 21:44:23.000000 UTC,1,0
0xae72c7a3f87593f76ef8e96d90f4783fec01d5a2f48aa45be1060dd51b188de8,0x45b40589a2ee74231f6d065e6909aa660257c8f8,0.11,2025-10-01 21:42:35.000000 UTC,26,0
0x0d79c9d1393d3a8e61a756cda16d51fecb93bb2fc24ac4b9402d7e6b27061374,0xfb238196eb838a2384ed33129e3bd85513a3dba4,0.1003,2025-10-01 21:41:35.000000 UTC,1,0
0x749c78ec3fbbbbf945bc096a401bc2876b3eec3ab2351e44dbdc9339a3fc1820,0xcfad0c4debd28dad5098940b66281c8098458dc4,0.124,2025-10-01 15:18:11.000000 UTC,0,0
0x0f10a7c3b53194dac0cfc13baf2b14ab574c1745bb558364a096e985a2fdf35c,0xc53ba960177db6bff4a73741806a685e6dcb2a68,0.45,2025-09-30 06:50:47.000000 UTC,6,0
0xde1f4d8a382d11a80e4121914b9b63e47b3e4ea1f606f3f82f97d5fcc2bed2a2,0xb9d0a5f811859a35280a242eaf1a8735fa1d80ff,0.2486,2025-09-30 00:32:23.000000 UTC,1,0
0xb3b4c7cbb749f4dbd9bf6b7158f8429a58143015495afc7c98bd1b4529242af6,0x40ce783bbe724e9db59a221c3ccdced3b2b657aa,0.1033,2025-09-30 00:26:11.000000 UTC,1,0
0x357c9b6f4cef112774ce6aa7a9ce874189eb85ceff217dd1ebad94c18cdca6c3,0x2a1a67980fafc3d536f39a7a17b3b0e90a000f07,0.2543,2025-09-27 03:32:23.000000 UTC,1,0
0x6a46b5024a5fe7aa35cf0be156272c6725376b106a92e88eee45a10d24838553,0xe3c23102f47fe45d353a6a9d2f3ac92fe8aee5d9,0.1066,2025-09-27 03:30:35.000000 UTC,1,0
0x50c42b8e2ca0a8090743c9746cd501844b8d37b2dbad4d81dc5be042a211538f,0x748a3e30a359ff3aea57285ff9451ca039818469,0.35,2025-09-27 00:10:59.000000 UTC,7,0
0x29f1bdbe6de17b74263a3ec6e14fd8c3d9e25edc3b997b2df800ca863ec312e5,0x073a5d7da0db994a6c54ae8a90cbe175c6161781,4.1279,2025-09-26 19:49:35.000000 UTC,0,0
0xfd9bc02b8afa26c59f4a2aff9c6f8ebc42d714ccc0ad4d6a88bc953fd7ff6228,0x42d976e330c059b5103553cf1fa9e2810f10cdaf,1.16,2025-09-26 11:28:11.000000 UTC,0,0
0x09732c9e193e8157809884cb494acbddb84efcb5fbe66180f5791b2603941a50,0xc8d5e99b361deec9cf26af0954c365ef65ab7069,4.0351,2025-09-25 02:00:35.000000 UTC,0,0
0x48d2ad86a6042ecc87c8f51a7c77fec2b9a2073c5a5d0317c8b1ee5d292c10dc,0xbe2e58a302f1b0bc8e3649fad6980b804877cd9a,29.849,2025-09-24 19:41:59.000000 UTC,0,0
0xd1d5baad14a323f6037df5dd00a65df2c5b80de280da28b262078ab682c15791,0xd2740f3e455fa6239a47fe7c35e0074bda0109ea,1.7025,2025-09-23 14:50:23.000000 UTC,0,0
0xc2d2fc7d6c5b9f97d0fd9a8adc04604b0c467bc1421126a927159c9983954e00,0xd9c5706f61ad1244e69d5616f2f1a6831a404e94,0.35,2025-09-22 18:24:11.000000 UTC,8,0
0xe3cc4861fe1731364069d392355e1655e9b72d39ce4501a40bc538ce673044cd,0xb66e57412f82e1f7751440bc1d022dabb438ab54,0.2598,2025-09-22 08:13:11.000000 UTC,1,0
0xb72e9a0eac0f3a1ad76c2c00cc4b36871b6e5228bcfb9deba2e3b7c32447e2fc,0x492d203134ca1de2700acaab0027588a756983d3,0.4486,2025-09-21 13:56:23.000000 UTC,0,0
0x43d4288ca82858a05afadd47b64f3928e846de9a785365925a21b94bda62f629,0x45218af19c19936ab50b973dc69bf258e4957284,0.3531,2025-09-20 14:19:11.000000 UTC,1,0
0x2b3d4f9ce0aaa278dee36da415d412de0f76da265b588d530472a7a0d74650a4,0xa0d191ade8a37fd828cde4ef43bbcf8e7bf2d985,0.9848,2025-09-19 06:09:59.000000 UTC,1,0
0x17547c52dee56971aed61d27346fd0a83adaa6f67ff167521b9c053ae72f0e5f,0xdeafd11fd890f655c7bf909e2f1511a606ddc4ef,0.2135,2025-09-19 03:53:11.000000 UTC,0,0
0x30b8ee3d1fa1a77ce2ba31a8de49521f339bba7f4017cfb0a8c42e961bf08556,0x5f926956f6f14c4d28537d7f821a8730b5eaf3f3,0.35,2025-09-18 06:58:59.000000 UTC,8,0
0x972ae9d493fbcb668c8749571bc6d9369780297a7ecf795be145d2815f508d0c,0xaba0a4762bc5e727f8dcad81e32ccdd62d919aa1,0.2316,2025-09-17 23:20:59.000000 UTC,1,0
0x290464cc558ddee8105216801165f7b1c9abe00b75f36b3d84a93a61ee29bc58,0x379606d84240b58c87f2d5b41ed7b5025b2b9d8a,0.3914,2025-09-17 13:10:11.000000 UTC,0,0
0x7666f06cf886904adf56b29d2558a457e72c81ddcfe0b0cabb57e16067493e94,0xd4fa36def1a01795a45860f9b4c057c739cedfcc,0.95,2025-09-15 17:23:35.000000 UTC,1,0
0x6e3e1f174b59076cfa511b24a88b336e0f999bcd54c7154577046b004ad35357,0x853bd9e8654dce9576d920023c36ad482cb6cdfd,0.1892,2025-09-14 22:21:23.000000 UTC,1,0
0xf3af7e4b435ef842b8464d6a4d4787a7e3a41fe428355b75a895fa41827d7fcd,0x853bd9e8654dce9576d920023c36ad482cb6cdfd,0.11,2025-09-14 08:10:59.000000 UTC,34,0
0x17d196d3ec26ffc634f55ab399aa9d3144b3e65faffc74d1981725a66d08d8b5,0xe7ef890bd56cfa643a2de81ad5e74d70b8ebd261,19.895,2025-09-12 19:56:11.000000 UTC,0,0
0x6b3c63e2159631bb784fd468bf7a2ace8048f066d0f62846ef6a9833f6d97b4c,0xe43e93b596eabe0e7d2ac8e56c94b92ec8a2a43b,0.1732,2025-09-11 22:20:11.000000 UTC,0,0
0x2077d4adc514dfb7764b2d17a2a8ef0788ce009d0357799b0478aea201dfad33,0xd10cf0969f6034e9819aa7220d63d740862144e1,0.2049,2025-09-10 23:15:35.000000 UTC,1,0
0xe7f00b94050943ec8c10b236ab01c4fdcd5a79b13b6497def72a9e6add6655fb,0xdeaf1a89c0c7b8157bcbc89e917e73f4268c861e,0.101,2025-09-10 20:29:23.000000 UTC,23,0
0x971d41d3398e5edae9203b91b4d81baaad9ff391e1b593b02b291d8faf15f0ff,0xcf85e890b8501295172288216f24379275c23fee,0.1072,2025-09-09 23:35:59.000000 UTC,1,0
0xe141458297f7c2a19fa818feb8cd4c520dfd13f3bce676a7a45e99a99df543dc,0x03457d45af4e710277622660832255ea9349c0f7,2.6604,2025-09-09 20:09:23.000000 UTC,0,0
0xcb142f03900158c826d96be1edf410cb4ac103dc95f67e4a39dfafede456cbe4,0x546a0cb802377153b4feae052a5ed14c98b3cc9c,5.15,2025-09-09 18:43:35.000000 UTC,0,0
0x1f0bd371009a7231bee887ce5865dc35efeae968387bb3a8a41a08864bf06835,0x3039aabb8fe582fc1774390dcaf6b55fab23ac13,1.74,2025-09-09 17:15:47.000000 UTC,1,0
0xe041b4cf3e749452293081222962a117d31422e7ba51de92db09b802134381d8,0x1fda10d528d21556c913ecbbef28dce574936435,1.734,2025-09-09 17:13:11.000000 UTC,1,0
0x6a2435c762aa6e8a74f6b89f403cca419f28810c46ccaf1a3ea2fc628125728f,0x03457d45af4e710277622660832255ea9349c0f7,1.74,2025-09-09 17:12:11.000000 UTC,1,0
0xd8edcb8a6da321cd84358ca4853f71fab86ff776186bb1d7f4eb42a1b3be9da8,0x4c2cad0b95f5c957e69925bfb40c656146d409a1,1.741,2025-09-09 16:45:23.000000 UTC,1,0
0x98e630791360632eb0f1f8e257e5aab9990390bf2136a9e47012b54f9f552fe4,0x7a3462c3ed2474ab94cefd76eed5c5758d4eaab6,1.733,2025-09-09 16:44:47.000000 UTC,1,0
0xcf44b6f3a3aa1e2126a517a4e9b60095bb4e8705e372983b2a4292c39391dfb0,0x98f422602e45d5ae2a58a6b2da9c89510f22ba85,1.73,2025-09-09 16:42:35.000000 UTC,1,0
0x285526a8e7fe5c362fcf67542c28cafc7e594335af0e26809a68482b7ffd5a8f,0x51207e482d59656d3e844d26343a3b7b47b9a2af,1.735,2025-09-09 16:41:11.000000 UTC,1,0
0xa4f456d3c1b139f5773693b400862e1b10096d913b52101c2215ea13788c5157,0xfc52a194d2df751ac0afa6f70ef69bcc0afc920b,1.5087,2025-09-09 16:05:35.000000 UTC,1,0
0xf0f1a604db0645bb44e1079b14d226b106602e712f5dc303ee7de3a090a7e6ba,0xb067b0803389cc2a5f38188796e46cf91fd43099,1.5133,2025-09-09 16:04:23.000000 UTC,1,0
0x743a89042619296951796f775f4127507832d1e9eefc7a85c0ab6d1887d6f9ea,0x5a3d358c62ec4f0b81f714382523f287595a0b45,1.6737,2025-09-09 16:03:23.000000 UTC,1,0
0x08c3d735906356e36a168d2a66bee68f58d8ef23399b9957e4a1c0955b1c653d,0x2d771906c2de12476a5885e974af7e21623c2cf9,1.7282,2025-09-09 16:02:47.000000 UTC,1,0
0x47dfba3621e43e10ba60b9cc3d4b8def60cb539aa722431635e907a8abbe377b,0xa102c3afa1caa1dd512b1f62c38b9c2b8deb3730,3.465,2025-09-09 16:01:59.000000 UTC,1,0
0xa797f95c36f69439fb8f18c8cfabe98860c2314c4e06c65b9b2d61ae8e75187f,0xcd6273cf5c84b020cb89cd216be91975b1ccbfe4,1.731,2025-09-09 16:01:23.000000 UTC,1,0
0x4a2a8b688421b5460e95d8df2a77b4386a10189ebb69a0696351b57d5be6b721,0x7d40ea63c0ccba6aa54428382fdb7a6ffed65b16,1.7376,2025-09-09 16:00:23.000000 UTC,1,0
0x90cbde4ed9f046df0d6aa799498766095e11e2a16fc800302c31965c5172a77f,0x93153a8d70f7b7c2c5df5be555fc1661bab9c5f7,1.7302,2025-09-09 15:59:23.000000 UTC,1,0
0x12d80954d24fc9850b68bf4187c34f62f5b7ac5402fc113b2548cead519b65bc,0xdf84b2d83d3e48dfb8f60222d96e242c62d8b57a,1.7344,2025-09-09 15:56:59.000000 UTC,1,0
0xb6193458c4b3c54a4229153078ad4c882a858dd1dfc4e04f778906e52f41eb5b,0x2e342c3cff231ca9c45bb22a9b386a59eeed386a,1.7838,2025-09-09 15:49:59.000000 UTC,1,0
0xf920e28b787b6ee3c7755b1ee7c373715fd2367e3086ac494f7ce25e736506d2,0x7012787415eeb201e5d4534092efd11cb58f4ca6,1.7889,2025-09-09 15:47:11.000000 UTC,1,0
0xf81ea538a18c46188b72bbddf02f6ff9dddddddd072637ce003d4c03b78f37f4,0x8569c796b4f1b2946e02540eff4bc0bcd3f4e33c,3.6061,2025-09-09 15:46:11.000000 UTC,1,0
0x19237819a6890a0ee74b03fbb284f949b1905e9a51e57022e28fa110a1c39538,0xcdcbe4cf44f3838e2ab5623dc9974770f6a7af37,1.7941,2025-09-09 15:44:11.000000 UTC,0,0
0x0ed12463b6049c8a75c3cb828f26e87ad58bbc431ae95a82ffa12babc0a5b413,0x64572df7112097e007d102523e6727f319a6cace,9.949,2025-09-09 06:44:11.000000 UTC,0,0
0x0c2a5a00bebe431070ed58853e2109bf3a9fd9cec344e26c46bab307c2498af7,0x04e72a3d94071c364b17c2bf1077f0ecb62e816f,0.1462,2025-09-09 03:26:47.000000 UTC,1,0
0x4619fde333a521c4fd67bae258e0893d6fbde8b10c2adc31382206ec01c76516,0x61c2f6ebec36b62074b44ed8047f3e4fa809beec,1.6916,2025-09-09 03:23:35.000000 UTC,1,0
0x5e9574cfaf7b7ee4278673abe888d60e0c1b610933e7c155b36176f4cbc7d172,0x7a3462c3ed2474ab94cefd76eed5c5758d4eaab6,1.6628,2025-09-09 02:48:47.000000 UTC,1,0
0xf2ce0256b01a8058a82b07e04ac1e5f1abe33514c608f80dcd636cc16bbe03b8,0x9e9da506808f37e8e780692810abd8cdaba5ed9b,2.1931,2025-09-09 02:47:47.000000 UTC,0,0
0xe348a66e80136f0db0c255df4d928e7f491a868972f3db1bdd673be537f63bbb,0xc848fd5cfd4491918d5f6588d6245f7df15f6ee5,1.6994,2025-09-09 02:46:47.000000 UTC,1,0
0x396dc6199a9ff8207f3fd45ed2a1fc9a71a5b18fcaf2129b9efc5b53e5184e58,0x351f5ab2c06324497f6291cf4e0ca4bd8ecd9001,1.6725,2025-09-09 02:45:47.000000 UTC,1,0
0x2acb419d8d7f72134a316f139eca37e952c7a13f14bded29ea05837bf307bfd1,0xaefee289edc31e4562984a21ab41fcbec49c78ec,1.71,2025-09-09 02:44:59.000000 UTC,1,0
0x5330e01e971985e485c6794ec3ae1df753fe05d6a87e7759f6684d1380623460,0x04e72a3d94071c364b17c2bf1077f0ecb62e816f,1.6958,2025-09-09 01:28:11.000000 UTC,1,0
0x2959283a6c79d99c9ba44a7b3f84eb919a4c43c4608501cd50d428822cc13b33,0xe17fd1cdaf0912dcb0ce12b7e4d361f8b684cf2c,1.6606,2025-09-09 01:27:11.000000 UTC,1,0
0x86f642ecabe51a98e4db87dd708fe8c5f350042f2c06a25b5bfde29362a8b7ef,0x901da75f8f8c0ebc767742287c107e4853c58ee4,1.6588,2025-09-09 01:16:11.000000 UTC,0,0
0x752172cfa947638fcd7c7e6126ffb4df2e3fdb66a975bc813a98dd0aa36fd99e,0x2d96bbf791a1b36d1c723b3813c4e438bf168dc6,0.9866,2025-09-08 09:10:23.000000 UTC,0,0
0xdc7747823e397e3d067ef6e9c467fdd3aeee89f9c4c5a5bbe8593bf54e6a4fe4,0x51b93b5b12a2e9c0a5b2a4033b0ff6a54ce92032,0.86,2025-09-08 08:29:11.000000 UTC,2,0
0x5a332246aeadbdc413711252f7c1589b464fcbcb3e4b051868f89cfdfc80256a,0x41a10bdd337a1a18d8267cfc9c438434e832a123,0.1102,2025-09-07 09:41:11.000000 UTC,1,0
0x1d12d35fb669627e2db2cfd7c8f18c480b3495abfc742fda74cbefb0452863d8,0x3d39e18a0c9898f562390883a310fbb7e62fcf2e,1.1207,2025-09-06 08:39:11.000000 UTC,0,0
0xdf6e0c4b4392268019dfd6a5f8b7c3a05b171e55667ad699653dbf0b1e936914,0xd80cb993d88e9385dcae231fb9f35c2374e9cbfb,24.999,2025-09-06 03:13:47.000000 UTC,0,0
0x5c8043402b80f4f94fd20a1c0e3ed0d9312b039fc8e0d6ea81ecf9ab8c2629ab,0xa44797e23dc5f436618bb02e468b8fcb2d95a1e9,7.0734,2025-09-05 21:35:59.000000 UTC,0,0
0xd1fe51d6b3dcfe8237386a9532c5c4dd89c1a8fb0b8f3cee3dd06b8b739c23e6,0x8b1b69540c19886b89b1cc678e6e1c66c30c00ec,2.9615,2025-09-05 07:13:35.000000 UTC,1,0
0x98708d695da9e4eb8663768bca3839f6c9477f502fe5c67e0025cc66d9447f83,0x997f3c238b20fd9328796232b5b05740bab8a2ef,0.393,2025-09-04 21:08:47.000000 UTC,0,0
0x45513eab958cd9938ac7bdc59bca5734ff667dc02d96e033af68bcd14d2e4a06,0x1ebe269833815cb9ae7ab88e677d7aee500500f7,29.845,2025-09-04 20:56:47.000000 UTC,0,0
0xf5afdfe29d31c4e831c8b24f890a9aec520270068b03bf1cad812b29db2061a8,0x1467a4eccb676c2fe8f66f1c4b359b8b720cffed,5.8035,2025-09-04 06:28:23.000000 UTC,0,0
0xa1d17ef5218fe01a690390e42913487c9cca9324d6e83e1cd7c5eb581f55c46a,0xe6a7b314a4f2bdbe0db25b22403e552646ff121f,0.2147,2025-09-04 00:06:23.000000 UTC,1,0
0x488b38c8e374c3c7253bf389e46e8e096a09d22513bf0e52893cbe6f6b6a40dd,0x0268c199ece0d4aa1acb08e2716298c5fe4c2c7a,19.679,2025-09-03 16:44:35.000000 UTC,0,0
0x34c587a118c1bc748c926ab7aa74ca35a3c8744afa80ccabb16d1d459d6ee97c,0x05b262a66d925c9ba5a3b99acc9c1fc1d8cba2e0,35.57,2025-09-02 16:19:35.000000 UTC,0,0
0xef6cce9647b8b04d38d2153b5b300f9998a1dfe1d60cfa8f7bf9b76706524da5,0xb66e57412f82e1f7751440bc1d022dabb438ab54,0.12,2025-09-02 14:59:23.000000 UTC,5,0
0xed3e8044ad5649998373f26d9a6af01ed00e0c37de1dca39f1da05a22aad234e,0xec2e83a4de70b758c46091008181d93a4aabc900,2.551,2025-08-31 14:13:23.000000 UTC,0,0
0xb70240b0f8a1b58b2f6e8e32aaaea930545df0410ac2ef096a39b64c9a73b321,0x4d08ccb5fd9d0c7ed1d8cdeb13086e4388a42754,0.1491,2025-08-31 08:28:35.000000 UTC,1,0
0x1edda5cadae8e95223e7088c2346ad01ab16f2e3e00e811d06f77bf9265f6595,0x34f326f9809f43a0829cfd73cefcf274ad476667,16.595,2025-08-28 06:34:11.000000 UTC,0,0
0xb4990e19b41f22297abcbdedd01f56cd12d910ec3a33ba415688cd2c2ff00005,0x452df71e459d95cdacd1a758a069e4684244bd8b,9.949,2025-08-27 00:26:47.000000 UTC,0,0
0x4c96e4c4c70fe54ddf2a67401d7a3be49dd9e03ce96d9eadd3fe5c9764bcbbba,0xc9f0e7e64e321cde421d5742b7c02c56a6908331,0.102,2025-08-26 22:08:47.000000 UTC,5,0
0x7430c9d234904a82ab0f4ad35e86c3ec5421aa598f90b6ff614cbdb994fa0387,0x6db56dd5c2ea45c133986785292bd18398820cb8,32.64,2025-08-26 21:58:23.000000 UTC,0,0
0xd359208435459ad5f5432785c864e8b8523491ae553b667090e84e870fb59bc7,0x80ceea106a8b5f0c5f8b3fb4f87c2b8290469b07,0.103,2025-08-26 20:46:35.000000 UTC,4,0
0x0c48304ffdb4c87624e49db2cc3536265eb78d7518cf80d4ad4ac2e21f0a68e0,0xe5c995773f44d99525fce8fd0d315729b5cf0b56,0.592,2025-08-25 18:32:47.000000 UTC,0,0
0x7c26cfa272526c2a7e3ec30913be775151429e5da32aeff14a340072ec55d2e0,0x74c9d38ee85faeb44851560b7ac8dccc7d23885c,0.9773,2025-08-25 15:19:11.000000 UTC,0,0
0xb3cab7870f16b445e2afd62dec9ae3d2147a664b125e45e2827c3c61fa37aa9f,0xdeafc2d0f07d4c507ddf357ded965da7f6c88efd,23.402,2025-08-25 00:34:11.000000 UTC,0,0
0x90d6c9653409d0e20799a1c9e9c40c71142ea36fba459bd52bc1900163423ca4,0x27b1e36aa5c25c7b536c68f0a3fb01ee2b2a2536,4.377,2025-08-24 23:03:35.000000 UTC,0,0
0x6c582aaedd351af153d6ace41373514d4c7eaaa69f9f45d60bd5459cc04cf60c,0x2e3bd4e33281ec73b88233ab5f8b0e52a8d6f913,0.1499,2025-08-24 22:05:47.000000 UTC,0,0
0xa9184dc7f36f7d477296373eb7fbc4314e1138551346d3fbc7ae6c9f5f65ca9c,0xd30cc0a1d4e5a642303b85d786766b6be6d50cce,0.12,2025-08-24 19:35:35.000000 UTC,6,0
0x0d92920fea738e90b8744f8ca580978387d0b95df0d775b61b25f6c33b000d4c,0x22e5f823c5b9548fa524420814d81597ec47de04,0.15,2025-08-23 20:41:35.000000 UTC,31,0
0x26b093453340e1782bf1cdc8fdae57d0e545cf44703e5fd53b385231faf2c89a,0x37970b5d9a550c256b11c5755101e3373260e49a,12.45,2025-08-23 19:52:47.000000 UTC,0,0
0x1948d8d96dc41fd8166d32e20ce676e78e7fe7dd2a0a1c020b640fc21c45a340,0x893abb6cdf9f973f713bc5208c55d098c9eaa4bc,13.42,2025-08-23 18:20:59.000000 UTC,0,0
0x9789457789343f86a58b3385697ca0a5b74e062ba86814413073eaa93df50633,0x73b29ee45bc82caeff590493699f065bfc59c81e,0.13,2025-08-23 13:33:11.000000 UTC,6,0
0xd64e56aca67c2eb9ef1b466a546487d93598e137accc818711d4212a736ff884,0x7299428bab3a49eec37ed627ad2f362e2c2f83a9,0.11,2025-08-23 10:54:11.000000 UTC,43,0
0xc8ce7530de459b1b47a3b428ee40e3ebb537662759b266f0b90938431763d6cc,0xce92095a8cce2547d86b5bdca894f5be45ae2bd2,2.178,2025-08-22 01:48:47.000000 UTC,0,0
0x5f12b39af7b04b6a4ca5c3e14328c0192f78151021f8327634f363b804aa3ee6,0xf086a4ba95c5f395496244008b32d2363fa56331,0.1389,2025-08-21 20:53:47.000000 UTC,1,0
0x25dcb18624b18a1ec5f243e3ef13cb9d4591f48f00099d038d549e8a7ce8101d,0x281c66886ef7b6c02bd31d028a000fc5c588a7a4,0.3464,2025-08-21 15:56:59.000000 UTC,0,0
0x01acbd4d91b47c1f05aa65d46cb0e4089dbc29e36426f21780fce34944b54be0,0x626a9bd63eae15ad707fbb162a6fa60952f04d37,2.326,2025-08-20 22:12:59.000000 UTC,0,0
0x32f98edae1bc25b57ab46dd8ec04d0f5909dbc974ebe1bc33a546502fef45edf,0xe5c995773f44d99525fce8fd0d315729b5cf0b56,0.6913,2025-08-20 19:40:47.000000 UTC,0,0
0x2a8085fde133cf79f2940a0ea81d0049a9e4af1634dfd9f79508ac8a6d65f849,0xf086a4ba95c5f395496244008b32d2363fa56331,0.135,2025-08-19 22:59:11.000000 UTC,1,0
0x85617aa2ab9c893b5895c4ec9755851824bc2fc7ff4f09acf53db9aacc3e0c6a,0x9f3b73637a6b6fc6d24f5d1a7a2cb8c055ba446d,0.13,2025-08-19 13:08:11.000000 UTC,6,0
0xebcd2d3a5cf851558c52241b2798f887906becb63ef259934a4c22a9367d37ef,0xf31afd56c311def7faa176587645ad6b4cd71720,0.26,2025-08-19 05:48:23.000000 UTC,4,0
0xe78738adc18ea3c793e73e6e975470fb314404b33d9f46089eb2851ac4f57b4d,0xf086a4ba95c5f395496244008b32d2363fa56331,0.12,2025-08-18 22:54:11.000000 UTC,10,0
0xf37ea8acc95aaee561e7730e0da2025b83b54f413343b464c2ffee720b46e51b,0x6f6dd9b9446260628a20ca44bef4fdaf8ce4af14,0.44,2025-08-18 06:06:11.000000 UTC,0,0
0x8799320a2f6699b3bf7a8d239a0ed092cdb12862fc3121bd9bba4cc6df9aad9a,0x44cee63cc38b8c3f92f65b7237e45e7b27531dab,0.12,2025-08-15 13:03:59.000000 UTC,11,0
0x1e2b795c58f22ae6df7d2f85bad4bffb2d5d0f123fe5e6e710da8ae47b900bf7,0x271bfdc2a269d2ec92687f85a131e882a708a789,0.503,2025-08-13 19:48:23.000000 UTC,1,0
0x932a9a0ade34b178a004bbbb69b9987ad703daaa55b304ff0ed15318db6f1bab,0x48d5ee995bb8aa673cbfdee350db0f0d85cf82d9,0.52,2025-08-12 15:20:23.000000 UTC,1,0
0xdc6f2708f08348ed0e2ac5effa6c8b09130d9186f9d70e0ae7b2d8f59a704a26,0x21db0901e08752a5c09bc25ad2061971b637dfb2,0.28,2025-08-12 14:47:47.000000 UTC,1,0
0x0bcfad0e4dc522deecd002a08ab290e8332cca5c3355d14e56adc2cf13891d2e,0x5b0c636ec905e6297652c340d6d575e8cdab4bfc,0.21,2025-08-11 13:14:35.000000 UTC,3,0
0xf8b795131c5cf7a30d560d9c0449e92c723fd8ab65265eb2f6ff2b447053a65e,0x10a0df0118a7322221e8700b3a3196fdda8c042f,0.1028,2025-08-10 23:00:47.000000 UTC,1,0
0xe298820a5cd9c7f08e5fe54a09d8ef0e5d4f68681c4d30cff2138168fe109f3d,0xc35b15796c039ec6a574409c0b95cf906cb260ca,0.1001,2025-08-10 22:56:59.000000 UTC,3,0
0xe10412534737eb1bf405b6d546b2faab2bbf1441e7e2d59fcbcfdcb79d5bdb83,0x3294d22e76c10227a77389290c9df4709e4e8362,0.1045,2025-08-10 22:47:35.000000 UTC,1,0
0xc6ca07fe7f2f8b0d6db928eb212adc87d25dca316d50a8b7d89dcdd395621624,0x18869fdda7562bc0932d8e7de4de66946ad10d7a,0.61,2025-08-08 11:45:59.000000 UTC,0,0
0xd1060dad8d54a5e1c8f1229bbbe2c7895f778b214adcb7e834931ac67510bbd5,0xd562c6a4d0d8bb3143a4738c3fc989da8a5df957,2.617,2025-08-07 22:59:11.000000 UTC,0,0
0x9476be46bb09f714d7fde79ab331936042e6f11caa221a42295a879b72966397,0x3e720f62db92cfc9f486c9d739e7753feac83faa,0.15,2025-08-07 13:20:47.000000 UTC,33,0
0x1f9df76f9d19aa248a4a85c02e976f0f5750a642793d46a140dfd43d316059bf,0xb9d2faa0cdb1b0961bec2622b9431e6475182fe9,0.1125,2025-08-07 09:01:23.000000 UTC,1,0
0xe55509ee08587e06fe20812cffd7d9a0948fc3e89f92824444c28299db61c9fd,0x18869fdda7562bc0932d8e7de4de66946ad10d7a,0.47,2025-08-06 20:00:59.000000 UTC,1,0
0x2ec8e556a98c7165eec56cb0019ac90ebc84cab0bd943e7ea7111adb4356e4cd,0x505755e3b7136e4bd39f396c0464313e37ed2346,0.18,2025-08-05 20:51:47.000000 UTC,5,0
0xbe1f8e697a7794249538191ca833a60ea9a89ec467076adb23f287edbfca32d1,0x7b55dde4af02e55bfc2e9df49126234a01af0c3a,0.425,2025-08-05 19:22:47.000000 UTC,0,0
0x8667602be348d6de22557a6c396e3120ac2b43bffe06f5c189f3aabb9c1090f7,0xe99ae4452b0f4099f0ca435f5153d0f3ac331b42,0.15,2025-08-05 00:26:23.000000 UTC,33,0
0xf7bec3c0fc8fa406f5b3f6e3d47331456d681903f187eeae682ddc6c5e72b6f8,0x9446968d53569d1a700c78620a1b42cdefc4b3b1,0.103,2025-08-04 22:40:47.000000 UTC,7,0
0xc997eea33932d78be4e94ff6649215e74fdbd22f430623c1141837738147e986,0x45280c50e7b4575ac6ffd532f4c99ac8d2df2c8e,0.101,2025-08-04 22:21:59.000000 UTC,28,0
0xbbf029ef6db122cc782034774e80511ff827036293fa02b17a80026ec936e539,0xe1554f7fb788b08a98f210f95f410bf4d0dd4727,0.51,2025-08-04 22:01:23.000000 UTC,1,0
0x6682c3b7afe5318552c512c1d7117f8529fcf7e811cc6aeda8066df6ade350bd,0xb9d2faa0cdb1b0961bec2622b9431e6475182fe9,0.9948,2025-08-04 21:37:11.000000 UTC,0,0
0xfa59dc986f75e5eb2f7b68d4b1ed06685cf653a0f1671ed16e1afc15cb20cbf9,0xb3071bc8838cab347be299c42f8edd0fb484d946,0.3458,2025-08-04 21:00:59.000000 UTC,1,0
0x5e4a39c66967dec300083468da64c57602810a53b8a3a117f484ff9b02400d6e,0x3376e07d0105ceb66e828c488de7eab8b0e07472,0.105,2025-08-04 19:23:11.000000 UTC,9,0
0x05d65a2953ece90e92644971856866bc2e14ec607d37300e4f49bac774a63ccd,0xe847349a33ee0a90ea094b26fac76b2678fe67b1,0.101,2025-08-04 17:44:11.000000 UTC,28,0
0xc80a7ff0e3f315ed21b491459c22e00a9a4f569b573e80021e7e5a8235668aca,0x701129ce30a8795a35db3bc4b9fb904eaa82034f,0.25,2025-08-02 21:08:59.000000 UTC,25,0
0x1b31efedbf7604fafef78ec61c69af0f99b11556a159ce353cc032f1da870d42,0x882c2f4b5399a34d5f85f0d5f72ad164cc676a43,0.115,2025-08-02 12:47:23.000000 UTC,6,0
0x05e9b8c473cdfe349fcfdaae7348f1b65bf1d69a90f7c9107939ffda2e45b256,0x201c7570ab12b9adf03fa02398b1d42b83f715de,0.107,2025-08-01 11:10:47.000000 UTC,0,0
0x16bc8fa6ad69a382882d41e5a4b7bbfbc46f4b207bb3b24705f392ea0f98184b,0x22e5f823c5b9548fa524420814d81597ec47de04,0.15,2025-07-31 19:40:11.000000 UTC,34,0
0x0c5801f5d4dcf7374b42d876c5390c0e927c31b6bf0e9759ded831bb1ae8066c,0xf9a25a31977a05d13b2cc877a1827358495e8233,0.105,2025-07-31 18:25:23.000000 UTC,9,0
0xfb839497d1568862e08f3a8f45bc4d0242418948700ef56966fab80cd68a5f36,0x4afb019cefb65e49a803336ddee706c90b4f5c23,0.33,2025-07-31 14:46:47.000000 UTC,4,0
0x3fbeb87a368daf227c5bdea89c18ac975a5be6849dc3b1cda883455bc6879a66,0x79665885da5a829abc2694ca2f2202718367d5fb,0.11,2025-07-31 09:04:11.000000 UTC,55,0
0x7b30485e37db390c33008da0f48f25b0d803f0c50a7f6918d4432e1380834131,0x2c02a99229c015638c3ea851c404c4ab07bde29f,0.77,2025-07-30 21:04:47.000000 UTC,0,0
0x12c9d50bc93c560f7a197a001a94939fa1d914dd0b8e1fddc3e83fb8987bdf44,0x3e58e62649f0ad6b628b213eb97838990d9bb1c2,0.502,2025-07-30 20:25:47.000000 UTC,0,0
0xbc9f5a055c1878ec73743e150b74c9f82f1a147958bad9a0f4ab87a0f43fa791,0x2c9715380fe5b6adaa26afc00681cd6ba3ec04c1,1.16,2025-07-30 15:18:11.000000 UTC,1,0
0x93ec463860d6f244bf914960f9f77dedbc04da892c90c5d79e322b0cfa00af56,0x511d44830b7ee4193a7c1ca75a1f6780310acb6e,6.88,2025-07-30 05:23:35.000000 UTC,0,0
0xf27313cfb2da066fa084e89d9bb44f5ab0e190ae9db7d0099edde6e6315cedaf,0x224791b5f50d93f560f2fb6c3c47bb6941fd2dd0,0.25,2025-07-29 10:24:59.000000 UTC,27,0
0xdea58f97176cf23f7f6358fa53dcdcb39c19d070fe456c8d56408b70d98ff2eb,0x5b11c55c107b5e6a26b0a6fa4b0fda0a24797d58,8.33,2025-07-29 00:03:35.000000 UTC,0,0
0x13f053a048faf23187ea6dc2e797d3d8cf1a724335eebea74e0d07ccca608a89,0x533d882977d3b09cb65cf7e07a7bb67afb8399ef,0.2798,2025-07-28 22:34:35.000000 UTC,1,0
0x5cd1c52042b8c332951c03800b468b2b84ce2ec94e7f34e7c961196394a24171,0x462b0bae0b07c013fd33591f59641e31110647a0,2.79,2025-07-28 09:11:47.000000 UTC,1,0
0x378efde20114beb774fc0d315993ec8a365d87f953a56cf5d007e510c3832691,0x4afb019cefb65e49a803336ddee706c90b4f5c23,0.56,2025-07-25 10:13:35.000000 UTC,0,0
0x071dcf3927863d55e08688370bc23496e66c8227ef21d4f8d72840095f6d2c0a,0xe1f9e14500e3ae8a7fa2a979b24bb7bbf917f0a3,0.86,2025-07-24 13:53:59.000000 UTC,3,0
0x1d2860a5fe78c80bad058b71c6b501a9d03585b20e1ddcde2aaabe4cada59821,0x546a0cb802377153b4feae052a5ed14c98b3cc9c,0.25,2025-07-24 12:46:59.000000 UTC,28,0
0x3c1809760ea3dc1bc340603d158fe98ae7a368579f32b0543bc0509d5ebc14c3,0x95590c1209883843f86a11f2a06277cbbf4f77e7,0.45,2025-07-23 18:22:35.000000 UTC,9,0
0x48c78c608d7de27331cc9285408135eadd22e80cadf9652473f40a52a4cd9731,0xcc5128db7f326b20b261e50edbc164beaf344cad,1.35,2025-07-23 08:13:23.000000 UTC,1,0
0x962a2380e3c030cf93839a8bf361f4012f93da9ca3addb845856a9ecc700fdfa,0x026514e6e8eafecf68c1733fec50ba1b42d9db19,0.102,2025-07-23 06:48:47.000000 UTC,6,0
0xf491a7c9364365659030f6f878e10882804366f2e9e236fa43a3079a4b2e1ee4,0x0721c2d78499ec02e50e4201d06c822d896676a4,9.12,2025-07-21 17:27:59.000000 UTC,0,0
0xf849c8141c17067c0ae6dcba202c2ec2b1db9c08bdcbcec17f455cb5486e6e96,0xf31afd56c311def7faa176587645ad6b4cd71720,0.25,2025-07-19 08:43:47.000000 UTC,31,0
0x7f834da698b4efc062f413c40f5751e82bc2ef24c38f7cf5b4badd75ad2bd8e1,0x601dda54ce10e68799ac8ac98c3fbf0f44c555e2,0.61,2025-07-18 19:33:23.000000 UTC,0,0
0x17eda0b1f0b4d2d923a00abe2c5805a923073059c5a46972aa1525e500af2ee2,0x6de93683648e14ccfb0d2957189337bac52d5a76,0.84,2025-07-18 17:49:35.000000 UTC,1,0
0x8328ceec4869c404f79f7b0bc8c0ee5f1e47857dfdcd1edad6d6813197e97c46,0x94f5a2c492a0ab1c3da2187bb2ed6fad696920ec,0.98,2025-07-18 03:08:23.000000 UTC,9,0
0xadf7575c2f69c5c3dcc8cea5f0ec030850f60c197c9688194246a707df946a99,0x4e72303d3768695fd6170ee721f9233df0a39602,2.5352,2025-07-16 01:37:59.000000 UTC,0,0
0xc6af372f0bbb5602edbe25bb11679c135abf825afb4b9d1c99d4eccaef083ea8,0x3752dd83b47b9e1b023c566b8db53aa98571dafa,0.265,2025-07-15 17:51:23.000000 UTC,2,0
0x2f813d9e29d874f4f053fc9da93a5cff91a46f4e3b7b244b14c2fc3cf6a0754f,0x6c14002b741a74c0496cf704a3817a106c5000dc,0.29,2025-07-14 10:56:11.000000 UTC,1,0
0xe01a6ce0c007bbde45e34cfbb73baa7f2a0b5ad53fd8e3e4523fab2cdaec8af3,0xcd7e71d05ae449362ad98452767ed867ce1b5762,1.75,2025-07-14 09:39:47.000000 UTC,1,0
0x6f8e88327cbb0395aafc4d391137c6d2a5749a07b75b11f89009971e94aa0acf,0xf7ae320a2e28470883e2b1c046563b6bdcc4ae9c,0.1986,2025-07-13 10:11:11.000000 UTC,1,0
0xf7b3d70be0d43a1364c8d95eaec11b44887eecb97b43556b49b59672232068e2,0x6dd7ddb3383bc6264ba075b60d2c870e2cb6dda5,0.118,2025-07-12 20:59:35.000000 UTC,0,0
0xf36883b7bae21b3c34c8f24a064b4164ca5432a637067551a8ebcca7d895b81d,0xbecf5922ade3f6e33a95cd9fab5a3b650428638c,0.125,2025-07-09 15:29:11.000000 UTC,3,0
0xc0da246b6bcc8f720ad9cada7b2da3e49288e3b9fabf7c77d64ef1c1af5118d9,0x24feb1ed6082aef23fc1bdfbcbb6775ae43dca8b,0.92,2025-07-06 05:40:11.000000 UTC,1,0
0xc6a3e6a1ab3c3d689f158ad9ad99477b3eb54b4069db12d2e23fdb50d1392036,0xbf84451ed403f2691f6c901d5252f01998144676,5.1545,2025-07-06 04:56:23.000000 UTC,0,0
0x5cf96a4bd97918e5cf4160655f12e6b3910a4d58261bd6080ff92748eeb24aca,0x5fee64e614e411c1c8080fbd37a67670515ddc51,0.101,2025-07-05 03:50:11.000000 UTC,30,0
0x443beac4ad5883c6776c4c05c889a7c2c3dc41be0476777965d352d30982e205,0xd03517a64e074185bef130069baecc6e21ceef0c,0.21,2025-07-03 22:03:35.000000 UTC,3,0
0xb63112986a50b12b4d3f3f3b3b59a36eaa35dbff43f5ed04081812fba1923586,0xd03517a64e074185bef130069baecc6e21ceef0c,0.1084,2025-07-03 08:07:11.000000 UTC,0,0
0x584ab2cda229d2b778d4bc422d462910ce3f6eea6b80499ef1604a9da647c288,0xd03517a64e074185bef130069baecc6e21ceef0c,0.1082,2025-07-03 07:47:47.000000 UTC,0,0
0x4339b735b40ddaa46818bb15bee804aee611cd09397a7fda6a6f9a61cefafae7,0x70cfdf57a42f3ae5a3ac21352f149f85b521221d,0.3262,2025-07-03 07:20:59.000000 UTC,0,0
0x55281f62f4faa123ec6515e106bfac14a2619b47a65efde684b4a69806e45f08,0xa5528d0f072dbd37555780bf47c52f104339f359,0.101,2025-07-03 02:08:23.000000 UTC,30,0
0xa9cad8af1b55aaed879f2a797a8c62540290b167498b90d4631ccc77a9caaed6,0x275154c5a3957574a11d9efcff6029eebde7a99c,0.101,2025-07-03 02:06:11.000000 UTC,30,0
0x2d3d500eb3df53e8bfe005af54a3f013c8034329ca8973a2b5d6bfbd3f46570c,0xfb9bc529294e12179beabfc391b94a8a82bfd17b,0.101,2025-07-03 02:04:59.000000 UTC,30,0
0x20553ac166200e26631b639698f290b19eb97f6b986d5e4c163bb2d3159a16fa,0x678d46d386aaae703546d6df7937c04eb4bd8b94,0.101,2025-07-03 01:59:23.000000 UTC,30,0
0x7fc34b31263b9d5a901c8a5e4593b55443965959ac1f06674a2286c2b93fb935,0xd41dc8d75400ef444a4db448229fdcbb2c89f92e,0.101,2025-07-03 01:57:59.000000 UTC,30,0
0x348b4ddd081e90ff40ae0ac8c14e396d0d9628b07c825ef781b926550e066ef6,0xdebcadc3b7de2a4fc156421a307018d7ecfcc78d,0.101,2025-07-03 01:37:47.000000 UTC,30,0
0xa4d6a3e1431e0e98afa76d28e190f5404e8a93c0f65e4d87b07432edf119ee24,0x01ef2a55b0179a8b38de2d335a18866a086ad54b,0.11,2025-07-03 01:36:23.000000 UTC,63,0
0x52f57090be2855ea1f2a9fb8400c21e04341d53095d37824ab11133a78d7c812,0x29e3fcb9f4aad6225f359de66f3e81e643ac1dcb,0.64,2025-07-02 23:55:35.000000 UTC,1,0
0xc3be6669925bc5b7b63d5036c20c1b08b05093fd42c102791f8b2f09aad67741,0x70cfdf57a42f3ae5a3ac21352f149f85b521221d,0.117,2025-07-01 19:31:35.000000 UTC,1,0
0x2ff42a0cec0fb9e0673d22ba520dab78e43093c8e2bc9b1cf13996c5fdf8dba3,0x5bb993f7cb0821a29a2810c5d5fc2ed77bbbe720,0.102,2025-07-01 06:47:35.000000 UTC,6,0
0x575b8fdfd2022dc565023fb58e8249624ce6e5ede0e35f5a74c2cb1f524f69fe,0xeda156b0a133601b831eb08041e05338b7ad9556,0.108,2025-07-01 06:43:59.000000 UTC,2,0
0xee04d034de6b4edb656331e071185f5a1b3e1b1632b437c4bd43b9888b64edcb,0x727cf80eb2483f7a2a743d2683c9d22cb1310420,0.1025,2025-07-01 06:34:11.000000 UTC,1,0
0xf768babce88f9e602eb0367be2afc3edeb2cd62bb5b97256840ef82505bd8618,0x26000c7b8623d75a136b696efb24d20035422875,0.11,2025-07-01 06:24:47.000000 UTC,64,0
0x34791cb1c20599eb70842c6796a987fac32d4e77e36cd602471637d944c73533,0xe5222d206bad88e87263d64bd4a37b194d94e103,0.12,2025-07-01 06:05:35.000000 UTC,14,0
0x976278e13b3f9a387484b9b1aee227db2faf03dd45c0539ce6c81cbd80da79fb,0xa5e115665aa052474cc13a3adb6d4be7d5924dc4,0.105,2025-07-01 05:43:47.000000 UTC,12,0
0xbceb5c3df96a8759400b635b2b758961819e538fc213c3d302048ae03f10832a,0x2b5232f0dad882cfb2ef58ac6666e85b1c12b8f7,0.108,2025-07-01 05:29:47.000000 UTC,2,0
0x0d89f31d99fa794c10b74a9cd08dbe348b667d6a2a6c00fe54d43990aa8626fe,0x4264f16674a1db44d93dbe588fb538b8ced4708f,0.11,2025-07-01 04:25:35.000000 UTC,65,0
0x3d9242b85bc287f325c3abd72b8672fbc3bea84508b3e13fbaf90f91fc6e1c20,0xc628ab0992f9124a0c67b7cef15ec06fd2d5a55a,0.13,2025-07-01 03:04:35.000000 UTC,9,0
0xf4e652e803e71a409114382b4f69c4933f8bee5bb6355223b4e73d3cc276c9c8,0x0bc2576f271fd7986b657e217c65edd4ceea1d5e,0.12,2025-07-01 02:56:59.000000 UTC,14,0
0x7abb6e6bde91c2c35218a8bd8faa0cd6285248ba9c24aab5103db5d1b128096b,0x29db2eed10508b02cb9fcda112f7175f92d77fc8,0.105,2025-07-01 02:49:47.000000 UTC,13,0
0x6a3dc0dca8e07eef7c27238abb4426984ddb7b82288a6d59d88fca222dd96498,0x9c77bbcfa116b3fcfb8adabe2644b58d5bfa2cdb,0.1022,2025-06-30 21:09:11.000000 UTC,1,0
0xeb1b510362423aa22c7a6fd5c349ccfdc7848f8618dbbdbf8c81d457fa78dfed,0xf141c38649b8f23d50d6d142b15bd3013f146068,0.1005,2025-06-30 21:07:23.000000 UTC,0,0
0x9746e60197d09cd8e53626d25d20f6250c74bc4479e2cd8aaba2b88e33acecab,0x603d549367e0875d21a01f47b0b3077c5b31e033,0.102,2025-06-30 21:06:11.000000 UTC,6,0
0x43d9d3391d5b0ab5bf7f7a644674cfedf136332a11f22bdefd33ae87673127dd,0x0b83636c5f80eb1ac1a81b6ed9c89c33eb2848e7,0.101,2025-06-30 20:58:35.000000 UTC,31,0
0xaa9be73a24d0e4109379232fdbd0fb762049787b831ccf4e27e7fde5c017fde6,0x496833404b2e0789ce145eed86ed7e4618bca2ba,0.101,2025-06-30 20:56:23.000000 UTC,31,0
0x21c9ea9f2a4edeaf39e64d328b023b7562f83178e1928c62a74903023d2ee291,0xdaf10624bdd955ccf895d1a4e4e7798b6b3dd31a,0.1077,2025-06-30 11:31:35.000000 UTC,1,0
0x181d0c12007800848c20e0ddba74fde6c559ac192a6a64a7c12c31b6ca0f20af,0xdadbafd6b2d7786b4436f276d62dae68ddb47bfe,0.11,2025-06-30 07:22:11.000000 UTC,65,0
0x41181242a2daf9cc8c64e64078159639b16b477742728a8ad5b612f2df6d47c1,0x4c3e5120a0da357a7c933bb9cc27a2aa93126979,0.105,2025-06-30 06:29:23.000000 UTC,13,0
0x4acfabde95ed1985ab2921c8b4f5205e94196c600bb3f2d92590b957c4e839c9,0xb009bf5c7526943f214fc6d2086a8e1dd1873064,0.101,2025-06-30 04:59:59.000000 UTC,31,0
0x6f5289edaedcd380ebf9b434fad9182c53bb57f8633006709b6cacc517754635,0x0b5a2a20ed3773aa33274f6684e97810338c09cb,0.19,2025-06-29 09:02:23.000000 UTC,5,0
0x47b64148d5d06e3fadd0b55803e77bb5ad80cd736290bea916abf3cf79e304d0,0x11ca9bd63a36bc59109d94aae3922fb05fd94c9b,0.64,2025-06-28 12:37:47.000000 UTC,1,0
0x572224ed6816e868dd2346faf6b6bf00eb2fbb4530c306ce18bf2dfd18a1098e,0x355ed535f8cf182c133e0bca87df7243310c0d7c,0.109,2025-06-25 17:15:23.000000 UTC,1,0
0x3ac339e4617dc8f231f1b22dece99544ef5feb9f6933db75a19070c3a6c0bb8b,0xdc7998cc318d56f7a8a2fdb8233053b221568df4,0.101,2025-06-22 14:43:11.000000 UTC,31,0
0x484fcbb90c176c8c7f6b53b9ee4f52c90af2d989bd0c120dd0b4a03c1b1ecf15,0x026514e6e8eafecf68c1733fec50ba1b42d9db19,0.1057,2025-06-20 08:04:35.000000 UTC,0,0
0x3958d5671d6bedfef351c9c5594c013aabe26e7ef0722f27afedb60c827cc0a0,0x77529baffe891653d46a2d727a1bbdf049d8e51a,0.14,2025-06-19 13:40:47.000000 UTC,5,0
0x3eec5a71207462d25d1cea4b79082062423cde02f955867409d12ae11cd7c10f,0x3deba5317cb10ed36ef0b1f33266a7dafbc34ce9,0.106,2025-06-19 08:57:11.000000 UTC,2,0
0x3fca29d76b2e45777cc720ea71abe518a96e6ea00e85fbd24ee627812156c3dd,0x6d6fa730b73a9960c5f2d358eff92c41181b1b6f,0.11,2025-06-19 08:50:59.000000 UTC,66,0
0xc5835011e2f66975c24c274ba7ff0ba52116b2eafee115f28abc274af85a7ddd,0x50cc94f72428cf189b894c28c00dc34ea7f4413a,0.1018,2025-06-19 08:41:11.000000 UTC,1,0
0xff48fa4a67eafc7b5d5d7ca0d33b1959c9d7e8eeb5872c45cc62e60242187bc2,0x28ffa4de042f7e6a00368a76437041e29160156f,0.14,2025-06-19 07:37:59.000000 UTC,5,0
0xa10fe8819d5cf820d0ca4f7db2f0f8a99abb410552f480f3fba1c269aa89bc47,0x20577b1ad5f90fbd54e58cb1f34c9593a5d65d5d,0.1042,2025-06-19 07:26:59.000000 UTC,1,0
0x2558b54d80728eb64d81103964b232b2ef6296f6b628bafbcd2cb23791e8a22f,0x77ddd3eeee62c0b1666316924c4c6fd28ff67375,0.11,2025-06-19 07:15:23.000000 UTC,66,0
0xb73a73daaf14b1ef7929d149c9eb3970a1ae39cec6e0be3e8f3d48bb67a4577c,0xa29d5b3b01dba3f8b11e4b7838eacacc8901e561,0.115,2025-06-19 07:06:59.000000 UTC,8,0
0xc4b852c4f9e1647b4e567fb03cb090aed9493541e8f27b605edce9b7e5245a40,0xe39a0879dc1ddea86b78dd979afb3fd803346d7f,0.1066,2025-06-19 06:56:23.000000 UTC,2,0
0xaa813534a2d1b09d5f12d114a210ad2926c160ffba86e560bc800648e89fa83c,0x9f4429d0eb1d01a894e6393d4e23ac6b93288e89,0.1025,2025-06-19 06:50:11.000000 UTC,2,0
0x7879546aa9d6c4442c96456dc124fc4b3836f0d103e5eb22ff659462c7303a92,0xeb25fc949244d179b6051c86a0014b3bdd821fde,0.105,2025-06-19 06:46:11.000000 UTC,13,0
0xa33e9b6db0a36635a14917135e3f177dfc9d14bf7ec0f438636b083621e91456,0x6d4dabb2a42bc176fd25c5c1f93c651c2bbb6ed6,0.125,2025-06-19 06:01:23.000000 UTC,4,0
0xd63e915a7185d1433cd3fe8f1916e7fbafec38205a2ab43176c5f32b9f56cb8a,0x2b522027e42088ed906d918ba4f995660d8d0710,0.115,2025-06-19 05:38:47.000000 UTC,8,0
0x5087c8d8d6209d3215e355abdbb09a4d6b310967bdafc58ebbf63050ed0cc539,0xfed4a3ded63c2a89c2f58ee2cb3028a1e284d799,0.104,2025-06-19 04:17:23.000000 UTC,3,0
0xd46e042a6320d3e1812f2abc6e83cd0b8da858176cd12a881e9144f6caedfada,0xd4bbe7573c1090e0435bc761affa300f87c2c81a,2.055,2025-06-19 01:47:35.000000 UTC,0,0
0x2dc512b579fd1d4dd788aee19031491c6bc94240ebcbb4b120f0b2612ee08862,0xd4bbe7573c1090e0435bc761affa300f87c2c81a,0.286,2025-06-19 01:41:35.000000 UTC,0,0
0x0e1a5373427d45e5e5e4de79dcef072c547db15b816209162ab8aaa2f8ddb213,0x5553a5290f3789dc79d3bdac47e7bb323e40b81d,2.515,2025-06-16 08:54:47.000000 UTC,0,0
0x08b6c6456e0192525b36b97f57ea21518be20c51f2cebdf819000e9109355c6f,0x3752dd83b47b9e1b023c566b8db53aa98571dafa,0.17,2025-06-15 06:31:11.000000 UTC,4,0
0x64708832527c024c415c302c55521891c9cd2ea0ed821963a0d290c2ce594063,0x54f1fa9f71bff893ad417c3767211472ded6a4cf,0.11,2025-06-14 17:44:59.000000 UTC,69,0
0xdcf5912290c9a4e5ea2b8e3dc19ebb7f67401c7a1f853f8983b3680faf57173e,0x9dbb8e07d817062a40e204fe435da8c65bc826b9,0.54,2025-06-12 12:08:11.000000 UTC,0,0
0xda811f1eb91b3fca5acc46b3ba3ec8737df2a7ca1953d2fb4318b68e55ac3007,0xdd175b20010fbec83ffdcec9a57689b8e80e780f,0.11,2025-06-12 09:52:47.000000 UTC,69,0
0x9dd459e5287f727661523e8e64c06d94944954aafee15aef51a6d2752a27116b,0x9c6d4f6e8530851c4ae9486c8475f746344a7813,0.11,2025-06-11 23:09:47.000000 UTC,69,0
0xc2b06fd8d3756906a2702e7f5f206169c7d301e8c9ea210ff73fa617712c558c,0x1e6e5044cdd8be802391e7827723d290fdb2d207,0.49,2025-06-11 23:06:11.000000 UTC,1,0
0x85d589b66a7cf62bd211c465b619a4cd78d93b0553a7e8403a82d2bcaffafead,0xc636816110d6c2d3da8a72d96f9709b30cff7818,0.58,2025-06-11 23:04:47.000000 UTC,1,0
0xf86f4fa80608c1a187745e0df7e7ae8025132ed844bf61935949348c4a6568d3,0xeb33c56de9f03145fd7be18bdaffef7e303fc31a,0.41,2025-06-11 23:04:11.000000 UTC,1,0
0x7cf05a5614f69d12fa10ae51687c903dc9581124bb525965200c8aa1a8cd6de6,0x774f4ad344928441459dfd0287118cb7a8672048,0.32,2025-06-11 23:03:11.000000 UTC,1,0
0xf40a8c92514bc2e282bb9aa941f0fb20dabfcc8d1e16f391b072a51882776434,0xa15effbea24391ecce2a82c2e56ff4664348143b,0.21,2025-06-11 23:01:47.000000 UTC,3,0
0xfcc19af2cca0be59fe5f1b0169e3e9fccbaeb8d376593cd6c354bc76191537e4,0x55a04e1104b4d015d08dceb734a7e2d5da8fdaa3,0.12,2025-06-11 23:00:23.000000 UTC,17,0
0xc08654b63ae71ba0324e03af53a54af606de3c89e6bdbe6df9f5d9339aad1886,0x844dc85edd8492a56228d293cfebb823ef3e10ec,0.15,2025-06-11 12:25:47.000000 UTC,37,0
0x5c1e356bdac953ee4bd9a4c538bdf44f6772294c87b3996b2f4c730a78c86e0f,0x5cd8944d70cedd0a3f95aa089d2e8ba21b5edbf7,0.09954701375,2025-06-11 11:07:23.000000 UTC,0,0
0x39aea23f541d584bd0e0dc6a058ddbe0f954fa4077a3edbfecaedc25bb55a6eb,0xcd1efbac8e37e92268ba83903026a6c34b3803db,0.15,2025-06-11 07:13:59.000000 UTC,37,0
0xe486a7bfa4e46eb52c04576f29c36c64b579467ca6e742c6b2500e6e9d674073,0xae48a218b54e6285518198b5d0a1d6679b27390e,12.843,2025-06-11 02:32:59.000000 UTC,1,0
0xa41b0f8bbb19db78c5fa503021ebdfc38b8aeae45be0bafbf3ff97cf5366ed0b,0xdc3ee5969611a47c4bd4ef088a55e1ba61701827,0.15,2025-06-10 08:43:11.000000 UTC,37,0
0x51d67befb009b4ff56ee82e89130fb1a2348fc8e7f6ed5bbfc59f5aecc703efc,0x99259c7a46af7b0e6d46f7b94d61da166bea94ce,0.21,2025-06-08 13:16:23.000000 UTC,4,0
0x35f6ab6114735590e44cbbfc61c96f540ab7dcf1979df5c16a75e22c7ea69e05,0x410a5dfcf2c3b99c6125d12a898b2ae3c44f7dd1,0.14,2025-06-04 06:00:11.000000 UTC,5,0
0x2c1ae9b5633b117b6f502b8eaf77a8a73b496c1d3e970186785ab7ae9c0e0b8f,0xf0104a387977469b0a4eb469afb4c64f2b08f037,0.163,2025-06-03 15:54:59.000000 UTC,1,0
0x9d7884312791469e5c12930ed5744f5103dfcc2dc8891377ba80b91311eb3b02,0xd43ed87d4cab613a88ebbfc8c09ef0befbec3a01,0.12,2025-06-03 15:54:11.000000 UTC,19,0
0xf687b4ae51167bf36ddc35f849e6d6e8fc0ae3450971f605f2dee0a0959cdd29,0x84fe705c57c0ade7a18662e6b6996ab1600ac1a1,0.114,2025-06-03 09:54:35.000000 UTC,1,0
0x92e3d9d3e547018ac2fec40182ebb2f7e6623afad8c73501e76411293834cb2a,0x5cd8944d70cedd0a3f95aa089d2e8ba21b5edbf7,0.10004725,2025-06-02 16:04:23.000000 UTC,1,0
0xf4b4ed57b65089281555826d6b65d8ab2cd9aab157549f99ac059cb90d0d6c11,0xd43ed87d4cab613a88ebbfc8c09ef0befbec3a01,0.12,2025-06-02 13:38:23.000000 UTC,19,0
0x3d692ca05e1508be1542e8c24b1ef1aea912fbddbf4a210e1f8499f73c9fc0f9,0xcfcf9536172922c23d9d6026b0c7df736bb15e79,0.16,2025-06-02 13:37:35.000000 UTC,5,0
0xe6cc3db5fb4d99bc7902d57bfea22fa23de8c9049256637d70bb9a646095f9e6,0x74a748dbbba1056523f6727abbeab62bb31bf471,0.19,2025-06-02 13:36:59.000000 UTC,7,0
0xbe776151cb593b343414e8f5fbf13fcf3a9fe2f4936fbecb721737e73d70f8e5,0xf0104a387977469b0a4eb469afb4c64f2b08f037,0.26,2025-06-02 13:35:35.000000 UTC,5,0
0x1977b555dfa62a4534295dfaf342e40fbb4316969316f63d07ca1510ce796596,0x7fd1ab2aa9b34b5b07316f14527ba73e24e6bec0,1.11,2025-06-02 06:16:11.000000 UTC,1,0
0x2380ba76bbf0c54730dc8f9c21d6f87b594fa5c72140cc0bef1bbaea45f3d4d1,0x9ffa24e39f94136db18a15b817d67c3fc50199a0,0.15,2025-06-01 07:29:35.000000 UTC,37,0
0xa7d60ff6482fc825d4d2d1f2ef6e790fc6aa2c6ba5b1e77d91b81435464b1302,0x1eba6a88b1a8361ad969c72580da4c1c381caeea,0.1005,2025-06-01 02:56:23.000000 UTC,1,0
0xb88c09719e601698ca2926c664c08b97bc2ea137b24bac6784222fc06f489405,0x9c303de078c7252964059cb252d0dce2bdaa568f,0.101,2025-05-31 20:58:59.000000 UTC,36,0
0x63b52f905d98cc770447bd5aefd112a13b6deafc72b47bd18d7723303f36f553,0x0cec06d9949d858c610a65be802db04a83c667c9,2.772,2025-05-31 11:21:59.000000 UTC,0,0
0x025d1381644535c7b9dfcabab840129f46d2faec14c550353d2514f77a5c2891,0x6ec32afe5aaa33c401553483ab13d45f52a80289,0.12,2025-05-31 09:48:59.000000 UTC,19,0
0x474459ca92d38e3fd2d58758dc2389a424aa1259bd27031ab6366b79eb313b50,0x042d84130b673dab6ded87f4b4c3db53b8549059,0.1337,2025-05-29 06:32:11.000000 UTC,1,0
0x6f7d74e2b2f03b669d6968d65183bfd1b951356fbda775477c1c6010ff7c9c8b,0xd3a0760b33db47a5f0feecd97bfe4b6e8b9e0fc9,0.8307,2025-05-28 23:56:59.000000 UTC,1,0
0x867520a851e74239fd8a35f2ae4e370d7a1f768206646a6101d1e83fbd4a306d,0x38bdab4273038ebeea86cdcaf7e62ede0fb9d77c,0.1374,2025-05-16 01:53:47.000000 UTC,0,0
0xd5dabc8ac8c4fedbd605cdf7274b4f50f2b8758e2249051cfe312d3ae2acf88c,0x0a86897acf08cd5bdaf07a8d39dee98fbbf7176c,0.102,2025-05-15 09:22:23.000000 UTC,8,0
0x76ab7bd94c8578f059f82e6b2aa7c5e66c61fd847ee9443083ed3caafe43cd51,0x7de137bbb0f510a5275229c106d12e0c8f72139f,0.101,2025-05-15 09:20:11.000000 UTC,37,0
0x7ce69e955b111973c5ea4361ebf71c3cee0b1de6199b69555143228f66d5b321,0x664ae6484c6e4583afc4af7c9fd69747a700d453,0.104,2025-05-14 23:49:47.000000 UTC,4,0
0x2f1d2cd30d05d508789cf00e887fd34bcfcbef7481133bf8e906a0bf5b076aec,0x9f427de3250d2741cc3554f8e316ed41f9589406,0.1015,2025-05-14 23:46:47.000000 UTC,2,0
0x41e5096df811543647c663e264d9b6d6e9668c4a6f842bd9f54861acdf350aaa,0xc05caa0384376ddc5dd1241b6210a75c7df1852b,0.1034,2025-05-14 23:44:11.000000 UTC,0,0
0xa3fde7dc207d8406d660a408b9c54c42f3ba85507679b80f8f24de0bbe59c476,0x7de53d095feb592b1d4cbc307925abb9edcb7327,0.1023,2025-05-14 23:40:47.000000 UTC,0,0
0x7eec122e16b7f0494f2ff915b015fb751503b20049685a9c9c16b0c5cccf239c,0xab93b89c8e423955aa544c429226e68c694acc3a,0.102,2025-05-14 23:38:35.000000 UTC,9,0
0x6d9cc8a41897b30140d602a3a7ad0910d14586ba19d2c96f395af492531f320e,0x0eb50ebd69cc31d5627e6730a9b4171c903ddc64,0.105,2025-05-14 23:28:59.000000 UTC,14,0
0xf249bed3f52de9c9bc5ec63face951afe1c2ffe21e28f36e11b3c8ce29ee9c90,0x90779219d539d608c8c2eb590a43782ae40cc675,0.1301,2025-05-14 11:44:59.000000 UTC,1,0
0x9efcf419077d2d3c8659db1abdccae1a165da7d7c1e13258797af5c67c883076,0xac50ce326de14ddf9b7e9611cd2f33a1af8ac039,0.121,2025-05-14 09:53:35.000000 UTC,1,0
0xd94d8991d16d79c943fe9864ac3a5ee97909c54a487d3e4c4549000de4a8b11a,0x5b0756d76e40555b02b97e86ce6fc00c3ece0f79,0.103,2025-05-14 05:48:23.000000 UTC,8,0
0xed203049f4859051c70f4d97bd28c255a25b46b5bbb3b83da12982aec616c88c,0x8e7cdf69f384228eee2d82638eb65d734e0603c4,3.016,2025-05-13 09:46:59.000000 UTC,0,0
0xc688eaab165addd0aa6d3eb31a68d01e4d450df8cd7472e21cbbf3473ef1fb1a,0xf69c4bd64799e7e21829f15be99adee089a8d1c9,1.023,2025-05-13 09:25:47.000000 UTC,0,0
0x6c1b7f70183bcd94b23799a041e1f1fd98b14f47ece683fc2e3108aa720266b9,0x38eff2285a0e3e2eab18c4f3b0765a833c752f1f,0.57,2025-05-10 15:46:11.000000 UTC,0,0
0xdf789eb2d84bbdf252d4d79122bda1bc446f60955e3bd2f85849a4f04075136f,0x240cd6d8dc7280d90fd36770cfad094e99bf8313,0.101,2025-05-07 13:12:23.000000 UTC,39,0
0x25fa619c2b6b53b09bece63fac86db9d023d24624c00d6d3071cf21b601dbdec,0xadd33ada46633efd61580c3f6b96c7d327852ae2,0.102,2025-05-07 13:09:59.000000 UTC,10,0
0xd1374a38eed4d07fba90f9bbadc4bcc86e8b751cd429d471d74430907d91375c,0x382f48b79b8dec25a4c8538643ca6d91fd82d5e1,0.1005,2025-05-07 13:09:59.000000 UTC,3,0
0x1262eb5e16d1dff764849cb888090b6b7ebeffd36c03d30f3c9e001c86b0c4e2,0x8a60e3edb5d9237f4d8731b000fd9e9471d08963,0.202,2025-05-07 09:51:35.000000 UTC,1,0
0xbe35787a7a2c1e2e24dba81fd7097cb3cd20e7b110e8ec39ff2f8784f264cffa,0xd7b7c73293ea7bae962ef8339b2142cc8c8cd3a2,0.102,2025-05-07 03:20:59.000000 UTC,11,0
0xc4fec8fef9259bfbe66447b7fee5a0abaadcac9c91d1d2bfcf8b39f9da8aab13,0xb43e0fa4d742974fb4e74b691653ea8969cfc781,0.101,2025-05-07 03:13:59.000000 UTC,41,0
0xcafb7fc9e7acd706e1ab5072a4bf8857eea3769cb8a9fcde266944745fb577f4,0x93a96e77cb6c12628d60296657554875bbe53619,0.101,2025-05-07 03:12:35.000000 UTC,41,0
0x3c46a4b89837185f690adf75d36a9b2c8ecec1a5aee8201e7e710f439aef87e8,0xe9341976942e623f0ae6f8cab66c5130d2130ad1,0.104,2025-05-06 04:12:11.000000 UTC,4,0
0x3752a737ec1cd141f454cdf3602de7684a93e949a4e6e9e2e78783c1267bcbd1,0x5f926956f6f14c4d28537d7f821a8730b5eaf3f3,0.25,2025-05-05 08:20:35.000000 UTC,32,0
0xeef818a5af3f2296d568246013760629842ebece2a0f419cfccb2ecae373eb8e,0xa7ba3d7a87937509beb290be10288eab810bb1f3,0.101,2025-05-03 02:58:23.000000 UTC,42,0
0xacd73edf8cd3be221f2d8a60c4a12b920b136d7135a35e0756a3236e6a051b9f,0x68e678702f603b15f042acfcbcb7acfa8067ada4,0.102,2025-05-03 01:27:11.000000 UTC,11,0
0xbb81d1d80355e24c117c85d8c8644a7ce548d73c008873eb9954ddc5986dc8bc,0xf9f082391f6a8c1bff3f8728decdf1ad0f922528,0.103,2025-05-03 01:26:47.000000 UTC,9,0
0x38689a0881acc989f012418aec52c8a42b42d31e5d270d1a658e20030c258075,0xf513c7000cbd7f4a6c98180de933f12faf8a9d2f,0.101,2025-05-03 01:26:23.000000 UTC,42,0
0xc62f52c1b3795c75ae908e1f82ad111bcc8a647ea99ce90049374c9d8ee7779e,0x6d06b5c638bdf2cf843e0f73819d38c33fcc03e4,0.1029,2025-05-02 23:05:59.000000 UTC,1,0
0x575d1ae765a2603c9453f916dffc5bd1f5806642f7fe822bd413163f864bc9ca,0xf691cfb170033cf705b68270a06487b43dcb97ea,0.1029,2025-05-02 23:02:35.000000 UTC,1,0
0x1423b772a3834731d351269e6dcd1cbed16ebd73286d08d0ac56cc9afbb3dec4,0x42574fb970f8e3ed4870a3c0a11d716c8e77c0fe,0.11,2025-05-02 22:58:11.000000 UTC,70,0
0x8ef542b741db779b2e29eddb056f5a78d83d17ee989f1a41d62e5e644b424046,0xe0a12d01d1804f1c0b460f4cd3eae38057945ba8,0.1023,2025-05-02 22:57:35.000000 UTC,0,0
0x24a9fa68b8727fdfefdba538500e63ab08857b13a17601a8bf00b2b096a95068,0xc4e8676ba82d3f9721ae5ab5a8ace226f3184f2c,0.1013,2025-05-02 22:44:11.000000 UTC,0,0
0xf0445815ae09f6be7ff8a70af9c4f8252a43261f2c3b3bae224ae4f270a01524,0x1ba03b643c10c6a1be5c3b8a1616c261146da69c,0.108,2025-05-02 16:13:47.000000 UTC,3,0
0x11ae2f708738d06757128fe18f498d93cb322e8e282d248c8574bfba059dc71f,0x904eb7e86e4b30819b6882a11f92ed46342feb06,0.12,2025-05-02 16:12:23.000000 UTC,20,0
0x4da86e4fc9f1781e0a9a060723590e9497974a0d649d8e9a6279b84c8322b4ff,0x1a699fd832cf134060e615e28f1874b5cdd73d1b,0.102,2025-05-02 16:10:23.000000 UTC,11,0
0x563ee5de8196280156739b74c2f9456000baa60bb12582a9dcc2e100ccb99f46,0x6d2dc0e558a6877ed61d2c966ec6120404b7938b,0.111,2025-05-02 16:09:11.000000 UTC,4,0
0xe81dcbbf45b2ee566343e8f67f003ec4e6fd8040b8a95c35018986575faf1cd1,0x89d312a43b3c1e8b2ca1c1143ee6161e5289e648,0.12,2025-05-01 10:05:59.000000 UTC,20,0
0x3a089af21d019bd6aaf5e9253807c702fc1612e84314cfbce751ed80833a7842,0x2adf3f6ad65df7f2f0a1984c0129dbba5772b62d,0.16,2025-05-01 10:05:59.000000 UTC,6,0
0xccab26e17505bdd149623e6b691d2c5fd967937998cfa09d0be9843663857355,0x09bae784ae46555610cfea233245f52b166a8ebc,0.15,2025-05-01 09:59:59.000000 UTC,38,0
0x2e9c3b9be2bb41ae125ecdd22851e8b95c4dd6d31a5b7af6c3b8febf5f0a0e2e,0xc84267d4a86a0e969022551e4422d4387abc1bab,0.1024,2025-05-01 00:00:11.000000 UTC,2,0
0x1e5453edcfb8c908f3279c26d13a1ea3f47c530414846277dba7d3018602bc40,0xa8ad67e8cea289a69350c0cd870770465b418e38,0.102,2025-04-30 23:51:35.000000 UTC,11,0
0x82c34c40e88835a230806c200aec828d8a04afef78e381a0c107a291c7454a8e,0x95c954a70fb9411b01931d954b6103faed7ee623,0.101,2025-04-30 15:17:47.000000 UTC,43,0
0x27e9a24e0997497a89a822ff9a410eaafd410f39fb97222b9b31da2f0b1f7021,0x831cb4285a15b03baca119f421cc95c4a66d2b42,0.56,2025-04-29 23:29:23.000000 UTC,2,0
0x4569e9f5a2f89705f98d74158bfdd1c50b74a53e5fd981759cf6a7787c6ab341,0x5ceaa6de74acd541220d42a90f30a55ad20dc7e3,0.1005,2025-04-29 23:21:47.000000 UTC,3,0
0xc682c25c5235dce0482a8e64ce7e9f26ee8269f63fdf2d4fa27563527fff8345,0xc043295cd50b675efa1984a5fed1bd3c897d4bff,0.1085,2025-04-29 23:13:59.000000 UTC,1,0
0xebb658cb3549aebe01ef982dcf72f5872e770678d800a9e223a26a317d0e2c29,0x56e1e4f464618511d579f09d15815644f13d1e57,0.1123,2025-04-29 23:12:35.000000 UTC,1,0
0x7411aba8815224ce79183a4f1a1b782b5683467ba6e552e6a31afdfce35403dd,0xba9f58b140e26350466ea7c042f430bced0dca63,0.1113,2025-04-29 23:08:11.000000 UTC,1,0
0x9bee4b1ae2b002b791b5ac96cfb66a9bc733ab25a3939417c99938da77e69808,0x32bd5aa65d30fce09adbd578793bebe420485106,0.1106,2025-04-29 23:05:23.000000 UTC,1,0
0x835122e4a8b67c965c71c6b77498048a5bf0a63c129ab8146cc0216384c881f3,0x088e2ec6405604a6421d526522eba118552c41a2,0.1177,2025-04-29 23:03:35.000000 UTC,1,0
0xb27b39d69f088d003adaf5b498c2263b30895bd191710348570d7f57a37b5451,0x47847bb09c21a6d48414cb1645f8e5a9b689d293,0.1091,2025-04-29 23:01:47.000000 UTC,1,0
0xda5c436c83435ba849c9ded925d5e3e4d8450f1712b62039f6541239378e644a,0x7b4170c2af33c5223f43f7dde7b97640c7934616,0.1216,2025-04-29 23:00:11.000000 UTC,1,0
0x18ed2faaf60aaaef316f6fa495162830884e1a42e79939386335705567fa16ba,0x1a20d46011bf51cc74869bd22729b311bf02d664,0.1031,2025-04-29 22:58:35.000000 UTC,1,0
0xa4d529cc55ec261a436c6140510031602678df3755f28c558454e690bc9d2a26,0xbb60d02f50120c32d2c2cf94d1fa69ccb86bd037,0.1089,2025-04-29 22:57:47.000000 UTC,4,0
0xb7f1d5a30ebb086cc4b7b193555514d2ffcce919c2732f48833da270a2f9b758,0x50954c87cbb3b2bcfd8a77b6395aafd42c39f1ec,0.1084,2025-04-29 22:57:47.000000 UTC,1,0
0x2f077565eb75a82d296798918119a278736b26f43a8985da33eba036561dc873,0xc9990bcd1faabf8c248353437f0e8b86cb6c7477,0.1008,2025-04-29 22:54:23.000000 UTC,1,0
0x08e56748f2a7dfe223dd1ec6250b4a5317e821455cb584f38c14c150618b49fa,0xe6fab34e7f0c941e17449b1bc80b3cc2f5a14ba2,0.1093,2025-04-29 22:53:35.000000 UTC,1,0
0xdbf6c05d28c4a4106f11029b0cbffd84d5b913593ff741660bbfdb92f940353d,0x336e2b470fbc605634151bb52f27b15f2897a17e,0.1089,2025-04-29 22:51:35.000000 UTC,4,0
0xae841904567c2e7327fb83263ba7cba4122b4ca7053312c1d9ca578775ead0b1,0x194898961100caeef084e61831d15120c3b401a8,0.1089,2025-04-29 22:50:35.000000 UTC,4,0
0xf06085111cd9746d61223293e0cfcd3803ca6db8cc0c3f2f89da580eb8bf490b,0x596f7834e4418d6a0e5ccf1d4aab2b1a823363f7,0.1089,2025-04-29 22:48:47.000000 UTC,4,0
0xeed5001c739698c636202d958c59a0a8c3ed832a0c6f0de6e174d16f1cfb1be0,0x6a2e3179bca6d71abd54efaf168115c5236ad464,0.1028,2025-04-29 22:41:35.000000 UTC,3,0
0xb838057d58d785cadd399ebd7fd91211c059dc295bbd1609a0cc42315c242b8f,0x777c47498b42dbe449fb4cb810871a46cd777777,0.11,2025-04-29 11:23:23.000000 UTC,72,0
0xd72c463ac3f2c3173ee81379d8e45231a8f9af4bf988c05a7f44b2d580ac7259,0xd839a57ab4a1191b7ea7ec1a013452b1e045177b,0.1029,2025-04-28 21:47:59.000000 UTC,1,0
0xf4aeff359fe27be2072e7ced6abbc76658bb94714a253e5a59ac4d31b7c3d970,0xfc1d6a879224e02769031c2b662bfca655202cbf,0.1035,2025-04-28 21:45:59.000000 UTC,0,0
0xce4e3d888b1d10aaf31b888f0ec535e507b5ab5a457c8b221f9727b5b9c7335d,0xf2f049436cd92025a4a2f4a5f18aac4ddfa51f8d,0.1028,2025-04-28 21:44:35.000000 UTC,3,0
0xc4be108dc60de22e01579fb12242e10d93cc5d0cf955bf30ef240942f009e67c,0x979ddc228ec8e384f3e5347e18c6571708d63b9b,0.102,2025-04-28 21:42:11.000000 UTC,11,0
0x0b4a0d5e753ea0d7c44d8358bcff6e35b66b829b36d9171db90f5b1437c1fe15,0x2e3b65053598010e06f7eda4aba40722dbd015c1,0.1015,2025-04-28 21:40:35.000000 UTC,2,0
0xc9753719074e6fb912f06a29ebcc236ee46876f6e5d478f115f2aaa594d56148,0xcba67c6bc16d881ef0940fec7839202d496d9a23,0.1095,2025-04-28 10:46:47.000000 UTC,1,0
0x81926bd20b432fe928ff0405054f6ddca9efa29f1186a6782af68ab632817a90,0xb766c7e94888914b051ff6d4a0a5c364a6e344eb,0.1188,2025-04-28 10:24:47.000000 UTC,1,0
0xb6d34ace3bb286d02bb274912b4a0818a457b88103a712bdd83d468103c96ee9,0x1cbffc8b30dd6ac35b09f028d17d723e98ae09d9,0.101,2025-04-28 00:27:47.000000 UTC,43,0
0xb05a782d28feee629ddb19db50bd12ec791f980e7db2008e0f1c7c3b6765e5fc,0x6ab0d4e317786fa9082ba68a4b8c6c70a8750b08,0.105,2025-04-28 00:27:11.000000 UTC,18,0
0x15e1bbdc605cfadf164635c0c4ac5da71eb97eb7523984842d89e7cab880abe7,0x19c2a0e1398ba78c00af784fdec4cd0bbe70a392,0.1001,2025-04-27 00:56:11.000000 UTC,5,0
0xfc655a1e990909c4f6d08eea621647b6e04ae90ccdcf6439aa8b601287975e79,0xf2d1fd0e9212c103f96fd237d7ccb853d9bb1de5,0.105,2025-04-26 03:58:59.000000 UTC,18,0
0x47573db826de24f619d0fb3cfcf8caa9f3c19b4afc650bfcc425e6254045e78b,0xf2d1fd0e9212c103f96fd237d7ccb853d9bb1de5,0.103,2025-04-26 03:57:11.000000 UTC,10,0
0xc2f45407ac00241c1495869a2f2ab8b1283d5a9df924675ef90b9f36dd0575b8,0xf2d1fd0e9212c103f96fd237d7ccb853d9bb1de5,0.101,2025-04-26 03:54:59.000000 UTC,44,0
0x5007e3676f7fce9a0f4800b5a4a56dc6c3a12bce7db4a85fb5d79ff1006efd50,0xf32a29f850d8eb5b4eda9d5f942770c983f7094b,0.12,2025-04-25 13:27:35.000000 UTC,21,0
0x022d4e6b21ff54b2730a40ad1ccffe1b6903b744276166162b0c30961f488e17,0x7e71159e06ca661355ba8500d7951838e668dca2,0.105,2025-04-25 00:22:47.000000 UTC,18,0
0x9301c6d034a7c3c6c61077467f823e71712870ab48f331e629ba535d19774f84,0x67dfcaccf9f9d082544318bf5fd13ed77de9a9a8,0.16,2025-04-25 00:18:47.000000 UTC,7,0
0xb1f211bb2d3377772f8bb7a5d2908bc1926b5114284f99739e9f3634215ebe64,0x99be075feedf24d48610e3a7615f7674cce2f31e,0.102,2025-04-24 15:50:11.000000 UTC,12,0
0xc9e9ba3093de8d9a3cfffc81c0e2e887adccd5ec21ef82046729d23f8182c60f,0x4cd527264a079fb8950969a275011460b9dca0e3,0.101,2025-04-24 13:32:47.000000 UTC,44,0
0x0d64680d1dfc4f29b79810153e837843bd685dd9c87e2e1261587e8905e1ee86,0x2d1bf803ed1f75aae5b338331242567348ebd626,0.11,2025-04-24 01:25:11.000000 UTC,73,0
0x402c495b2e198a3fb01163d49c3a6f8986d24a7601a1f937e590f4889b68e13b,0xbbb37369c6a0d7db49aaf898dc71c90d9cf99b1b,0.12,2025-04-24 00:50:47.000000 UTC,21,0
0x80d371ef087bc64be8c73a2760fbcc2ce3ab45ef6d9b823db916cd5866d59a3e,0x2aaffa3f057ac205599e07a424b467a0d7f69ddb,0.1084,2025-04-24 00:48:35.000000 UTC,2,0
0x6fa0ddbb209d5b9a1a438d9ce2363e407d9e53d5edac8b84b3fc8b0010ff397d,0x8cd4896ce9aab5a01f1e916833d888402db07b27,0.1124,2025-04-24 00:46:59.000000 UTC,1,0
0x068e700c10a137c082a66e3c69d23beb8a4bab0a8c4139fae2e16837cf621baf,0xe83a34a6371620565e5a348a942536d29da6a8ef,0.1207,2025-04-24 00:44:59.000000 UTC,3,0
0x7f66f72dc13397e55505d3f38378c7a2f66f14b0710fd5f81ceac3a6e4851f79,0x15c00ef2c4c7ecebabca7ac2f3fc30dbd9454403,0.1118,2025-04-24 00:44:11.000000 UTC,1,0
0x0a8120c722eb965028476ed6e7f1182c63b9d34d525aaf310980b9c4108b5989,0x8809c49d2e8bdec6b950854ccc752d67560fac53,0.1018,2025-04-24 00:37:59.000000 UTC,3,0
0x86cdb572c0a65fa961e25932e8b2546125fbb315df0ea16483c8944a75b71d18,0x507f7588998dea2a1facc722b37ca32a941f9c02,0.109,2025-04-24 00:34:11.000000 UTC,3,0
0x64b8478f5d0c9bb8092b0f7550055a49c02a5613db4109faadf9e802fe66d1c3,0x3e326f81d08f27fb31a42c966ae18cbf32f31028,0.1108,2025-04-24 00:34:11.000000 UTC,1,0
0x5080620305d104ba65ac2275a607a98d2dd8522e3955763da7850691516e9b09,0x41afa98762e951023bb8b012dcc8134cb04b9fd3,0.1183,2025-04-24 00:33:23.000000 UTC,1,0
0x0fe8ff469fd9011f6afb7140d096863cdc0682525681492e02dde86ffcd810d8,0x505dfa3a4bacfd5ebab9c3af0e052bff05066357,0.109,2025-04-24 00:29:47.000000 UTC,3,0
0x72ac158cdc72ee5442a1b907404d05bda2c90be236843ddc719545fc7afa5e81,0x376a92311fd62cbb45d65fb99d8df57144d7115a,0.1096,2025-04-24 00:25:59.000000 UTC,1,0
0x0e135b9af9d39e47f062d6b36e9859d6f1e3d909148d287693cdc3f42bbf0012,0x02679a101280335d66662c6630a4eb93642ad73a,0.1043,2025-04-24 00:25:23.000000 UTC,1,0
0x6638d005997a3b18c5203019727977cc39e417fd99e60a5c1e55a9a007d7d10f,0x9a007b6f308e681a861c7234795726105172af28,0.1005,2025-04-24 00:15:11.000000 UTC,4,0
0x3f2a18b4cd057f1ff9e6f81b69dfd9d07d58c22081ad3470c92f7fd979fa27fa,0x06c75f595b7fd72f4f3a5a521f00e905d4beb6c9,0.104,2025-04-24 00:06:35.000000 UTC,5,0
0x86b2e611611eabc571d0098ab53a2fefe9dbbe1d7adf8736e5bd4d1ea77d8b5b,0x17d22af31599e5de8ad8bd00bf47cc1030166634,0.1085,2025-04-23 21:35:35.000000 UTC,1,0
0x58c7b98b7af67ac883d34836fa6f87786226b24fc0e71273a6cbb5f8b1e8c86d,0x031781f40fe876469ca424ba06f657c0da539fc4,0.1011,2025-04-23 18:22:23.000000 UTC,2,0
0x951e8f7a40a900087e6a1705d6d8dc2e38f432e95385c2670ebdc296db95a3ca,0x6cec8d1c8787b08259d27589e1eac843c780d940,0.1003,2025-04-23 18:10:35.000000 UTC,2,0
0x0881d9a07b213fcf4290911225d854a86e9e2d08390f40c08ef6ff8fae8b3048,0x4138336f5c001df0f711813a86a92395887aee6b,0.1001,2025-04-23 17:50:11.000000 UTC,5,0
0xa1b52c88ee79562ae7e0587a78183c81b3c089766a56b70e2ce54ca06f3fe3dc,0xd21ae096d384f5f00eb6819bc517ef45af0a49b6,0.101,2025-04-23 04:34:11.000000 UTC,46,0
0xd2960b24d1ae14d752af88592f25eddbcd0f36bb94c5aa589b1801935585b4c5,0xb89a20033b9ea5bc8cd33511639eac2ec51923d9,0.102,2025-04-23 04:26:23.000000 UTC,13,0
0x39ee1848abe6b1525d6363cf0ced0c1b4b55ac412eef4bef60023ca58877e7a9,0x56a601a1ef1dd469640b9773a24f680fd28b68d6,0.105,2025-04-22 19:45:35.000000 UTC,18,0
0x8e3b492f84b0974033530df50b94936909bfae6c74e222f9d8dcf1b1d421045e,0x6d19abf82f4cfec7ed629d1daf7e5c89772e4607,0.1002,2025-04-22 16:15:35.000000 UTC,3,0
0xc6bd4a87a693514ed7028de0e7a68755e2ee290e3d92ec79ed764d8052009831,0x7cfb77c5923c6f46f65784d7b555f6b201b69d6c,0.12,2025-04-22 15:33:35.000000 UTC,23,0
0x0b4670d638f7aa3c063d975556de4083f1dbed3edaf9b73bac0ab87f29c3f679,0xa9904297eeec96a9fbd46e0e9c9f2e01dade8985,0.1001,2025-04-22 03:17:59.000000 UTC,6,0
0x62f2c6dd3c0e005f72c1cafa74f097d39109b9e2715ffc8273c283876ddbbf8e,0xd16b04392dea6a15a7f6cfaf1cca62bd7c28bd3b,0.1002,2025-04-22 02:32:47.000000 UTC,3,0
0x5b6fe435e6b520e307cec1bd89db652023a325b5a255d74555efb6e44306d49c,0x29d3e4557608bee68748c5690f5dce55c701edbb,0.105,2025-04-21 19:05:59.000000 UTC,18,0
0x83714c403facb906152bf7e93f7a3596aa46a087a15f2e5042171d2586257b40,0xb98128d76b8df245ff499e50eb1ccd41147a745c,0.11,2025-04-21 18:13:11.000000 UTC,75,0
0x1b9c8e0fb622ee847a08acbc9b3dc178673e2abe1d13c15fd85546c07c6348e8,0x7444156a5ab0405e37ded4d1bbcec5ff26f3a192,0.1029,2025-04-21 14:35:23.000000 UTC,1,0
0x2ebf4b2466d1bf4a33358a5d6c3ad06210bd8bdb81026e6af58f4e788502da48,0xa88fe3d4ee26fae27fdc3b8518549994e91a7eca,0.102,2025-04-21 14:06:23.000000 UTC,13,0
0x89296f5cdd6536504577c437f2ccd5c7e9a49e550ae70002a339da2bea7dc052,0xf2d1fd0e9212c103f96fd237d7ccb853d9bb1de5,0.11,2025-04-21 11:47:23.000000 UTC,75,0
0xbfb429080e6409694acac755612ce7f6f2ad32b50fc12218ec55673ded3e9016,0xeee4e86bc66c13a6a684e8e3634b5c6ee04c48b8,0.1042,2025-04-21 01:06:23.000000 UTC,2,0
0xd04ddd04540cfdca4c68c4d1e86bacf41b775b9a4ab7fbd4990b87290458a91a,0x88bada845477e8c8abd446272e01a41d9147a3ce,0.11,2025-04-21 01:04:23.000000 UTC,75,0
0x7a4689cf8eceaae27f1a37b3baf426741629fc54e57648b1859bf6bae0104e42,0x22aa7a9d53e27a3662ec306b41ae285782243351,0.12,2025-04-21 01:02:11.000000 UTC,23,0
0xc4fbe008dadc00c5a577073a0e18ec376d11a8f921ce514a49bee2a30c7fc213,0x8a50567835f76ec70471137ddc7f81e4f2226804,0.112,2025-04-21 01:00:47.000000 UTC,1,0
0x4b97560afa5ece55b2e2549bb1cadfecdd23151ec6af687d8ba485e6d0b537a3,0x3619ef8acbb94fd9f5d441a2ef0a16f15a6dcd32,0.103,2025-04-21 00:59:35.000000 UTC,11,0
0x1673ea750caef81418742b8f34cffa6b4033a6747cceef257ab81efd15e41bf5,0x2425e161fc93b6ea2e6112b80d666c2f3302b3da,0.113,2025-04-21 00:58:11.000000 UTC,1,0
0xc0dc13fc12a485347ea34629e8c915029bb8bf5ebf5821cbd046cecd5f97807e,0x543713ca304bf0c6e4c9326c2da9113395f395cc,0.122,2025-04-21 00:56:59.000000 UTC,1,0
0xc9ff84b6bf5b77545b3f104befb60d60838b9ca53c98aff633d1e2b48e5bd866,0xfc307fbd58d7f5715b991e0c95e6124c9ae87a23,0.114,2025-04-21 00:55:47.000000 UTC,2,0
0x24cc3995db15cd459fcdc7bfcbe735aec639b075951f77b318ac7e3b6d19f3a6,0x0a97df85e0a529b5331be52d3bee41bdaee11b20,0.11,2025-04-21 00:53:59.000000 UTC,75,0
0x6cc451c7cfced984c67c7972de5af2224dad8da23d273c6aec73971201777f65,0x687f578b29a579ac5d08797448ae9a570a4cbd94,0.109,2025-04-21 00:48:23.000000 UTC,4,0
0xaa87a253c8b74c50041d09b380f0bd27a7a8111616b4bea2aef8bc47ed4168bb,0x36a7ed40255943b2f97378da3e616d7ee9b2456c,0.101,2025-04-21 00:46:35.000000 UTC,48,0
0x5b1eef8aee8314350b6c6809d443f515fc54450d5f6f05d67bcbb6a29427c0dc,0xe2d892c2cc4f2a6dc09575f992d4e73f782bb697,0.1045,2025-04-21 00:45:35.000000 UTC,2,0
0xf542c126ebf7aeb5777270254312041782015b033b8713cb1fadb4e79235450e,0x6ad94532911af656cb0477f3b2d9b4fa5594402b,0.101,2025-04-21 00:40:11.000000 UTC,48,0
0x4c86dcbe0f392e15e8f4b99f603ea338d4f01d115e9516af3349674dfc8405b0,0xe94372707cbf324d28bce21b1770426ce3aceaac,0.102,2025-04-21 00:38:59.000000 UTC,13,0
0x895a5ceac4e28a55423a2ea37b94155ad17253789d2242b59ebecc9cd350764a,0x70a052469fab9f949aa4f1abc6b9ee04085de2db,0.1002,2025-04-20 22:14:47.000000 UTC,3,0
0xdd86109f8c2ab76e0d273e36561cc7edbad14244f0217c7d89662f3e0fc7fe03,0xf2d68f31377d8c4fbc17277e1f887ddc8c4599f2,0.1001,2025-04-20 21:57:35.000000 UTC,6,0
0xb13c77f975e5a0f0d87bcb0b90f8ac5dfa02711a29fc8217631a8b81a092e073,0xbfc7de27c3f5a1e112e92c9995dbd588f5cc8438,0.101,2025-04-20 21:23:35.000000 UTC,48,0
0xbe68fbf70100be7428bfc3ebb2999bc35f4f200043f3c15391fab50b4d6795d2,0xe49fed8e64cd4bf98764e14d5c09bd6b990049b5,0.1005,2025-04-20 21:20:35.000000 UTC,5,0
0x10e5a535b84a662ba19671352694d928c514f9640f5c19afd0c2047984225051,0xb6565c9a47b4566480705b85eb05c3d5c37f26ed,0.35,2025-04-20 21:12:35.000000 UTC,9,0
0x48d0627ac10d560d363b175c0fe3f580a47b4aa50a59dcbab1943d8c206ef7d5,0x0eaccf77ef2c9e74de067cfbf2718aea78f31827,0.104,2025-04-20 15:15:11.000000 UTC,5,0
0xe022231beb287e693cdf44fc45099890f0a688f44332cee8548ac864c8c16cfb,0x8ebcf4879d2e908ba135f9909f04d0becabe6ef0,0.103,2025-04-20 15:05:59.000000 UTC,11,0
0x7ef8d720b69969b72e852cebf3df81425c1db4b8b868d86a9833d57e15cc6cf0,0xbdbb6c5fc9d2ca873b82880b6773d598ce20698b,0.105,2025-04-20 15:01:35.000000 UTC,18,0
0x97718d8ca50976adfb69d3883bdcd414b58738b6c61269e4e4300c8519a09bd0,0xaae8856069b6235aa6fdbae9dc27fc15a403aa51,0.11,2025-04-20 14:49:47.000000 UTC,75,0
0x00b8826c4cccb5394b577e215f9f7660144bd5899b451b6aad80aa0a7cb9720d,0xe7b30a037f5598e4e73702ca66a59af5cc650dcd,0.12,2025-04-20 14:09:47.000000 UTC,23,0
0x1bb4ea2513c4b78a42d614b30c0d626463fa0d5f4c711a73a4634d373ec6bdb7,0xf178905915f55dd34ba1980942354dc64109118f,0.15,2025-04-20 10:54:59.000000 UTC,40,0
0xd25c3f69acd28731680ddaf66974e7e56cae8b762a528c8f6955c1ce3eefe828,0xb6565c9a47b4566480705b85eb05c3d5c37f26ed,0.1824,2025-04-19 22:14:59.000000 UTC,0,0
0xc221f23d2f50ff17d38df18633e00a5c85afd262eae7c9ff7b870427db3f962a,0x315f4fdc5b3858dc67c411601e9ffb9ade38843b,0.12,2025-04-19 20:59:35.000000 UTC,23,0
0xa8ccea93826c41637089e38fa6f7949fd3b21d3225a58dd175e2defc5f0a9236,0xd6e67fc81bd8724518700c7cd5c1d7fcbeef80e4,0.3055,2025-04-18 11:19:47.000000 UTC,0,0
0x2f2894e5cf0c97d159cf0b489d642a8ec6a0371a15fb46efb1503638f8e2e1b2,0xd84e1da8221eb16d1f56c720e006f98e3fde617b,0.1075,2025-04-18 09:41:35.000000 UTC,0,0
0x1002f36907031cdc1697be59adb8dcd54ae26d05d93cc2bdc1c957fbfa75059b,0xd84e1da8221eb16d1f56c720e006f98e3fde617b,0.111,2025-04-18 09:05:35.000000 UTC,4,0
0x719b4f8df89038466d311137d1cb5f71a3c812885b83f25dcbe14078994eef92,0xeb381c1404dc47aa695d78c256ecd4a03f4cf562,0.11,2025-04-18 08:03:59.000000 UTC,76,0
0xb7dd84af3be0c5188d255d4815fb5faca489f94bceac0995422835eb6ad05d74,0xc13f96a3efd6d3bf4182c35676e0638253db298b,0.101,2025-04-17 04:05:35.000000 UTC,48,0
0x01feae3be43e06ce11e13ba04ba4de527ca9b12412806bcd382841f788800b07,0xab672abe01d55d173183c674245868273162cb04,0.1584,2025-04-17 00:13:35.000000 UTC,1,0
0xedb76f5f97f64ae3d9491aebdb66d552270e67831126c5201792eed46bab1baf,0x7b65e94c9b8b2968e883bda0c104cef643dbb653,0.1095,2025-04-16 21:03:59.000000 UTC,1,0
0xd287bc9cb2e3142a9fa68654b4904765c82c9e1060d58bfff61c0716dd52188f,0x015b2c96729317911908ffad1c79741c4b267d3a,0.1004,2025-04-16 20:52:23.000000 UTC,1,0
0xf29627727232878d41705bcbb13fbdb4c208912004cc6affaa38322892185a48,0x21ab3aa7053a3615e02d4ac517b7075b45bf524f,0.148,2025-04-16 19:56:35.000000 UTC,1,0
0xeabbdc32564a86d7b055df8cae7e92e7dc75d37f086e7ff1051126ecb268a782,0xc309966467f988e4837f5435822296267506ace1,0.1001,2025-04-16 19:29:59.000000 UTC,6,0
0x865059085373e5a82f54f47ccf83ce2cae8d6527f24cfd911fde9eaa655401a5,0x9446968d53569d1a700c78620a1b42cdefc4b3b1,0.1003,2025-04-16 19:24:35.000000 UTC,2,0
0x88de58607e7cbc886f52fe4918dbfed3b029ea5a6353744434ecaaed68f25b95,0x00127fa50aeb00d97135c2509613718a8e5cdcf8,0.101,2025-04-16 19:11:35.000000 UTC,48,0
0x572b3835854a641eb0b342fc455935f993994349c7e8601b4536a0a8c0a18a5d,0x7974dafa37338abacb3d47986472a76f0c38306b,0.1052,2025-04-16 11:08:35.000000 UTC,1,0
0xbe96a0e3f67c368493a1d47ad2e1489c64100d54904792d755469b549c8087c9,0xc4e770723481ca98c20945fc8582e803b341fa47,0.111,2025-04-16 07:03:23.000000 UTC,4,0
0x8bd2faee74492e7c75ee6ae3d08cf1c73fa3d48c68488dc6718c881121636ce5,0x5dd4de76b79021abbc82cd5ac830cad4ce66e540,0.13,2025-04-16 07:01:23.000000 UTC,9,0
0x92ba9a5f71fce4d3aa9aaa69ec651683bfe86e76b74b49905184fa43cdf017c1,0x99b00a3a654f5d09323ba13467a11dd656a65ec4,0.11,2025-04-15 14:01:35.000000 UTC,76,0
0xef21d1b94cd48ab36cee2a4de37f63e63198c1ce8cb42a255c91750570ad917c,0x5875cda10c6848e9f1b6fa746586ff5065b1eeb7,0.115,2025-04-15 13:49:11.000000 UTC,8,0
0x46b38b2db663fa28a11421451146a05e123d8ea3d3f320898fb28dfddef895e2,0x9fd3d1ab21e53ada301f93f02d555b2b0a101b01,0.11,2025-04-15 10:57:59.000000 UTC,76,0
0x0cf01d31b4a2c5d93670f281ca8f9a0574fc374a1618e5997ef0796436aeea8f,0xf0b1dad0027b4ae38baaeb2878a64f9fd8a378e4,0.105,2025-04-15 07:46:47.000000 UTC,18,0
0x822abe73f8c8a649893483a4e115cb6203ae7ad4a8f7754ed2a6472291a52ea4,0xab672abe01d55d173183c674245868273162cb04,0.1022,2025-04-14 23:18:59.000000 UTC,3,0
0x685d8b7b50405b6681d7e06741676f5088fceebbb935fc48c5a3ed4d715007c0,0x68f27f85a195bcaebe9315007cca3b23702ecdb9,0.101,2025-04-14 20:04:59.000000 UTC,48,0
0x143c23b49704aeac818e66c8a1feff48ed7b134baa1b4a0024b83f97ae67b746,0x3752dd83b47b9e1b023c566b8db53aa98571dafa,0.195,2025-04-14 16:54:47.000000 UTC,2,0
0x1b471fabde6b17ac24ca216280f61fe53d23d7eb416163244247935931f1c36b,0x5af58f280e51fc99ac1011b093116a097be28bd7,0.105,2025-04-14 08:43:35.000000 UTC,18,0
0x0c1adcc26212828e6370f1bcabf58000feac326c87d98477ab430af076165650,0xccd3266754588c3208295b23a4a0415ef04d474a,0.11,2025-04-11 13:30:23.000000 UTC,76,0
0xd512bb023102de1916ec07596ca711a48e5ed38118e76379e1107e11a5fa6cb1,0xeed7e1c7c9c68611584e8f6230178ce0a48eef7f,0.15,2025-04-10 10:19:35.000000 UTC,40,0
0x9743d886dc985cf9effcefd3ee4e5ab9bcc03ec2ad6b6aeb6b23f47cdb7975ff,0x8f2d1a6edb0b603e955b7373d17c6586c5ad4c02,0.11,2025-04-09 22:51:11.000000 UTC,76,0
0xadb00c75beef103750e84faa4809acb2ff9ded7e8f8875b21297ee8dd7916c65,0xc607b2a6ae9360d06912bfdcbcd1abc8fff9c1ca,0.1003,2025-04-09 22:18:47.000000 UTC,2,0
0xfaa23b90866c536eca85e09155d70cb0bab8a277e01ecd2f9010a0aa840ca202,0xe847349a33ee0a90ea094b26fac76b2678fe67b1,0.1002,2025-04-09 22:08:11.000000 UTC,3,0
0xc124dffe01f44f9e3546bf12601960e2a51f495594ca710da39fdc83839fbc8b,0xf4ccf70c77b6507d149a79df883c367f0d8b10fa,0.15,2025-04-07 04:51:59.000000 UTC,42,0
0x51b3aef2f05b8084c9959264fc74cff082c832b99932db5d56a2bd5bdd9550ed,0x07ae173ab6820fbf9ea0a0024d27c8ef341d7296,0.5065,2025-04-06 13:40:47.000000 UTC,0,0
0x7dd876ccf5fec7fd92ee8099a97edd9c963edcb66c3ee2d5e792180aaef56025,0x44947e218b24e48024201e2fc697ed65c948583c,0.204,2025-04-06 03:42:35.000000 UTC,0,0
0x98b6abe28da3a83cd7e72eceb6d76efd60705728855822020e2ab2bdf11323b3,0x2d9303f24a9bd88959e9efa601ab0f502c762ae1,0.34,2025-04-05 22:52:47.000000 UTC,2,0
0x1889806aa6d4cabd55a04d6a434596f54679954b668ebfe9778b94197d76c518,0x476c755bdc9f9f1c34b83559a30082fedfdfe23e,0.277,2025-04-05 18:24:11.000000 UTC,0,0
0xa1e3a229725db1c0b6c1a2a5a1fb0837d9b08ab94bf86905e7f68807ac5b0fbe,0x115d0d8822efc9607c52b04628098b48970b993b,0.15,2025-04-05 10:25:59.000000 UTC,42,0
0xb9143d235cd75c4d11f7f64d370d279148eff85261e1c3ffe39b8bd6e554b4a2,0x274829c52bba894d62a4931b46b76cfe0606ac26,0.101,2025-04-04 21:02:11.000000 UTC,48,0
0xc993c7bc0ae787acd087373ae99d6f7e7621c5dd773d274e4206837fa061f5c9,0x2e92a21b89b64de21f920acc875cd0b1e782c33c,0.117,2025-04-03 10:34:47.000000 UTC,1,0
0x124db4b4d1ea29bebe7a3ce65aac806205e159e7d42e6e386daa83bffdb9d123,0xeed7e1c7c9c68611584e8f6230178ce0a48eef7f,0.25,2025-04-03 08:27:59.000000 UTC,33,0
0x59b08b73d2cf23f697908ff7dc1ddd642ef62110aceeeaa1196071b2f1fa75b0,0x0943e7700476933d4bad59ca598a6ca6c66a097b,0.13,2025-04-03 07:51:59.000000 UTC,10,0
0xf17417dc10a35a226039d37c89640476da0bb261366eaecc2221119c2ef70be7,0x982daf4d8ba3bcc03b9f3186b5bf3e3467346927,0.51,2025-04-02 18:51:23.000000 UTC,1,0
0x0df09107e3d59d7c8fa3b7821bf5636b7d9abcdeecd1717b476e0255d27190c4,0xfb15339d187a76af62698f73d700e1f8536f03bd,0.105,2025-04-02 12:56:59.000000 UTC,18,0
0xc090200ea937f16d60e1a55ec1e4753dc6810905a8930b90bddac539b3d94fc2,0x19c2a0e1398ba78c00af784fdec4cd0bbe70a392,0.101,2025-04-02 12:31:23.000000 UTC,48,0
0x3ac04e2b64434416db57fdb24926e1266d02c74dbd55addbe5baa95862d479d6,0x0c1e99991dd2f7d374bff13f9f52284ce6cfdae5,0.25,2025-04-02 11:25:23.000000 UTC,33,0
0x20c6dbf9bab9984fceb0eaf70fe0592bb3b8ff50106db5b7d902abbb917b01d6,0x0ed84bacfba2477695be935079eecaa0a44d74ee,0.489,2025-04-02 07:33:47.000000 UTC,0,0
0x39a24c9a068b3c5d37fa182447ebaa87bdc8f756b532e96f5f681d1cb67ee9b0,0x931433324e6b0b5b04e3460ef3fb3f78dda3c721,0.1123,2025-04-01 15:54:11.000000 UTC,2,0
0xea680c281666c08bf51b7839d116580894754579611f43d8b3c38d9c599772c7,0x931433324e6b0b5b04e3460ef3fb3f78dda3c721,0.11,2025-04-01 15:34:35.000000 UTC,76,0
0xff28a560870ae98de6e0fac95e8efa7e65e6b985c7ef1283fa374c3e56b63e67,0x9429cd74a3984396f3117d51cde46ea8e0e21487,0.15,2025-04-01 11:32:47.000000 UTC,43,0
0xc8dab57903bf638271fb11352551e103af64f88bd5750cb5567f1f433673a0c8,0x6b2b69c6e5490be701abfbfa440174f808c1a33b,0.15,2025-04-01 10:36:47.000000 UTC,43,0
0x57f37602bc63fc7a38e1707b479b2f68d4218a4a7dd2960f1aa9ac9f4a835fed,0x6f9d2b003a34fb0b32bc395bb72fa499beef46ce,0.32,2025-04-01 09:23:35.000000 UTC,1,0
0x6352da08deaa35f930651c2db6906a69f4029f247293863b891ff969542b4dba,0x89e4d5cb78734584ece477cc8cae284fcf89f701,0.115,2025-04-01 07:35:11.000000 UTC,8,0
0x5311b3fbc2bfd75dea53a97b7583dc02b5b20748f7e4fb7db383594aee9b0df3,0x6eee891d2c28bbf560ac945430d1ae06ab94cfe7,0.104,2025-04-01 06:17:47.000000 UTC,5,0
0xd27355613a2f5268b943daa0a3ec5da9c1bdffc211435a079acd030199771d99,0x3e407f4158440f1e5a9e6ba98b0198aea6d837e3,0.11,2025-04-01 05:50:11.000000 UTC,76,0
0x34e8fc0ab5551afada64a590e1a8bc537daee6b2f0cedf4fc178743dc00affd9,0xa6f67217a9011e1e41fd64360862d3b54340fcc5,0.142,2025-04-01 04:26:23.000000 UTC,0,0
0x5513c006a9f58bc724af15fed2cfa2e4722ff6501d00e0c83c1429d026e51c4f,0x0a072ba40056902ed64fc8cc604cde77aa2fcf00,0.31,2025-04-01 03:27:11.000000 UTC,3,0
0xe0673aaee7c239187eec6e46b40e47c20bfae8aa257bd2378b09d838f8554952,0x3c3402590b3882bae16dc932ac19a7f671c23170,0.137,2025-04-01 03:20:11.000000 UTC,0,0
0x3f97919404b867ff278e7676b1f45e23cd31ac7ff74c9fb264fb75181e6161e0,0x38eff2285a0e3e2eab18c4f3b0765a833c752f1f,0.1111,2025-03-31 21:28:23.000000 UTC,1,0
0x5900e0e12842f9f590bcb8094e495e7d02ae8b6c6e95b256f20bb781a7c29cbe,0x7252921bd62996de2fc352710aea0295a4143218,0.111,2025-03-31 21:05:47.000000 UTC,4,0
0x708cc247ffe8830944bbe920ce04c4d6e78bbed2580e65744f1009c7c1a8cf65,0xa2e83e57502a89a3af7ceacc195b320f9ad7d64d,0.111,2025-03-31 20:59:23.000000 UTC,4,0
0x7bc908179040b67f63a7f44952c9e66ad340bd3551b2b60822abf3fdf4f39f41,0x5bf5817dc357c9d465503d76c8b7719b488ccdd6,0.111,2025-03-31 20:53:47.000000 UTC,4,0
0x4e72c840b0ff422c537b6efa80548a3d352b6c107ed670cba75b1187cead8eb4,0x1f5d5433ff189f5c1f30487f599d1d754d5db029,0.69,2025-03-31 20:32:35.000000 UTC,1,0
0x1d5582bbb2814aac993365246772d602dfb42398b691706b97c75f52710b991c,0xa505b105060eafbf4521e337256ba0433b6fc6bd,0.931,2025-03-31 20:13:11.000000 UTC,0,0
0xb01ff1266e62a241e05e6fd7d3ca554742b2ece921946791d06bca2486ada183,0xe31bed180697dabb569790e16b20486bac88cc52,0.86,2025-03-31 19:17:11.000000 UTC,3,0
0x540e9fcdfca7bd5e2b65ee394cbee44d818f6d84bc8dc62c30662485915d1e91,0x963e5cb0db226a3c3a94b0bdfbfda7fea292a43b,0.25,2025-03-31 18:56:59.000000 UTC,33,0
0xc231d638ebdd2969f5f998748b3cbc3efac9a27bacdfa720dbe70368655b2bd2,0x2c02a99229c015638c3ea851c404c4ab07bde29f,0.15,2025-03-31 18:50:23.000000 UTC,43,0
