deposit_address,withdraw_addresses,asset,direction,tx_hash,timestamp,is_post_2023
0x50174919350fd2944439ba719488b78ec4be9357,0x6ae9c77d363c2b9d378f3c3ccea4baf22ab70049,ERC20,W2D,0x55e2179d87c36e11d608cee68dddbdf8a3ea0cb96ff0884e506d6cfc4b0f3327,1760701247,1
0x73cf1cd19a5682cb2ef81a81527e1e7e9b3ac376,0xbef8812d156ef101c103d06feaa842badde44a9d,ETH,W2D,0x5dced6025771336b2a7c349730ef5b2ffc4f85e8bccfa20082f37ddbdcaba223,1780073963,1
0xcd0b3ceb61b4eb0b673833860978d1de5934b90d,0xbcd00ac6954a9e5c2c2913de5f52139fa07020f6,ERC20,D2W,0xa16ae3faafd6d3d3a17113b8329feba3f7b74567e510fa40945ae774070ce303,1771563695,1
0x0f368419bba97796749936e0d46a73f38d4ef10c,0x504348e10c543e6fb287a18c9815fdd29d47feca,ETH,W2D,0x10671e522067851b807b7c04f36eb7a3e9aa0b9a42a6e4d16116c06001a77fa9,1780970195,1
0x0f368419bba97796749936e0d46a73f38d4ef10c,0x504348e10c543e6fb287a18c9815fdd29d47feca,ETH,D2W,0x453382e14e2481a793d6c50a86a2939cd9707d445d2de9a4ae2d94524848eea4,1781003579,1
0x1c9ae149000615ca50da936388b73e40b19c03ad,0x19a0110537e4960c765d6f3fea9445b022a287f0,ETH,D2W,0x7e4e9b54975496c80541e98129d6292ed779eef6b5c2208d2924ecea684942fb,1781209979,1
0x1c9ae149000615ca50da936388b73e40b19c03ad,0x19a0110537e4960c765d6f3fea9445b022a287f0,ETH,D2W,0x8300aaf32505ebbacda06304141d4630da87b137d08db4c3eebd593206058ec9,1781105531,1
0xf76421d3e1ef8264788f308ee413a627c5286fbd,0xa2d4500905ea383f40c474f80c4417493de639cf,ETH,D2W,0x4bf63b7072b9c9fae6e81814fccab4e511bf1bfe00f934120cb996443efccdc2,1780396835,1
0xb32540983186a85721c01bd30e089604d71034ac,0xb399504035002a340a549830780adcf52501944c;0xf2b399064d07aa9542fdb9db3ad0931ef90473cc,ETH,W2D,0x5aaa46293a384c06e4c3e6635d5502f016e161dcd37bc7fc5e041b654ac54c96,1779792215,1
0xb32540983186a85721c01bd30e089604d71034ac,0xb399504035002a340a549830780adcf52501944c;0xf2b399064d07aa9542fdb9db3ad0931ef90473cc,ETH,W2D,0xe09ca997bfc3829792f89d5050b6543db0b27c9de533a7c2c20b76e8d2b093e8,1780324355,1
0xb32540983186a85721c01bd30e089604d71034ac,0xb399504035002a340a549830780adcf52501944c;0xf2b399064d07aa9542fdb9db3ad0931ef90473cc,ERC20,W2D,0x47b55c2b9f6273cce65c8acae00a559a02ffa14269082d377cff36f2932f4ef3,1779792071,1
0xb32540983186a85721c01bd30e089604d71034ac,0xb399504035002a340a549830780adcf52501944c;0xf2b399064d07aa9542fdb9db3ad0931ef90473cc,ERC20,W2D,0x4c2260c7e61031588b0d637a0326b291d1c790e433da07886214f5efa560d86a,1780324067,1
0xb32540983186a85721c01bd30e089604d71034ac,0xb399504035002a340a549830780adcf52501944c;0xf2b399064d07aa9542fdb9db3ad0931ef90473cc,ERC20,W2D,0x6da9b923ca3b85cd3658e8766f398e07c968ab8236a270d8959ef72fe8394bfa,1779792047,1
0xb32540983186a85721c01bd30e089604d71034ac,0xb399504035002a340a549830780adcf52501944c;0xf2b399064d07aa9542fdb9db3ad0931ef90473cc,ERC20,W2D,0xc9784d408d9938ce51b249052c2e9238b98626290c5f55fa2859fbbfbf038a98,1780324091,1
0xba9b359c89bb8b8985b7bedba7ff143abbd2dadd,0x8d3a661e136744f72bb46678c0467046e467c53c,ETH,W2D,0x4e6e17d05500168f996f6fc37fb5a5660b892ca948e55138d65737616650b7ae,1758457703,1
0xba9b359c89bb8b8985b7bedba7ff143abbd2dadd,0x8d3a661e136744f72bb46678c0467046e467c53c,ETH,W2D,0xbf897ebaaab153502cbf90c0e588c2b968fb12ba3c5e2915bec5b84d8bb6a31a,1779814151,1
0xba9b359c89bb8b8985b7bedba7ff143abbd2dadd,0x8d3a661e136744f72bb46678c0467046e467c53c,ETH,D2W,0x06d04fa44c9d7b06c9224268d51226b77cbba0ceedd7cb3ddb82c81114c40d17,1761210731,1
0xba9b359c89bb8b8985b7bedba7ff143abbd2dadd,0x8d3a661e136744f72bb46678c0467046e467c53c,ETH,D2W,0x748b0d5f00f73c581d6118374971575d5a73167cfab7c8ad9b22d398dba932a6,1769755343,1
0xba9b359c89bb8b8985b7bedba7ff143abbd2dadd,0x8d3a661e136744f72bb46678c0467046e467c53c,ETH,D2W,0xa7d82cfe9b8e798a5139e29ed7d5d47675f8f6fedab93549f47122b9afc97753,1766574899,1
0xba9b359c89bb8b8985b7bedba7ff143abbd2dadd,0x8d3a661e136744f72bb46678c0467046e467c53c,ERC20,W2D,0x4643268afb466bb6191ae830de68446d87f8a33186312f683f5642a69c01646a,1755106367,1
0xba9b359c89bb8b8985b7bedba7ff143abbd2dadd,0x8d3a661e136744f72bb46678c0467046e467c53c,ERC20,W2D,0x4ab88e5ab633d7f6a7bf20893f44d1b0f0534737fe52d66a921dbf69fe09efb8,1769753591,1
0xba9b359c89bb8b8985b7bedba7ff143abbd2dadd,0x8d3a661e136744f72bb46678c0467046e467c53c,ERC20,D2W,0x22ac1a4a086a8b38dd8c7bafdf010f443fe84cda5e2f6ee68725241178c314cc,1769753291,1
0xba9b359c89bb8b8985b7bedba7ff143abbd2dadd,0x8d3a661e136744f72bb46678c0467046e467c53c,ERC20,D2W,0xcc32b6ed60b960f9807d26b51ea43346710e8793313c2f153d499150588d3328,1761210695,1
0xba9b359c89bb8b8985b7bedba7ff143abbd2dadd,0x8d3a661e136744f72bb46678c0467046e467c53c,ERC20,D2W,0xe0555e73795ba366128d9f884cd7ff05d7b8860604e78b1f322972ec77bc8c82,1757789243,1
0xc88bfccf6f2eb6353590b4a0c2b72090b430986d,0x63b71614ea30028fbd6848cc88e0d798acf9a702,ETH,W2D,0x37e2bc483f40bbb1b6f6248b45b2dc7f72ce7fd96c5d58ebceb3d48c687abcf8,1778845823,1
0xc88bfccf6f2eb6353590b4a0c2b72090b430986d,0x63b71614ea30028fbd6848cc88e0d798acf9a702,ERC20,W2D,0x5670e3b046a7b0523df89a52d090cc7d51d676c6dda51f5bdfc8119cd43d2859,1778845655,1
0x5701a8f44906e4b515f5cfc0e09ea0d910f4fbd4,0x93ca62d1e64463cb093276530ab81d5760d65396,ETH,W2D,0xa059e41ad44e9516630c0c231d4891d2bae59e296074f5ad8203ed99848e2211,1779245891,1
0xde6f889d24471f618bc371d68232fb99f3ce4d2a,0xb7b3006593e16e9e9733f73b15a4b82cbc1e757f,ETH,D2W,0x558c392fe5e4e7876925795cee9b9e899fb26183c8c403f71c666911c16e991a,1777250423,1
0xde6f889d24471f618bc371d68232fb99f3ce4d2a,0xb7b3006593e16e9e9733f73b15a4b82cbc1e757f,ETH,D2W,0xe5aac6e2ce8359e4dc76e0728ae7b772e64510f4b7d5da11562d0638ccc3e60e,1668463739,0
0xde6f889d24471f618bc371d68232fb99f3ce4d2a,0xb7b3006593e16e9e9733f73b15a4b82cbc1e757f,ERC20,D2W,0x03c8cf919d18d73b0f941cbe54226b8711e54ff509173e94bd46ecdfce0a59a8,1668463331,0
0xde6f889d24471f618bc371d68232fb99f3ce4d2a,0xb7b3006593e16e9e9733f73b15a4b82cbc1e757f,ERC20,D2W,0x3a8cc882c5e982bf9a4ba112fc1ee43d31cae22b4552c797fb3c51553c1579b4,1668463295,0
0xde6f889d24471f618bc371d68232fb99f3ce4d2a,0xb7b3006593e16e9e9733f73b15a4b82cbc1e757f,ERC20,D2W,0x75086e3565c62a2f45987f02a487133d0bf3fac0bbb079af51002715760c656a,1668463259,0
0xde6f889d24471f618bc371d68232fb99f3ce4d2a,0xb7b3006593e16e9e9733f73b15a4b82cbc1e757f,ERC20,D2W,0x8fdd6d1cd48610e0942c202cdc2d31811b862a53e3edde44a1ab384192042d2a,1668463283,0
0x4b92ff7faa400266241075e4ee2b146e3fbe6664,0x02d49697139f40bdf3950cdae931b150e0fc05f0;0x0886b28498dc620b7af8d1d6af267a0104a06243;0x1a02af50f11fa5fa5e2ece35469e7467b6d4d7b4;0xa4055e8dfbfa1d2d4f1a5fcf14a00f6b26e861aa;0xd876910a9237bbb19fed359d905dcb683187341f,ETH,W2D,0x36d3bef67197f2c8a172b061422e96ef161fd7f6d2ec95c31202dad712df9baf,1779090395,1
0x4b92ff7faa400266241075e4ee2b146e3fbe6664,0x02d49697139f40bdf3950cdae931b150e0fc05f0;0x0886b28498dc620b7af8d1d6af267a0104a06243;0x1a02af50f11fa5fa5e2ece35469e7467b6d4d7b4;0xa4055e8dfbfa1d2d4f1a5fcf14a00f6b26e861aa;0xd876910a9237bbb19fed359d905dcb683187341f,ETH,W2D,0x38e8bc1c5d0d7f86f8043c30358d844d9d8459b7ddd0d41ecf78482d0eef8b18,1779859175,1
0x4b92ff7faa400266241075e4ee2b146e3fbe6664,0x02d49697139f40bdf3950cdae931b150e0fc05f0;0x0886b28498dc620b7af8d1d6af267a0104a06243;0x1a02af50f11fa5fa5e2ece35469e7467b6d4d7b4;0xa4055e8dfbfa1d2d4f1a5fcf14a00f6b26e861aa;0xd876910a9237bbb19fed359d905dcb683187341f,ETH,W2D,0x4b4c53c6b46338928c9276f051e04bc1d608c810a6871ddae154e7655ebf8698,1779810167,1
0x4b92ff7faa400266241075e4ee2b146e3fbe6664,0x02d49697139f40bdf3950cdae931b150e0fc05f0;0x0886b28498dc620b7af8d1d6af267a0104a06243;0x1a02af50f11fa5fa5e2ece35469e7467b6d4d7b4;0xa4055e8dfbfa1d2d4f1a5fcf14a00f6b26e861aa;0xd876910a9237bbb19fed359d905dcb683187341f,ETH,W2D,0x7bc70a7ca2cbc1110e42dd2cd0ce629212d0969c3227f202c386c97d51042f46,1779081107,1
0x4b92ff7faa400266241075e4ee2b146e3fbe6664,0x02d49697139f40bdf3950cdae931b150e0fc05f0;0x0886b28498dc620b7af8d1d6af267a0104a06243;0x1a02af50f11fa5fa5e2ece35469e7467b6d4d7b4;0xa4055e8dfbfa1d2d4f1a5fcf14a00f6b26e861aa;0xd876910a9237bbb19fed359d905dcb683187341f,ETH,W2D,0x828e54e16437054e712f5ca34f20d871db7767cfe42649caf2019bec1e84b437,1779859067,1
0x4b92ff7faa400266241075e4ee2b146e3fbe6664,0x02d49697139f40bdf3950cdae931b150e0fc05f0;0x0886b28498dc620b7af8d1d6af267a0104a06243;0x1a02af50f11fa5fa5e2ece35469e7467b6d4d7b4;0xa4055e8dfbfa1d2d4f1a5fcf14a00f6b26e861aa;0xd876910a9237bbb19fed359d905dcb683187341f,ETH,W2D,0xa29afb123d9abc90114f568c78a6d4166a918268d79e500092dd20e8206da589,1779763835,1
0x4b92ff7faa400266241075e4ee2b146e3fbe6664,0x02d49697139f40bdf3950cdae931b150e0fc05f0;0x0886b28498dc620b7af8d1d6af267a0104a06243;0x1a02af50f11fa5fa5e2ece35469e7467b6d4d7b4;0xa4055e8dfbfa1d2d4f1a5fcf14a00f6b26e861aa;0xd876910a9237bbb19fed359d905dcb683187341f,ETH,W2D,0xa4be847c06f8d77fe8dd14dbbe875b18a3847051cf91f60cdf58b95073b3066c,1779097931,1
0x4b92ff7faa400266241075e4ee2b146e3fbe6664,0x02d49697139f40bdf3950cdae931b150e0fc05f0;0x0886b28498dc620b7af8d1d6af267a0104a06243;0x1a02af50f11fa5fa5e2ece35469e7467b6d4d7b4;0xa4055e8dfbfa1d2d4f1a5fcf14a00f6b26e861aa;0xd876910a9237bbb19fed359d905dcb683187341f,ETH,W2D,0xaf4b9d6670ae24a0a564a7285ac1c06cc86921391e61417d81260bc5aa2238ff,1780218635,1
0x8b34af48e6d9decf8d3360888e2633b48d964cb8,0x34a42f4c3702ffb0a642c94dbe5bffa946ca42dd,ETH,W2D,0xb7271246fd594da2782ac19c370cb1a8c5e1f662a028550ec441df26c6306ce6,1778905451,1
0x4a77bbf59a9ffa7ab370985667311e879425aecc,0xb4de92baa072b28f7d8f7c32b8c5aae5fbaaff48,ETH,W2D,0x4d2c78b91f254c6b8b2f62d6dfc8dc211bc50934fd25853bb9f6cd1bfe47bb0e,1778880083,1
0x38fe097a85d880ebb752fb07d895b11aa5715ac1,0xcac76714923f6ebb53ba3d5d750106e519e70f30,ETH,W2D,0x58a5c6cf2f43169828651381ff75697052f40b075c5b54cd9d97a97e0786ddcb,1778880011,1
0x8251a50ef7ccd7c5c216d8ca67276f24332d8573,0xc7c05117973a5be854e2f68fe7f8d4e8e110bc83,ETH,W2D,0x46bf783f169690293690136ff781d982729840c7aeab69d43e1114fb25e63bb2,1778784191,1
0x8251a50ef7ccd7c5c216d8ca67276f24332d8573,0xc7c05117973a5be854e2f68fe7f8d4e8e110bc83,ETH,W2D,0xe6d033688a917fdf82e80a5f10f08bf4dd3e9cf41561bd06e9c475d07f2e1aac,1778783543,1
0xc88bdb7d26c49d6860891ea5b584cad55986978f,0x438615976c27b2b44f57ced3ac73b5ac113b8730,ETH,D2W,0x7d9eed01ac4ae498ffcddb5f2b50aff2be26d5a136113285a8794d394303cbac,1713709319,1
0xc88bdb7d26c49d6860891ea5b584cad55986978f,0x438615976c27b2b44f57ced3ac73b5ac113b8730,ETH,D2W,0x9b53cc22d32565fd68cf0a4da8adbc60283b6a2f6d78414353a1b527d71aaf8d,1707753263,1
0xc88bdb7d26c49d6860891ea5b584cad55986978f,0x438615976c27b2b44f57ced3ac73b5ac113b8730,ETH,D2W,0xba8adb5dbe32e80f1422a16f9ed84fc4c2c2c0b239ca313b1378e436d3516168,1708255583,1
0xc88bdb7d26c49d6860891ea5b584cad55986978f,0x438615976c27b2b44f57ced3ac73b5ac113b8730,ETH,D2W,0xd64f599611c8aea54c6507dc6f424032880bb0e5122503bf0f6edf3fa0314a85,1779923375,1
0xc88bdb7d26c49d6860891ea5b584cad55986978f,0x438615976c27b2b44f57ced3ac73b5ac113b8730,ETH,W2D,0x91fd66561155965ca63be9956abf979589c48879689cb1eb4b56741b07cb971f,1721202359,1
0x53bc793bb9afde6c9ccedcf33018f1611507b7b3,0x02d49697139f40bdf3950cdae931b150e0fc05f0;0x1a02af50f11fa5fa5e2ece35469e7467b6d4d7b4,ETH,W2D,0x46e0a0a5deeb1644fbbdbea2e1d46278a2716814b92990a7fc93af5096ceb8a8,1778598467,1
0x53bc793bb9afde6c9ccedcf33018f1611507b7b3,0x02d49697139f40bdf3950cdae931b150e0fc05f0;0x1a02af50f11fa5fa5e2ece35469e7467b6d4d7b4,ETH,D2W,0x698b701d80a83462cd77094037f6240b971e361f41884416c31a7e2018155f20,1778694827,1
0xeb74bd3d13261c79a85a0b1381f962beff8677f5,0x9126f6d5d92794c491e05c44b7f23060e46b069c,ETH,D2W,0xa84717bf35e4b3e609a63d67dacfbc351120e7e366123ae622c6e5f58ffd6815,1778789111,1
0xeb74bd3d13261c79a85a0b1381f962beff8677f5,0x9126f6d5d92794c491e05c44b7f23060e46b069c,ETH,W2D,0x44dc282401519b79d554ac52322236cf45aca6ac4bbda531abf6e2cb3f109fe9,1778899319,1
0xeb74bd3d13261c79a85a0b1381f962beff8677f5,0x9126f6d5d92794c491e05c44b7f23060e46b069c,ERC20,D2W,0xd3e214f314ceb6683506d28c4f0e5543bcabdd90290000c298e6daf1bc0b6864,1778786327,1
0xeb74bd3d13261c79a85a0b1381f962beff8677f5,0x9126f6d5d92794c491e05c44b7f23060e46b069c,ERC20,W2D,0xb2f4266dfdf611dd03d3f229ea4a4d31f51647cda7ed70ed2ac22a8fad5e3ad6,1778899175,1
0x6e6031664a1d3d7f5d3ca8b8af5ea5844ba9ad60,0xfd41650a74aa60f91f9f8910c54737f22f140979,ETH,D2W,0x2ae472de4bdcc6a75f1bfba53ce1b2fbe9e1fdd49b4fd0be6246afe1bc19e17e,1778315303,1
0xac52f6a5bc82338f338b041fcb7c936d5380aae7,0x3a3565a98de133190f7aacb06d6c684c61562b18,ETH,W2D,0x127e94a70df1bb1f0a6fedb40446d1edb4f3fd458605b7d5341a418213b9771e,1778094203,1
0xaed258dd5279b6ce2919abaf27bddfbc4b7a59bd,0xede2b0d555772d62540c4f47b100c066ffaf0d0a,ETH,D2W,0xd3afa0d1fb670e71bb272dc2af5b5bf06bfc2cf2b6e51bfe85a4336ba72db356,1778231255,1
0xc3ab4f4451d65299540242bb8ab3c2c65154b3f6,0x6a0a993cc824457734ec7cac50744a34ecaf34d4,ERC20,D2W,0x1735aadedf3ef35c9e4a742cf30259a391689eedc8c0801bf12ffd1e0fa97d13,1688173175,1
0x6216dc3a208650866599f39b021614e5779da96f,0x0ff9edad904cf7e241fb6336cd2cdbfe4219ef1a;0x42e3b2b9969308c2fa6c4b71f6a13762e3136a1a,ETH,W2D,0x4814c129c1537d50cb38f7e6667824d7bf5b7d5621def08eb9ef880a5aa2014a,1767368267,1
0x6216dc3a208650866599f39b021614e5779da96f,0x0ff9edad904cf7e241fb6336cd2cdbfe4219ef1a;0x42e3b2b9969308c2fa6c4b71f6a13762e3136a1a,ETH,W2D,0x4f135b938bc34bcd6113ce88c45447f3e0f1c36da19166bdba76523caffb738b,1762098743,1
0x6216dc3a208650866599f39b021614e5779da96f,0x0ff9edad904cf7e241fb6336cd2cdbfe4219ef1a;0x42e3b2b9969308c2fa6c4b71f6a13762e3136a1a,ERC20,W2D,0x3066fc9e342c3ed060e2b916b49d001394e7247888803b1b91fb05b8375727e7,1762079255,1
0x6216dc3a208650866599f39b021614e5779da96f,0x0ff9edad904cf7e241fb6336cd2cdbfe4219ef1a;0x42e3b2b9969308c2fa6c4b71f6a13762e3136a1a,ERC20,D2W,0xf75c85776258a8f4dd5637a1e601ab2b32d5c7943b28412388532a4ac78077b2,1772387783,1
0x6bec2249d4e72363f509de721c2b43f8f86c67b4,0x4e0be26712d91d55ba57be58b36e551f0b3bbbd8,ETH,W2D,0x046f993a1d1176cea1167a7fe347ed724566a3aae0f0afa3df47640b2319a0a0,1772408651,1
0x1821bd18cbdd267ce4e389f893ddfe7beb333ab6,0x6a0a993cc824457734ec7cac50744a34ecaf34d4;0x7a5fd080d3b31de83f93b832e330012c7ef7953d,ETH,D2W,0x0268b89f9c8e40fd824e13f8e614c36f1664d2fb990ca9e78db8cd80afc71d81,1695410963,1
0x1821bd18cbdd267ce4e389f893ddfe7beb333ab6,0x6a0a993cc824457734ec7cac50744a34ecaf34d4;0x7a5fd080d3b31de83f93b832e330012c7ef7953d,ETH,D2W,0x05468473a8b00cc7e9db182d8e846c365b9e1b0c384fe2af020cf863f2804497,1684708295,1
0x1821bd18cbdd267ce4e389f893ddfe7beb333ab6,0x6a0a993cc824457734ec7cac50744a34ecaf34d4;0x7a5fd080d3b31de83f93b832e330012c7ef7953d,ETH,D2W,0x061d9021544ea856a5c1a36496c1b268f54c4324e59c1f7ee17f2100eeeb5c2c,1684726223,1
0x1821bd18cbdd267ce4e389f893ddfe7beb333ab6,0x6a0a993cc824457734ec7cac50744a34ecaf34d4;0x7a5fd080d3b31de83f93b832e330012c7ef7953d,ETH,D2W,0x544f4d355f368b0120315ebc33b5e89a0e7b64e6d695b9b938c842b3fbc484da,1684708139,1
0x1821bd18cbdd267ce4e389f893ddfe7beb333ab6,0x6a0a993cc824457734ec7cac50744a34ecaf34d4;0x7a5fd080d3b31de83f93b832e330012c7ef7953d,ETH,D2W,0x5739274d4abbe19544ab5a2ba24aa24a0af8f662b0f6e8114e207af7b1fa930e,1700671091,1
0x1821bd18cbdd267ce4e389f893ddfe7beb333ab6,0x6a0a993cc824457734ec7cac50744a34ecaf34d4;0x7a5fd080d3b31de83f93b832e330012c7ef7953d,ETH,D2W,0x69d4ffef8a343f945fc98f8b311f3dc2ba015bee55ecbb4133a0903c6291937a,1677638723,1
0x1821bd18cbdd267ce4e389f893ddfe7beb333ab6,0x6a0a993cc824457734ec7cac50744a34ecaf34d4;0x7a5fd080d3b31de83f93b832e330012c7ef7953d,ETH,D2W,0x7fc76277c73293d9c8a46a6fb29dbed35a18e5b0532cd5617a6fbdfb4ba9a029,1773194795,1
0x1821bd18cbdd267ce4e389f893ddfe7beb333ab6,0x6a0a993cc824457734ec7cac50744a34ecaf34d4;0x7a5fd080d3b31de83f93b832e330012c7ef7953d,ETH,D2W,0x83fc1381f953b9620cf364c11cb1f1eb8fa8785f868f861499238b12f65dfd65,1677432707,1
0x1821bd18cbdd267ce4e389f893ddfe7beb333ab6,0x6a0a993cc824457734ec7cac50744a34ecaf34d4;0x7a5fd080d3b31de83f93b832e330012c7ef7953d,ETH,D2W,0x85c123c8e5b1dedefc4a81841b608e0c968e908ab776612b0e966a021c5201d2,1684710323,1
0x1821bd18cbdd267ce4e389f893ddfe7beb333ab6,0x6a0a993cc824457734ec7cac50744a34ecaf34d4;0x7a5fd080d3b31de83f93b832e330012c7ef7953d,ETH,D2W,0x89d1d8c72454656efe4a03d30f61809f648e74093cd3b4202779955623d54f63,1684787375,1
0x1821bd18cbdd267ce4e389f893ddfe7beb333ab6,0x6a0a993cc824457734ec7cac50744a34ecaf34d4;0x7a5fd080d3b31de83f93b832e330012c7ef7953d,ETH,D2W,0x9577884cc237688c8cc5838691a24ada653f8d0f991c2c59e8c94f3562a52a75,1684724699,1
0x1821bd18cbdd267ce4e389f893ddfe7beb333ab6,0x6a0a993cc824457734ec7cac50744a34ecaf34d4;0x7a5fd080d3b31de83f93b832e330012c7ef7953d,ETH,D2W,0xf5bd0f3adc5e48bb8e609f997e75ece630a595938aa20711ced0dcc14a05d89e,1710730667,1
0x1821bd18cbdd267ce4e389f893ddfe7beb333ab6,0x6a0a993cc824457734ec7cac50744a34ecaf34d4;0x7a5fd080d3b31de83f93b832e330012c7ef7953d,ETH,W2D,0x1cef7935b41864dc9f34823a75b575354bf7c01808a68181164140afc983b870,1684727339,1
0x1821bd18cbdd267ce4e389f893ddfe7beb333ab6,0x6a0a993cc824457734ec7cac50744a34ecaf34d4;0x7a5fd080d3b31de83f93b832e330012c7ef7953d,ETH,W2D,0x2c2bfc9103b24651ee2b26a80505ca1962a5bb9ea8d9559f1fef88745fab1fd9,1697246783,1
0x1821bd18cbdd267ce4e389f893ddfe7beb333ab6,0x6a0a993cc824457734ec7cac50744a34ecaf34d4;0x7a5fd080d3b31de83f93b832e330012c7ef7953d,ETH,W2D,0x938f366195bf730e8022e783a5b24139b7b51617f83e580226e10ca3ff234e5c,1684727279,1
0x1821bd18cbdd267ce4e389f893ddfe7beb333ab6,0x6a0a993cc824457734ec7cac50744a34ecaf34d4;0x7a5fd080d3b31de83f93b832e330012c7ef7953d,ETH,W2D,0xe4b040542ee18ccbea414c750c6ef9bda5b38ce379e14389fba9e6542246d16e,1698866063,1
0x87012806ba38c9754d4849a8511aeb41ba4db6d9,0xffc61ad4e5e8a196843a308d17970abac9380aa4,ETH,W2D,0x8f47b6736970da6d9115cc9202debf08240cbbd449101a4d2acbcc4a4912c17a,1777222283,1
0x034265d7289c4a0bca704d1b75d2f829fca852e7,0x9b1bff5d958759083da24954017753e5dc803420,ETH,D2W,0xadc8f7d5ea5f9b27a25731cd017e3939f138bba56bd7332e6bc71011d48c60fe,1776804863,1
0x2818b70d474a12938a5cb5dac5fb9fdbafb81ba0,0xf0abd4d07ceb6838fdb68e73a7a8578793435c7d,ETH,W2D,0x4676d3d9025b8c126f29dc489a60da5a0b59bf5d02ad998f753974eaa707156d,1775961527,1
0x5083efc06573835c8459af6ab91b434f8d1858fa,0x2d4e0359585a830ce62b2a4111869f6c47f925c0,ETH,W2D,0x02f3a1179c9c565bbf8be3797215fcee1788ee23a9d2c90f34016062db3bfd90,1775836667,1
0x1afc904a652c15187ed3e38e1377e3587f6c6b4f,0xcaf79e5f4f533af25fe4589a9b1adee152ce3368,ETH,W2D,0x0db33c004d5a55883ee1993498054d23e40c15be8e51b683a927cecb377ca484,1775835923,1
0x8db8a6f6b3f2f585d2956361ef338261a63ebba3,0x66c09f766ecf9d0e676cbd399f0b261e456f5179,ETH,W2D,0xe31ca25d7b3f504edf7e5dd4a8cdd3c212ef34183693278db1398d361724e3aa,1775754827,1
0xf1df7061c56d69401da0a45eded62875599a9650,0x6ec0c797c882e30272f5596574f64f2e6bc19cf9;0x828623aca123db63e2cf7f28396b6245dc5de362,ETH,W2D,0xf9855cc5619e04361b26a5f8a1a3440ef0928d4ce35af93adefce40b56cd82f2,1775552687,1
0x0da6082761696cfb58d2a87332ee1afa7053a980,0x085547fde4dc8cc36a3399e6a6ec5e042130ca34,ETH,W2D,0xe813697f65d3ab319252ccf97531a0dd2881fc2bec4f994bd10120ec56658b36,1775324015,1
0x863364180b9f3d0287b067f6dd393ea6a1f1d14c,0x94237052f2a4e311a09d868f79808251ce65bab2,ETH,W2D,0x3498d9d25d773fe942241d5a246e64cf1947e84c2f1417fa3eea9c456316bfe9,1774997939,1
0x30116e42880321f8c715939479ff03593e6e26c2,0x4c4a68a37c636f54ae5e7efb91d278422dc151b3,ETH,W2D,0xc189de1463f23bb18bc61d7955c627db38ca669e070ccb8aadf165ca1f93282a,1774972595,1
0x92218d6a25fc446aa9ed46e6b02673743e43fc9b,0x19714ceecc8927f7c3f2ea73e43a256cfdbfbe6a,ETH,W2D,0xa1fed79a9be8661bd382080e45da01db44c53e336b699ee73d97c597b2c03b13,1774881707,1
0x30ef4cfe6e4d450dbd315ed695e256be91659b0a,0xc19af6774448f4dc54ce6913b83133b52a08c29d,ETH,W2D,0x81e4a6dd8788d8926790a7014169ae642a0ac50b1eb83f42f3023e2f28dba4e5,1774726175,1
0xa4318c0f24b161becf425e33a437e18eabdeb54c,0xcf73bcc35e617b952ef7e9a98a860f2463d01608,ETH,W2D,0x3932ccd4ae4c0159d1c81bdcfdbe4dbfaa0a864ed813be274387c4663d21867f,1774726163,1
0x291c0b2ccf374cb52d4cc0f8526a058b38d4bcbe,0x4898207ae0022a4a075e5c9c30f34e220bfdbd12;0x847bc3f7364441ef0237586b03f8f6f4b838a682,ETH,W2D,0xc02fe7c40a6eb92fe155d3e53acfc3a6f1b5b153555e34ec409abe0fd392ed12,1774709519,1
0x6c5d494b168a27f750cf7a95053d9e877cfa4ddc,0xbdf3846ac33e4dbd11024fe9ec66d4b76d16be8a,ETH,D2W,0x2cef44c371b614fed74517efff7a35fff71d01d87e9203abc437d5026a666e2d,1774766159,1
0x1619d679a97de4589a11bcf1fa3cca9c4a488966,0xb18a6caa6bb1406673044fbe842ac598fec43a82,ETH,W2D,0xb4795fcc1ac0f1f5335191cefc3c8e1e46d94cdf334e7b64cc20f76cb984eb5f,1774637315,1
0xb87010baaa4e05bcbc8bd8b7a7f27b2bd60b0917,0x96a356ffd10f50bbd99929ef921bc5a7a3dad143;0xbeef2ed3ddfc8c3efa85ac5ae3fb0653b784d444,ETH,W2D,0x3b83a253affcb10335351e911b58cd5cb5faf9ea9b95925b759e3e637413c7c9,1774295819,1
0xb87010baaa4e05bcbc8bd8b7a7f27b2bd60b0917,0x96a356ffd10f50bbd99929ef921bc5a7a3dad143;0xbeef2ed3ddfc8c3efa85ac5ae3fb0653b784d444,ETH,W2D,0x7199920b71543c3c39f23d36fe5ab37619a68313ed3e482bf189591206c18f91,1775258243,1
0xe32528b60302e3595145543ee401e6d2d45ffc5d,0xfda0ce58e034fe964df83b8d1592b57c1c4131da,ETH,D2W,0xfb6f69df3b574dd433436a1fc74db7613d79cd9ac92c71a9aa25f6534256e043,1782844931,1
0x0281c6bb9748aba491dfa68ad505fc3fc16bf10e,0xc126ec67c06d2ec618663bdd9e65b195bedd1d3d,ETH,W2D,0x555a2ea91097e2543e8a82acd775f3373c5ff727e3ce0b254b9f30c50bcb5d37,1772613011,1
0xafc09e216b2e0bcee79f2a4cbbd72852848e29e1,0xc06f73f07cd99cc041810d9fb7aa7619d158ed63,ETH,W2D,0x1199deb150cb6be3b48b7e94ccafcc370a50f2491414d0afb7613acb5dc6d9f3,1772483015,1
0x27b981579f1bf9326a08c954327e6f876aeba3e8,0x411fb66ade0b9d540d51fd03dc83d78fc20b3c3d;0xc75514434702f4164b0ca704e2dbca527482225c,ETH,W2D,0x9050a39d5a9a4217e9002eafb798fd289b56b925ebf76c02f208dae2535313b6,1767088967,1
0x27b981579f1bf9326a08c954327e6f876aeba3e8,0x411fb66ade0b9d540d51fd03dc83d78fc20b3c3d;0xc75514434702f4164b0ca704e2dbca527482225c,ETH,W2D,0x99977d9e7c07b8b32c6cdcb9a400a2abd6c2249d435250b2f804e7798798a895,1780429355,1
0x27b981579f1bf9326a08c954327e6f876aeba3e8,0x411fb66ade0b9d540d51fd03dc83d78fc20b3c3d;0xc75514434702f4164b0ca704e2dbca527482225c,ETH,W2D,0xb046a95d1a65d9c9f31ee1135a4a78d455a66978e98bdf2c0f41eadf5e762218,1772130311,1
0x27b981579f1bf9326a08c954327e6f876aeba3e8,0x411fb66ade0b9d540d51fd03dc83d78fc20b3c3d;0xc75514434702f4164b0ca704e2dbca527482225c,ETH,W2D,0xb51f39ba8173978aded77ff7f2bf6df39a103ca38e689f448215a728841d7cbc,1768814519,1
0x27b981579f1bf9326a08c954327e6f876aeba3e8,0x411fb66ade0b9d540d51fd03dc83d78fc20b3c3d;0xc75514434702f4164b0ca704e2dbca527482225c,ETH,W2D,0xebe9287084304717bbaca276cec6bd9f368859d086c104f8d0cbabd048b7d83a,1768491623,1
0x27b981579f1bf9326a08c954327e6f876aeba3e8,0x411fb66ade0b9d540d51fd03dc83d78fc20b3c3d;0xc75514434702f4164b0ca704e2dbca527482225c,ETH,D2W,0x7ab6736c9810a5483fd322c5ceb2fa8db257d4cbb26b7340e72290cf609a978f,1770723395,1
0x27b981579f1bf9326a08c954327e6f876aeba3e8,0x411fb66ade0b9d540d51fd03dc83d78fc20b3c3d;0xc75514434702f4164b0ca704e2dbca527482225c,ETH,D2W,0x95a2de56a3ec2db840259b35a049a80a9956e56e9c65d0255476aa246fb1038f,1771408931,1
0x13e73d568dbceaf6b4933069f6f7edd2d83f6aa1,0x8d8826b6aa56780812fcaeff8bf4d14923a51fed,ERC20,D2W,0xf73c2ad3a9dd06477b90cdace23a1b97aeb8f8616cea0c70eb4b78edb793edc3,1771900031,1
0x7f53159aeb1f448941c0188e0225ad853393cf94,0x642c9beb46de344c1ecdedf296e0a82fc581a728,ETH,D2W,0x3ef466393dc7d1b1b20d5cab3c8a90053c6048087423aee27971ef5ac4a0dd20,1774899551,1
0x7f53159aeb1f448941c0188e0225ad853393cf94,0x642c9beb46de344c1ecdedf296e0a82fc581a728,ETH,D2W,0xd31402f79e63f77c34602b1bf19b865cb5fd1e96edeaa494ee03667c12af4240,1774899503,1
0xd9e890e2038496101622c521414dae56f24e27d2,0xcaab3770daa3b20dbd01a7d5449bd6ac004edf43,ERC20,D2W,0x37fb6cc69c937f9d16a2b5abca4c431603a0c1f8b7f8cb15f93cc9c760cd78d6,1748667095,1
0xd9e890e2038496101622c521414dae56f24e27d2,0xcaab3770daa3b20dbd01a7d5449bd6ac004edf43,ERC20,D2W,0xc26cf00472b57efc6c153c72395817e565859e77ac90334373758f10531bbfb2,1748667143,1
0xd9e890e2038496101622c521414dae56f24e27d2,0xcaab3770daa3b20dbd01a7d5449bd6ac004edf43,ERC20,D2W,0xe04b40582b1c3b176a4f3a0ee54d39b711e89e424f4763ddca1dfad6aa4affd8,1748666951,1
0x000000000000fb114709235f1ccbffb925f600e4,0x147037f0d4805a7582c381424e1705b2f45cda89;0x1c0aa8ccd568d90d61659f060d1bfb1e6f855a20;0x2a407a15cbb71ae28ec10aad30b7f2e4ee4f3e1b;0x3c37dc9b5d4c60d404ec834987c106510d03442f;0x3e0da36dec1cb63bba37f7546e1d418f6dc8e9db;0x7484ce68438be6a0144b0041657270ce6bfff9de,ETH,W2D,0x001185872980b1d345da822ae65fa387107974c894aa1d41fd987b64a28dcc82,1771505087,1
0x000000000000fb114709235f1ccbffb925f600e4,0x147037f0d4805a7582c381424e1705b2f45cda89;0x1c0aa8ccd568d90d61659f060d1bfb1e6f855a20;0x2a407a15cbb71ae28ec10aad30b7f2e4ee4f3e1b;0x3c37dc9b5d4c60d404ec834987c106510d03442f;0x3e0da36dec1cb63bba37f7546e1d418f6dc8e9db;0x7484ce68438be6a0144b0041657270ce6bfff9de,ETH,W2D,0x0182b77b0a7dbeda1d296c2567e80dd2ef9549abb13cddf7cb60f2a14e7ff0e7,1771328411,1
0x000000000000fb114709235f1ccbffb925f600e4,0x147037f0d4805a7582c381424e1705b2f45cda89;0x1c0aa8ccd568d90d61659f060d1bfb1e6f855a20;0x2a407a15cbb71ae28ec10aad30b7f2e4ee4f3e1b;0x3c37dc9b5d4c60d404ec834987c106510d03442f;0x3e0da36dec1cb63bba37f7546e1d418f6dc8e9db;0x7484ce68438be6a0144b0041657270ce6bfff9de,ETH,W2D,0x018e836c34d7afcd5ee14e10f0f93b0903149ca88a1ff0f40a0e723f1a084bca,1771881947,1
0x000000000000fb114709235f1ccbffb925f600e4,0x147037f0d4805a7582c381424e1705b2f45cda89;0x1c0aa8ccd568d90d61659f060d1bfb1e6f855a20;0x2a407a15cbb71ae28ec10aad30b7f2e4ee4f3e1b;0x3c37dc9b5d4c60d404ec834987c106510d03442f;0x3e0da36dec1cb63bba37f7546e1d418f6dc8e9db;0x7484ce68438be6a0144b0041657270ce6bfff9de,ETH,W2D,0x02b0cd3d5666198cc3340a4c0c6d459428f8795864cc0c7268ba7da0010e85b7,1776579491,1
0x000000000000fb114709235f1ccbffb925f600e4,0x147037f0d4805a7582c381424e1705b2f45cda89;0x1c0aa8ccd568d90d61659f060d1bfb1e6f855a20;0x2a407a15cbb71ae28ec10aad30b7f2e4ee4f3e1b;0x3c37dc9b5d4c60d404ec834987c106510d03442f;0x3e0da36dec1cb63bba37f7546e1d418f6dc8e9db;0x7484ce68438be6a0144b0041657270ce6bfff9de,ETH,W2D,0x0320a903945b7541ede48d90533fc9ba4f0ef34f36226f00eaf0dbefc35ac462,1774866887,1
0x000000000000fb114709235f1ccbffb925f600e4,0x147037f0d4805a7582c381424e1705b2f45cda89;0x1c0aa8ccd568d90d61659f060d1bfb1e6f855a20;0x2a407a15cbb71ae28ec10aad30b7f2e4ee4f3e1b;0x3c37dc9b5d4c60d404ec834987c106510d03442f;0x3e0da36dec1cb63bba37f7546e1d418f6dc8e9db;0x7484ce68438be6a0144b0041657270ce6bfff9de,ETH,W2D,0x0997059f8b8f761f7ce0ecc87af9189cd7f159cfa41381f104ab982dc5ba1c26,1776419591,1
0x000000000000fb114709235f1ccbffb925f600e4,0x147037f0d4805a7582c381424e1705b2f45cda89;0x1c0aa8ccd568d90d61659f060d1bfb1e6f855a20;0x2a407a15cbb71ae28ec10aad30b7f2e4ee4f3e1b;0x3c37dc9b5d4c60d404ec834987c106510d03442f;0x3e0da36dec1cb63bba37f7546e1d418f6dc8e9db;0x7484ce68438be6a0144b0041657270ce6bfff9de,ETH,W2D,0x0aa2fe3cc2324dd7a2a92f5e76e087a5671df1072dee1fdf0de1c0bf0bd5461a,1776873611,1
0x000000000000fb114709235f1ccbffb925f600e4,0x147037f0d4805a7582c381424e1705b2f45cda89;0x1c0aa8ccd568d90d61659f060d1bfb1e6f855a20;0x2a407a15cbb71ae28ec10aad30b7f2e4ee4f3e1b;0x3c37dc9b5d4c60d404ec834987c106510d03442f;0x3e0da36dec1cb63bba37f7546e1d418f6dc8e9db;0x7484ce68438be6a0144b0041657270ce6bfff9de,ETH,W2D,0x0b8b56cba10d84a2f184e9bebbb19b913e68f21416f171683657ffe349e1dee0,1771090403,1
0x000000000000fb114709235f1ccbffb925f600e4,0x147037f0d4805a7582c381424e1705b2f45cda89;0x1c0aa8ccd568d90d61659f060d1bfb1e6f855a20;0x2a407a15cbb71ae28ec10aad30b7f2e4ee4f3e1b;0x3c37dc9b5d4c60d404ec834987c106510d03442f;0x3e0da36dec1cb63bba37f7546e1d418f6dc8e9db;0x7484ce68438be6a0144b0041657270ce6bfff9de,ETH,W2D,0x0bfa1b89a40bf09b117f5a95d770a559b67324bf6ff6a8efdeaa900f99524a18,1771910447,1
0x000000000000fb114709235f1ccbffb925f600e4,0x147037f0d4805a7582c381424e1705b2f45cda89;0x1c0aa8ccd568d90d61659f060d1bfb1e6f855a20;0x2a407a15cbb71ae28ec10aad30b7f2e4ee4f3e1b;0x3c37dc9b5d4c60d404ec834987c106510d03442f;0x3e0da36dec1cb63bba37f7546e1d418f6dc8e9db;0x7484ce68438be6a0144b0041657270ce6bfff9de,ETH,W2D,0x1134b346912cab0022a6a4e0717140cb884d1e5ccfe875a7bf5b014d53445e2c,1775812007,1
0x000000000000fb114709235f1ccbffb925f600e4,0x147037f0d4805a7582c381424e1705b2f45cda89;0x1c0aa8ccd568d90d61659f060d1bfb1e6f855a20;0x2a407a15cbb71ae28ec10aad30b7f2e4ee4f3e1b;0x3c37dc9b5d4c60d404ec834987c106510d03442f;0x3e0da36dec1cb63bba37f7546e1d418f6dc8e9db;0x7484ce68438be6a0144b0041657270ce6bfff9de,ETH,W2D,0x1208d4281207b2b51bddfd85ae92c82ec1027dad95101b743f6a1abd92119d7c,1777998839,1
0x000000000000fb114709235f1ccbffb925f600e4,0x147037f0d4805a7582c381424e1705b2f45cda89;0x1c0aa8ccd568d90d61659f060d1bfb1e6f855a20;0x2a407a15cbb71ae28ec10aad30b7f2e4ee4f3e1b;0x3c37dc9b5d4c60d404ec834987c106510d03442f;0x3e0da36dec1cb63bba37f7546e1d418f6dc8e9db;0x7484ce68438be6a0144b0041657270ce6bfff9de,ETH,W2D,0x13ba014eb48eeb72ae80c4065dc3460e1fe46ed145aee1cefaa404e54f2fd187,1772235455,1
0x000000000000fb114709235f1ccbffb925f600e4,0x147037f0d4805a7582c381424e1705b2f45cda89;0x1c0aa8ccd568d90d61659f060d1bfb1e6f855a20;0x2a407a15cbb71ae28ec10aad30b7f2e4ee4f3e1b;0x3c37dc9b5d4c60d404ec834987c106510d03442f;0x3e0da36dec1cb63bba37f7546e1d418f6dc8e9db;0x7484ce68438be6a0144b0041657270ce6bfff9de,ETH,W2D,0x160a4b2d3cca17f318d562a9639dbe5731adf4754d1c56714967ee0d151c7c60,1771448459,1
0x000000000000fb114709235f1ccbffb925f600e4,0x147037f0d4805a7582c381424e1705b2f45cda89;0x1c0aa8ccd568d90d61659f060d1bfb1e6f855a20;0x2a407a15cbb71ae28ec10aad30b7f2e4ee4f3e1b;0x3c37dc9b5d4c60d404ec834987c106510d03442f;0x3e0da36dec1cb63bba37f7546e1d418f6dc8e9db;0x7484ce68438be6a0144b0041657270ce6bfff9de,ETH,W2D,0x16b751c85764c9ea889e19ec082ce44f7908f968833d6712361a06c4ac08079a,1770915167,1
0x000000000000fb114709235f1ccbffb925f600e4,0x147037f0d4805a7582c381424e1705b2f45cda89;0x1c0aa8ccd568d90d61659f060d1bfb1e6f855a20;0x2a407a15cbb71ae28ec10aad30b7f2e4ee4f3e1b;0x3c37dc9b5d4c60d404ec834987c106510d03442f;0x3e0da36dec1cb63bba37f7546e1d418f6dc8e9db;0x7484ce68438be6a0144b0041657270ce6bfff9de,ETH,W2D,0x191a21686db3132a31f61ce515e1af047f1ed2007d2c71bfae2f6276d2269b38,1770914711,1
0x000000000000fb114709235f1ccbffb925f600e4,0x147037f0d4805a7582c381424e1705b2f45cda89;0x1c0aa8ccd568d90d61659f060d1bfb1e6f855a20;0x2a407a15cbb71ae28ec10aad30b7f2e4ee4f3e1b;0x3c37dc9b5d4c60d404ec834987c106510d03442f;0x3e0da36dec1cb63bba37f7546e1d418f6dc8e9db;0x7484ce68438be6a0144b0041657270ce6bfff9de,ETH,W2D,0x192df56dcb30d777eee6b7540ccba27eb2855c7df71607cea8c383243ff5585a,1776687443,1
0x000000000000fb114709235f1ccbffb925f600e4,0x147037f0d4805a7582c381424e1705b2f45cda89;0x1c0aa8ccd568d90d61659f060d1bfb1e6f855a20;0x2a407a15cbb71ae28ec10aad30b7f2e4ee4f3e1b;0x3c37dc9b5d4c60d404ec834987c106510d03442f;0x3e0da36dec1cb63bba37f7546e1d418f6dc8e9db;0x7484ce68438be6a0144b0041657270ce6bfff9de,ETH,W2D,0x1c96a9b6ccfc95ea134266e9ae05c35f70bb2f26f61a45e667af8be2af80565e,1771726739,1
0x000000000000fb114709235f1ccbffb925f600e4,0x147037f0d4805a7582c381424e1705b2f45cda89;0x1c0aa8ccd568d90d61659f060d1bfb1e6f855a20;0x2a407a15cbb71ae28ec10aad30b7f2e4ee4f3e1b;0x3c37dc9b5d4c60d404ec834987c106510d03442f;0x3e0da36dec1cb63bba37f7546e1d418f6dc8e9db;0x7484ce68438be6a0144b0041657270ce6bfff9de,ETH,W2D,0x1d6391c1a5b1ef5d90767b8d31728b869ca5b331cff0e7442231cc183a86bb2c,1771160927,1
0x000000000000fb114709235f1ccbffb925f600e4,0x147037f0d4805a7582c381424e1705b2f45cda89;0x1c0aa8ccd568d90d61659f060d1bfb1e6f855a20;0x2a407a15cbb71ae28ec10aad30b7f2e4ee4f3e1b;0x3c37dc9b5d4c60d404ec834987c106510d03442f;0x3e0da36dec1cb63bba37f7546e1d418f6dc8e9db;0x7484ce68438be6a0144b0041657270ce6bfff9de,ETH,W2D,0x2023eb80410a82b8db7cbd992a0b731632542909a20ef66159b71ba5c752a652,1776669935,1
0x000000000000fb114709235f1ccbffb925f600e4,0x147037f0d4805a7582c381424e1705b2f45cda89;0x1c0aa8ccd568d90d61659f060d1bfb1e6f855a20;0x2a407a15cbb71ae28ec10aad30b7f2e4ee4f3e1b;0x3c37dc9b5d4c60d404ec834987c106510d03442f;0x3e0da36dec1cb63bba37f7546e1d418f6dc8e9db;0x7484ce68438be6a0144b0041657270ce6bfff9de,ETH,W2D,0x241117341250ed8c9392aea4fc6a2376a086340688afa0fa03003bf781ab5ae1,1772043239,1
0x000000000000fb114709235f1ccbffb925f600e4,0x147037f0d4805a7582c381424e1705b2f45cda89;0x1c0aa8ccd568d90d61659f060d1bfb1e6f855a20;0x2a407a15cbb71ae28ec10aad30b7f2e4ee4f3e1b;0x3c37dc9b5d4c60d404ec834987c106510d03442f;0x3e0da36dec1cb63bba37f7546e1d418f6dc8e9db;0x7484ce68438be6a0144b0041657270ce6bfff9de,ETH,W2D,0x24924854c2cfd1359926760617879ddeee28d3ed0aac5962ac11bdc90ea9ca46,1776335651,1
0x000000000000fb114709235f1ccbffb925f600e4,0x147037f0d4805a7582c381424e1705b2f45cda89;0x1c0aa8ccd568d90d61659f060d1bfb1e6f855a20;0x2a407a15cbb71ae28ec10aad30b7f2e4ee4f3e1b;0x3c37dc9b5d4c60d404ec834987c106510d03442f;0x3e0da36dec1cb63bba37f7546e1d418f6dc8e9db;0x7484ce68438be6a0144b0041657270ce6bfff9de,ETH,W2D,0x24bd7079b39748150ac990c72d70c137a3cb76ebc3d6067cca481ef1bc415220,1771677791,1
0x000000000000fb114709235f1ccbffb925f600e4,0x147037f0d4805a7582c381424e1705b2f45cda89;0x1c0aa8ccd568d90d61659f060d1bfb1e6f855a20;0x2a407a15cbb71ae28ec10aad30b7f2e4ee4f3e1b;0x3c37dc9b5d4c60d404ec834987c106510d03442f;0x3e0da36dec1cb63bba37f7546e1d418f6dc8e9db;0x7484ce68438be6a0144b0041657270ce6bfff9de,ETH,W2D,0x25831e39501bc866ed1e31db9f39b04b44cccdb9da025c6cf55cf68e3a38d13e,1772693783,1
0x000000000000fb114709235f1ccbffb925f600e4,0x147037f0d4805a7582c381424e1705b2f45cda89;0x1c0aa8ccd568d90d61659f060d1bfb1e6f855a20;0x2a407a15cbb71ae28ec10aad30b7f2e4ee4f3e1b;0x3c37dc9b5d4c60d404ec834987c106510d03442f;0x3e0da36dec1cb63bba37f7546e1d418f6dc8e9db;0x7484ce68438be6a0144b0041657270ce6bfff9de,ETH,W2D,0x26aa5cd45e53b3045cabafe97f41a3e6f48a918b9a57ff3836a95c02aae91b75,1774445891,1
0x000000000000fb114709235f1ccbffb925f600e4,0x147037f0d4805a7582c381424e1705b2f45cda89;0x1c0aa8ccd568d90d61659f060d1bfb1e6f855a20;0x2a407a15cbb71ae28ec10aad30b7f2e4ee4f3e1b;0x3c37dc9b5d4c60d404ec834987c106510d03442f;0x3e0da36dec1cb63bba37f7546e1d418f6dc8e9db;0x7484ce68438be6a0144b0041657270ce6bfff9de,ETH,W2D,0x283576f66023a4e9de87e007ed1dce58649734acd33856a14a1108eaadcbe676,1775400851,1
0x000000000000fb114709235f1ccbffb925f600e4,0x147037f0d4805a7582c381424e1705b2f45cda89;0x1c0aa8ccd568d90d61659f060d1bfb1e6f855a20;0x2a407a15cbb71ae28ec10aad30b7f2e4ee4f3e1b;0x3c37dc9b5d4c60d404ec834987c106510d03442f;0x3e0da36dec1cb63bba37f7546e1d418f6dc8e9db;0x7484ce68438be6a0144b0041657270ce6bfff9de,ETH,W2D,0x28375a37a5f0176a46284fe2e980ea592fe87bb40ebab55b89d58bb5bdf1d308,1771422755,1
0x000000000000fb114709235f1ccbffb925f600e4,0x147037f0d4805a7582c381424e1705b2f45cda89;0x1c0aa8ccd568d90d61659f060d1bfb1e6f855a20;0x2a407a15cbb71ae28ec10aad30b7f2e4ee4f3e1b;0x3c37dc9b5d4c60d404ec834987c106510d03442f;0x3e0da36dec1cb63bba37f7546e1d418f6dc8e9db;0x7484ce68438be6a0144b0041657270ce6bfff9de,ETH,W2D,0x28a7a06d4fe803351bbb2a6c0da5652049856e65ab877180105a1eda2cc07c79,1772524199,1
0x000000000000fb114709235f1ccbffb925f600e4,0x147037f0d4805a7582c381424e1705b2f45cda89;0x1c0aa8ccd568d90d61659f060d1bfb1e6f855a20;0x2a407a15cbb71ae28ec10aad30b7f2e4ee4f3e1b;0x3c37dc9b5d4c60d404ec834987c106510d03442f;0x3e0da36dec1cb63bba37f7546e1d418f6dc8e9db;0x7484ce68438be6a0144b0041657270ce6bfff9de,ETH,W2D,0x28d474cda80f8342e3dc10e43fb8c9e5935be02303d53eba4f8844cd028b920a,1773032963,1
0x000000000000fb114709235f1ccbffb925f600e4,0x147037f0d4805a7582c381424e1705b2f45cda89;0x1c0aa8ccd568d90d61659f060d1bfb1e6f855a20;0x2a407a15cbb71ae28ec10aad30b7f2e4ee4f3e1b;0x3c37dc9b5d4c60d404ec834987c106510d03442f;0x3e0da36dec1cb63bba37f7546e1d418f6dc8e9db;0x7484ce68438be6a0144b0041657270ce6bfff9de,ETH,W2D,0x2a22ac03e78640133687045ec61db88dfd9fb5f59e92238d59beeb38c96b9a6f,1777645559,1
0x000000000000fb114709235f1ccbffb925f600e4,0x147037f0d4805a7582c381424e1705b2f45cda89;0x1c0aa8ccd568d90d61659f060d1bfb1e6f855a20;0x2a407a15cbb71ae28ec10aad30b7f2e4ee4f3e1b;0x3c37dc9b5d4c60d404ec834987c106510d03442f;0x3e0da36dec1cb63bba37f7546e1d418f6dc8e9db;0x7484ce68438be6a0144b0041657270ce6bfff9de,ETH,W2D,0x2bd6ea2300d9b9e2a9fa455ce396f46492cd9b5c73b8d476341ccde7e4588b2f,1774062155,1
0x000000000000fb114709235f1ccbffb925f600e4,0x147037f0d4805a7582c381424e1705b2f45cda89;0x1c0aa8ccd568d90d61659f060d1bfb1e6f855a20;0x2a407a15cbb71ae28ec10aad30b7f2e4ee4f3e1b;0x3c37dc9b5d4c60d404ec834987c106510d03442f;0x3e0da36dec1cb63bba37f7546e1d418f6dc8e9db;0x7484ce68438be6a0144b0041657270ce6bfff9de,ETH,W2D,0x2caf202a87c4de1b3c0347c9662aa3e4a7ca4244e4610a989e9dcd6a1bbc1538,1771425635,1
0x000000000000fb114709235f1ccbffb925f600e4,0x147037f0d4805a7582c381424e1705b2f45cda89;0x1c0aa8ccd568d90d61659f060d1bfb1e6f855a20;0x2a407a15cbb71ae28ec10aad30b7f2e4ee4f3e1b;0x3c37dc9b5d4c60d404ec834987c106510d03442f;0x3e0da36dec1cb63bba37f7546e1d418f6dc8e9db;0x7484ce68438be6a0144b0041657270ce6bfff9de,ETH,W2D,0x2e61251575cec59ab61967fc87ec7cce17275bc12b59468ec9ed3ca57738ab91,1774445315,1
0x000000000000fb114709235f1ccbffb925f600e4,0x147037f0d4805a7582c381424e1705b2f45cda89;0x1c0aa8ccd568d90d61659f060d1bfb1e6f855a20;0x2a407a15cbb71ae28ec10aad30b7f2e4ee4f3e1b;0x3c37dc9b5d4c60d404ec834987c106510d03442f;0x3e0da36dec1cb63bba37f7546e1d418f6dc8e9db;0x7484ce68438be6a0144b0041657270ce6bfff9de,ETH,W2D,0x2e93bd126079a64ceac3909886d89c3c218f94cb7ebca63ad7a3705a9fe2b175,1774249235,1
0x000000000000fb114709235f1ccbffb925f600e4,0x147037f0d4805a7582c381424e1705b2f45cda89;0x1c0aa8ccd568d90d61659f060d1bfb1e6f855a20;0x2a407a15cbb71ae28ec10aad30b7f2e4ee4f3e1b;0x3c37dc9b5d4c60d404ec834987c106510d03442f;0x3e0da36dec1cb63bba37f7546e1d418f6dc8e9db;0x7484ce68438be6a0144b0041657270ce6bfff9de,ETH,W2D,0x31e812e39a2e658792c03b0c6dfb139e5f2648b4bb9938e388b8bdd672a3f6a2,1771877399,1
0x000000000000fb114709235f1ccbffb925f600e4,0x147037f0d4805a7582c381424e1705b2f45cda89;0x1c0aa8ccd568d90d61659f060d1bfb1e6f855a20;0x2a407a15cbb71ae28ec10aad30b7f2e4ee4f3e1b;0x3c37dc9b5d4c60d404ec834987c106510d03442f;0x3e0da36dec1cb63bba37f7546e1d418f6dc8e9db;0x7484ce68438be6a0144b0041657270ce6bfff9de,ETH,W2D,0x3461845054e072780cd67d31446e03a9c64789316f7325bb01bd946db42f7285,1775811035,1
0x000000000000fb114709235f1ccbffb925f600e4,0x147037f0d4805a7582c381424e1705b2f45cda89;0x1c0aa8ccd568d90d61659f060d1bfb1e6f855a20;0x2a407a15cbb71ae28ec10aad30b7f2e4ee4f3e1b;0x3c37dc9b5d4c60d404ec834987c106510d03442f;0x3e0da36dec1cb63bba37f7546e1d418f6dc8e9db;0x7484ce68438be6a0144b0041657270ce6bfff9de,ETH,W2D,0x3616e8205fe0db6b17478f9907c32ef6ee1272f954113129b43b55f74c067e82,1775732711,1
0x000000000000fb114709235f1ccbffb925f600e4,0x147037f0d4805a7582c381424e1705b2f45cda89;0x1c0aa8ccd568d90d61659f060d1bfb1e6f855a20;0x2a407a15cbb71ae28ec10aad30b7f2e4ee4f3e1b;0x3c37dc9b5d4c60d404ec834987c106510d03442f;0x3e0da36dec1cb63bba37f7546e1d418f6dc8e9db;0x7484ce68438be6a0144b0041657270ce6bfff9de,ETH,W2D,0x39177b267fefc8cecf65f3e827e7a2e043d5e6d9866e757fb3b635b20e7077ee,1776929039,1
0x000000000000fb114709235f1ccbffb925f600e4,0x147037f0d4805a7582c381424e1705b2f45cda89;0x1c0aa8ccd568d90d61659f060d1bfb1e6f855a20;0x2a407a15cbb71ae28ec10aad30b7f2e4ee4f3e1b;0x3c37dc9b5d4c60d404ec834987c106510d03442f;0x3e0da36dec1cb63bba37f7546e1d418f6dc8e9db;0x7484ce68438be6a0144b0041657270ce6bfff9de,ETH,W2D,0x393105545396daf1363b27d96c89ffda26024e8660df836b2a46a895541a6867,1774162787,1
0x000000000000fb114709235f1ccbffb925f600e4,0x147037f0d4805a7582c381424e1705b2f45cda89;0x1c0aa8ccd568d90d61659f060d1bfb1e6f855a20;0x2a407a15cbb71ae28ec10aad30b7f2e4ee4f3e1b;0x3c37dc9b5d4c60d404ec834987c106510d03442f;0x3e0da36dec1cb63bba37f7546e1d418f6dc8e9db;0x7484ce68438be6a0144b0041657270ce6bfff9de,ETH,W2D,0x39d2ac6a099c7c6ec38183baaa86669140c8ec659ff21600671fa2ad343307c2,1771695431,1
0x000000000000fb114709235f1ccbffb925f600e4,0x147037f0d4805a7582c381424e1705b2f45cda89;0x1c0aa8ccd568d90d61659f060d1bfb1e6f855a20;0x2a407a15cbb71ae28ec10aad30b7f2e4ee4f3e1b;0x3c37dc9b5d4c60d404ec834987c106510d03442f;0x3e0da36dec1cb63bba37f7546e1d418f6dc8e9db;0x7484ce68438be6a0144b0041657270ce6bfff9de,ETH,W2D,0x3ac2a20e1d3268c881311e049d13a18b09615c0f1ef9595e16e27c7c4ba9eb1b,1770914855,1
0x000000000000fb114709235f1ccbffb925f600e4,0x147037f0d4805a7582c381424e1705b2f45cda89;0x1c0aa8ccd568d90d61659f060d1bfb1e6f855a20;0x2a407a15cbb71ae28ec10aad30b7f2e4ee4f3e1b;0x3c37dc9b5d4c60d404ec834987c106510d03442f;0x3e0da36dec1cb63bba37f7546e1d418f6dc8e9db;0x7484ce68438be6a0144b0041657270ce6bfff9de,ETH,W2D,0x3c128a0eeb55cccdf251af5ffd2511000980a6ba52fc008db113f69fac2d9275,1771504991,1
0x000000000000fb114709235f1ccbffb925f600e4,0x147037f0d4805a7582c381424e1705b2f45cda89;0x1c0aa8ccd568d90d61659f060d1bfb1e6f855a20;0x2a407a15cbb71ae28ec10aad30b7f2e4ee4f3e1b;0x3c37dc9b5d4c60d404ec834987c106510d03442f;0x3e0da36dec1cb63bba37f7546e1d418f6dc8e9db;0x7484ce68438be6a0144b0041657270ce6bfff9de,ETH,W2D,0x3e3295dcd59837d880622cd4d6a9f865b9b3ce9886df4ccd2e5593d848646cde,1775811239,1
0x000000000000fb114709235f1ccbffb925f600e4,0x147037f0d4805a7582c381424e1705b2f45cda89;0x1c0aa8ccd568d90d61659f060d1bfb1e6f855a20;0x2a407a15cbb71ae28ec10aad30b7f2e4ee4f3e1b;0x3c37dc9b5d4c60d404ec834987c106510d03442f;0x3e0da36dec1cb63bba37f7546e1d418f6dc8e9db;0x7484ce68438be6a0144b0041657270ce6bfff9de,ETH,W2D,0x3e4d92f968bcc5284ec1fd8288c479612e344e4b1c7143581c00a00b220299e8,1776880379,1
0x000000000000fb114709235f1ccbffb925f600e4,0x147037f0d4805a7582c381424e1705b2f45cda89;0x1c0aa8ccd568d90d61659f060d1bfb1e6f855a20;0x2a407a15cbb71ae28ec10aad30b7f2e4ee4f3e1b;0x3c37dc9b5d4c60d404ec834987c106510d03442f;0x3e0da36dec1cb63bba37f7546e1d418f6dc8e9db;0x7484ce68438be6a0144b0041657270ce6bfff9de,ETH,W2D,0x41d532271aba98556eed4c6f39f3aefabf162f7154c466ac761b361812f8d269,1774088459,1
0x000000000000fb114709235f1ccbffb925f600e4,0x147037f0d4805a7582c381424e1705b2f45cda89;0x1c0aa8ccd568d90d61659f060d1bfb1e6f855a20;0x2a407a15cbb71ae28ec10aad30b7f2e4ee4f3e1b;0x3c37dc9b5d4c60d404ec834987c106510d03442f;0x3e0da36dec1cb63bba37f7546e1d418f6dc8e9db;0x7484ce68438be6a0144b0041657270ce6bfff9de,ETH,W2D,0x465abafa24486876005e96e53f2a833dd745928ae09c6a9c4494ca669e8d3b8b,1776339851,1
0x000000000000fb114709235f1ccbffb925f600e4,0x147037f0d4805a7582c381424e1705b2f45cda89;0x1c0aa8ccd568d90d61659f060d1bfb1e6f855a20;0x2a407a15cbb71ae28ec10aad30b7f2e4ee4f3e1b;0x3c37dc9b5d4c60d404ec834987c106510d03442f;0x3e0da36dec1cb63bba37f7546e1d418f6dc8e9db;0x7484ce68438be6a0144b0041657270ce6bfff9de,ETH,W2D,0x4776dc00b37e0f83b3ea101514575bc714a3170868de8d0fd9b39aba2af4106f,1771448339,1
0x000000000000fb114709235f1ccbffb925f600e4,0x147037f0d4805a7582c381424e1705b2f45cda89;0x1c0aa8ccd568d90d61659f060d1bfb1e6f855a20;0x2a407a15cbb71ae28ec10aad30b7f2e4ee4f3e1b;0x3c37dc9b5d4c60d404ec834987c106510d03442f;0x3e0da36dec1cb63bba37f7546e1d418f6dc8e9db;0x7484ce68438be6a0144b0041657270ce6bfff9de,ETH,W2D,0x47fc359512e4a59d2d8d237ccb5d7992a5b06222519722aefd4d60fd31079c68,1774596335,1
0x000000000000fb114709235f1ccbffb925f600e4,0x147037f0d4805a7582c381424e1705b2f45cda89;0x1c0aa8ccd568d90d61659f060d1bfb1e6f855a20;0x2a407a15cbb71ae28ec10aad30b7f2e4ee4f3e1b;0x3c37dc9b5d4c60d404ec834987c106510d03442f;0x3e0da36dec1cb63bba37f7546e1d418f6dc8e9db;0x7484ce68438be6a0144b0041657270ce6bfff9de,ETH,W2D,0x4f645e6fc9939550dc5628afd454cdbecf699da636f9b6eb8b8f55a395699395,1771098335,1
0x000000000000fb114709235f1ccbffb925f600e4,0x147037f0d4805a7582c381424e1705b2f45cda89;0x1c0aa8ccd568d90d61659f060d1bfb1e6f855a20;0x2a407a15cbb71ae28ec10aad30b7f2e4ee4f3e1b;0x3c37dc9b5d4c60d404ec834987c106510d03442f;0x3e0da36dec1cb63bba37f7546e1d418f6dc8e9db;0x7484ce68438be6a0144b0041657270ce6bfff9de,ETH,W2D,0x501267d6eb6bd8397510636e3fac4372a4d64fb7cea735aeb9f74ef955380694,1771425743,1
0x000000000000fb114709235f1ccbffb925f600e4,0x147037f0d4805a7582c381424e1705b2f45cda89;0x1c0aa8ccd568d90d61659f060d1bfb1e6f855a20;0x2a407a15cbb71ae28ec10aad30b7f2e4ee4f3e1b;0x3c37dc9b5d4c60d404ec834987c106510d03442f;0x3e0da36dec1cb63bba37f7546e1d418f6dc8e9db;0x7484ce68438be6a0144b0041657270ce6bfff9de,ETH,W2D,0x504941e36cf4e9ad31964462966795630f21e6fd84344bd8fea91ff1cd5b0e6f,1775627255,1
0x000000000000fb114709235f1ccbffb925f600e4,0x147037f0d4805a7582c381424e1705b2f45cda89;0x1c0aa8ccd568d90d61659f060d1bfb1e6f855a20;0x2a407a15cbb71ae28ec10aad30b7f2e4ee4f3e1b;0x3c37dc9b5d4c60d404ec834987c106510d03442f;0x3e0da36dec1cb63bba37f7546e1d418f6dc8e9db;0x7484ce68438be6a0144b0041657270ce6bfff9de,ETH,W2D,0x522669e40221c5f47932aea45bc881e24edf0bb3d7740c3a7a129e68582df09d,1771881971,1
0x000000000000fb114709235f1ccbffb925f600e4,0x147037f0d4805a7582c381424e1705b2f45cda89;0x1c0aa8ccd568d90d61659f060d1bfb1e6f855a20;0x2a407a15cbb71ae28ec10aad30b7f2e4ee4f3e1b;0x3c37dc9b5d4c60d404ec834987c106510d03442f;0x3e0da36dec1cb63bba37f7546e1d418f6dc8e9db;0x7484ce68438be6a0144b0041657270ce6bfff9de,ETH,W2D,0x5352561cfaa2002388183adf916a9f96418978d981f97906ddd40bf8adb0c043,1775373983,1
0x000000000000fb114709235f1ccbffb925f600e4,0x147037f0d4805a7582c381424e1705b2f45cda89;0x1c0aa8ccd568d90d61659f060d1bfb1e6f855a20;0x2a407a15cbb71ae28ec10aad30b7f2e4ee4f3e1b;0x3c37dc9b5d4c60d404ec834987c106510d03442f;0x3e0da36dec1cb63bba37f7546e1d418f6dc8e9db;0x7484ce68438be6a0144b0041657270ce6bfff9de,ETH,W2D,0x53a7030fadba09cbea16c0bf99f7acf5a9b6e4cef0d9551debce7ca2a9911866,1774453967,1
0x000000000000fb114709235f1ccbffb925f600e4,0x147037f0d4805a7582c381424e1705b2f45cda89;0x1c0aa8ccd568d90d61659f060d1bfb1e6f855a20;0x2a407a15cbb71ae28ec10aad30b7f2e4ee4f3e1b;0x3c37dc9b5d4c60d404ec834987c106510d03442f;0x3e0da36dec1cb63bba37f7546e1d418f6dc8e9db;0x7484ce68438be6a0144b0041657270ce6bfff9de,ETH,W2D,0x565690494bf82d147cd28e2ff0f80e10bf493f5acb3f3210b7b0299b0ad5d8bf,1776929243,1
0x000000000000fb114709235f1ccbffb925f600e4,0x147037f0d4805a7582c381424e1705b2f45cda89;0x1c0aa8ccd568d90d61659f060d1bfb1e6f855a20;0x2a407a15cbb71ae28ec10aad30b7f2e4ee4f3e1b;0x3c37dc9b5d4c60d404ec834987c106510d03442f;0x3e0da36dec1cb63bba37f7546e1d418f6dc8e9db;0x7484ce68438be6a0144b0041657270ce6bfff9de,ETH,W2D,0x5702304a1016971f3f4140f5f7dac547fad1076171c611ee46685766a8343165,1771448651,1
0x000000000000fb114709235f1ccbffb925f600e4,0x147037f0d4805a7582c381424e1705b2f45cda89;0x1c0aa8ccd568d90d61659f060d1bfb1e6f855a20;0x2a407a15cbb71ae28ec10aad30b7f2e4ee4f3e1b;0x3c37dc9b5d4c60d404ec834987c106510d03442f;0x3e0da36dec1cb63bba37f7546e1d418f6dc8e9db;0x7484ce68438be6a0144b0041657270ce6bfff9de,ETH,W2D,0x5996cb685b5c4e8cb856492ccf81e3919cf6e153981f76567a19a1008a4e9b3d,1776959003,1
0x000000000000fb114709235f1ccbffb925f600e4,0x147037f0d4805a7582c381424e1705b2f45cda89;0x1c0aa8ccd568d90d61659f060d1bfb1e6f855a20;0x2a407a15cbb71ae28ec10aad30b7f2e4ee4f3e1b;0x3c37dc9b5d4c60d404ec834987c106510d03442f;0x3e0da36dec1cb63bba37f7546e1d418f6dc8e9db;0x7484ce68438be6a0144b0041657270ce6bfff9de,ETH,W2D,0x5abde7a8830df484e3a6c461ae7439edb96a73a9959044018adad5a39ef0abaa,1771886207,1
0x000000000000fb114709235f1ccbffb925f600e4,0x147037f0d4805a7582c381424e1705b2f45cda89;0x1c0aa8ccd568d90d61659f060d1bfb1e6f855a20;0x2a407a15cbb71ae28ec10aad30b7f2e4ee4f3e1b;0x3c37dc9b5d4c60d404ec834987c106510d03442f;0x3e0da36dec1cb63bba37f7546e1d418f6dc8e9db;0x7484ce68438be6a0144b0041657270ce6bfff9de,ETH,W2D,0x5c7c5602752ed3bdaf9294d0faf17078bfa00518f85a1963276e0bc6a91ab6d0,1774248995,1
0x000000000000fb114709235f1ccbffb925f600e4,0x147037f0d4805a7582c381424e1705b2f45cda89;0x1c0aa8ccd568d90d61659f060d1bfb1e6f855a20;0x2a407a15cbb71ae28ec10aad30b7f2e4ee4f3e1b;0x3c37dc9b5d4c60d404ec834987c106510d03442f;0x3e0da36dec1cb63bba37f7546e1d418f6dc8e9db;0x7484ce68438be6a0144b0041657270ce6bfff9de,ETH,W2D,0x5e2efe2685ad1e6d93ea62df1eea41acc0ff5d8519dcfe44aa8a28780e25a1f6,1777339967,1
0x000000000000fb114709235f1ccbffb925f600e4,0x147037f0d4805a7582c381424e1705b2f45cda89;0x1c0aa8ccd568d90d61659f060d1bfb1e6f855a20;0x2a407a15cbb71ae28ec10aad30b7f2e4ee4f3e1b;0x3c37dc9b5d4c60d404ec834987c106510d03442f;0x3e0da36dec1cb63bba37f7546e1d418f6dc8e9db;0x7484ce68438be6a0144b0041657270ce6bfff9de,ETH,W2D,0x5ead56f3324f91db0bb5c549e1cd74bc8107e0f4fa42b65ea5967ed179e0dfaf,1771424447,1
0x000000000000fb114709235f1ccbffb925f600e4,0x147037f0d4805a7582c381424e1705b2f45cda89;0x1c0aa8ccd568d90d61659f060d1bfb1e6f855a20;0x2a407a15cbb71ae28ec10aad30b7f2e4ee4f3e1b;0x3c37dc9b5d4c60d404ec834987c106510d03442f;0x3e0da36dec1cb63bba37f7546e1d418f6dc8e9db;0x7484ce68438be6a0144b0041657270ce6bfff9de,ETH,W2D,0x63ed1c1a7c4aa4ceb1f1b2939d1db4bd85d1f2b45b42d00dd20a29aa21274594,1770914747,1
0x000000000000fb114709235f1ccbffb925f600e4,0x147037f0d4805a7582c381424e1705b2f45cda89;0x1c0aa8ccd568d90d61659f060d1bfb1e6f855a20;0x2a407a15cbb71ae28ec10aad30b7f2e4ee4f3e1b;0x3c37dc9b5d4c60d404ec834987c106510d03442f;0x3e0da36dec1cb63bba37f7546e1d418f6dc8e9db;0x7484ce68438be6a0144b0041657270ce6bfff9de,ETH,W2D,0x65f8b213670c75cef95b96847f8e9a5810626e81114b583c8d8f7aee609295ed,1773389423,1
0x000000000000fb114709235f1ccbffb925f600e4,0x147037f0d4805a7582c381424e1705b2f45cda89;0x1c0aa8ccd568d90d61659f060d1bfb1e6f855a20;0x2a407a15cbb71ae28ec10aad30b7f2e4ee4f3e1b;0x3c37dc9b5d4c60d404ec834987c106510d03442f;0x3e0da36dec1cb63bba37f7546e1d418f6dc8e9db;0x7484ce68438be6a0144b0041657270ce6bfff9de,ETH,W2D,0x667526fc36ede7926748999db0eefa8d88b5fe41a77241bddc81538611067c8a,1772049755,1
0x000000000000fb114709235f1ccbffb925f600e4,0x147037f0d4805a7582c381424e1705b2f45cda89;0x1c0aa8ccd568d90d61659f060d1bfb1e6f855a20;0x2a407a15cbb71ae28ec10aad30b7f2e4ee4f3e1b;0x3c37dc9b5d4c60d404ec834987c106510d03442f;0x3e0da36dec1cb63bba37f7546e1d418f6dc8e9db;0x7484ce68438be6a0144b0041657270ce6bfff9de,ETH,W2D,0x6b9668d14cf24f086efc668657a4f704649b7ba604104a9edd62ac209826b887,1776278507,1
0x000000000000fb114709235f1ccbffb925f600e4,0x147037f0d4805a7582c381424e1705b2f45cda89;0x1c0aa8ccd568d90d61659f060d1bfb1e6f855a20;0x2a407a15cbb71ae28ec10aad30b7f2e4ee4f3e1b;0x3c37dc9b5d4c60d404ec834987c106510d03442f;0x3e0da36dec1cb63bba37f7546e1d418f6dc8e9db;0x7484ce68438be6a0144b0041657270ce6bfff9de,ETH,W2D,0x6bcd1349e56d8519fefb52020ee61311c5588d3282ccdd825e02782cc286b285,1776247511,1
0x000000000000fb114709235f1ccbffb925f600e4,0x147037f0d4805a7582c381424e1705b2f45cda89;0x1c0aa8ccd568d90d61659f060d1bfb1e6f855a20;0x2a407a15cbb71ae28ec10aad30b7f2e4ee4f3e1b;0x3c37dc9b5d4c60d404ec834987c106510d03442f;0x3e0da36dec1cb63bba37f7546e1d418f6dc8e9db;0x7484ce68438be6a0144b0041657270ce6bfff9de,ETH,W2D,0x6bf0ff4051eef4f6635bc5240354380eb5616a93b2486b3e8fd12edbf2093edf,1774776623,1
0x000000000000fb114709235f1ccbffb925f600e4,0x147037f0d4805a7582c381424e1705b2f45cda89;0x1c0aa8ccd568d90d61659f060d1bfb1e6f855a20;0x2a407a15cbb71ae28ec10aad30b7f2e4ee4f3e1b;0x3c37dc9b5d4c60d404ec834987c106510d03442f;0x3e0da36dec1cb63bba37f7546e1d418f6dc8e9db;0x7484ce68438be6a0144b0041657270ce6bfff9de,ETH,W2D,0x6cb3a9599ecaf999700e8e1d59453b23b22a9a5c9028f63db9c08afb2abe2c38,1771687379,1
0x000000000000fb114709235f1ccbffb925f600e4,0x147037f0d4805a7582c381424e1705b2f45cda89;0x1c0aa8ccd568d90d61659f060d1bfb1e6f855a20;0x2a407a15cbb71ae28ec10aad30b7f2e4ee4f3e1b;0x3c37dc9b5d4c60d404ec834987c106510d03442f;0x3e0da36dec1cb63bba37f7546e1d418f6dc8e9db;0x7484ce68438be6a0144b0041657270ce6bfff9de,ETH,W2D,0x6dbed7cf2639053f0e51680bbeb4f33bc91289079fda5a3bc022b91df4dffe76,1778149031,1
0x000000000000fb114709235f1ccbffb925f600e4,0x147037f0d4805a7582c381424e1705b2f45cda89;0x1c0aa8ccd568d90d61659f060d1bfb1e6f855a20;0x2a407a15cbb71ae28ec10aad30b7f2e4ee4f3e1b;0x3c37dc9b5d4c60d404ec834987c106510d03442f;0x3e0da36dec1cb63bba37f7546e1d418f6dc8e9db;0x7484ce68438be6a0144b0041657270ce6bfff9de,ETH,W2D,0x6de05b8f1ee643ea6409c09da7415617eb0829f0c64413e962e176cc8ebc45f9,1771000907,1
0x000000000000fb114709235f1ccbffb925f600e4,0x147037f0d4805a7582c381424e1705b2f45cda89;0x1c0aa8ccd568d90d61659f060d1bfb1e6f855a20;0x2a407a15cbb71ae28ec10aad30b7f2e4ee4f3e1b;0x3c37dc9b5d4c60d404ec834987c106510d03442f;0x3e0da36dec1cb63bba37f7546e1d418f6dc8e9db;0x7484ce68438be6a0144b0041657270ce6bfff9de,ETH,W2D,0x6eee67d134df6c1b4300a667812468836b72fd5f275185d93078aa3675eda857,1775142431,1
0x000000000000fb114709235f1ccbffb925f600e4,0x147037f0d4805a7582c381424e1705b2f45cda89;0x1c0aa8ccd568d90d61659f060d1bfb1e6f855a20;0x2a407a15cbb71ae28ec10aad30b7f2e4ee4f3e1b;0x3c37dc9b5d4c60d404ec834987c106510d03442f;0x3e0da36dec1cb63bba37f7546e1d418f6dc8e9db;0x7484ce68438be6a0144b0041657270ce6bfff9de,ETH,W2D,0x6f7c7971355c9ba3ecb975cb4ebe43bd0b4e3c564c0d2d2c6720994ab2ef9c44,1771472963,1
0x000000000000fb114709235f1ccbffb925f600e4,0x147037f0d4805a7582c381424e1705b2f45cda89;0x1c0aa8ccd568d90d61659f060d1bfb1e6f855a20;0x2a407a15cbb71ae28ec10aad30b7f2e4ee4f3e1b;0x3c37dc9b5d4c60d404ec834987c106510d03442f;0x3e0da36dec1cb63bba37f7546e1d418f6dc8e9db;0x7484ce68438be6a0144b0041657270ce6bfff9de,ETH,W2D,0x7195a4268f7f70291b2cddd3843c2560c4177d754d112f954001684c10383019,1776361847,1
0x000000000000fb114709235f1ccbffb925f600e4,0x147037f0d4805a7582c381424e1705b2f45cda89;0x1c0aa8ccd568d90d61659f060d1bfb1e6f855a20;0x2a407a15cbb71ae28ec10aad30b7f2e4ee4f3e1b;0x3c37dc9b5d4c60d404ec834987c106510d03442f;0x3e0da36dec1cb63bba37f7546e1d418f6dc8e9db;0x7484ce68438be6a0144b0041657270ce6bfff9de,ETH,W2D,0x7660e8d253e687e2e5c619c520f396e58439f4d7174769cb52b3e29e752c6138,1775034023,1
0x000000000000fb114709235f1ccbffb925f600e4,0x147037f0d4805a7582c381424e1705b2f45cda89;0x1c0aa8ccd568d90d61659f060d1bfb1e6f855a20;0x2a407a15cbb71ae28ec10aad30b7f2e4ee4f3e1b;0x3c37dc9b5d4c60d404ec834987c106510d03442f;0x3e0da36dec1cb63bba37f7546e1d418f6dc8e9db;0x7484ce68438be6a0144b0041657270ce6bfff9de,ETH,W2D,0x7789271cac9bfc653739adf72e626b229dadec674b645c81eb2561a6e31d25fd,1771424483,1
0x000000000000fb114709235f1ccbffb925f600e4,0x147037f0d4805a7582c381424e1705b2f45cda89;0x1c0aa8ccd568d90d61659f060d1bfb1e6f855a20;0x2a407a15cbb71ae28ec10aad30b7f2e4ee4f3e1b;0x3c37dc9b5d4c60d404ec834987c106510d03442f;0x3e0da36dec1cb63bba37f7546e1d418f6dc8e9db;0x7484ce68438be6a0144b0041657270ce6bfff9de,ETH,W2D,0x77c85af998ac7cb318c61c6d75517210172494d9577c3fb197e7e9cbdb7a94bf,1770929111,1
0x000000000000fb114709235f1ccbffb925f600e4,0x147037f0d4805a7582c381424e1705b2f45cda89;0x1c0aa8ccd568d90d61659f060d1bfb1e6f855a20;0x2a407a15cbb71ae28ec10aad30b7f2e4ee4f3e1b;0x3c37dc9b5d4c60d404ec834987c106510d03442f;0x3e0da36dec1cb63bba37f7546e1d418f6dc8e9db;0x7484ce68438be6a0144b0041657270ce6bfff9de,ETH,W2D,0x78eda39e77a6922b6588654d90a4f3cf0fbd153e1c1f0e3775d4feb524fe40ff,1775811503,1
0x000000000000fb114709235f1ccbffb925f600e4,0x147037f0d4805a7582c381424e1705b2f45cda89;0x1c0aa8ccd568d90d61659f060d1bfb1e6f855a20;0x2a407a15cbb71ae28ec10aad30b7f2e4ee4f3e1b;0x3c37dc9b5d4c60d404ec834987c106510d03442f;0x3e0da36dec1cb63bba37f7546e1d418f6dc8e9db;0x7484ce68438be6a0144b0041657270ce6bfff9de,ETH,W2D,0x7a98231a66b758a546030a0773f8dcd7c7eaee41ba86f206ca675d91df24d01d,1771497059,1
0x000000000000fb114709235f1ccbffb925f600e4,0x147037f0d4805a7582c381424e1705b2f45cda89;0x1c0aa8ccd568d90d61659f060d1bfb1e6f855a20;0x2a407a15cbb71ae28ec10aad30b7f2e4ee4f3e1b;0x3c37dc9b5d4c60d404ec834987c106510d03442f;0x3e0da36dec1cb63bba37f7546e1d418f6dc8e9db;0x7484ce68438be6a0144b0041657270ce6bfff9de,ETH,W2D,0x7a99681ada461930c12f651994ce0ba377b35662f6e15bf70c35800c90a7f7aa,1771425815,1
0x000000000000fb114709235f1ccbffb925f600e4,0x147037f0d4805a7582c381424e1705b2f45cda89;0x1c0aa8ccd568d90d61659f060d1bfb1e6f855a20;0x2a407a15cbb71ae28ec10aad30b7f2e4ee4f3e1b;0x3c37dc9b5d4c60d404ec834987c106510d03442f;0x3e0da36dec1cb63bba37f7546e1d418f6dc8e9db;0x7484ce68438be6a0144b0041657270ce6bfff9de,ETH,W2D,0x7acf0aa78a06dc73d57b1c9d1979a1c22dc1b1acac0d7b6cb8c6d12ee356b133,1777901219,1
0x000000000000fb114709235f1ccbffb925f600e4,0x147037f0d4805a7582c381424e1705b2f45cda89;0x1c0aa8ccd568d90d61659f060d1bfb1e6f855a20;0x2a407a15cbb71ae28ec10aad30b7f2e4ee4f3e1b;0x3c37dc9b5d4c60d404ec834987c106510d03442f;0x3e0da36dec1cb63bba37f7546e1d418f6dc8e9db;0x7484ce68438be6a0144b0041657270ce6bfff9de,ETH,W2D,0x7ba8b7585b42b00560af607e7d359af544137356322513ecca9663670e1a3a6b,1773033203,1
0x000000000000fb114709235f1ccbffb925f600e4,0x147037f0d4805a7582c381424e1705b2f45cda89;0x1c0aa8ccd568d90d61659f060d1bfb1e6f855a20;0x2a407a15cbb71ae28ec10aad30b7f2e4ee4f3e1b;0x3c37dc9b5d4c60d404ec834987c106510d03442f;0x3e0da36dec1cb63bba37f7546e1d418f6dc8e9db;0x7484ce68438be6a0144b0041657270ce6bfff9de,ETH,W2D,0x7c54250209c48c7d6a8eb5fcd119e6c1c3363cb92a2bd159e7c822ed482dd77e,1773813983,1
0x000000000000fb114709235f1ccbffb925f600e4,0x147037f0d4805a7582c381424e1705b2f45cda89;0x1c0aa8ccd568d90d61659f060d1bfb1e6f855a20;0x2a407a15cbb71ae28ec10aad30b7f2e4ee4f3e1b;0x3c37dc9b5d4c60d404ec834987c106510d03442f;0x3e0da36dec1cb63bba37f7546e1d418f6dc8e9db;0x7484ce68438be6a0144b0041657270ce6bfff9de,ETH,W2D,0x7d874d60da31c3f813f22ba0ccaf84e4cf86b103f85db82b08f95471312f82c2,1776780827,1
0x000000000000fb114709235f1ccbffb925f600e4,0x147037f0d4805a7582c381424e1705b2f45cda89;0x1c0aa8ccd568d90d61659f060d1bfb1e6f855a20;0x2a407a15cbb71ae28ec10aad30b7f2e4ee4f3e1b;0x3c37dc9b5d4c60d404ec834987c106510d03442f;0x3e0da36dec1cb63bba37f7546e1d418f6dc8e9db;0x7484ce68438be6a0144b0041657270ce6bfff9de,ETH,W2D,0x7f61f0c7490e985a1613207d3749a02f294ef6a0834be8e4fc47e558ee421abf,1775142299,1
0x000000000000fb114709235f1ccbffb925f600e4,0x147037f0d4805a7582c381424e1705b2f45cda89;0x1c0aa8ccd568d90d61659f060d1bfb1e6f855a20;0x2a407a15cbb71ae28ec10aad30b7f2e4ee4f3e1b;0x3c37dc9b5d4c60d404ec834987c106510d03442f;0x3e0da36dec1cb63bba37f7546e1d418f6dc8e9db;0x7484ce68438be6a0144b0041657270ce6bfff9de,ETH,W2D,0x807f7975b31ccd5f47faa9fdb1f1f39615c08ac4dc25b4e821a81baa3f828a7b,1777562867,1
0x000000000000fb114709235f1ccbffb925f600e4,0x147037f0d4805a7582c381424e1705b2f45cda89;0x1c0aa8ccd568d90d61659f060d1bfb1e6f855a20;0x2a407a15cbb71ae28ec10aad30b7f2e4ee4f3e1b;0x3c37dc9b5d4c60d404ec834987c106510d03442f;0x3e0da36dec1cb63bba37f7546e1d418f6dc8e9db;0x7484ce68438be6a0144b0041657270ce6bfff9de,ETH,W2D,0x82bc6f36bbd3cbca5b7e05703f83461c966191e77fa7ebbdae92de747bd3b52a,1771098347,1
0x000000000000fb114709235f1ccbffb925f600e4,0x147037f0d4805a7582c381424e1705b2f45cda89;0x1c0aa8ccd568d90d61659f060d1bfb1e6f855a20;0x2a407a15cbb71ae28ec10aad30b7f2e4ee4f3e1b;0x3c37dc9b5d4c60d404ec834987c106510d03442f;0x3e0da36dec1cb63bba37f7546e1d418f6dc8e9db;0x7484ce68438be6a0144b0041657270ce6bfff9de,ETH,W2D,0x83626faddbd5855c3288f11300d6f46d9b9b40f8a09c240ee6395c7cf1f6b3ee,1772590187,1
0x000000000000fb114709235f1ccbffb925f600e4,0x147037f0d4805a7582c381424e1705b2f45cda89;0x1c0aa8ccd568d90d61659f060d1bfb1e6f855a20;0x2a407a15cbb71ae28ec10aad30b7f2e4ee4f3e1b;0x3c37dc9b5d4c60d404ec834987c106510d03442f;0x3e0da36dec1cb63bba37f7546e1d418f6dc8e9db;0x7484ce68438be6a0144b0041657270ce6bfff9de,ETH,W2D,0x890a995a0caa6b75d234962762b187cf51b57112a7d9c156af7fedcf2cf5efde,1774015739,1
0x000000000000fb114709235f1ccbffb925f600e4,0x147037f0d4805a7582c381424e1705b2f45cda89;0x1c0aa8ccd568d90d61659f060d1bfb1e6f855a20;0x2a407a15cbb71ae28ec10aad30b7f2e4ee4f3e1b;0x3c37dc9b5d4c60d404ec834987c106510d03442f;0x3e0da36dec1cb63bba37f7546e1d418f6dc8e9db;0x7484ce68438be6a0144b0041657270ce6bfff9de,ETH,W2D,0x893e1f1500c9d05974fa9e185b02bd9cae0de662d8c8b0e51474126c3ba72628,1771885223,1
0x000000000000fb114709235f1ccbffb925f600e4,0x147037f0d4805a7582c381424e1705b2f45cda89;0x1c0aa8ccd568d90d61659f060d1bfb1e6f855a20;0x2a407a15cbb71ae28ec10aad30b7f2e4ee4f3e1b;0x3c37dc9b5d4c60d404ec834987c106510d03442f;0x3e0da36dec1cb63bba37f7546e1d418f6dc8e9db;0x7484ce68438be6a0144b0041657270ce6bfff9de,ETH,W2D,0x8994e08f4d06ebd39c604b1ce23bfa8195be8855df7b191fce35613660b4bdf4,1773389303,1
0x000000000000fb114709235f1ccbffb925f600e4,0x147037f0d4805a7582c381424e1705b2f45cda89;0x1c0aa8ccd568d90d61659f060d1bfb1e6f855a20;0x2a407a15cbb71ae28ec10aad30b7f2e4ee4f3e1b;0x3c37dc9b5d4c60d404ec834987c106510d03442f;0x3e0da36dec1cb63bba37f7546e1d418f6dc8e9db;0x7484ce68438be6a0144b0041657270ce6bfff9de,ETH,W2D,0x89dd20ec3f87df60fa2d4b9dba416ac070d30781686e5d29a7b2c9047bd9fa13,1771909451,1
0x000000000000fb114709235f1ccbffb925f600e4,0x147037f0d4805a7582c381424e1705b2f45cda89;0x1c0aa8ccd568d90d61659f060d1bfb1e6f855a20;0x2a407a15cbb71ae28ec10aad30b7f2e4ee4f3e1b;0x3c37dc9b5d4c60d404ec834987c106510d03442f;0x3e0da36dec1cb63bba37f7546e1d418f6dc8e9db;0x7484ce68438be6a0144b0041657270ce6bfff9de,ETH,W2D,0x8c377993501446295b82a429dbb904842719e40d9ca1bcc1c95db225f2085f69,1773389171,1
0x000000000000fb114709235f1ccbffb925f600e4,0x147037f0d4805a7582c381424e1705b2f45cda89;0x1c0aa8ccd568d90d61659f060d1bfb1e6f855a20;0x2a407a15cbb71ae28ec10aad30b7f2e4ee4f3e1b;0x3c37dc9b5d4c60d404ec834987c106510d03442f;0x3e0da36dec1cb63bba37f7546e1d418f6dc8e9db;0x7484ce68438be6a0144b0041657270ce6bfff9de,ETH,W2D,0x8d0549415362caf0471e98a6e330557c23d8b600c0706036bae5a50ad274c902,1774607051,1
0x000000000000fb114709235f1ccbffb925f600e4,0x147037f0d4805a7582c381424e1705b2f45cda89;0x1c0aa8ccd568d90d61659f060d1bfb1e6f855a20;0x2a407a15cbb71ae28ec10aad30b7f2e4ee4f3e1b;0x3c37dc9b5d4c60d404ec834987c106510d03442f;0x3e0da36dec1cb63bba37f7546e1d418f6dc8e9db;0x7484ce68438be6a0144b0041657270ce6bfff9de,ETH,W2D,0x8e9837641ac04a7ce3750433b795b4c1ff3eba21c30acad850d3a2003b8a42b9,1771338071,1
0x000000000000fb114709235f1ccbffb925f600e4,0x147037f0d4805a7582c381424e1705b2f45cda89;0x1c0aa8ccd568d90d61659f060d1bfb1e6f855a20;0x2a407a15cbb71ae28ec10aad30b7f2e4ee4f3e1b;0x3c37dc9b5d4c60d404ec834987c106510d03442f;0x3e0da36dec1cb63bba37f7546e1d418f6dc8e9db;0x7484ce68438be6a0144b0041657270ce6bfff9de,ETH,W2D,0x8fc8cf94ec40c4fae3bf3ceb81dbadc572a8694f05e333a752b4cae4348a51bd,1771885247,1
0x000000000000fb114709235f1ccbffb925f600e4,0x147037f0d4805a7582c381424e1705b2f45cda89;0x1c0aa8ccd568d90d61659f060d1bfb1e6f855a20;0x2a407a15cbb71ae28ec10aad30b7f2e4ee4f3e1b;0x3c37dc9b5d4c60d404ec834987c106510d03442f;0x3e0da36dec1cb63bba37f7546e1d418f6dc8e9db;0x7484ce68438be6a0144b0041657270ce6bfff9de,ETH,W2D,0x903c7dddc7783b58fe890486377ed2b6aa5254d39a331b277df467b3825afa80,1777016951,1
0x000000000000fb114709235f1ccbffb925f600e4,0x147037f0d4805a7582c381424e1705b2f45cda89;0x1c0aa8ccd568d90d61659f060d1bfb1e6f855a20;0x2a407a15cbb71ae28ec10aad30b7f2e4ee4f3e1b;0x3c37dc9b5d4c60d404ec834987c106510d03442f;0x3e0da36dec1cb63bba37f7546e1d418f6dc8e9db;0x7484ce68438be6a0144b0041657270ce6bfff9de,ETH,W2D,0x909780058fbc9a74ea0d9cd048b8ddb180092739ef05b3c7b0bf494dddc571ee,1770989963,1
0x000000000000fb114709235f1ccbffb925f600e4,0x147037f0d4805a7582c381424e1705b2f45cda89;0x1c0aa8ccd568d90d61659f060d1bfb1e6f855a20;0x2a407a15cbb71ae28ec10aad30b7f2e4ee4f3e1b;0x3c37dc9b5d4c60d404ec834987c106510d03442f;0x3e0da36dec1cb63bba37f7546e1d418f6dc8e9db;0x7484ce68438be6a0144b0041657270ce6bfff9de,ETH,W2D,0x90bd328a54455eb28e73e56edb6afe3297905c0d95313d4b310cf8b0b71061aa,1776872843,1
0x000000000000fb114709235f1ccbffb925f600e4,0x147037f0d4805a7582c381424e1705b2f45cda89;0x1c0aa8ccd568d90d61659f060d1bfb1e6f855a20;0x2a407a15cbb71ae28ec10aad30b7f2e4ee4f3e1b;0x3c37dc9b5d4c60d404ec834987c106510d03442f;0x3e0da36dec1cb63bba37f7546e1d418f6dc8e9db;0x7484ce68438be6a0144b0041657270ce6bfff9de,ETH,W2D,0x97b9a5c9a58504b5dc240659d3211fc9236a2392416dc82245469ed5aa218e08,1771500443,1
0x000000000000fb114709235f1ccbffb925f600e4,0x147037f0d4805a7582c381424e1705b2f45cda89;0x1c0aa8ccd568d90d61659f060d1bfb1e6f855a20;0x2a407a15cbb71ae28ec10aad30b7f2e4ee4f3e1b;0x3c37dc9b5d4c60d404ec834987c106510d03442f;0x3e0da36dec1cb63bba37f7546e1d418f6dc8e9db;0x7484ce68438be6a0144b0041657270ce6bfff9de,ETH,W2D,0x97f12643f2ef4a81b10109cf5b5bbc5763925a94236595fdf95607ad46075e03,1777178207,1
0x000000000000fb114709235f1ccbffb925f600e4,0x147037f0d4805a7582c381424e1705b2f45cda89;0x1c0aa8ccd568d90d61659f060d1bfb1e6f855a20;0x2a407a15cbb71ae28ec10aad30b7f2e4ee4f3e1b;0x3c37dc9b5d4c60d404ec834987c106510d03442f;0x3e0da36dec1cb63bba37f7546e1d418f6dc8e9db;0x7484ce68438be6a0144b0041657270ce6bfff9de,ETH,W2D,0x9871e79687f90ad780e18ed71a021a445ad41b1325155535b9e6e0e374e8d236,1771425647,1
0x000000000000fb114709235f1ccbffb925f600e4,0x147037f0d4805a7582c381424e1705b2f45cda89;0x1c0aa8ccd568d90d61659f060d1bfb1e6f855a20;0x2a407a15cbb71ae28ec10aad30b7f2e4ee4f3e1b;0x3c37dc9b5d4c60d404ec834987c106510d03442f;0x3e0da36dec1cb63bba37f7546e1d418f6dc8e9db;0x7484ce68438be6a0144b0041657270ce6bfff9de,ETH,W2D,0x9b6d831a588992fc68febb078fb45489b31ab195b9bcf20ec0a0d6a1abdbde4f,1778149163,1
0x000000000000fb114709235f1ccbffb925f600e4,0x147037f0d4805a7582c381424e1705b2f45cda89;0x1c0aa8ccd568d90d61659f060d1bfb1e6f855a20;0x2a407a15cbb71ae28ec10aad30b7f2e4ee4f3e1b;0x3c37dc9b5d4c60d404ec834987c106510d03442f;0x3e0da36dec1cb63bba37f7546e1d418f6dc8e9db;0x7484ce68438be6a0144b0041657270ce6bfff9de,ETH,W2D,0x9f1255db282ec6d73e9484af15f49d54851da18fd09678e34cd7a448136f4b50,1771886027,1
0x000000000000fb114709235f1ccbffb925f600e4,0x147037f0d4805a7582c381424e1705b2f45cda89;0x1c0aa8ccd568d90d61659f060d1bfb1e6f855a20;0x2a407a15cbb71ae28ec10aad30b7f2e4ee4f3e1b;0x3c37dc9b5d4c60d404ec834987c106510d03442f;0x3e0da36dec1cb63bba37f7546e1d418f6dc8e9db;0x7484ce68438be6a0144b0041657270ce6bfff9de,ETH,W2D,0x9f650b8cc34ed55f7a56b88ea752cd59053f1beb11311455e6a8fb1694af2c29,1771513115,1
0x000000000000fb114709235f1ccbffb925f600e4,0x147037f0d4805a7582c381424e1705b2f45cda89;0x1c0aa8ccd568d90d61659f060d1bfb1e6f855a20;0x2a407a15cbb71ae28ec10aad30b7f2e4ee4f3e1b;0x3c37dc9b5d4c60d404ec834987c106510d03442f;0x3e0da36dec1cb63bba37f7546e1d418f6dc8e9db;0x7484ce68438be6a0144b0041657270ce6bfff9de,ETH,W2D,0xa4c8942d3df914642a391007ca9831ef335c55337f10f794f3dfa069a2167fc1,1772048891,1
0x000000000000fb114709235f1ccbffb925f600e4,0x147037f0d4805a7582c381424e1705b2f45cda89;0x1c0aa8ccd568d90d61659f060d1bfb1e6f855a20;0x2a407a15cbb71ae28ec10aad30b7f2e4ee4f3e1b;0x3c37dc9b5d4c60d404ec834987c106510d03442f;0x3e0da36dec1cb63bba37f7546e1d418f6dc8e9db;0x7484ce68438be6a0144b0041657270ce6bfff9de,ETH,W2D,0xa5cc7abe3f002e8885ecb09f954a288c20ce64294f51f46ab94a42063b4d6b65,1775401379,1
0x000000000000fb114709235f1ccbffb925f600e4,0x147037f0d4805a7582c381424e1705b2f45cda89;0x1c0aa8ccd568d90d61659f060d1bfb1e6f855a20;0x2a407a15cbb71ae28ec10aad30b7f2e4ee4f3e1b;0x3c37dc9b5d4c60d404ec834987c106510d03442f;0x3e0da36dec1cb63bba37f7546e1d418f6dc8e9db;0x7484ce68438be6a0144b0041657270ce6bfff9de,ETH,W2D,0xa6d9e88c3b1905e0ec47fef3d9b7cf33186fa5614f17ebc8ab1767f852c6f5c3,1771445735,1
0x000000000000fb114709235f1ccbffb925f600e4,0x147037f0d4805a7582c381424e1705b2f45cda89;0x1c0aa8ccd568d90d61659f060d1bfb1e6f855a20;0x2a407a15cbb71ae28ec10aad30b7f2e4ee4f3e1b;0x3c37dc9b5d4c60d404ec834987c106510d03442f;0x3e0da36dec1cb63bba37f7546e1d418f6dc8e9db;0x7484ce68438be6a0144b0041657270ce6bfff9de,ETH,W2D,0xa8a4cadc2a9ef3fd61dd97414c16b692b8239a101ce63dbdb56d163acdd953eb,1771512719,1
0x000000000000fb114709235f1ccbffb925f600e4,0x147037f0d4805a7582c381424e1705b2f45cda89;0x1c0aa8ccd568d90d61659f060d1bfb1e6f855a20;0x2a407a15cbb71ae28ec10aad30b7f2e4ee4f3e1b;0x3c37dc9b5d4c60d404ec834987c106510d03442f;0x3e0da36dec1cb63bba37f7546e1d418f6dc8e9db;0x7484ce68438be6a0144b0041657270ce6bfff9de,ETH,W2D,0xa8b5a3c0ab3384d578982c7cccf1a255b8fc089f25fc87066ad040304cca6355,1776328811,1
0x000000000000fb114709235f1ccbffb925f600e4,0x147037f0d4805a7582c381424e1705b2f45cda89;0x1c0aa8ccd568d90d61659f060d1bfb1e6f855a20;0x2a407a15cbb71ae28ec10aad30b7f2e4ee4f3e1b;0x3c37dc9b5d4c60d404ec834987c106510d03442f;0x3e0da36dec1cb63bba37f7546e1d418f6dc8e9db;0x7484ce68438be6a0144b0041657270ce6bfff9de,ETH,W2D,0xacf522165d9d6ef702a8dfe5cfcbd18a4406bf5ab1a694b2d3ecead13675999d,1771506851,1
0x000000000000fb114709235f1ccbffb925f600e4,0x147037f0d4805a7582c381424e1705b2f45cda89;0x1c0aa8ccd568d90d61659f060d1bfb1e6f855a20;0x2a407a15cbb71ae28ec10aad30b7f2e4ee4f3e1b;0x3c37dc9b5d4c60d404ec834987c106510d03442f;0x3e0da36dec1cb63bba37f7546e1d418f6dc8e9db;0x7484ce68438be6a0144b0041657270ce6bfff9de,ETH,W2D,0xad2c9111d00c3410fcb5e544313f419ba59e4521925bf1b464ff8630cfac557a,1775977187,1
0x000000000000fb114709235f1ccbffb925f600e4,0x147037f0d4805a7582c381424e1705b2f45cda89;0x1c0aa8ccd568d90d61659f060d1bfb1e6f855a20;0x2a407a15cbb71ae28ec10aad30b7f2e4ee4f3e1b;0x3c37dc9b5d4c60d404ec834987c106510d03442f;0x3e0da36dec1cb63bba37f7546e1d418f6dc8e9db;0x7484ce68438be6a0144b0041657270ce6bfff9de,ETH,W2D,0xae776d8969a7c33415860a7a864c001e7f34d43244a331a7a27cb269de3a7e3b,1774001051,1
0x000000000000fb114709235f1ccbffb925f600e4,0x147037f0d4805a7582c381424e1705b2f45cda89;0x1c0aa8ccd568d90d61659f060d1bfb1e6f855a20;0x2a407a15cbb71ae28ec10aad30b7f2e4ee4f3e1b;0x3c37dc9b5d4c60d404ec834987c106510d03442f;0x3e0da36dec1cb63bba37f7546e1d418f6dc8e9db;0x7484ce68438be6a0144b0041657270ce6bfff9de,ETH,W2D,0xaf6105efff241f1513a3a28fff2b19b5c6bdbeb9e18512018799d7b13a52d1bf,1772235395,1
0x000000000000fb114709235f1ccbffb925f600e4,0x147037f0d4805a7582c381424e1705b2f45cda89;0x1c0aa8ccd568d90d61659f060d1bfb1e6f855a20;0x2a407a15cbb71ae28ec10aad30b7f2e4ee4f3e1b;0x3c37dc9b5d4c60d404ec834987c106510d03442f;0x3e0da36dec1cb63bba37f7546e1d418f6dc8e9db;0x7484ce68438be6a0144b0041657270ce6bfff9de,ETH,W2D,0xb14eedc3c66ea159a28383f9d391e3910c444d7d0dd95a8ea0db0d53e07d4fbd,1776932891,1
0x000000000000fb114709235f1ccbffb925f600e4,0x147037f0d4805a7582c381424e1705b2f45cda89;0x1c0aa8ccd568d90d61659f060d1bfb1e6f855a20;0x2a407a15cbb71ae28ec10aad30b7f2e4ee4f3e1b;0x3c37dc9b5d4c60d404ec834987c106510d03442f;0x3e0da36dec1cb63bba37f7546e1d418f6dc8e9db;0x7484ce68438be6a0144b0041657270ce6bfff9de,ETH,W2D,0xb196b00cab19ef88a0f671127f0fe6ae56618e7a68be397f781cce545c6c15ee,1771885211,1
0x000000000000fb114709235f1ccbffb925f600e4,0x147037f0d4805a7582c381424e1705b2f45cda89;0x1c0aa8ccd568d90d61659f060d1bfb1e6f855a20;0x2a407a15cbb71ae28ec10aad30b7f2e4ee4f3e1b;0x3c37dc9b5d4c60d404ec834987c106510d03442f;0x3e0da36dec1cb63bba37f7546e1d418f6dc8e9db;0x7484ce68438be6a0144b0041657270ce6bfff9de,ETH,W2D,0xb1f2ebac8d06a459b8433ad81ec5799e87e7480710b496cbd5bd8fc168854a04,1777282319,1
0x000000000000fb114709235f1ccbffb925f600e4,0x147037f0d4805a7582c381424e1705b2f45cda89;0x1c0aa8ccd568d90d61659f060d1bfb1e6f855a20;0x2a407a15cbb71ae28ec10aad30b7f2e4ee4f3e1b;0x3c37dc9b5d4c60d404ec834987c106510d03442f;0x3e0da36dec1cb63bba37f7546e1d418f6dc8e9db;0x7484ce68438be6a0144b0041657270ce6bfff9de,ETH,W2D,0xb210b4a22b41c5e2380152697fbbc48aaf21f3596dcb585683e4152276f52dec,1773728267,1
0x000000000000fb114709235f1ccbffb925f600e4,0x147037f0d4805a7582c381424e1705b2f45cda89;0x1c0aa8ccd568d90d61659f060d1bfb1e6f855a20;0x2a407a15cbb71ae28ec10aad30b7f2e4ee4f3e1b;0x3c37dc9b5d4c60d404ec834987c106510d03442f;0x3e0da36dec1cb63bba37f7546e1d418f6dc8e9db;0x7484ce68438be6a0144b0041657270ce6bfff9de,ETH,W2D,0xb2fcd71f2e72f992444744cbae3680be26d4c7ee519a7f21be1bfbc990a921c9,1770915119,1
0x000000000000fb114709235f1ccbffb925f600e4,0x147037f0d4805a7582c381424e1705b2f45cda89;0x1c0aa8ccd568d90d61659f060d1bfb1e6f855a20;0x2a407a15cbb71ae28ec10aad30b7f2e4ee4f3e1b;0x3c37dc9b5d4c60d404ec834987c106510d03442f;0x3e0da36dec1cb63bba37f7546e1d418f6dc8e9db;0x7484ce68438be6a0144b0041657270ce6bfff9de,ETH,W2D,0xb527b7a23817657b50d09477016f2c88f9260eb364faecad12cdf46e6d9fba61,1773552707,1
0x000000000000fb114709235f1ccbffb925f600e4,0x147037f0d4805a7582c381424e1705b2f45cda89;0x1c0aa8ccd568d90d61659f060d1bfb1e6f855a20;0x2a407a15cbb71ae28ec10aad30b7f2e4ee4f3e1b;0x3c37dc9b5d4c60d404ec834987c106510d03442f;0x3e0da36dec1cb63bba37f7546e1d418f6dc8e9db;0x7484ce68438be6a0144b0041657270ce6bfff9de,ETH,W2D,0xb56fbb14ad68c1fdeb2dc4ae242d4bfb6d234c7cec4baf931f53504952e2dcdc,1771697243,1
0x000000000000fb114709235f1ccbffb925f600e4,0x147037f0d4805a7582c381424e1705b2f45cda89;0x1c0aa8ccd568d90d61659f060d1bfb1e6f855a20;0x2a407a15cbb71ae28ec10aad30b7f2e4ee4f3e1b;0x3c37dc9b5d4c60d404ec834987c106510d03442f;0x3e0da36dec1cb63bba37f7546e1d418f6dc8e9db;0x7484ce68438be6a0144b0041657270ce6bfff9de,ETH,W2D,0xb736f55c67f05d3e05439787af7565afbc721fa296322a3ee7b01cd3508174db,1771083575,1
0x000000000000fb114709235f1ccbffb925f600e4,0x147037f0d4805a7582c381424e1705b2f45cda89;0x1c0aa8ccd568d90d61659f060d1bfb1e6f855a20;0x2a407a15cbb71ae28ec10aad30b7f2e4ee4f3e1b;0x3c37dc9b5d4c60d404ec834987c106510d03442f;0x3e0da36dec1cb63bba37f7546e1d418f6dc8e9db;0x7484ce68438be6a0144b0041657270ce6bfff9de,ETH,W2D,0xb89f32ccf4a20985bf3f99b0992436639a82a1daf2a34da6d088aca367c82cb1,1771514243,1
0x000000000000fb114709235f1ccbffb925f600e4,0x147037f0d4805a7582c381424e1705b2f45cda89;0x1c0aa8ccd568d90d61659f060d1bfb1e6f855a20;0x2a407a15cbb71ae28ec10aad30b7f2e4ee4f3e1b;0x3c37dc9b5d4c60d404ec834987c106510d03442f;0x3e0da36dec1cb63bba37f7546e1d418f6dc8e9db;0x7484ce68438be6a0144b0041657270ce6bfff9de,ETH,W2D,0xb8ada69e0dfdf64b66de478a8502df7186a1d0ac533ba83e0d66a733863a3bfb,1771422743,1
0x000000000000fb114709235f1ccbffb925f600e4,0x147037f0d4805a7582c381424e1705b2f45cda89;0x1c0aa8ccd568d90d61659f060d1bfb1e6f855a20;0x2a407a15cbb71ae28ec10aad30b7f2e4ee4f3e1b;0x3c37dc9b5d4c60d404ec834987c106510d03442f;0x3e0da36dec1cb63bba37f7546e1d418f6dc8e9db;0x7484ce68438be6a0144b0041657270ce6bfff9de,ETH,W2D,0xb9a8b4ec698f84fe4ed5c510553ee9103ff687ea68d25dd7ab6c01d562055958,1772534783,1
0x000000000000fb114709235f1ccbffb925f600e4,0x147037f0d4805a7582c381424e1705b2f45cda89;0x1c0aa8ccd568d90d61659f060d1bfb1e6f855a20;0x2a407a15cbb71ae28ec10aad30b7f2e4ee4f3e1b;0x3c37dc9b5d4c60d404ec834987c106510d03442f;0x3e0da36dec1cb63bba37f7546e1d418f6dc8e9db;0x7484ce68438be6a0144b0041657270ce6bfff9de,ETH,W2D,0xba02522e6e2af0b1fe24e9fb3f4a1f88711a62ee776ed66bb0131f4cc08736ce,1776593267,1
0x000000000000fb114709235f1ccbffb925f600e4,0x147037f0d4805a7582c381424e1705b2f45cda89;0x1c0aa8ccd568d90d61659f060d1bfb1e6f855a20;0x2a407a15cbb71ae28ec10aad30b7f2e4ee4f3e1b;0x3c37dc9b5d4c60d404ec834987c106510d03442f;0x3e0da36dec1cb63bba37f7546e1d418f6dc8e9db;0x7484ce68438be6a0144b0041657270ce6bfff9de,ETH,W2D,0xc057ece5c051427b6a33be1e67d51c479c2fdb6c983de342cede9974c4691a50,1771253639,1
0x000000000000fb114709235f1ccbffb925f600e4,0x147037f0d4805a7582c381424e1705b2f45cda89;0x1c0aa8ccd568d90d61659f060d1bfb1e6f855a20;0x2a407a15cbb71ae28ec10aad30b7f2e4ee4f3e1b;0x3c37dc9b5d4c60d404ec834987c106510d03442f;0x3e0da36dec1cb63bba37f7546e1d418f6dc8e9db;0x7484ce68438be6a0144b0041657270ce6bfff9de,ETH,W2D,0xc315405793f29169949a15d6f5685b16912b3f3c5259afa14a3adaa8e8d8fb08,1772044499,1
0x000000000000fb114709235f1ccbffb925f600e4,0x147037f0d4805a7582c381424e1705b2f45cda89;0x1c0aa8ccd568d90d61659f060d1bfb1e6f855a20;0x2a407a15cbb71ae28ec10aad30b7f2e4ee4f3e1b;0x3c37dc9b5d4c60d404ec834987c106510d03442f;0x3e0da36dec1cb63bba37f7546e1d418f6dc8e9db;0x7484ce68438be6a0144b0041657270ce6bfff9de,ETH,W2D,0xc65b3b06dd2b0477a439d667ef8dfd0a65675501ffa631a6a75062d5aaf80c7b,1774030739,1
0x000000000000fb114709235f1ccbffb925f600e4,0x147037f0d4805a7582c381424e1705b2f45cda89;0x1c0aa8ccd568d90d61659f060d1bfb1e6f855a20;0x2a407a15cbb71ae28ec10aad30b7f2e4ee4f3e1b;0x3c37dc9b5d4c60d404ec834987c106510d03442f;0x3e0da36dec1cb63bba37f7546e1d418f6dc8e9db;0x7484ce68438be6a0144b0041657270ce6bfff9de,ETH,W2D,0xc7a270b65a2ebb7b6be1b67615c18c61914537bab07c9c7cac55339c6999f6cf,1771885235,1
0x000000000000fb114709235f1ccbffb925f600e4,0x147037f0d4805a7582c381424e1705b2f45cda89;0x1c0aa8ccd568d90d61659f060d1bfb1e6f855a20;0x2a407a15cbb71ae28ec10aad30b7f2e4ee4f3e1b;0x3c37dc9b5d4c60d404ec834987c106510d03442f;0x3e0da36dec1cb63bba37f7546e1d418f6dc8e9db;0x7484ce68438be6a0144b0041657270ce6bfff9de,ETH,W2D,0xc99dfc1ed062ee81e434b248866792973ab89f337af99af86675286c1503bb4e,1771886063,1
0x000000000000fb114709235f1ccbffb925f600e4,0x147037f0d4805a7582c381424e1705b2f45cda89;0x1c0aa8ccd568d90d61659f060d1bfb1e6f855a20;0x2a407a15cbb71ae28ec10aad30b7f2e4ee4f3e1b;0x3c37dc9b5d4c60d404ec834987c106510d03442f;0x3e0da36dec1cb63bba37f7546e1d418f6dc8e9db;0x7484ce68438be6a0144b0041657270ce6bfff9de,ETH,W2D,0xcc065a3b4ea23e30956cfb3fe80b902155c8d310ee5de18bbd1b2075e60b9a62,1771102655,1
0x000000000000fb114709235f1ccbffb925f600e4,0x147037f0d4805a7582c381424e1705b2f45cda89;0x1c0aa8ccd568d90d61659f060d1bfb1e6f855a20;0x2a407a15cbb71ae28ec10aad30b7f2e4ee4f3e1b;0x3c37dc9b5d4c60d404ec834987c106510d03442f;0x3e0da36dec1cb63bba37f7546e1d418f6dc8e9db;0x7484ce68438be6a0144b0041657270ce6bfff9de,ETH,W2D,0xcddd0173d49be11e3483bf8c8ade402c15022ea93bfabe684f202766ee1368c9,1771697219,1
0x000000000000fb114709235f1ccbffb925f600e4,0x147037f0d4805a7582c381424e1705b2f45cda89;0x1c0aa8ccd568d90d61659f060d1bfb1e6f855a20;0x2a407a15cbb71ae28ec10aad30b7f2e4ee4f3e1b;0x3c37dc9b5d4c60d404ec834987c106510d03442f;0x3e0da36dec1cb63bba37f7546e1d418f6dc8e9db;0x7484ce68438be6a0144b0041657270ce6bfff9de,ETH,W2D,0xd1530a14e01d9aa94c6a4fc0ec80831ed4646cef554d55e203a92d0100af190e,1771514975,1
0x000000000000fb114709235f1ccbffb925f600e4,0x147037f0d4805a7582c381424e1705b2f45cda89;0x1c0aa8ccd568d90d61659f060d1bfb1e6f855a20;0x2a407a15cbb71ae28ec10aad30b7f2e4ee4f3e1b;0x3c37dc9b5d4c60d404ec834987c106510d03442f;0x3e0da36dec1cb63bba37f7546e1d418f6dc8e9db;0x7484ce68438be6a0144b0041657270ce6bfff9de,ETH,W2D,0xd18180d9a9ce5d2ddf27f6ff17dbaba79f7ecc4fdf321befe905b084c1ea9c08,1771881959,1
0x000000000000fb114709235f1ccbffb925f600e4,0x147037f0d4805a7582c381424e1705b2f45cda89;0x1c0aa8ccd568d90d61659f060d1bfb1e6f855a20;0x2a407a15cbb71ae28ec10aad30b7f2e4ee4f3e1b;0x3c37dc9b5d4c60d404ec834987c106510d03442f;0x3e0da36dec1cb63bba37f7546e1d418f6dc8e9db;0x7484ce68438be6a0144b0041657270ce6bfff9de,ETH,W2D,0xd6c1a898849b4d41d3fa731f59bb323e1ec8848201f42fc0e879a4246d92c0d6,1771885187,1
0x000000000000fb114709235f1ccbffb925f600e4,0x147037f0d4805a7582c381424e1705b2f45cda89;0x1c0aa8ccd568d90d61659f060d1bfb1e6f855a20;0x2a407a15cbb71ae28ec10aad30b7f2e4ee4f3e1b;0x3c37dc9b5d4c60d404ec834987c106510d03442f;0x3e0da36dec1cb63bba37f7546e1d418f6dc8e9db;0x7484ce68438be6a0144b0041657270ce6bfff9de,ETH,W2D,0xd8a5d179dc39dc4cda7b88e67d5d0b02c2f039f952cf0fde36db4c4693269826,1776588191,1
0x000000000000fb114709235f1ccbffb925f600e4,0x147037f0d4805a7582c381424e1705b2f45cda89;0x1c0aa8ccd568d90d61659f060d1bfb1e6f855a20;0x2a407a15cbb71ae28ec10aad30b7f2e4ee4f3e1b;0x3c37dc9b5d4c60d404ec834987c106510d03442f;0x3e0da36dec1cb63bba37f7546e1d418f6dc8e9db;0x7484ce68438be6a0144b0041657270ce6bfff9de,ETH,W2D,0xd8c50087ad4a3d15284547760863407fac64276d8c1243beb7a09ac045093edd,1771968143,1
0x000000000000fb114709235f1ccbffb925f600e4,0x147037f0d4805a7582c381424e1705b2f45cda89;0x1c0aa8ccd568d90d61659f060d1bfb1e6f855a20;0x2a407a15cbb71ae28ec10aad30b7f2e4ee4f3e1b;0x3c37dc9b5d4c60d404ec834987c106510d03442f;0x3e0da36dec1cb63bba37f7546e1d418f6dc8e9db;0x7484ce68438be6a0144b0041657270ce6bfff9de,ETH,W2D,0xd8c8bc51a27a1e048e85a5bf06691de04427d46b691064afd098c3bc05560f73,1771531931,1
0x000000000000fb114709235f1ccbffb925f600e4,0x147037f0d4805a7582c381424e1705b2f45cda89;0x1c0aa8ccd568d90d61659f060d1bfb1e6f855a20;0x2a407a15cbb71ae28ec10aad30b7f2e4ee4f3e1b;0x3c37dc9b5d4c60d404ec834987c106510d03442f;0x3e0da36dec1cb63bba37f7546e1d418f6dc8e9db;0x7484ce68438be6a0144b0041657270ce6bfff9de,ETH,W2D,0xd9072434f55a368589a924182a191968aaa1fbad5f6afc9e73db2c754579a8c2,1771677035,1
0x000000000000fb114709235f1ccbffb925f600e4,0x147037f0d4805a7582c381424e1705b2f45cda89;0x1c0aa8ccd568d90d61659f060d1bfb1e6f855a20;0x2a407a15cbb71ae28ec10aad30b7f2e4ee4f3e1b;0x3c37dc9b5d4c60d404ec834987c106510d03442f;0x3e0da36dec1cb63bba37f7546e1d418f6dc8e9db;0x7484ce68438be6a0144b0041657270ce6bfff9de,ETH,W2D,0xd99402778eb60dad4b4616fef23a56410ef9e8c3cc48d0c4d0bf20a786e77845,1776851807,1
0x000000000000fb114709235f1ccbffb925f600e4,0x147037f0d4805a7582c381424e1705b2f45cda89;0x1c0aa8ccd568d90d61659f060d1bfb1e6f855a20;0x2a407a15cbb71ae28ec10aad30b7f2e4ee4f3e1b;0x3c37dc9b5d4c60d404ec834987c106510d03442f;0x3e0da36dec1cb63bba37f7546e1d418f6dc8e9db;0x7484ce68438be6a0144b0041657270ce6bfff9de,ETH,W2D,0xdb497b039bd91b714afd23f2c285cb840c56a8d072a0eaccb2d889932ca63f5f,1772350343,1
0x000000000000fb114709235f1ccbffb925f600e4,0x147037f0d4805a7582c381424e1705b2f45cda89;0x1c0aa8ccd568d90d61659f060d1bfb1e6f855a20;0x2a407a15cbb71ae28ec10aad30b7f2e4ee4f3e1b;0x3c37dc9b5d4c60d404ec834987c106510d03442f;0x3e0da36dec1cb63bba37f7546e1d418f6dc8e9db;0x7484ce68438be6a0144b0041657270ce6bfff9de,ETH,W2D,0xdbe5e28e5c44583a5c799029f29442e4a5fc07d42b75919bee6af10dee46f9a9,1771886015,1
0x000000000000fb114709235f1ccbffb925f600e4,0x147037f0d4805a7582c381424e1705b2f45cda89;0x1c0aa8ccd568d90d61659f060d1bfb1e6f855a20;0x2a407a15cbb71ae28ec10aad30b7f2e4ee4f3e1b;0x3c37dc9b5d4c60d404ec834987c106510d03442f;0x3e0da36dec1cb63bba37f7546e1d418f6dc8e9db;0x7484ce68438be6a0144b0041657270ce6bfff9de,ETH,W2D,0xe0afd698e5988fbcd19c87d252accff19215f023e3a85621dd03245ebf7bb264,1773207047,1
0x000000000000fb114709235f1ccbffb925f600e4,0x147037f0d4805a7582c381424e1705b2f45cda89;0x1c0aa8ccd568d90d61659f060d1bfb1e6f855a20;0x2a407a15cbb71ae28ec10aad30b7f2e4ee4f3e1b;0x3c37dc9b5d4c60d404ec834987c106510d03442f;0x3e0da36dec1cb63bba37f7546e1d418f6dc8e9db;0x7484ce68438be6a0144b0041657270ce6bfff9de,ETH,W2D,0xe1dd44168b843aa61417f8fdd5dea8a10320463f24b37710f30a0626bc6db03c,1771677623,1
0x000000000000fb114709235f1ccbffb925f600e4,0x147037f0d4805a7582c381424e1705b2f45cda89;0x1c0aa8ccd568d90d61659f060d1bfb1e6f855a20;0x2a407a15cbb71ae28ec10aad30b7f2e4ee4f3e1b;0x3c37dc9b5d4c60d404ec834987c106510d03442f;0x3e0da36dec1cb63bba37f7546e1d418f6dc8e9db;0x7484ce68438be6a0144b0041657270ce6bfff9de,ETH,W2D,0xe476995b145374019a3e1aa4ef8b93afaee783db489064611039a498444a8791,1776925511,1
0x000000000000fb114709235f1ccbffb925f600e4,0x147037f0d4805a7582c381424e1705b2f45cda89;0x1c0aa8ccd568d90d61659f060d1bfb1e6f855a20;0x2a407a15cbb71ae28ec10aad30b7f2e4ee4f3e1b;0x3c37dc9b5d4c60d404ec834987c106510d03442f;0x3e0da36dec1cb63bba37f7546e1d418f6dc8e9db;0x7484ce68438be6a0144b0041657270ce6bfff9de,ETH,W2D,0xe5b9dbff922df4db3f8bc2dd7fab98eb44f23407b07d33efcccaf68be1663fd1,1770927551,1
0x000000000000fb114709235f1ccbffb925f600e4,0x147037f0d4805a7582c381424e1705b2f45cda89;0x1c0aa8ccd568d90d61659f060d1bfb1e6f855a20;0x2a407a15cbb71ae28ec10aad30b7f2e4ee4f3e1b;0x3c37dc9b5d4c60d404ec834987c106510d03442f;0x3e0da36dec1cb63bba37f7546e1d418f6dc8e9db;0x7484ce68438be6a0144b0041657270ce6bfff9de,ETH,W2D,0xe60e8e682036e2374986395f7e580c20910f6b84921c9711bc5c7cef1b30ac50,1775196575,1
0x000000000000fb114709235f1ccbffb925f600e4,0x147037f0d4805a7582c381424e1705b2f45cda89;0x1c0aa8ccd568d90d61659f060d1bfb1e6f855a20;0x2a407a15cbb71ae28ec10aad30b7f2e4ee4f3e1b;0x3c37dc9b5d4c60d404ec834987c106510d03442f;0x3e0da36dec1cb63bba37f7546e1d418f6dc8e9db;0x7484ce68438be6a0144b0041657270ce6bfff9de,ETH,W2D,0xe91bf9dff89719fc4a6f9ccf284d7435e05763f4dfb6fa0ce6da8c905ae94c30,1774879019,1
0x000000000000fb114709235f1ccbffb925f600e4,0x147037f0d4805a7582c381424e1705b2f45cda89;0x1c0aa8ccd568d90d61659f060d1bfb1e6f855a20;0x2a407a15cbb71ae28ec10aad30b7f2e4ee4f3e1b;0x3c37dc9b5d4c60d404ec834987c106510d03442f;0x3e0da36dec1cb63bba37f7546e1d418f6dc8e9db;0x7484ce68438be6a0144b0041657270ce6bfff9de,ETH,W2D,0xe9435f51149f0b9dd04d5083259f905866b97dc73f369c544a3a589c1dbe80e6,1772946011,1
0x000000000000fb114709235f1ccbffb925f600e4,0x147037f0d4805a7582c381424e1705b2f45cda89;0x1c0aa8ccd568d90d61659f060d1bfb1e6f855a20;0x2a407a15cbb71ae28ec10aad30b7f2e4ee4f3e1b;0x3c37dc9b5d4c60d404ec834987c106510d03442f;0x3e0da36dec1cb63bba37f7546e1d418f6dc8e9db;0x7484ce68438be6a0144b0041657270ce6bfff9de,ETH,W2D,0xeba280a55cd66ff29ed22eb8b51c2b79928ad342a3c216f1ba3d9660b9965a56,1776777839,1
0x000000000000fb114709235f1ccbffb925f600e4,0x147037f0d4805a7582c381424e1705b2f45cda89;0x1c0aa8ccd568d90d61659f060d1bfb1e6f855a20;0x2a407a15cbb71ae28ec10aad30b7f2e4ee4f3e1b;0x3c37dc9b5d4c60d404ec834987c106510d03442f;0x3e0da36dec1cb63bba37f7546e1d418f6dc8e9db;0x7484ce68438be6a0144b0041657270ce6bfff9de,ETH,W2D,0xebde415e5ce058ff656eb297feaa5cbed261c06ac152481b4ec360e07aadfd7e,1771882043,1
0x000000000000fb114709235f1ccbffb925f600e4,0x147037f0d4805a7582c381424e1705b2f45cda89;0x1c0aa8ccd568d90d61659f060d1bfb1e6f855a20;0x2a407a15cbb71ae28ec10aad30b7f2e4ee4f3e1b;0x3c37dc9b5d4c60d404ec834987c106510d03442f;0x3e0da36dec1cb63bba37f7546e1d418f6dc8e9db;0x7484ce68438be6a0144b0041657270ce6bfff9de,ETH,W2D,0xec63ee8926916a652d3a51e9983996cdd87e3de0cab46f33497ff3bbae88659b,1775041739,1
0x000000000000fb114709235f1ccbffb925f600e4,0x147037f0d4805a7582c381424e1705b2f45cda89;0x1c0aa8ccd568d90d61659f060d1bfb1e6f855a20;0x2a407a15cbb71ae28ec10aad30b7f2e4ee4f3e1b;0x3c37dc9b5d4c60d404ec834987c106510d03442f;0x3e0da36dec1cb63bba37f7546e1d418f6dc8e9db;0x7484ce68438be6a0144b0041657270ce6bfff9de,ETH,W2D,0xeffadb6a071ecf0cd90ef9154102ad122d99b27aa2a442a9010e68e5bac44fc0,1771170839,1
0x000000000000fb114709235f1ccbffb925f600e4,0x147037f0d4805a7582c381424e1705b2f45cda89;0x1c0aa8ccd568d90d61659f060d1bfb1e6f855a20;0x2a407a15cbb71ae28ec10aad30b7f2e4ee4f3e1b;0x3c37dc9b5d4c60d404ec834987c106510d03442f;0x3e0da36dec1cb63bba37f7546e1d418f6dc8e9db;0x7484ce68438be6a0144b0041657270ce6bfff9de,ETH,W2D,0xf02b89598f037aa1a8415bf9050660b9742bfefa1c13880be426f2ce1b8813df,1776340127,1
0x000000000000fb114709235f1ccbffb925f600e4,0x147037f0d4805a7582c381424e1705b2f45cda89;0x1c0aa8ccd568d90d61659f060d1bfb1e6f855a20;0x2a407a15cbb71ae28ec10aad30b7f2e4ee4f3e1b;0x3c37dc9b5d4c60d404ec834987c106510d03442f;0x3e0da36dec1cb63bba37f7546e1d418f6dc8e9db;0x7484ce68438be6a0144b0041657270ce6bfff9de,ETH,W2D,0xf06e6d83a2b048a61c89bd6033b9cc7ed2a8fa329cd731fa9a1cadf839d9b0d0,1771160855,1
0x000000000000fb114709235f1ccbffb925f600e4,0x147037f0d4805a7582c381424e1705b2f45cda89;0x1c0aa8ccd568d90d61659f060d1bfb1e6f855a20;0x2a407a15cbb71ae28ec10aad30b7f2e4ee4f3e1b;0x3c37dc9b5d4c60d404ec834987c106510d03442f;0x3e0da36dec1cb63bba37f7546e1d418f6dc8e9db;0x7484ce68438be6a0144b0041657270ce6bfff9de,ETH,W2D,0xf090104cdddf43326bc2f6727225a1f1630a985fb69b035ac121124169cf81e6,1772964863,1
0x000000000000fb114709235f1ccbffb925f600e4,0x147037f0d4805a7582c381424e1705b2f45cda89;0x1c0aa8ccd568d90d61659f060d1bfb1e6f855a20;0x2a407a15cbb71ae28ec10aad30b7f2e4ee4f3e1b;0x3c37dc9b5d4c60d404ec834987c106510d03442f;0x3e0da36dec1cb63bba37f7546e1d418f6dc8e9db;0x7484ce68438be6a0144b0041657270ce6bfff9de,ETH,W2D,0xf3e126fbe1e7f8ce7717ea3ae218e94f00a7d3fe613e7125aa84b971c9c43a71,1776870563,1
0x000000000000fb114709235f1ccbffb925f600e4,0x147037f0d4805a7582c381424e1705b2f45cda89;0x1c0aa8ccd568d90d61659f060d1bfb1e6f855a20;0x2a407a15cbb71ae28ec10aad30b7f2e4ee4f3e1b;0x3c37dc9b5d4c60d404ec834987c106510d03442f;0x3e0da36dec1cb63bba37f7546e1d418f6dc8e9db;0x7484ce68438be6a0144b0041657270ce6bfff9de,ETH,W2D,0xf53dfae7375bc8f2b9bb03bc348d483abf94c29501d172cf57fcab5e234fdf62,1776331115,1
0x000000000000fb114709235f1ccbffb925f600e4,0x147037f0d4805a7582c381424e1705b2f45cda89;0x1c0aa8ccd568d90d61659f060d1bfb1e6f855a20;0x2a407a15cbb71ae28ec10aad30b7f2e4ee4f3e1b;0x3c37dc9b5d4c60d404ec834987c106510d03442f;0x3e0da36dec1cb63bba37f7546e1d418f6dc8e9db;0x7484ce68438be6a0144b0041657270ce6bfff9de,ETH,W2D,0xf62d37045696344de9eb8621b4beab540adaba478995a5dc008bc5cdcaf8f67c,1770990023,1
0x000000000000fb114709235f1ccbffb925f600e4,0x147037f0d4805a7582c381424e1705b2f45cda89;0x1c0aa8ccd568d90d61659f060d1bfb1e6f855a20;0x2a407a15cbb71ae28ec10aad30b7f2e4ee4f3e1b;0x3c37dc9b5d4c60d404ec834987c106510d03442f;0x3e0da36dec1cb63bba37f7546e1d418f6dc8e9db;0x7484ce68438be6a0144b0041657270ce6bfff9de,ETH,W2D,0xf6b45b507e6ee083ebb980614391981a0fd94c238aee1c2ce2c2b9ac09aa929f,1771885883,1
0x000000000000fb114709235f1ccbffb925f600e4,0x147037f0d4805a7582c381424e1705b2f45cda89;0x1c0aa8ccd568d90d61659f060d1bfb1e6f855a20;0x2a407a15cbb71ae28ec10aad30b7f2e4ee4f3e1b;0x3c37dc9b5d4c60d404ec834987c106510d03442f;0x3e0da36dec1cb63bba37f7546e1d418f6dc8e9db;0x7484ce68438be6a0144b0041657270ce6bfff9de,ETH,W2D,0xf6de49c9fdb92fa6e7537784660189ca1ea766fcb0e51fc4a5da5a6ba770e53f,1770989951,1
0x000000000000fb114709235f1ccbffb925f600e4,0x147037f0d4805a7582c381424e1705b2f45cda89;0x1c0aa8ccd568d90d61659f060d1bfb1e6f855a20;0x2a407a15cbb71ae28ec10aad30b7f2e4ee4f3e1b;0x3c37dc9b5d4c60d404ec834987c106510d03442f;0x3e0da36dec1cb63bba37f7546e1d418f6dc8e9db;0x7484ce68438be6a0144b0041657270ce6bfff9de,ETH,W2D,0xf6df63564a6014fb919eb9e3b6dea0c9db1a05a4cd9e31da483aef661d0bd7e9,1774203827,1
0x000000000000fb114709235f1ccbffb925f600e4,0x147037f0d4805a7582c381424e1705b2f45cda89;0x1c0aa8ccd568d90d61659f060d1bfb1e6f855a20;0x2a407a15cbb71ae28ec10aad30b7f2e4ee4f3e1b;0x3c37dc9b5d4c60d404ec834987c106510d03442f;0x3e0da36dec1cb63bba37f7546e1d418f6dc8e9db;0x7484ce68438be6a0144b0041657270ce6bfff9de,ETH,W2D,0xf790213495ab437b49403bd048346490e83b153c67181d724f3859a818ff729d,1772871095,1
0x000000000000fb114709235f1ccbffb925f600e4,0x147037f0d4805a7582c381424e1705b2f45cda89;0x1c0aa8ccd568d90d61659f060d1bfb1e6f855a20;0x2a407a15cbb71ae28ec10aad30b7f2e4ee4f3e1b;0x3c37dc9b5d4c60d404ec834987c106510d03442f;0x3e0da36dec1cb63bba37f7546e1d418f6dc8e9db;0x7484ce68438be6a0144b0041657270ce6bfff9de,ETH,W2D,0xfa9ec682b1dc6ff3965db0e58f15a87118b9c7b6b6d1484a1b85643705c302e5,1776247451,1
0x000000000000fb114709235f1ccbffb925f600e4,0x147037f0d4805a7582c381424e1705b2f45cda89;0x1c0aa8ccd568d90d61659f060d1bfb1e6f855a20;0x2a407a15cbb71ae28ec10aad30b7f2e4ee4f3e1b;0x3c37dc9b5d4c60d404ec834987c106510d03442f;0x3e0da36dec1cb63bba37f7546e1d418f6dc8e9db;0x7484ce68438be6a0144b0041657270ce6bfff9de,ETH,W2D,0xfb686a52385ca9039c67018b4ea91ad8c8b7ea7158546155a97fa77f2edcb15b,1774346147,1
0x000000000000fb114709235f1ccbffb925f600e4,0x147037f0d4805a7582c381424e1705b2f45cda89;0x1c0aa8ccd568d90d61659f060d1bfb1e6f855a20;0x2a407a15cbb71ae28ec10aad30b7f2e4ee4f3e1b;0x3c37dc9b5d4c60d404ec834987c106510d03442f;0x3e0da36dec1cb63bba37f7546e1d418f6dc8e9db;0x7484ce68438be6a0144b0041657270ce6bfff9de,ETH,W2D,0xfb7f7d74e688a019551cd825eb86b86c99686c65858427163cae05dea00ef264,1776929003,1
0x000000000000fb114709235f1ccbffb925f600e4,0x147037f0d4805a7582c381424e1705b2f45cda89;0x1c0aa8ccd568d90d61659f060d1bfb1e6f855a20;0x2a407a15cbb71ae28ec10aad30b7f2e4ee4f3e1b;0x3c37dc9b5d4c60d404ec834987c106510d03442f;0x3e0da36dec1cb63bba37f7546e1d418f6dc8e9db;0x7484ce68438be6a0144b0041657270ce6bfff9de,ETH,D2W,0x001185872980b1d345da822ae65fa387107974c894aa1d41fd987b64a28dcc82,1771505087,1
0x000000000000fb114709235f1ccbffb925f600e4,0x147037f0d4805a7582c381424e1705b2f45cda89;0x1c0aa8ccd568d90d61659f060d1bfb1e6f855a20;0x2a407a15cbb71ae28ec10aad30b7f2e4ee4f3e1b;0x3c37dc9b5d4c60d404ec834987c106510d03442f;0x3e0da36dec1cb63bba37f7546e1d418f6dc8e9db;0x7484ce68438be6a0144b0041657270ce6bfff9de,ETH,D2W,0x0bfa1b89a40bf09b117f5a95d770a559b67324bf6ff6a8efdeaa900f99524a18,1771910447,1
0x000000000000fb114709235f1ccbffb925f600e4,0x147037f0d4805a7582c381424e1705b2f45cda89;0x1c0aa8ccd568d90d61659f060d1bfb1e6f855a20;0x2a407a15cbb71ae28ec10aad30b7f2e4ee4f3e1b;0x3c37dc9b5d4c60d404ec834987c106510d03442f;0x3e0da36dec1cb63bba37f7546e1d418f6dc8e9db;0x7484ce68438be6a0144b0041657270ce6bfff9de,ETH,D2W,0x1c96a9b6ccfc95ea134266e9ae05c35f70bb2f26f61a45e667af8be2af80565e,1771726739,1
0x000000000000fb114709235f1ccbffb925f600e4,0x147037f0d4805a7582c381424e1705b2f45cda89;0x1c0aa8ccd568d90d61659f060d1bfb1e6f855a20;0x2a407a15cbb71ae28ec10aad30b7f2e4ee4f3e1b;0x3c37dc9b5d4c60d404ec834987c106510d03442f;0x3e0da36dec1cb63bba37f7546e1d418f6dc8e9db;0x7484ce68438be6a0144b0041657270ce6bfff9de,ETH,D2W,0x26aa5cd45e53b3045cabafe97f41a3e6f48a918b9a57ff3836a95c02aae91b75,1774445891,1
0x000000000000fb114709235f1ccbffb925f600e4,0x147037f0d4805a7582c381424e1705b2f45cda89;0x1c0aa8ccd568d90d61659f060d1bfb1e6f855a20;0x2a407a15cbb71ae28ec10aad30b7f2e4ee4f3e1b;0x3c37dc9b5d4c60d404ec834987c106510d03442f;0x3e0da36dec1cb63bba37f7546e1d418f6dc8e9db;0x7484ce68438be6a0144b0041657270ce6bfff9de,ETH,D2W,0x5702304a1016971f3f4140f5f7dac547fad1076171c611ee46685766a8343165,1771448651,1
0x000000000000fb114709235f1ccbffb925f600e4,0x147037f0d4805a7582c381424e1705b2f45cda89;0x1c0aa8ccd568d90d61659f060d1bfb1e6f855a20;0x2a407a15cbb71ae28ec10aad30b7f2e4ee4f3e1b;0x3c37dc9b5d4c60d404ec834987c106510d03442f;0x3e0da36dec1cb63bba37f7546e1d418f6dc8e9db;0x7484ce68438be6a0144b0041657270ce6bfff9de,ETH,D2W,0x8994e08f4d06ebd39c604b1ce23bfa8195be8855df7b191fce35613660b4bdf4,1773389303,1
0x000000000000fb114709235f1ccbffb925f600e4,0x147037f0d4805a7582c381424e1705b2f45cda89;0x1c0aa8ccd568d90d61659f060d1bfb1e6f855a20;0x2a407a15cbb71ae28ec10aad30b7f2e4ee4f3e1b;0x3c37dc9b5d4c60d404ec834987c106510d03442f;0x3e0da36dec1cb63bba37f7546e1d418f6dc8e9db;0x7484ce68438be6a0144b0041657270ce6bfff9de,ETH,D2W,0x89dd20ec3f87df60fa2d4b9dba416ac070d30781686e5d29a7b2c9047bd9fa13,1771909451,1
0x000000000000fb114709235f1ccbffb925f600e4,0x147037f0d4805a7582c381424e1705b2f45cda89;0x1c0aa8ccd568d90d61659f060d1bfb1e6f855a20;0x2a407a15cbb71ae28ec10aad30b7f2e4ee4f3e1b;0x3c37dc9b5d4c60d404ec834987c106510d03442f;0x3e0da36dec1cb63bba37f7546e1d418f6dc8e9db;0x7484ce68438be6a0144b0041657270ce6bfff9de,ETH,D2W,0xae776d8969a7c33415860a7a864c001e7f34d43244a331a7a27cb269de3a7e3b,1774001051,1
0x000000000000fb114709235f1ccbffb925f600e4,0x147037f0d4805a7582c381424e1705b2f45cda89;0x1c0aa8ccd568d90d61659f060d1bfb1e6f855a20;0x2a407a15cbb71ae28ec10aad30b7f2e4ee4f3e1b;0x3c37dc9b5d4c60d404ec834987c106510d03442f;0x3e0da36dec1cb63bba37f7546e1d418f6dc8e9db;0x7484ce68438be6a0144b0041657270ce6bfff9de,ETH,D2W,0xb527b7a23817657b50d09477016f2c88f9260eb364faecad12cdf46e6d9fba61,1773552707,1
0x000000000000fb114709235f1ccbffb925f600e4,0x147037f0d4805a7582c381424e1705b2f45cda89;0x1c0aa8ccd568d90d61659f060d1bfb1e6f855a20;0x2a407a15cbb71ae28ec10aad30b7f2e4ee4f3e1b;0x3c37dc9b5d4c60d404ec834987c106510d03442f;0x3e0da36dec1cb63bba37f7546e1d418f6dc8e9db;0x7484ce68438be6a0144b0041657270ce6bfff9de,ETH,D2W,0xb56fbb14ad68c1fdeb2dc4ae242d4bfb6d234c7cec4baf931f53504952e2dcdc,1771697243,1
0x000000000000fb114709235f1ccbffb925f600e4,0x147037f0d4805a7582c381424e1705b2f45cda89;0x1c0aa8ccd568d90d61659f060d1bfb1e6f855a20;0x2a407a15cbb71ae28ec10aad30b7f2e4ee4f3e1b;0x3c37dc9b5d4c60d404ec834987c106510d03442f;0x3e0da36dec1cb63bba37f7546e1d418f6dc8e9db;0x7484ce68438be6a0144b0041657270ce6bfff9de,ETH,D2W,0xe9435f51149f0b9dd04d5083259f905866b97dc73f369c544a3a589c1dbe80e6,1772946011,1
0x000000000000fb114709235f1ccbffb925f600e4,0x147037f0d4805a7582c381424e1705b2f45cda89;0x1c0aa8ccd568d90d61659f060d1bfb1e6f855a20;0x2a407a15cbb71ae28ec10aad30b7f2e4ee4f3e1b;0x3c37dc9b5d4c60d404ec834987c106510d03442f;0x3e0da36dec1cb63bba37f7546e1d418f6dc8e9db;0x7484ce68438be6a0144b0041657270ce6bfff9de,ETH,D2W,0xf53dfae7375bc8f2b9bb03bc348d483abf94c29501d172cf57fcab5e234fdf62,1776331115,1
0x000000000000fb114709235f1ccbffb925f600e4,0x147037f0d4805a7582c381424e1705b2f45cda89;0x1c0aa8ccd568d90d61659f060d1bfb1e6f855a20;0x2a407a15cbb71ae28ec10aad30b7f2e4ee4f3e1b;0x3c37dc9b5d4c60d404ec834987c106510d03442f;0x3e0da36dec1cb63bba37f7546e1d418f6dc8e9db;0x7484ce68438be6a0144b0041657270ce6bfff9de,ETH,D2W,0xfb7f7d74e688a019551cd825eb86b86c99686c65858427163cae05dea00ef264,1776929003,1
0x000000000000fb114709235f1ccbffb925f600e4,0x147037f0d4805a7582c381424e1705b2f45cda89;0x1c0aa8ccd568d90d61659f060d1bfb1e6f855a20;0x2a407a15cbb71ae28ec10aad30b7f2e4ee4f3e1b;0x3c37dc9b5d4c60d404ec834987c106510d03442f;0x3e0da36dec1cb63bba37f7546e1d418f6dc8e9db;0x7484ce68438be6a0144b0041657270ce6bfff9de,ERC20,D2W,0x0bfa1b89a40bf09b117f5a95d770a559b67324bf6ff6a8efdeaa900f99524a18,1771910447,1
0x000000000000fb114709235f1ccbffb925f600e4,0x147037f0d4805a7582c381424e1705b2f45cda89;0x1c0aa8ccd568d90d61659f060d1bfb1e6f855a20;0x2a407a15cbb71ae28ec10aad30b7f2e4ee4f3e1b;0x3c37dc9b5d4c60d404ec834987c106510d03442f;0x3e0da36dec1cb63bba37f7546e1d418f6dc8e9db;0x7484ce68438be6a0144b0041657270ce6bfff9de,ERC20,D2W,0x241117341250ed8c9392aea4fc6a2376a086340688afa0fa03003bf781ab5ae1,1772043239,1
0x000000000000fb114709235f1ccbffb925f600e4,0x147037f0d4805a7582c381424e1705b2f45cda89;0x1c0aa8ccd568d90d61659f060d1bfb1e6f855a20;0x2a407a15cbb71ae28ec10aad30b7f2e4ee4f3e1b;0x3c37dc9b5d4c60d404ec834987c106510d03442f;0x3e0da36dec1cb63bba37f7546e1d418f6dc8e9db;0x7484ce68438be6a0144b0041657270ce6bfff9de,ERC20,D2W,0x24bd7079b39748150ac990c72d70c137a3cb76ebc3d6067cca481ef1bc415220,1771677791,1
0x000000000000fb114709235f1ccbffb925f600e4,0x147037f0d4805a7582c381424e1705b2f45cda89;0x1c0aa8ccd568d90d61659f060d1bfb1e6f855a20;0x2a407a15cbb71ae28ec10aad30b7f2e4ee4f3e1b;0x3c37dc9b5d4c60d404ec834987c106510d03442f;0x3e0da36dec1cb63bba37f7546e1d418f6dc8e9db;0x7484ce68438be6a0144b0041657270ce6bfff9de,ERC20,D2W,0x39d2ac6a099c7c6ec38183baaa86669140c8ec659ff21600671fa2ad343307c2,1771695431,1
0x000000000000fb114709235f1ccbffb925f600e4,0x147037f0d4805a7582c381424e1705b2f45cda89;0x1c0aa8ccd568d90d61659f060d1bfb1e6f855a20;0x2a407a15cbb71ae28ec10aad30b7f2e4ee4f3e1b;0x3c37dc9b5d4c60d404ec834987c106510d03442f;0x3e0da36dec1cb63bba37f7546e1d418f6dc8e9db;0x7484ce68438be6a0144b0041657270ce6bfff9de,ERC20,D2W,0x4f645e6fc9939550dc5628afd454cdbecf699da636f9b6eb8b8f55a395699395,1771098335,1
0x000000000000fb114709235f1ccbffb925f600e4,0x147037f0d4805a7582c381424e1705b2f45cda89;0x1c0aa8ccd568d90d61659f060d1bfb1e6f855a20;0x2a407a15cbb71ae28ec10aad30b7f2e4ee4f3e1b;0x3c37dc9b5d4c60d404ec834987c106510d03442f;0x3e0da36dec1cb63bba37f7546e1d418f6dc8e9db;0x7484ce68438be6a0144b0041657270ce6bfff9de,ERC20,D2W,0x6dbed7cf2639053f0e51680bbeb4f33bc91289079fda5a3bc022b91df4dffe76,1778149031,1
0x000000000000fb114709235f1ccbffb925f600e4,0x147037f0d4805a7582c381424e1705b2f45cda89;0x1c0aa8ccd568d90d61659f060d1bfb1e6f855a20;0x2a407a15cbb71ae28ec10aad30b7f2e4ee4f3e1b;0x3c37dc9b5d4c60d404ec834987c106510d03442f;0x3e0da36dec1cb63bba37f7546e1d418f6dc8e9db;0x7484ce68438be6a0144b0041657270ce6bfff9de,ERC20,D2W,0x89dd20ec3f87df60fa2d4b9dba416ac070d30781686e5d29a7b2c9047bd9fa13,1771909451,1
0x000000000000fb114709235f1ccbffb925f600e4,0x147037f0d4805a7582c381424e1705b2f45cda89;0x1c0aa8ccd568d90d61659f060d1bfb1e6f855a20;0x2a407a15cbb71ae28ec10aad30b7f2e4ee4f3e1b;0x3c37dc9b5d4c60d404ec834987c106510d03442f;0x3e0da36dec1cb63bba37f7546e1d418f6dc8e9db;0x7484ce68438be6a0144b0041657270ce6bfff9de,ERC20,D2W,0x9b6d831a588992fc68febb078fb45489b31ab195b9bcf20ec0a0d6a1abdbde4f,1778149163,1
0x000000000000fb114709235f1ccbffb925f600e4,0x147037f0d4805a7582c381424e1705b2f45cda89;0x1c0aa8ccd568d90d61659f060d1bfb1e6f855a20;0x2a407a15cbb71ae28ec10aad30b7f2e4ee4f3e1b;0x3c37dc9b5d4c60d404ec834987c106510d03442f;0x3e0da36dec1cb63bba37f7546e1d418f6dc8e9db;0x7484ce68438be6a0144b0041657270ce6bfff9de,ERC20,D2W,0xa8a4cadc2a9ef3fd61dd97414c16b692b8239a101ce63dbdb56d163acdd953eb,1771512719,1
0x000000000000fb114709235f1ccbffb925f600e4,0x147037f0d4805a7582c381424e1705b2f45cda89;0x1c0aa8ccd568d90d61659f060d1bfb1e6f855a20;0x2a407a15cbb71ae28ec10aad30b7f2e4ee4f3e1b;0x3c37dc9b5d4c60d404ec834987c106510d03442f;0x3e0da36dec1cb63bba37f7546e1d418f6dc8e9db;0x7484ce68438be6a0144b0041657270ce6bfff9de,ERC20,D2W,0xb89f32ccf4a20985bf3f99b0992436639a82a1daf2a34da6d088aca367c82cb1,1771514243,1
0x000000000000fb114709235f1ccbffb925f600e4,0x147037f0d4805a7582c381424e1705b2f45cda89;0x1c0aa8ccd568d90d61659f060d1bfb1e6f855a20;0x2a407a15cbb71ae28ec10aad30b7f2e4ee4f3e1b;0x3c37dc9b5d4c60d404ec834987c106510d03442f;0x3e0da36dec1cb63bba37f7546e1d418f6dc8e9db;0x7484ce68438be6a0144b0041657270ce6bfff9de,ERC20,D2W,0xcc065a3b4ea23e30956cfb3fe80b902155c8d310ee5de18bbd1b2075e60b9a62,1771102655,1
0x000000000000fb114709235f1ccbffb925f600e4,0x147037f0d4805a7582c381424e1705b2f45cda89;0x1c0aa8ccd568d90d61659f060d1bfb1e6f855a20;0x2a407a15cbb71ae28ec10aad30b7f2e4ee4f3e1b;0x3c37dc9b5d4c60d404ec834987c106510d03442f;0x3e0da36dec1cb63bba37f7546e1d418f6dc8e9db;0x7484ce68438be6a0144b0041657270ce6bfff9de,ERC20,D2W,0xd8c8bc51a27a1e048e85a5bf06691de04427d46b691064afd098c3bc05560f73,1771531931,1
0x000000000000fb114709235f1ccbffb925f600e4,0x147037f0d4805a7582c381424e1705b2f45cda89;0x1c0aa8ccd568d90d61659f060d1bfb1e6f855a20;0x2a407a15cbb71ae28ec10aad30b7f2e4ee4f3e1b;0x3c37dc9b5d4c60d404ec834987c106510d03442f;0x3e0da36dec1cb63bba37f7546e1d418f6dc8e9db;0x7484ce68438be6a0144b0041657270ce6bfff9de,ERC20,D2W,0xd9072434f55a368589a924182a191968aaa1fbad5f6afc9e73db2c754579a8c2,1771677035,1
0x000000000000fb114709235f1ccbffb925f600e4,0x147037f0d4805a7582c381424e1705b2f45cda89;0x1c0aa8ccd568d90d61659f060d1bfb1e6f855a20;0x2a407a15cbb71ae28ec10aad30b7f2e4ee4f3e1b;0x3c37dc9b5d4c60d404ec834987c106510d03442f;0x3e0da36dec1cb63bba37f7546e1d418f6dc8e9db;0x7484ce68438be6a0144b0041657270ce6bfff9de,ERC20,D2W,0xe1dd44168b843aa61417f8fdd5dea8a10320463f24b37710f30a0626bc6db03c,1771677623,1
0x000000000000fb114709235f1ccbffb925f600e4,0x147037f0d4805a7582c381424e1705b2f45cda89;0x1c0aa8ccd568d90d61659f060d1bfb1e6f855a20;0x2a407a15cbb71ae28ec10aad30b7f2e4ee4f3e1b;0x3c37dc9b5d4c60d404ec834987c106510d03442f;0x3e0da36dec1cb63bba37f7546e1d418f6dc8e9db;0x7484ce68438be6a0144b0041657270ce6bfff9de,ERC20,D2W,0xe9435f51149f0b9dd04d5083259f905866b97dc73f369c544a3a589c1dbe80e6,1772946011,1
0x000000000000fb114709235f1ccbffb925f600e4,0x147037f0d4805a7582c381424e1705b2f45cda89;0x1c0aa8ccd568d90d61659f060d1bfb1e6f855a20;0x2a407a15cbb71ae28ec10aad30b7f2e4ee4f3e1b;0x3c37dc9b5d4c60d404ec834987c106510d03442f;0x3e0da36dec1cb63bba37f7546e1d418f6dc8e9db;0x7484ce68438be6a0144b0041657270ce6bfff9de,ERC20,D2W,0xf53dfae7375bc8f2b9bb03bc348d483abf94c29501d172cf57fcab5e234fdf62,1776331115,1
0x000000000000fb114709235f1ccbffb925f600e4,0x147037f0d4805a7582c381424e1705b2f45cda89;0x1c0aa8ccd568d90d61659f060d1bfb1e6f855a20;0x2a407a15cbb71ae28ec10aad30b7f2e4ee4f3e1b;0x3c37dc9b5d4c60d404ec834987c106510d03442f;0x3e0da36dec1cb63bba37f7546e1d418f6dc8e9db;0x7484ce68438be6a0144b0041657270ce6bfff9de,ERC20,W2D,0x02b0cd3d5666198cc3340a4c0c6d459428f8795864cc0c7268ba7da0010e85b7,1776579491,1
0x000000000000fb114709235f1ccbffb925f600e4,0x147037f0d4805a7582c381424e1705b2f45cda89;0x1c0aa8ccd568d90d61659f060d1bfb1e6f855a20;0x2a407a15cbb71ae28ec10aad30b7f2e4ee4f3e1b;0x3c37dc9b5d4c60d404ec834987c106510d03442f;0x3e0da36dec1cb63bba37f7546e1d418f6dc8e9db;0x7484ce68438be6a0144b0041657270ce6bfff9de,ERC20,W2D,0x0320a903945b7541ede48d90533fc9ba4f0ef34f36226f00eaf0dbefc35ac462,1774866887,1
0x000000000000fb114709235f1ccbffb925f600e4,0x147037f0d4805a7582c381424e1705b2f45cda89;0x1c0aa8ccd568d90d61659f060d1bfb1e6f855a20;0x2a407a15cbb71ae28ec10aad30b7f2e4ee4f3e1b;0x3c37dc9b5d4c60d404ec834987c106510d03442f;0x3e0da36dec1cb63bba37f7546e1d418f6dc8e9db;0x7484ce68438be6a0144b0041657270ce6bfff9de,ERC20,W2D,0x241117341250ed8c9392aea4fc6a2376a086340688afa0fa03003bf781ab5ae1,1772043239,1
0x000000000000fb114709235f1ccbffb925f600e4,0x147037f0d4805a7582c381424e1705b2f45cda89;0x1c0aa8ccd568d90d61659f060d1bfb1e6f855a20;0x2a407a15cbb71ae28ec10aad30b7f2e4ee4f3e1b;0x3c37dc9b5d4c60d404ec834987c106510d03442f;0x3e0da36dec1cb63bba37f7546e1d418f6dc8e9db;0x7484ce68438be6a0144b0041657270ce6bfff9de,ERC20,W2D,0x26aa5cd45e53b3045cabafe97f41a3e6f48a918b9a57ff3836a95c02aae91b75,1774445891,1
0x000000000000fb114709235f1ccbffb925f600e4,0x147037f0d4805a7582c381424e1705b2f45cda89;0x1c0aa8ccd568d90d61659f060d1bfb1e6f855a20;0x2a407a15cbb71ae28ec10aad30b7f2e4ee4f3e1b;0x3c37dc9b5d4c60d404ec834987c106510d03442f;0x3e0da36dec1cb63bba37f7546e1d418f6dc8e9db;0x7484ce68438be6a0144b0041657270ce6bfff9de,ERC20,W2D,0x2bd6ea2300d9b9e2a9fa455ce396f46492cd9b5c73b8d476341ccde7e4588b2f,1774062155,1
0x000000000000fb114709235f1ccbffb925f600e4,0x147037f0d4805a7582c381424e1705b2f45cda89;0x1c0aa8ccd568d90d61659f060d1bfb1e6f855a20;0x2a407a15cbb71ae28ec10aad30b7f2e4ee4f3e1b;0x3c37dc9b5d4c60d404ec834987c106510d03442f;0x3e0da36dec1cb63bba37f7546e1d418f6dc8e9db;0x7484ce68438be6a0144b0041657270ce6bfff9de,ERC20,W2D,0x2e61251575cec59ab61967fc87ec7cce17275bc12b59468ec9ed3ca57738ab91,1774445315,1
0x000000000000fb114709235f1ccbffb925f600e4,0x147037f0d4805a7582c381424e1705b2f45cda89;0x1c0aa8ccd568d90d61659f060d1bfb1e6f855a20;0x2a407a15cbb71ae28ec10aad30b7f2e4ee4f3e1b;0x3c37dc9b5d4c60d404ec834987c106510d03442f;0x3e0da36dec1cb63bba37f7546e1d418f6dc8e9db;0x7484ce68438be6a0144b0041657270ce6bfff9de,ERC20,W2D,0x393105545396daf1363b27d96c89ffda26024e8660df836b2a46a895541a6867,1774162787,1
0x000000000000fb114709235f1ccbffb925f600e4,0x147037f0d4805a7582c381424e1705b2f45cda89;0x1c0aa8ccd568d90d61659f060d1bfb1e6f855a20;0x2a407a15cbb71ae28ec10aad30b7f2e4ee4f3e1b;0x3c37dc9b5d4c60d404ec834987c106510d03442f;0x3e0da36dec1cb63bba37f7546e1d418f6dc8e9db;0x7484ce68438be6a0144b0041657270ce6bfff9de,ERC20,W2D,0x3e4d92f968bcc5284ec1fd8288c479612e344e4b1c7143581c00a00b220299e8,1776880379,1
0x000000000000fb114709235f1ccbffb925f600e4,0x147037f0d4805a7582c381424e1705b2f45cda89;0x1c0aa8ccd568d90d61659f060d1bfb1e6f855a20;0x2a407a15cbb71ae28ec10aad30b7f2e4ee4f3e1b;0x3c37dc9b5d4c60d404ec834987c106510d03442f;0x3e0da36dec1cb63bba37f7546e1d418f6dc8e9db;0x7484ce68438be6a0144b0041657270ce6bfff9de,ERC20,W2D,0x41d532271aba98556eed4c6f39f3aefabf162f7154c466ac761b361812f8d269,1774088459,1
0x000000000000fb114709235f1ccbffb925f600e4,0x147037f0d4805a7582c381424e1705b2f45cda89;0x1c0aa8ccd568d90d61659f060d1bfb1e6f855a20;0x2a407a15cbb71ae28ec10aad30b7f2e4ee4f3e1b;0x3c37dc9b5d4c60d404ec834987c106510d03442f;0x3e0da36dec1cb63bba37f7546e1d418f6dc8e9db;0x7484ce68438be6a0144b0041657270ce6bfff9de,ERC20,W2D,0x47fc359512e4a59d2d8d237ccb5d7992a5b06222519722aefd4d60fd31079c68,1774596335,1
0x000000000000fb114709235f1ccbffb925f600e4,0x147037f0d4805a7582c381424e1705b2f45cda89;0x1c0aa8ccd568d90d61659f060d1bfb1e6f855a20;0x2a407a15cbb71ae28ec10aad30b7f2e4ee4f3e1b;0x3c37dc9b5d4c60d404ec834987c106510d03442f;0x3e0da36dec1cb63bba37f7546e1d418f6dc8e9db;0x7484ce68438be6a0144b0041657270ce6bfff9de,ERC20,W2D,0x5352561cfaa2002388183adf916a9f96418978d981f97906ddd40bf8adb0c043,1775373983,1
0x000000000000fb114709235f1ccbffb925f600e4,0x147037f0d4805a7582c381424e1705b2f45cda89;0x1c0aa8ccd568d90d61659f060d1bfb1e6f855a20;0x2a407a15cbb71ae28ec10aad30b7f2e4ee4f3e1b;0x3c37dc9b5d4c60d404ec834987c106510d03442f;0x3e0da36dec1cb63bba37f7546e1d418f6dc8e9db;0x7484ce68438be6a0144b0041657270ce6bfff9de,ERC20,W2D,0x5c7c5602752ed3bdaf9294d0faf17078bfa00518f85a1963276e0bc6a91ab6d0,1774248995,1
0x000000000000fb114709235f1ccbffb925f600e4,0x147037f0d4805a7582c381424e1705b2f45cda89;0x1c0aa8ccd568d90d61659f060d1bfb1e6f855a20;0x2a407a15cbb71ae28ec10aad30b7f2e4ee4f3e1b;0x3c37dc9b5d4c60d404ec834987c106510d03442f;0x3e0da36dec1cb63bba37f7546e1d418f6dc8e9db;0x7484ce68438be6a0144b0041657270ce6bfff9de,ERC20,W2D,0x890a995a0caa6b75d234962762b187cf51b57112a7d9c156af7fedcf2cf5efde,1774015739,1
0x000000000000fb114709235f1ccbffb925f600e4,0x147037f0d4805a7582c381424e1705b2f45cda89;0x1c0aa8ccd568d90d61659f060d1bfb1e6f855a20;0x2a407a15cbb71ae28ec10aad30b7f2e4ee4f3e1b;0x3c37dc9b5d4c60d404ec834987c106510d03442f;0x3e0da36dec1cb63bba37f7546e1d418f6dc8e9db;0x7484ce68438be6a0144b0041657270ce6bfff9de,ERC20,W2D,0xb89f32ccf4a20985bf3f99b0992436639a82a1daf2a34da6d088aca367c82cb1,1771514243,1
0x000000000000fb114709235f1ccbffb925f600e4,0x147037f0d4805a7582c381424e1705b2f45cda89;0x1c0aa8ccd568d90d61659f060d1bfb1e6f855a20;0x2a407a15cbb71ae28ec10aad30b7f2e4ee4f3e1b;0x3c37dc9b5d4c60d404ec834987c106510d03442f;0x3e0da36dec1cb63bba37f7546e1d418f6dc8e9db;0x7484ce68438be6a0144b0041657270ce6bfff9de,ERC20,W2D,0xc65b3b06dd2b0477a439d667ef8dfd0a65675501ffa631a6a75062d5aaf80c7b,1774030739,1
0x000000000000fb114709235f1ccbffb925f600e4,0x147037f0d4805a7582c381424e1705b2f45cda89;0x1c0aa8ccd568d90d61659f060d1bfb1e6f855a20;0x2a407a15cbb71ae28ec10aad30b7f2e4ee4f3e1b;0x3c37dc9b5d4c60d404ec834987c106510d03442f;0x3e0da36dec1cb63bba37f7546e1d418f6dc8e9db;0x7484ce68438be6a0144b0041657270ce6bfff9de,ERC20,W2D,0xf6df63564a6014fb919eb9e3b6dea0c9db1a05a4cd9e31da483aef661d0bd7e9,1774203827,1
0xe6820e5e57bed63ca73723627c05f4903bc526ab,0xe8453165d13ed375216e5afbe6700d18039eeaf3,ETH,W2D,0x3a91d6634b8211d96e654317997dffbdf5cff4a643f204cdf768e63c7867c16e,1769891039,1
0x609fb8f19b28a76f12557a235c3e88f621267c36,0x1f4fe25cf802a0605229e0dc497aaf653e86e187;0x3299be89e5180d15dc4a68f3cbc395044eba8946;0x5da8bc41e383a56647c079564a175a0aed06e03e;0xf0f062d389e926a8caa8f3fe95189038b741333b,ETH,D2W,0x1258a9381c56278e4f4cf096a00a42795d1a0100fe0a49170adf6e0250fea14e,1650286934,0
0x609fb8f19b28a76f12557a235c3e88f621267c36,0x1f4fe25cf802a0605229e0dc497aaf653e86e187;0x3299be89e5180d15dc4a68f3cbc395044eba8946;0x5da8bc41e383a56647c079564a175a0aed06e03e;0xf0f062d389e926a8caa8f3fe95189038b741333b,ETH,D2W,0x1288687764c8843a7538f2f8c9d5f5463c3d9d4a3797eb2394c555e652e8b119,1743524819,1
0x609fb8f19b28a76f12557a235c3e88f621267c36,0x1f4fe25cf802a0605229e0dc497aaf653e86e187;0x3299be89e5180d15dc4a68f3cbc395044eba8946;0x5da8bc41e383a56647c079564a175a0aed06e03e;0xf0f062d389e926a8caa8f3fe95189038b741333b,ETH,D2W,0x3bcbae611a0c96d8462aa7d6d811cfc52fd7a4105eea264f8a0fad36470f3c52,1743422399,1
0x609fb8f19b28a76f12557a235c3e88f621267c36,0x1f4fe25cf802a0605229e0dc497aaf653e86e187;0x3299be89e5180d15dc4a68f3cbc395044eba8946;0x5da8bc41e383a56647c079564a175a0aed06e03e;0xf0f062d389e926a8caa8f3fe95189038b741333b,ETH,D2W,0x7660fc935df2c96b98de3592b06e2e00826492324bcd015b7201646b274be79b,1646000820,0
0x609fb8f19b28a76f12557a235c3e88f621267c36,0x1f4fe25cf802a0605229e0dc497aaf653e86e187;0x3299be89e5180d15dc4a68f3cbc395044eba8946;0x5da8bc41e383a56647c079564a175a0aed06e03e;0xf0f062d389e926a8caa8f3fe95189038b741333b,ETH,D2W,0xd6c142854c05b53f6499c9ada6babc4a5d105bf12dfc1c2a84d0fd3934534e81,1762440671,1
0x609fb8f19b28a76f12557a235c3e88f621267c36,0x1f4fe25cf802a0605229e0dc497aaf653e86e187;0x3299be89e5180d15dc4a68f3cbc395044eba8946;0x5da8bc41e383a56647c079564a175a0aed06e03e;0xf0f062d389e926a8caa8f3fe95189038b741333b,ETH,W2D,0x97b5faf86b089ab43ddf0651f3aed81a68569f0d64a07c1acb5fd06daef24077,1743432275,1
0x609fb8f19b28a76f12557a235c3e88f621267c36,0x1f4fe25cf802a0605229e0dc497aaf653e86e187;0x3299be89e5180d15dc4a68f3cbc395044eba8946;0x5da8bc41e383a56647c079564a175a0aed06e03e;0xf0f062d389e926a8caa8f3fe95189038b741333b,ETH,W2D,0x9a72416adb866f49fdd8ccd12398b0078e89d212ad65acd7895216fc000305a4,1712350247,1
0x609fb8f19b28a76f12557a235c3e88f621267c36,0x1f4fe25cf802a0605229e0dc497aaf653e86e187;0x3299be89e5180d15dc4a68f3cbc395044eba8946;0x5da8bc41e383a56647c079564a175a0aed06e03e;0xf0f062d389e926a8caa8f3fe95189038b741333b,ETH,W2D,0xb2c9cbea5487855f98797210ebc1df4ceef2e1b64a8aa7f4fa1b2297e2295c51,1752778355,1
0x609fb8f19b28a76f12557a235c3e88f621267c36,0x1f4fe25cf802a0605229e0dc497aaf653e86e187;0x3299be89e5180d15dc4a68f3cbc395044eba8946;0x5da8bc41e383a56647c079564a175a0aed06e03e;0xf0f062d389e926a8caa8f3fe95189038b741333b,ERC20,W2D,0x117badd5f0159b84827e0e60c06b9d11ce92fd02abe9e91e645799156fd450d2,1712350211,1
0x609fb8f19b28a76f12557a235c3e88f621267c36,0x1f4fe25cf802a0605229e0dc497aaf653e86e187;0x3299be89e5180d15dc4a68f3cbc395044eba8946;0x5da8bc41e383a56647c079564a175a0aed06e03e;0xf0f062d389e926a8caa8f3fe95189038b741333b,ERC20,W2D,0x8727982d7947846ca62017323201c5628f93f0121e126ea7e901e6b6ae91818e,1752777623,1
0x16c0a9c9967d8e860bf84596769ef513dd6f2094,0xf607f6b9d2ec29bcfb137ade9bc172e90c04fd17,ETH,D2W,0xecf7cc4ec09553e9259787271f5bd146c4003719ee4f5d32a7d0f46161aeff19,1771012223,1
0x7a22e9f2cc7c6aff8b9c6b6ed7c34cc46fa0f907,0x37219a6e8c58415dcc6d78bbac5e27f616d3a3fd,ETH,D2W,0x91057af87b7c4d5f2a5dae72e74c9e3c662fc61702bd89febe011b34b9161ca8,1720862327,1
0x5cd6eb97dea47ab560e0884f6023b2e06da0b6a2,0x5b32ea1bcee29fde609d777dd04b61b4da8a0ed1;0x9d814bbf307ca88a268c48d42507c1f9a7987bef,ETH,D2W,0x3cdbc42a4b9215384f824cf3e16e667edb751f3e8261f7fda2551f3ae204a8c1,1720846691,1
0x5cd6eb97dea47ab560e0884f6023b2e06da0b6a2,0x5b32ea1bcee29fde609d777dd04b61b4da8a0ed1;0x9d814bbf307ca88a268c48d42507c1f9a7987bef,ETH,D2W,0x8c9266dc635a3df211dfe78bbe4f860a96a23722f462cea35e4e17a8a10563cc,1691910251,1
0x3c5aac016ef2f178e8699d6208796a2d67557fe2,0x1c0aa8ccd568d90d61659f060d1bfb1e6f855a20,ERC20,W2D,0xcc82c632239da9aff1e267c0119801535b6d0fb61c02471d6dac4cf80477e7b8,1607031840,0
0xe2ec44f28989253d621547b1216a8a07a2b0264d,0x8a7c8abbed2e1dfb4832152d9fcaab3d9ee3af18,ETH,W2D,0x34a4273ab0237953bd192131eb1d7d94f7b46233cb5862a42a7fd88bb8a71828,1770265367,1
0x20a690167060542efff10a947958286c31c7ff41,0xf607f6b9d2ec29bcfb137ade9bc172e90c04fd17,ETH,W2D,0x7274d4d40b0a7cc30341c2287a8e6d8f02becd5ddab71492e02ad9fbaecfc76d,1662743290,0
0x417fed6f9034a166b05e493bde74fb99ab1c9fb2,0xc979f2a886cb9a91a4135492a1f6af8dae7253cc,ETH,W2D,0x6460d5b97f553e04886f4c102730401f6da20c8c422f0ab1c8ca24b74f3cd6f9,1769906015,1
0x417fed6f9034a166b05e493bde74fb99ab1c9fb2,0xc979f2a886cb9a91a4135492a1f6af8dae7253cc,ERC20,W2D,0x8c822d73734fa279e10ecb5271629e9b81e8606b018d3f9315d5191444a4389d,1769905955,1
0x75c3bd15d22f8a1d31ed3be3498bb8fb6c0ceb09,0xa8b67ef7de304ef9f8d0f261d98c1e3068f24057,ETH,D2W,0x36755fc4b0b3018a90130f87caa315cc3b10395cc4209dbb7602d5f79d5a25ce,1774606439,1
0x75c3bd15d22f8a1d31ed3be3498bb8fb6c0ceb09,0xa8b67ef7de304ef9f8d0f261d98c1e3068f24057,ETH,D2W,0xb164bf1f644c55435e6100efef9d5a46df0b6aab9af052812772d998dc667ead,1769622059,1
0x75c3bd15d22f8a1d31ed3be3498bb8fb6c0ceb09,0xa8b67ef7de304ef9f8d0f261d98c1e3068f24057,ETH,D2W,0xb6ab2e53d8825bd8182acd0d13fab70082093272b66d387e7ca8224780c91254,1785748775,1
0x75c3bd15d22f8a1d31ed3be3498bb8fb6c0ceb09,0xa8b67ef7de304ef9f8d0f261d98c1e3068f24057,ETH,W2D,0xb164bf1f644c55435e6100efef9d5a46df0b6aab9af052812772d998dc667ead,1769622059,1
0x75c3bd15d22f8a1d31ed3be3498bb8fb6c0ceb09,0xa8b67ef7de304ef9f8d0f261d98c1e3068f24057,ETH,W2D,0xe44f2f025189c4bb8601ba085b97dc22d01d2a14f71811c32ad3886c1e934a65,1780548719,1
0xcebcfdac0291fe33374783fa4c422ef85599a446,0x5b32ea1bcee29fde609d777dd04b61b4da8a0ed1;0x5ccc895ef278cb5bd8ac76b4c1e3ff4816b710a4;0x9300583051ce99b0e7dc9bafe76b3c508750e944;0xb336bf27c82584023cc1f608bd33e29011357b77;0xde9c7e01a1e16fc8736d6d073df455ab50053e5b,ETH,W2D,0x34fafd66145d92a9e60da913de59d2bb6df283db837380dcaa8e97edb72c29da,1769508023,1
0xcebcfdac0291fe33374783fa4c422ef85599a446,0x5b32ea1bcee29fde609d777dd04b61b4da8a0ed1;0x5ccc895ef278cb5bd8ac76b4c1e3ff4816b710a4;0x9300583051ce99b0e7dc9bafe76b3c508750e944;0xb336bf27c82584023cc1f608bd33e29011357b77;0xde9c7e01a1e16fc8736d6d073df455ab50053e5b,ETH,W2D,0xa8748d7cdbb2625be4517d85539d0a07a0152cea86a2dc04544184b62b83aa83,1680972131,1
0xcebcfdac0291fe33374783fa4c422ef85599a446,0x5b32ea1bcee29fde609d777dd04b61b4da8a0ed1;0x5ccc895ef278cb5bd8ac76b4c1e3ff4816b710a4;0x9300583051ce99b0e7dc9bafe76b3c508750e944;0xb336bf27c82584023cc1f608bd33e29011357b77;0xde9c7e01a1e16fc8736d6d073df455ab50053e5b,ETH,D2W,0x5fa5668ec583e1b4eaee170fd4b0691cf2886d5d5461fd7e576861d88bf3c91e,1690094087,1
0xcebcfdac0291fe33374783fa4c422ef85599a446,0x5b32ea1bcee29fde609d777dd04b61b4da8a0ed1;0x5ccc895ef278cb5bd8ac76b4c1e3ff4816b710a4;0x9300583051ce99b0e7dc9bafe76b3c508750e944;0xb336bf27c82584023cc1f608bd33e29011357b77;0xde9c7e01a1e16fc8736d6d073df455ab50053e5b,ETH,D2W,0xb40942cd97b3ed72d294c6d237f9fc9d5480790a0dc04c66116402f9cee1b976,1690094027,1
0xcebcfdac0291fe33374783fa4c422ef85599a446,0x5b32ea1bcee29fde609d777dd04b61b4da8a0ed1;0x5ccc895ef278cb5bd8ac76b4c1e3ff4816b710a4;0x9300583051ce99b0e7dc9bafe76b3c508750e944;0xb336bf27c82584023cc1f608bd33e29011357b77;0xde9c7e01a1e16fc8736d6d073df455ab50053e5b,ETH,D2W,0xd487c601ddb1e26a6c102cec8eeba3778384df96343f6cb0d2081e6b450f65cb,1685868647,1
0xcebcfdac0291fe33374783fa4c422ef85599a446,0x5b32ea1bcee29fde609d777dd04b61b4da8a0ed1;0x5ccc895ef278cb5bd8ac76b4c1e3ff4816b710a4;0x9300583051ce99b0e7dc9bafe76b3c508750e944;0xb336bf27c82584023cc1f608bd33e29011357b77;0xde9c7e01a1e16fc8736d6d073df455ab50053e5b,ETH,D2W,0xed03fd3e6d52a994f3fcf6a8055d0c50e60becc48ae22560cfd63683c58a710e,1690094111,1
0xb9b53b225c5225223dd58dcef0d7a39230c426ec,0x0850def76407df8ad9f80c5aba26de964aa4a6e5;0x9300583051ce99b0e7dc9bafe76b3c508750e944,ETH,W2D,0xd7f710b9b53ed6cd5c50ed3d7cfc78e02a72ca8b3400c8271773e957ea5dbff5,1769508083,1
0xb9b53b225c5225223dd58dcef0d7a39230c426ec,0x0850def76407df8ad9f80c5aba26de964aa4a6e5;0x9300583051ce99b0e7dc9bafe76b3c508750e944,ETH,W2D,0xed8cb681def5029fe16493e387fd77dba72c40c81775e10ab385b229fa78aded,1729653563,1
0x9f61c9c69569346c897ef75d8a472d08a4dfb4f4,0xbd9311d459fdf9109651b088e9a06bc962880c0f,ETH,D2W,0x98f289eb2f64241198c44db68579e2cb615c0e4daedbdefc34ae4fc2f64fb1ec,1771593347,1
0x65f01844ae141d48ca364f13d5bb9a99be8e70d3,0x3564ee6ebcf696c5e9850d518ce59a8d699224d1,ETH,W2D,0x1768c722896694ac36a45687625147b21ce36b6dab4e7bd98a1541bd445333df,1769150603,1
0x65f01844ae141d48ca364f13d5bb9a99be8e70d3,0x3564ee6ebcf696c5e9850d518ce59a8d699224d1,ETH,W2D,0x60f53e50f59ee83ad71b93ab6a166b01605481e3da42cae768ff1f4a0ea17300,1769151671,1
0xe6848f956b659ceb3d1af013e9bdba8b3c437c44,0x0f1936495f638d79c0cae8516628fc6b9600b82b,ETH,W2D,0x859c4af7c9b6d93a16d7a7492acd0891d393bc727294b3321033ab38b694e819,1770318635,1
0xcfad0c4debd28dad5098940b66281c8098458dc4,0x2843df91df16e9b5beea7b6629684ba8b6b9e8dc;0x6c5816afbe2c0cda91742651e3bb63f80d25a59c,ETH,D2W,0x14dd576f9b57fbf5fde8a75c9dde7786150126e61442db48e92243d043370aab,1761616847,1
0xcfad0c4debd28dad5098940b66281c8098458dc4,0x2843df91df16e9b5beea7b6629684ba8b6b9e8dc;0x6c5816afbe2c0cda91742651e3bb63f80d25a59c,ETH,D2W,0xcd1be2f0c6a4ea12a303ab99164868c420803ff1eeb914f0405cf30c66be4927,1772060687,1
0xcfad0c4debd28dad5098940b66281c8098458dc4,0x2843df91df16e9b5beea7b6629684ba8b6b9e8dc;0x6c5816afbe2c0cda91742651e3bb63f80d25a59c,ETH,D2W,0xdde25dd2150ab46845fed8caaaf65f0289d6ec677f03aa1f88e233bc2a3fc61c,1759355183,1
0x11ed089a9715adb1e294a73f4e8c40a7a455b6d3,0xebb37320d558fa7794b665922ee5fa3d7a43e3af,ETH,D2W,0x5d9b7c87649f14518f75df4f538b8364669513db8829669f7b338c242231249a,1769880683,1
0x11ed089a9715adb1e294a73f4e8c40a7a455b6d3,0xebb37320d558fa7794b665922ee5fa3d7a43e3af,ETH,D2W,0xe3c01c74bb443212005f16bd04f32d46a6b98a0218446134e301525ff7011764,1772034071,1
0x11ed089a9715adb1e294a73f4e8c40a7a455b6d3,0xebb37320d558fa7794b665922ee5fa3d7a43e3af,ERC20,W2D,0x5ec532aac27bca810ad887033da723d8604e02fd1138cb54867ca10719649879,1772034347,1
0x981e7512e87d2f7228d3f03b65950eb6a1b21bac,0x75c9623b2e3b9c143021762d918740f1a4010c2c,ERC20,W2D,0x2ddc830bf10b929fedcb958e8dc25a67a548b910b4089fa96ce3a79496a623f4,1776787391,1
0x981e7512e87d2f7228d3f03b65950eb6a1b21bac,0x75c9623b2e3b9c143021762d918740f1a4010c2c,ERC20,W2D,0x9ce8f1d9b87ac0dadc470a1a3f5761fba8ee8858b95b196d6cc9756e373ebe53,1776790895,1
0xaf0f557a9a7e84bdd02adbc14962df2789d95d4e,0x95fd98bdd08304f065548e4cfe9dfdfa2b1896c3,ERC20,W2D,0x7fd2199bf27ec823b485194df836e7e293ccde7eaa4bd9759a9e70ac8665fa61,1768080035,1
0x7b1906017f42ea75cdc7002645735e8dc21dc021,0xd64a308b7dba2baac6d5ae0ce826a5ef7e359a71,ETH,W2D,0x2ef2b34032a129559f16aabf394ee9441672af49634a5bd8d54d9d7a21d01cd5,1768029347,1
0x7b1906017f42ea75cdc7002645735e8dc21dc021,0xd64a308b7dba2baac6d5ae0ce826a5ef7e359a71,ETH,W2D,0xa8fa149b931c78802276eab90571b8a85efe2bf1cb6c9773aa9f9d6e1ccfcba4,1768948031,1
0x7b1906017f42ea75cdc7002645735e8dc21dc021,0xd64a308b7dba2baac6d5ae0ce826a5ef7e359a71,ETH,D2W,0xbf025d224fb3ac9d8c195ae88096b340d3241bdd33783ba82725398a56779ddc,1769208575,1
0xe0fc323e27383142c7b5aa6ff643e7fdad28b093,0x3516006709b775e01b48dfb5fad355a4e793e347,ERC20,W2D,0xd0c0ad31e861c1fc83407f7a2e38fb862e84cd52354fdfa1e1e3f990cc5f2509,1776465011,1
0xbe440d2ec05c4a66b1cc5a4b6ee29ebe945a72e4,0x9b96ec7848e67b7f706044cbb1687468a829f883,ETH,D2W,0xf2203dbafe6898a297f238b0542d8df175185813a568727618c3e4d86bf54732,1768480667,1
0xbe440d2ec05c4a66b1cc5a4b6ee29ebe945a72e4,0x9b96ec7848e67b7f706044cbb1687468a829f883,ERC20,D2W,0x54612c65acfa7ce26e81aac88a54dead0232244712b65ca1b09f752bb928763e,1768397123,1
0x46f2ade9d359e19c7edfdf99289f2d8f16f66872,0x73c9d6a8df43b49d2a4bd3cb941bf2ecffe54f77,ETH,W2D,0x59638fc536a48d02f6a7f1aab9eca8bda89795b6ee3a94c068d96860502048ab,1762864763,1
0x46f2ade9d359e19c7edfdf99289f2d8f16f66872,0x73c9d6a8df43b49d2a4bd3cb941bf2ecffe54f77,ERC20,D2W,0x364207cde9952dd4ede8853626b2e250532ea79f4ca99471870cb578bfb0bddd,1751545835,1
0x46f2ade9d359e19c7edfdf99289f2d8f16f66872,0x73c9d6a8df43b49d2a4bd3cb941bf2ecffe54f77,ERC20,W2D,0x7a74c00e6c16992b6549082283638923498ea5d08eb3c13c5b9147bbed0244d0,1755184583,1
0x9bb9f31abe979bb541a1d15cf48e9082845ef25d,0x83628c2a8c534387067e41bc4725913c2dfd72e0,ETH,W2D,0x03e886c5ebcc53fb6faa31b1826fb469f1e0ec2e012907072f7a17f67b934d92,1766305751,1
0xac0e9e5c1f28a6bbcb717fd38d3f3e078ece2697,0xe7be66d0d4081d88a0676a4246d0e973dd456a8d,ETH,W2D,0x99a580b4184b432db3e336b2583723a167246a1a2b1c6e44ab10fb70bb91a58d,1765583807,1
0xe18b3f9f635be661253c076aca15b517408c9b4c,0x91d0ccca243695fcd106a032884f5cbb2f5573f3;0xea8604ac433291f363304c5dd4352d9b9899d2bc,ETH,D2W,0x40b8aeba1156cf2582f3a36fca062f5e7c5a728fe1275ee27670e60d79c5c485,1769519303,1
0xe18b3f9f635be661253c076aca15b517408c9b4c,0x91d0ccca243695fcd106a032884f5cbb2f5573f3;0xea8604ac433291f363304c5dd4352d9b9899d2bc,ETH,D2W,0x5f54da5381ae38321cb88e4e9404f1ec51245a38d8a88c2ab10994b147fdeb93,1764072923,1
0xe18b3f9f635be661253c076aca15b517408c9b4c,0x91d0ccca243695fcd106a032884f5cbb2f5573f3;0xea8604ac433291f363304c5dd4352d9b9899d2bc,ETH,D2W,0x6e3e18788dc9682d4ea04b9fef3d3e96ddc88f50aa3954761722eecda5b90b2e,1771577627,1
0xe18b3f9f635be661253c076aca15b517408c9b4c,0x91d0ccca243695fcd106a032884f5cbb2f5573f3;0xea8604ac433291f363304c5dd4352d9b9899d2bc,ETH,D2W,0x8d1040a632c8737ddb5195c236af1a3728b9c2838104277136e38e29095538ea,1758277091,1
0xe18b3f9f635be661253c076aca15b517408c9b4c,0x91d0ccca243695fcd106a032884f5cbb2f5573f3;0xea8604ac433291f363304c5dd4352d9b9899d2bc,ETH,D2W,0xb3a8c15b3b2dd66eda2498fb76c8ba0bd76120a3198d08eb02acaff0adbcfe04,1765902683,1
0xe18b3f9f635be661253c076aca15b517408c9b4c,0x91d0ccca243695fcd106a032884f5cbb2f5573f3;0xea8604ac433291f363304c5dd4352d9b9899d2bc,ETH,D2W,0xfca1a6d8b3c3750181f13dbb73557861fe12f401a982c990035fcf2e505948f7,1777478315,1
0xe18b3f9f635be661253c076aca15b517408c9b4c,0x91d0ccca243695fcd106a032884f5cbb2f5573f3;0xea8604ac433291f363304c5dd4352d9b9899d2bc,ETH,W2D,0x20299cc68c2850e7cda4b57a03b516685a8ced463666bd9790a5620272c49323,1774255451,1
0xe18b3f9f635be661253c076aca15b517408c9b4c,0x91d0ccca243695fcd106a032884f5cbb2f5573f3;0xea8604ac433291f363304c5dd4352d9b9899d2bc,ETH,W2D,0xcf9e39a8be1f4e6936911cb77504480a4fa47af6920d4ad024b94623ac2f8406,1770898403,1
0xe18b3f9f635be661253c076aca15b517408c9b4c,0x91d0ccca243695fcd106a032884f5cbb2f5573f3;0xea8604ac433291f363304c5dd4352d9b9899d2bc,ERC20,W2D,0x9d0f8739e783b1fbd1a2e9f794282c726ce8f643443f711d74c37aff012ff9d5,1778039747,1
0xe18b3f9f635be661253c076aca15b517408c9b4c,0x91d0ccca243695fcd106a032884f5cbb2f5573f3;0xea8604ac433291f363304c5dd4352d9b9899d2bc,ERC20,W2D,0xc8881b561ad86efbe32e656df3925a66c82ecdf010d6a5c71a8cd2c69eece20c,1764073235,1
0xe18b3f9f635be661253c076aca15b517408c9b4c,0x91d0ccca243695fcd106a032884f5cbb2f5573f3;0xea8604ac433291f363304c5dd4352d9b9899d2bc,ERC20,W2D,0xf745203c1a0b2d58ec7441ca5352d7bd279eca8c6c658c5fcad8175c43597ca5,1778037275,1
0x03bb4cda9ad6b741113f67db273015ed24bf718d,0x51dd8d286067919f72cc6ab7b7f4b71251c5a0a7,ETH,D2W,0xdc878655b6841e21d86fae0bddc2af65abae49eae560d52a59ace5d78377857d,1765306487,1
0x23776e53ac37883f4128ab0a0dd075427d1b097a,0x38989a1cfabbaffd25a4543ab0fe07a0470405ee;0xddb9ab1421e6f1d864c01ba63fb05b183d5ea4d4,ETH,D2W,0x4051a9a5cf0558b60a671daf7009b203dbba830c9f2358299da4f67549383d25,1765658447,1
0x23776e53ac37883f4128ab0a0dd075427d1b097a,0x38989a1cfabbaffd25a4543ab0fe07a0470405ee;0xddb9ab1421e6f1d864c01ba63fb05b183d5ea4d4,ETH,D2W,0x415dae7d1815182360918b77e6b85ee7c965ab2bf2f08b4bfa17a7eeea4c7975,1765917863,1
0x23776e53ac37883f4128ab0a0dd075427d1b097a,0x38989a1cfabbaffd25a4543ab0fe07a0470405ee;0xddb9ab1421e6f1d864c01ba63fb05b183d5ea4d4,ETH,D2W,0x498c89b7276bbf23e79556b2f411c346c49f96bb44d2a6524d94426379b08a95,1768337111,1
0x23776e53ac37883f4128ab0a0dd075427d1b097a,0x38989a1cfabbaffd25a4543ab0fe07a0470405ee;0xddb9ab1421e6f1d864c01ba63fb05b183d5ea4d4,ETH,D2W,0x59ea1e65c68154e61a7cf367c6aa20f82818f32d09307607276a4d9a1c5bb8f8,1765642451,1
0x23776e53ac37883f4128ab0a0dd075427d1b097a,0x38989a1cfabbaffd25a4543ab0fe07a0470405ee;0xddb9ab1421e6f1d864c01ba63fb05b183d5ea4d4,ETH,D2W,0x95bdea9d423e36fbd0d5ec4665fa359b10783b58f4a8dbc567b87d5577f49ac2,1767434867,1
0x23776e53ac37883f4128ab0a0dd075427d1b097a,0x38989a1cfabbaffd25a4543ab0fe07a0470405ee;0xddb9ab1421e6f1d864c01ba63fb05b183d5ea4d4,ETH,D2W,0x9f62fdd2b1313e88bbfe613fbdf44f5cd0d76c49c8a74ad786ffd7f5a90f41a2,1768335815,1
0x23776e53ac37883f4128ab0a0dd075427d1b097a,0x38989a1cfabbaffd25a4543ab0fe07a0470405ee;0xddb9ab1421e6f1d864c01ba63fb05b183d5ea4d4,ETH,D2W,0xaaa5c28cc4c6b99232945dbb5436c25208ff132c59392fa1e8ec2c45b41b758c,1767085403,1
0x23776e53ac37883f4128ab0a0dd075427d1b097a,0x38989a1cfabbaffd25a4543ab0fe07a0470405ee;0xddb9ab1421e6f1d864c01ba63fb05b183d5ea4d4,ETH,W2D,0x00279c71e45f911b3899ded9118b92c9210b446bf7f2e31c7a58aec34d8913b8,1767084935,1
0x23776e53ac37883f4128ab0a0dd075427d1b097a,0x38989a1cfabbaffd25a4543ab0fe07a0470405ee;0xddb9ab1421e6f1d864c01ba63fb05b183d5ea4d4,ETH,W2D,0x20ff699b6be5485e4211fc4586ca94358fc684b36db3ea21e429bfeebd68b6f4,1765648607,1
0x23776e53ac37883f4128ab0a0dd075427d1b097a,0x38989a1cfabbaffd25a4543ab0fe07a0470405ee;0xddb9ab1421e6f1d864c01ba63fb05b183d5ea4d4,ETH,W2D,0x737e8e188cddd52c8f425c0abdbb54149d7a950dd757dee95589a2a0c9bd51bf,1765910735,1
0x23776e53ac37883f4128ab0a0dd075427d1b097a,0x38989a1cfabbaffd25a4543ab0fe07a0470405ee;0xddb9ab1421e6f1d864c01ba63fb05b183d5ea4d4,ETH,W2D,0xe08649dc9e754ca38f08bac7ca9efe3a2a68f3b8384eaf8f39f9302c37025c0e,1767085535,1
0x23776e53ac37883f4128ab0a0dd075427d1b097a,0x38989a1cfabbaffd25a4543ab0fe07a0470405ee;0xddb9ab1421e6f1d864c01ba63fb05b183d5ea4d4,ETH,W2D,0xfd9655ef9a0da01483330caf601136f22d37fc049285c1342e47ce973ab9a2b8,1767609803,1
0x23776e53ac37883f4128ab0a0dd075427d1b097a,0x38989a1cfabbaffd25a4543ab0fe07a0470405ee;0xddb9ab1421e6f1d864c01ba63fb05b183d5ea4d4,ERC20,W2D,0xad9109b3b198458f5a67c16ea26845c9294dca0df77b6baf77e776b840ce3c70,1766158607,1
0x23776e53ac37883f4128ab0a0dd075427d1b097a,0x38989a1cfabbaffd25a4543ab0fe07a0470405ee;0xddb9ab1421e6f1d864c01ba63fb05b183d5ea4d4,ERC20,W2D,0xd5673e68ef047445f708dcd2c63c7df20dfccfc8b777ef77405447d0d5eb8f77,1765535039,1
0x23776e53ac37883f4128ab0a0dd075427d1b097a,0x38989a1cfabbaffd25a4543ab0fe07a0470405ee;0xddb9ab1421e6f1d864c01ba63fb05b183d5ea4d4,ERC20,D2W,0x08574797bf35bd1adfe152a7b48a13556e01b53e6298f9d32e73fef728bcddf7,1765659395,1
0x23776e53ac37883f4128ab0a0dd075427d1b097a,0x38989a1cfabbaffd25a4543ab0fe07a0470405ee;0xddb9ab1421e6f1d864c01ba63fb05b183d5ea4d4,ERC20,D2W,0x35c468ecdfe41a3f8c2376b53314bfa82013a316e2fb9588c5de2cc13b286019,1766182379,1
0x23776e53ac37883f4128ab0a0dd075427d1b097a,0x38989a1cfabbaffd25a4543ab0fe07a0470405ee;0xddb9ab1421e6f1d864c01ba63fb05b183d5ea4d4,ERC20,D2W,0x662fb63fcb6778d2f24eb96093281c892c394d31566cd5353ecbe9555894df16,1765666727,1
0x23776e53ac37883f4128ab0a0dd075427d1b097a,0x38989a1cfabbaffd25a4543ab0fe07a0470405ee;0xddb9ab1421e6f1d864c01ba63fb05b183d5ea4d4,ERC20,D2W,0x7bf64e81c735f6de069ce9b0458cb98414f9d73dce07610f448bd427252ca2f0,1767594275,1
0x23776e53ac37883f4128ab0a0dd075427d1b097a,0x38989a1cfabbaffd25a4543ab0fe07a0470405ee;0xddb9ab1421e6f1d864c01ba63fb05b183d5ea4d4,ERC20,D2W,0x907a6f0488c87f0945119aad76fac77bf8d7b7acf37ebdda4be0aae879947d94,1765902143,1
0x23776e53ac37883f4128ab0a0dd075427d1b097a,0x38989a1cfabbaffd25a4543ab0fe07a0470405ee;0xddb9ab1421e6f1d864c01ba63fb05b183d5ea4d4,ERC20,D2W,0xb498ba6e173e9916b98f99b91533dd935ae0d5b417e5b0fe27b9a6755521501f,1769203139,1
0x23776e53ac37883f4128ab0a0dd075427d1b097a,0x38989a1cfabbaffd25a4543ab0fe07a0470405ee;0xddb9ab1421e6f1d864c01ba63fb05b183d5ea4d4,ERC20,D2W,0xdaef2f30696df073cc13adf65651978853bbc193498d30f6ccfe10cc7cf076e4,1768335791,1
0x23776e53ac37883f4128ab0a0dd075427d1b097a,0x38989a1cfabbaffd25a4543ab0fe07a0470405ee;0xddb9ab1421e6f1d864c01ba63fb05b183d5ea4d4,ERC20,D2W,0xdb5e8567818ad13d18d007edd1acad2a631528be0eda7395491c4172a55201b4,1765912415,1
0x20309eb9080288e31ab1161366af6639f04d593e,0x42e3b2b9969308c2fa6c4b71f6a13762e3136a1a;0x438615976c27b2b44f57ced3ac73b5ac113b8730,ERC20,W2D,0x7fd2e7fdbc5e268b1805dae6144ffd81b7d8a7d9e511d21cfa2be468e442092f,1730746079,1
0x20309eb9080288e31ab1161366af6639f04d593e,0x42e3b2b9969308c2fa6c4b71f6a13762e3136a1a;0x438615976c27b2b44f57ced3ac73b5ac113b8730,ERC20,W2D,0xb97c12323efc86519c151256c549946c22a86aeba3f76081c485aa5f580b57fc,1763756903,1
0xf267a43c4447fcf603f02a3082fa41b5c4282625,0x102913b942b33b55205cb5f1d91af18b4bfeae0a,ETH,D2W,0x042c7dd0f315781c75c90bc36c8102cd03f68162452ffb5736e8ef3be11d4dc4,1764594059,1
0x7b007e8c0f77b50bec8009f0e97f523dba6fe506,0xa556a5a50d2c786617263414878214a9159d1433,ERC20,D2W,0x5ac26530458b7f2d0539782f0fd9d092cbe97286f882e214048fb1366e81219a,1778571023,1
0x667ac63c76dda80c59ea6d6d65c6179946e917c7,0xb4ca556e656b19167fc4d856b1fea82138888888,ETH,W2D,0x39a1359cced9fa9c54d0e4b29606eec918c0404257c0733041290933c7780c7a,1761448835,1
0x9f7f7823d3393af41af9769b1d618ab884c2a2eb,0xe8c8f12ccb61fd25ecc5e391e99f69a971526c99,ETH,W2D,0x28fcc14c93b240648aa4324a2d0bbed8d30d78db0a97aa65257101d6feefac57,1764393695,1
0x9f7f7823d3393af41af9769b1d618ab884c2a2eb,0xe8c8f12ccb61fd25ecc5e391e99f69a971526c99,ETH,W2D,0x2e0f797bc222b7feb451fac4f3016f60207b1261545ad638d3e557349f639cde,1764393959,1
0xebdf3b5e96a092469d5424b091acdd14fd407781,0x8982950864b5be2a1652a9a1826e30c55b723ded,ETH,W2D,0xbba31f9aab9e2e4f12423414192b7ac723f44291752ba1c474f95b7c0a87ac9b,1748889107,1
0xebdf3b5e96a092469d5424b091acdd14fd407781,0x8982950864b5be2a1652a9a1826e30c55b723ded,ERC20,W2D,0xbbd641c837890221fc5803d35803861c6b90ef0aeace2893019051659bd9d1e3,1769727911,1
0xf0b6cc63d18cee6a8cb896e28e044fe5ccd82045,0xcd9f8eaf8006ab4aa8be99b2f236fa7276b0fb36,ERC20,W2D,0x53fbb9e86cf33d609731f29509d758962768058676baaf625cd5b51b319a9716,1779287951,1
0x64999e50e728120a6bccea4db5b337c89e33bc2f,0xabfd99a7da59e8b96f1cefa6e35fd03e6831bc10,ETH,D2W,0x0d237050d4d716d660469317cb7703cb1e568983a19c1a7ab3ae1f5e390a8234,1746684107,1
0x64999e50e728120a6bccea4db5b337c89e33bc2f,0xabfd99a7da59e8b96f1cefa6e35fd03e6831bc10,ETH,D2W,0x37d9e65600d4d4a775b4269b91a027d87f3853f4af4f2dd9a0cc9d92721f1840,1777906487,1
0x64999e50e728120a6bccea4db5b337c89e33bc2f,0xabfd99a7da59e8b96f1cefa6e35fd03e6831bc10,ETH,D2W,0x97d8aff122a5230df3d0de7a53f67a676d9b0beeca0a2b040f8b2bd41c6ddc26,1746453203,1
0x64999e50e728120a6bccea4db5b337c89e33bc2f,0xabfd99a7da59e8b96f1cefa6e35fd03e6831bc10,ETH,D2W,0xc24d04b278bfc114668316464c20a06cd7f01ace84b27527e07b7fa15c5b391e,1763088347,1
0x64999e50e728120a6bccea4db5b337c89e33bc2f,0xabfd99a7da59e8b96f1cefa6e35fd03e6831bc10,ETH,D2W,0xf31d42893b729f2c614b990b6e7dfbcedebb6871d0d8a655c2921227a730e64b,1775395847,1
0x64999e50e728120a6bccea4db5b337c89e33bc2f,0xabfd99a7da59e8b96f1cefa6e35fd03e6831bc10,ETH,D2W,0xf4dda930c2624506b502c6236a17de8c9870eb9454dc08ab460cd3ed300c699d,1763902691,1
0x64999e50e728120a6bccea4db5b337c89e33bc2f,0xabfd99a7da59e8b96f1cefa6e35fd03e6831bc10,ETH,W2D,0xbe15d656252ddd6a88908344ad2a49c7828d5d99c2634aee1a838dda1c9c0043,1763986391,1
0x64999e50e728120a6bccea4db5b337c89e33bc2f,0xabfd99a7da59e8b96f1cefa6e35fd03e6831bc10,ERC20,W2D,0x5b5cd705f38bb02e3f8d2d743e585f82bb797b68620e3b5182bd2785acbaf201,1762505267,1
0x64999e50e728120a6bccea4db5b337c89e33bc2f,0xabfd99a7da59e8b96f1cefa6e35fd03e6831bc10,ERC20,W2D,0xa31867e3e1da61658e685740fbf1467e8aa0587c909af3c4d3af1d385fae593e,1735192823,1
0x64999e50e728120a6bccea4db5b337c89e33bc2f,0xabfd99a7da59e8b96f1cefa6e35fd03e6831bc10,ERC20,D2W,0x30e01c1c40ca6581b6818d5b3da2b4f88bd28106e79dde5a19f400eb7e25ea06,1767704687,1
0x64999e50e728120a6bccea4db5b337c89e33bc2f,0xabfd99a7da59e8b96f1cefa6e35fd03e6831bc10,ERC20,D2W,0x3a49afba75f00f028b9a965ea51852e3a33318fdb993b6172e3edee7b51dc14d,1773062411,1
0x64999e50e728120a6bccea4db5b337c89e33bc2f,0xabfd99a7da59e8b96f1cefa6e35fd03e6831bc10,ERC20,D2W,0x42c234310157f5936bddd0a3185078d82095d57cd344c523d5b033d4c53028c7,1744188359,1
0x64999e50e728120a6bccea4db5b337c89e33bc2f,0xabfd99a7da59e8b96f1cefa6e35fd03e6831bc10,ERC20,D2W,0x4c73011b13c30554a8c1fb35d70d0c78782a5f264d86ea873ca26ed83622c189,1746453047,1
0x64999e50e728120a6bccea4db5b337c89e33bc2f,0xabfd99a7da59e8b96f1cefa6e35fd03e6831bc10,ERC20,D2W,0x61441751844b628c134a17baa845d7274db58de8ea5e2438ef65c74964999a14,1773189335,1
0x64999e50e728120a6bccea4db5b337c89e33bc2f,0xabfd99a7da59e8b96f1cefa6e35fd03e6831bc10,ERC20,D2W,0xe0d67449b7ba394ccbf2672d5bcf327ec8941eb360c710fe7d7931a2ca4f734f,1746453059,1
0xf68c0d71b1fb49734341153485e9765f3bbdffb9,0x892e47c5b6edcf3af928915238ed041affc5a8c5,ETH,W2D,0x31874ab0728888a1a3b30d60b353caa7d93acff780c80754d15b34fae9767029,1686027191,1
0xf68c0d71b1fb49734341153485e9765f3bbdffb9,0x892e47c5b6edcf3af928915238ed041affc5a8c5,ETH,D2W,0xb99ed577e6db4dd287a38ddda9992f69cfd99d1d37eaad4bd31ff4ab91f930b7,1760099939,1
0xf68c0d71b1fb49734341153485e9765f3bbdffb9,0x892e47c5b6edcf3af928915238ed041affc5a8c5,ERC20,D2W,0x5306ffda7e0febf6462465e97b8372e48716c2dcede843b999bf55488377e811,1749348563,1
0xba8fc8ff6fc163419875fd832d583bc43dd9f347,0x892e47c5b6edcf3af928915238ed041affc5a8c5,ETH,D2W,0xedbe04882f10850adf6f53c17c296e4290cfce30a83015a354e619f8f846dc7d,1760100035,1
0xba8fc8ff6fc163419875fd832d583bc43dd9f347,0x892e47c5b6edcf3af928915238ed041affc5a8c5,ERC20,D2W,0x52108453099c9e355daebb3912b99eb5b9a97c393697749d680b46c295d2c271,1749348575,1
0xba8fc8ff6fc163419875fd832d583bc43dd9f347,0x892e47c5b6edcf3af928915238ed041affc5a8c5,ERC20,D2W,0xbc575573025bc4d507fcec2c5a654748a0addfe8c48a721ab328ab34ec585a60,1748647895,1
0x2c3f5f81ba2edc5ba7cacb45a825b991782a72fa,0x892e47c5b6edcf3af928915238ed041affc5a8c5,ETH,D2W,0x3cf98d797d1f1dc62059cfacfeec48f6fefeac6ea9e0ad6af2047ef1f4648ee3,1760100299,1
0x2c3f5f81ba2edc5ba7cacb45a825b991782a72fa,0x892e47c5b6edcf3af928915238ed041affc5a8c5,ETH,D2W,0x5d53d6debd9b238c7a93f45e6e2ce1a387b6ed7fb921ebf4579a8b175eeadfde,1778156411,1
0x2c3f5f81ba2edc5ba7cacb45a825b991782a72fa,0x892e47c5b6edcf3af928915238ed041affc5a8c5,ERC20,D2W,0x05869f29768a7273b91c8526138474a7689d2a05f4a9be5e3b810d52577e7ce1,1748647871,1
0x2c3f5f81ba2edc5ba7cacb45a825b991782a72fa,0x892e47c5b6edcf3af928915238ed041affc5a8c5,ERC20,D2W,0xe9c3f6177b2102c5546ac3c4b504e820f3f1a9b98db60d8cac900883c942303f,1749348587,1
0x1e885a708e011f30406ebb6400d8dd3c51a80e32,0x892e47c5b6edcf3af928915238ed041affc5a8c5,ETH,W2D,0x086fde49a20f0699d4c55d1cb875407e9ffec83ea504526d691a3cb90f3d144b,1761806531,1
0x1e885a708e011f30406ebb6400d8dd3c51a80e32,0x892e47c5b6edcf3af928915238ed041affc5a8c5,ETH,W2D,0x9f5e2a62640d7bba1cbb68e04944cc0d89fc22e48caed8dfd465aa1e3349d9e1,1764245315,1
0x1e885a708e011f30406ebb6400d8dd3c51a80e32,0x892e47c5b6edcf3af928915238ed041affc5a8c5,ETH,W2D,0xb681ba3e49d8a22d8b2d6d92bc47e822f2a256f8fa35ec6230cd57f8d2cc3944,1677215627,1
0x1e885a708e011f30406ebb6400d8dd3c51a80e32,0x892e47c5b6edcf3af928915238ed041affc5a8c5,ETH,W2D,0xc1487c2c895ea5625a3f36d9b0919820da057707f7c37a5ed29fd66e1c0baef5,1734764723,1
0x1e885a708e011f30406ebb6400d8dd3c51a80e32,0x892e47c5b6edcf3af928915238ed041affc5a8c5,ETH,W2D,0xc37035ff54a29d69d2c3bdaf894d3b5074c90bb3578c63cab82fcdb7015545b4,1668083627,0
0x1e885a708e011f30406ebb6400d8dd3c51a80e32,0x892e47c5b6edcf3af928915238ed041affc5a8c5,ETH,D2W,0x8a21a443fdd98f34f7cc658baaa3d4e30dc7d2b0a6634294b33518697d9ed99e,1685430803,1
0x1e885a708e011f30406ebb6400d8dd3c51a80e32,0x892e47c5b6edcf3af928915238ed041affc5a8c5,ERC20,W2D,0xc8867232a0e9ed51971397875492df64e465e423d7a2b611e02ca71f768c4b97,1734764687,1
0x1e885a708e011f30406ebb6400d8dd3c51a80e32,0x892e47c5b6edcf3af928915238ed041affc5a8c5,ERC20,D2W,0x8e42196e20ab8827a3a6d4e1a95b57c081b4842d597a84703ebe861003e873d5,1748647847,1
0x1e885a708e011f30406ebb6400d8dd3c51a80e32,0x892e47c5b6edcf3af928915238ed041affc5a8c5,ERC20,D2W,0xcfd621725b37c328875b630d8fa20c81f7aeac441f590d48065bd47bee0dbeb9,1749348599,1
0x59694964676852ca6112628a70d457ded0082d5d,0x59c0d6fa58294bc4c08aef5a3f42af41e7045b23,ETH,W2D,0xb691b591cbe72f0f8c9893e77679693c7e6dcd2357f72b0e70eacd2dd0e65794,1764036815,1
0xfaf7a0e4eb5625e5743ebda3b462d40120a3e8b4,0x06efd7ddb53a050991a500b78b5bbf86d86f82ea,ETH,W2D,0x8eab07e1fcfb2c80fa1aafef4c61b957b5f0df09272c8a99786b363a5a30062e,1764598355,1
0xfaf7a0e4eb5625e5743ebda3b462d40120a3e8b4,0x06efd7ddb53a050991a500b78b5bbf86d86f82ea,ETH,D2W,0xb2b7c5d525011fe96464186a2ef9620fb30d550e7c0524ae40715af0c90a503f,1764599099,1
0xaa50b408f03dd3dc7d3e2c935e58aa6f32f82e81,0x4b6dc2062c9471dd11ef91a91167b64dc97da8cd,ETH,W2D,0x09334b3074018acbdd254409f3942544ad4d3e958a94aace38dfa7750c300f3e,1764096263,1
0xaa50b408f03dd3dc7d3e2c935e58aa6f32f82e81,0x4b6dc2062c9471dd11ef91a91167b64dc97da8cd,ETH,W2D,0xccae46f15beca0ad835c0d8dd05a3236b3a3f3483cac7f643e6517b6c8b2d90e,1764098999,1
0xaa50b408f03dd3dc7d3e2c935e58aa6f32f82e81,0x4b6dc2062c9471dd11ef91a91167b64dc97da8cd,ETH,D2W,0x6775bedc7b759ec9516b31d9c8a4be424d97f71731885d19596517ee059bd840,1764602387,1
0xaa50b408f03dd3dc7d3e2c935e58aa6f32f82e81,0x4b6dc2062c9471dd11ef91a91167b64dc97da8cd,ERC20,W2D,0x1b330961b5f3bb804aae7a9378d4c26a6b7e3564caa42a38699fcf44148d5947,1764096371,1
0x36de990133d36d7e3df9a820aa3ede5a2320de71,0x1c0aa8ccd568d90d61659f060d1bfb1e6f855a20,ERC20,W2D,0xcc82c632239da9aff1e267c0119801535b6d0fb61c02471d6dac4cf80477e7b8,1607031840,0
0x30d89290a4460e577aa8297759abe6024a27125d,0x5d7d9a7ffe7800a56880d7c5241c693adedf0f47,ETH,W2D,0x1e64af01336f836d22689ec06aa04ffa51c2d882d71d76421f232cdc0251be58,1665805991,0
0x30d89290a4460e577aa8297759abe6024a27125d,0x5d7d9a7ffe7800a56880d7c5241c693adedf0f47,ETH,W2D,0xdb64099a4707e4c7b3ac78a4824ab0bc7970ff96041235bda3b1ca988f0f97b0,1655959069,0
0xe919522e686d4e998e0434488273c7fa2ce153d8,0xc0ad0fef0df1471dfe09958b7598f97ece1485fa,ERC20,D2W,0xf8b27f173843b76bc8b2e74c5a459eef9562e50e0fb064392e9905f7638ca685,1695432539,1
0x841ad0abab2d33520ca236a2f5d8b038addc12ba,0xe7d54e7ff42a375c886dd81da17b73633fe3bbe1,ETH,D2W,0x0af69a1166dc74ef98f35b96d7284ede8404c81baa8affd71307d14f59d70a44,1592547564,0
0x841ad0abab2d33520ca236a2f5d8b038addc12ba,0xe7d54e7ff42a375c886dd81da17b73633fe3bbe1,ETH,D2W,0x18dd4b3d9133ab11c7c3cce06c29e4624a9cd176a14bbaf194c01e902eae9c30,1654043625,0
0x841ad0abab2d33520ca236a2f5d8b038addc12ba,0xe7d54e7ff42a375c886dd81da17b73633fe3bbe1,ETH,D2W,0x252df2a27369b04c1d0af7c1a67f2746e610c98b5a784668114afe2a933d9a32,1601333204,0
0x841ad0abab2d33520ca236a2f5d8b038addc12ba,0xe7d54e7ff42a375c886dd81da17b73633fe3bbe1,ETH,D2W,0x26a92b838ec1f7bd4b56af67276b67964ac24867338310d07d87d0abf92d1da9,1575847432,0
0x841ad0abab2d33520ca236a2f5d8b038addc12ba,0xe7d54e7ff42a375c886dd81da17b73633fe3bbe1,ETH,D2W,0x41dc1ff87dd6e5f7b84ce844c05d2189fc0815e65789c10e58bc0aff1d002f87,1631697963,0
0x841ad0abab2d33520ca236a2f5d8b038addc12ba,0xe7d54e7ff42a375c886dd81da17b73633fe3bbe1,ETH,D2W,0x492db19d89bcab56058aba0266e207ea2f6dac9ba7bc15049d03f42630d8998d,1600408004,0
0x841ad0abab2d33520ca236a2f5d8b038addc12ba,0xe7d54e7ff42a375c886dd81da17b73633fe3bbe1,ETH,D2W,0x4d7f8723fbbdc08c97b2eb8961248df00cfd87b9c9fd81de4494c37896db75a0,1631697548,0
0x841ad0abab2d33520ca236a2f5d8b038addc12ba,0xe7d54e7ff42a375c886dd81da17b73633fe3bbe1,ETH,D2W,0x53fdaa7eda2a0db93313d96f57e47932969ed06b099e7f65ffb392a05505bbb7,1609005321,0
0x841ad0abab2d33520ca236a2f5d8b038addc12ba,0xe7d54e7ff42a375c886dd81da17b73633fe3bbe1,ETH,D2W,0xa2ec5038b38ece79025d5ac7dde241d7970dc683aa5edf904406eca49032a777,1600354124,0
0x841ad0abab2d33520ca236a2f5d8b038addc12ba,0xe7d54e7ff42a375c886dd81da17b73633fe3bbe1,ETH,D2W,0xc0b18b15578af8414bdcd3a286ac61be177fcc608833b7239aa8e9836f110e82,1598076642,0
0x841ad0abab2d33520ca236a2f5d8b038addc12ba,0xe7d54e7ff42a375c886dd81da17b73633fe3bbe1,ETH,D2W,0xe7fcaf29b4b30de25e568b06808986ce98a491ef3eda734d994aaa60f7f89747,1575481597,0
0x841ad0abab2d33520ca236a2f5d8b038addc12ba,0xe7d54e7ff42a375c886dd81da17b73633fe3bbe1,ETH,W2D,0x107c534e0a9524fbb3dd7c823575f82b7e075f788e7d64fb01463fe6df714b5c,1605653802,0
0x841ad0abab2d33520ca236a2f5d8b038addc12ba,0xe7d54e7ff42a375c886dd81da17b73633fe3bbe1,ETH,W2D,0x4a22f8820e4b1017eefb49f19ffe80d48a375922be86e73f2f1fb6591baf0d93,1600336334,0
0x841ad0abab2d33520ca236a2f5d8b038addc12ba,0xe7d54e7ff42a375c886dd81da17b73633fe3bbe1,ETH,W2D,0x5b8779e540218945b7a6aad4b0de35e7cb8e0b4f3af1f0b5f49a393e304bab6b,1576836983,0
0x841ad0abab2d33520ca236a2f5d8b038addc12ba,0xe7d54e7ff42a375c886dd81da17b73633fe3bbe1,ETH,W2D,0x7386a2de4c5d7343255c6dd783cbd5f8f231dbfdb4158d82219eb924a25f58e8,1575591037,0
0x841ad0abab2d33520ca236a2f5d8b038addc12ba,0xe7d54e7ff42a375c886dd81da17b73633fe3bbe1,ETH,W2D,0x8c1962435de2108a4403fdf0c0356298b6b003a699ea3a36b31352e037bad7f0,1618284536,0
0x841ad0abab2d33520ca236a2f5d8b038addc12ba,0xe7d54e7ff42a375c886dd81da17b73633fe3bbe1,ETH,W2D,0xa985f92027eadb847860bf04b1b5c90de7502388e4f15cb0e3f2e82064876332,1575854637,0
0x841ad0abab2d33520ca236a2f5d8b038addc12ba,0xe7d54e7ff42a375c886dd81da17b73633fe3bbe1,ETH,W2D,0xaa6a47a796253d7beb642f547c27779a9eeb51b66265f21a76c2d2e244bc2c57,1608768185,0
0x841ad0abab2d33520ca236a2f5d8b038addc12ba,0xe7d54e7ff42a375c886dd81da17b73633fe3bbe1,ETH,W2D,0xc1148c6d0082bd374b60900cbe84ea85ac2151ba82f4067f6d1752acb5d25ba1,1609005887,0
0x841ad0abab2d33520ca236a2f5d8b038addc12ba,0xe7d54e7ff42a375c886dd81da17b73633fe3bbe1,ERC20,D2W,0x114a9e214f166aa762dbc81f5fa2e1efdc0d6b3de42bfc8f571cdc7a49def32c,1575480737,0
0x841ad0abab2d33520ca236a2f5d8b038addc12ba,0xe7d54e7ff42a375c886dd81da17b73633fe3bbe1,ERC20,D2W,0xb390c7b04e8794445696d13e7ed9bccf241891f5e102aaea0d77a968fc81b1e4,1576835676,0
0x841ad0abab2d33520ca236a2f5d8b038addc12ba,0xe7d54e7ff42a375c886dd81da17b73633fe3bbe1,ERC20,D2W,0xd3f6aea0c9c5a311ae8d5e3a710f0f1813aef53278a3c052e394ce5609f21d73,1600473821,0
0x841ad0abab2d33520ca236a2f5d8b038addc12ba,0xe7d54e7ff42a375c886dd81da17b73633fe3bbe1,ERC20,W2D,0x35017f0ba44661031c34a5358830714e3cd1ccb4a5749e3c5ee52e82bab72ebb,1575854637,0
0x841ad0abab2d33520ca236a2f5d8b038addc12ba,0xe7d54e7ff42a375c886dd81da17b73633fe3bbe1,ERC20,W2D,0x54744ba1cd8c3181fd92d15dcb4f4fa891a3987149e767c6bb7a92ab544bb76c,1575854637,0
0x841ad0abab2d33520ca236a2f5d8b038addc12ba,0xe7d54e7ff42a375c886dd81da17b73633fe3bbe1,ERC20,W2D,0xa30e8fb17f60c68a3da8eaad947f4e629faf4503cebd4c16af32faa0cf79c9e3,1609005767,0
0x39b713b04269eece18ee3f9b4788380760a66cb9,0x61135ca4ce6363f17392d5977908d55c7a9dbee6,ETH,W2D,0x45115ebb38997d680892b1d827c08ca4ebaaf508da7e5b294b094d6690a27224,1669554947,0
0x39b713b04269eece18ee3f9b4788380760a66cb9,0x61135ca4ce6363f17392d5977908d55c7a9dbee6,ETH,W2D,0x46d0df4721ac74d06c779b585de90b51dc781cb7ac393dc5423fc8aa726362f8,1669110071,0
0x39b713b04269eece18ee3f9b4788380760a66cb9,0x61135ca4ce6363f17392d5977908d55c7a9dbee6,ETH,W2D,0x5f49ef5736453e421c5a5066111cef21b80e131fb8516092b2d432a4b5a888e7,1669543511,0
0x39b713b04269eece18ee3f9b4788380760a66cb9,0x61135ca4ce6363f17392d5977908d55c7a9dbee6,ETH,W2D,0x90227aadd21dff216bcbc0474f177191fb6a94d4623fc5417de8bba0a110c1db,1668458387,0
0x39b713b04269eece18ee3f9b4788380760a66cb9,0x61135ca4ce6363f17392d5977908d55c7a9dbee6,ETH,D2W,0x17fc98ef6e0f3eb31a6c469b0f04fd1a5f4cbb26c8b77a0516acf0190e688ab2,1671113135,0
0x39b713b04269eece18ee3f9b4788380760a66cb9,0x61135ca4ce6363f17392d5977908d55c7a9dbee6,ETH,D2W,0x407117570930d25d701a02abac09ebb7ba016a5ddf4330e0cc23c9a478b4fa66,1668592619,0
0x39b713b04269eece18ee3f9b4788380760a66cb9,0x61135ca4ce6363f17392d5977908d55c7a9dbee6,ETH,D2W,0x541c90a6c69141e947d34a92c3f60b76a3f02e01480f946b2b4af17bebf4afca,1675769975,1
0x39b713b04269eece18ee3f9b4788380760a66cb9,0x61135ca4ce6363f17392d5977908d55c7a9dbee6,ETH,D2W,0x7ec3a4251fd9b335759a01267401ba747c48058203ce65f1503868b3cb88f3c0,1690392791,1
0x39b713b04269eece18ee3f9b4788380760a66cb9,0x61135ca4ce6363f17392d5977908d55c7a9dbee6,ETH,D2W,0x83fb934afd911ecff8ff5507ff6ed9d536135989185cd644c85a9797d1c9cc9b,1691066435,1
0x39b713b04269eece18ee3f9b4788380760a66cb9,0x61135ca4ce6363f17392d5977908d55c7a9dbee6,ETH,D2W,0x85dcff62a9b7d803ec2a1f5cc90d6e24104c5a2dc43981ac644cb9fd810ce682,1675790087,1
0x39b713b04269eece18ee3f9b4788380760a66cb9,0x61135ca4ce6363f17392d5977908d55c7a9dbee6,ETH,D2W,0xb989a0d8a583083a3d2fcd5eb285cbbd9087fd6ec29bf7d0b0386407fda0201b,1693459391,1
0x39b713b04269eece18ee3f9b4788380760a66cb9,0x61135ca4ce6363f17392d5977908d55c7a9dbee6,ETH,D2W,0xf864ad0dc791b83a42dbd0b82f2b059dc283c6152f7e7e91dda212c568fdc25d,1690958855,1
0x297bf847dcb01f3e870515628b36eabad491e5e8,0x1c0aa8ccd568d90d61659f060d1bfb1e6f855a20;0x512e07a093aaa20ba288392eadf03838c7a4e522;0xf685e3819ad71772b4715425ba40e477b1d5d6bd,ETH,W2D,0x0a6eaf926abcafe9b30b239e7d4a07c9cf453acb023e83f8cd44fcf797f7bb7d,1582704005,0
0x297bf847dcb01f3e870515628b36eabad491e5e8,0x1c0aa8ccd568d90d61659f060d1bfb1e6f855a20;0x512e07a093aaa20ba288392eadf03838c7a4e522;0xf685e3819ad71772b4715425ba40e477b1d5d6bd,ETH,W2D,0x0b43d560bb40e92f99e98e15f2c7aa870c4c9acfe0f9eb51abdd216e4967ea9b,1614325456,0
0x297bf847dcb01f3e870515628b36eabad491e5e8,0x1c0aa8ccd568d90d61659f060d1bfb1e6f855a20;0x512e07a093aaa20ba288392eadf03838c7a4e522;0xf685e3819ad71772b4715425ba40e477b1d5d6bd,ETH,W2D,0x13d6cfc1c9dbf4cc59240f21fa19c331eac0527f5c8a25d3c299573d035bffcf,1578805631,0
0x297bf847dcb01f3e870515628b36eabad491e5e8,0x1c0aa8ccd568d90d61659f060d1bfb1e6f855a20;0x512e07a093aaa20ba288392eadf03838c7a4e522;0xf685e3819ad71772b4715425ba40e477b1d5d6bd,ETH,W2D,0x2a88b0ee213f833fd6e745c37d214ab35823a8f219117d824ca81eb0b7b8455f,1614158516,0
0x297bf847dcb01f3e870515628b36eabad491e5e8,0x1c0aa8ccd568d90d61659f060d1bfb1e6f855a20;0x512e07a093aaa20ba288392eadf03838c7a4e522;0xf685e3819ad71772b4715425ba40e477b1d5d6bd,ETH,W2D,0x2cd95130ed829af05c1895242641b65ae15d55883cbbe4434849bc9bc7d52fc2,1568446462,0
0x297bf847dcb01f3e870515628b36eabad491e5e8,0x1c0aa8ccd568d90d61659f060d1bfb1e6f855a20;0x512e07a093aaa20ba288392eadf03838c7a4e522;0xf685e3819ad71772b4715425ba40e477b1d5d6bd,ETH,W2D,0x3585d1b83154ddabd0ff06c3a5010636b7861236c06aa1469016d3532b494058,1685805395,1
0x297bf847dcb01f3e870515628b36eabad491e5e8,0x1c0aa8ccd568d90d61659f060d1bfb1e6f855a20;0x512e07a093aaa20ba288392eadf03838c7a4e522;0xf685e3819ad71772b4715425ba40e477b1d5d6bd,ETH,W2D,0x4ab686c7ef5f7efb74f13f75b3c17937dd754a22e7ed1a1f5ee4c65809ecc039,1614503989,0
0x297bf847dcb01f3e870515628b36eabad491e5e8,0x1c0aa8ccd568d90d61659f060d1bfb1e6f855a20;0x512e07a093aaa20ba288392eadf03838c7a4e522;0xf685e3819ad71772b4715425ba40e477b1d5d6bd,ETH,W2D,0x87fd907ae9c1ce8c777129c66f52bc8849bf4472019f18d008597303f09f8035,1577890548,0
0x297bf847dcb01f3e870515628b36eabad491e5e8,0x1c0aa8ccd568d90d61659f060d1bfb1e6f855a20;0x512e07a093aaa20ba288392eadf03838c7a4e522;0xf685e3819ad71772b4715425ba40e477b1d5d6bd,ETH,W2D,0x8db973cc5639c0e427aa19393868791e06f0386632de438b400e8bda5e1bb82e,1655155431,0
0x297bf847dcb01f3e870515628b36eabad491e5e8,0x1c0aa8ccd568d90d61659f060d1bfb1e6f855a20;0x512e07a093aaa20ba288392eadf03838c7a4e522;0xf685e3819ad71772b4715425ba40e477b1d5d6bd,ETH,W2D,0xa75da779673e3d632468af5aab9d64aa14df9e70c23b9739d7fe3c67ca48bcdb,1563842271,0
0x297bf847dcb01f3e870515628b36eabad491e5e8,0x1c0aa8ccd568d90d61659f060d1bfb1e6f855a20;0x512e07a093aaa20ba288392eadf03838c7a4e522;0xf685e3819ad71772b4715425ba40e477b1d5d6bd,ETH,W2D,0xc7667d0f52954d76d58ae42164106a65b0e983c6359e3108f45510d084f0985c,1660786349,0
0x297bf847dcb01f3e870515628b36eabad491e5e8,0x1c0aa8ccd568d90d61659f060d1bfb1e6f855a20;0x512e07a093aaa20ba288392eadf03838c7a4e522;0xf685e3819ad71772b4715425ba40e477b1d5d6bd,ETH,D2W,0x06423b10920795b77ac00329c30657f8038853fd43df0c168793255c6fd0da04,1631907610,0
0x297bf847dcb01f3e870515628b36eabad491e5e8,0x1c0aa8ccd568d90d61659f060d1bfb1e6f855a20;0x512e07a093aaa20ba288392eadf03838c7a4e522;0xf685e3819ad71772b4715425ba40e477b1d5d6bd,ETH,D2W,0x0f8b8e434dd0e4adda24a9ef0c6d5d3f4d22b50b1737354c35f434b5ecd49b7c,1581730905,0
0x297bf847dcb01f3e870515628b36eabad491e5e8,0x1c0aa8ccd568d90d61659f060d1bfb1e6f855a20;0x512e07a093aaa20ba288392eadf03838c7a4e522;0xf685e3819ad71772b4715425ba40e477b1d5d6bd,ETH,D2W,0x1a90f6fbbd5cf803852e92c5470fd0d872dcefd39d33e65ed78c48b0e0b5ea33,1642738535,0
0x297bf847dcb01f3e870515628b36eabad491e5e8,0x1c0aa8ccd568d90d61659f060d1bfb1e6f855a20;0x512e07a093aaa20ba288392eadf03838c7a4e522;0xf685e3819ad71772b4715425ba40e477b1d5d6bd,ETH,D2W,0x34ed95e632cf4ba49fc3d996106bee5eb4eb3052b7f7254451c88825d385f542,1645750748,0
0x297bf847dcb01f3e870515628b36eabad491e5e8,0x1c0aa8ccd568d90d61659f060d1bfb1e6f855a20;0x512e07a093aaa20ba288392eadf03838c7a4e522;0xf685e3819ad71772b4715425ba40e477b1d5d6bd,ETH,D2W,0x8e869839edc181166b633ba11330874e21a1f06b8f2c74b88d93f9c5eee1e557,1604011460,0
0x297bf847dcb01f3e870515628b36eabad491e5e8,0x1c0aa8ccd568d90d61659f060d1bfb1e6f855a20;0x512e07a093aaa20ba288392eadf03838c7a4e522;0xf685e3819ad71772b4715425ba40e477b1d5d6bd,ETH,D2W,0xe4cceee96ddfd5d7d1369d09901afdd234e469b6a18df8265f9de47eb33ec8bb,1643128661,0
0x297bf847dcb01f3e870515628b36eabad491e5e8,0x1c0aa8ccd568d90d61659f060d1bfb1e6f855a20;0x512e07a093aaa20ba288392eadf03838c7a4e522;0xf685e3819ad71772b4715425ba40e477b1d5d6bd,ERC20,D2W,0x297dfb4e396b1f9e566c6457d173e012eb8d9353d7f915b745b642516c41be90,1691083235,1
0x297bf847dcb01f3e870515628b36eabad491e5e8,0x1c0aa8ccd568d90d61659f060d1bfb1e6f855a20;0x512e07a093aaa20ba288392eadf03838c7a4e522;0xf685e3819ad71772b4715425ba40e477b1d5d6bd,ERC20,D2W,0x322c093055f89d64a5052a6601bfa0e891503aa73566036b7404ab55fa2739cc,1644949748,0
0x297bf847dcb01f3e870515628b36eabad491e5e8,0x1c0aa8ccd568d90d61659f060d1bfb1e6f855a20;0x512e07a093aaa20ba288392eadf03838c7a4e522;0xf685e3819ad71772b4715425ba40e477b1d5d6bd,ERC20,D2W,0x4a67ae91883e4f59d16cebed0397c9cc07a2227326e9514dbc7ba3a6d2add781,1685492471,1
0x297bf847dcb01f3e870515628b36eabad491e5e8,0x1c0aa8ccd568d90d61659f060d1bfb1e6f855a20;0x512e07a093aaa20ba288392eadf03838c7a4e522;0xf685e3819ad71772b4715425ba40e477b1d5d6bd,ERC20,D2W,0x584d6bef3746fb24524c402494809bc0f33bed135efe6a6ba73649f1e21ff148,1588819536,0
0x297bf847dcb01f3e870515628b36eabad491e5e8,0x1c0aa8ccd568d90d61659f060d1bfb1e6f855a20;0x512e07a093aaa20ba288392eadf03838c7a4e522;0xf685e3819ad71772b4715425ba40e477b1d5d6bd,ERC20,D2W,0xbf1e47879552813d925b4b7846b7548245bb5e709829095870ee3db9b0ff8945,1581730936,0
0x297bf847dcb01f3e870515628b36eabad491e5e8,0x1c0aa8ccd568d90d61659f060d1bfb1e6f855a20;0x512e07a093aaa20ba288392eadf03838c7a4e522;0xf685e3819ad71772b4715425ba40e477b1d5d6bd,ERC20,W2D,0x00e0abf7d44ffaa99679081540b6f8708cd18c11579369e58100a15f798ce0c7,1583013503,0
0x297bf847dcb01f3e870515628b36eabad491e5e8,0x1c0aa8ccd568d90d61659f060d1bfb1e6f855a20;0x512e07a093aaa20ba288392eadf03838c7a4e522;0xf685e3819ad71772b4715425ba40e477b1d5d6bd,ERC20,W2D,0x0860a9e2251082bab5a8afdce9a5158da3c24512199a98836bd401f83f921820,1651550288,0
0x297bf847dcb01f3e870515628b36eabad491e5e8,0x1c0aa8ccd568d90d61659f060d1bfb1e6f855a20;0x512e07a093aaa20ba288392eadf03838c7a4e522;0xf685e3819ad71772b4715425ba40e477b1d5d6bd,ERC20,W2D,0x0ad4f7726fee2a63855bc4269fc8ff967c4dac49f65d97e17e4748ee7426937a,1588818972,0
0x297bf847dcb01f3e870515628b36eabad491e5e8,0x1c0aa8ccd568d90d61659f060d1bfb1e6f855a20;0x512e07a093aaa20ba288392eadf03838c7a4e522;0xf685e3819ad71772b4715425ba40e477b1d5d6bd,ERC20,W2D,0x0b07c67d6f8f4fd66699eb1dd74cfd6a7d82a56e0bc20a805b9103e614f0726a,1597269419,0
0x297bf847dcb01f3e870515628b36eabad491e5e8,0x1c0aa8ccd568d90d61659f060d1bfb1e6f855a20;0x512e07a093aaa20ba288392eadf03838c7a4e522;0xf685e3819ad71772b4715425ba40e477b1d5d6bd,ERC20,W2D,0x40084d901a046f57c51d3a8b61ef27645ff886437c6c7e4edcb6b2ea805b980f,1621455116,0
0x297bf847dcb01f3e870515628b36eabad491e5e8,0x1c0aa8ccd568d90d61659f060d1bfb1e6f855a20;0x512e07a093aaa20ba288392eadf03838c7a4e522;0xf685e3819ad71772b4715425ba40e477b1d5d6bd,ERC20,W2D,0x4983dbfd1f012a207a9c35597b2fafe04d390d539b773c2b8fbba028406cf76e,1592197336,0
0x297bf847dcb01f3e870515628b36eabad491e5e8,0x1c0aa8ccd568d90d61659f060d1bfb1e6f855a20;0x512e07a093aaa20ba288392eadf03838c7a4e522;0xf685e3819ad71772b4715425ba40e477b1d5d6bd,ERC20,W2D,0x5dc1d298ab13d0514ce3bf9e6c96d4668c66dcdfe46932114bd6e41a360a7354,1615132380,0
0x297bf847dcb01f3e870515628b36eabad491e5e8,0x1c0aa8ccd568d90d61659f060d1bfb1e6f855a20;0x512e07a093aaa20ba288392eadf03838c7a4e522;0xf685e3819ad71772b4715425ba40e477b1d5d6bd,ERC20,W2D,0x91de66170bfd5fa9e7093510077138eace031846cde3bfb93ca41ca83295bd1a,1597520425,0
0x297bf847dcb01f3e870515628b36eabad491e5e8,0x1c0aa8ccd568d90d61659f060d1bfb1e6f855a20;0x512e07a093aaa20ba288392eadf03838c7a4e522;0xf685e3819ad71772b4715425ba40e477b1d5d6bd,ERC20,W2D,0xa78e5076b9aa64121727c5e738e7f1442dcd4e3e926105fe837f9312a0e26d2b,1616480146,0
0x297bf847dcb01f3e870515628b36eabad491e5e8,0x1c0aa8ccd568d90d61659f060d1bfb1e6f855a20;0x512e07a093aaa20ba288392eadf03838c7a4e522;0xf685e3819ad71772b4715425ba40e477b1d5d6bd,ERC20,W2D,0xb63b82fc1a3052a8e4fc246742dd778154a32fd8d0c018d133d02615f4fdd401,1607741669,0
0x297bf847dcb01f3e870515628b36eabad491e5e8,0x1c0aa8ccd568d90d61659f060d1bfb1e6f855a20;0x512e07a093aaa20ba288392eadf03838c7a4e522;0xf685e3819ad71772b4715425ba40e477b1d5d6bd,ERC20,W2D,0xcc897e2f4cef8261134db060f03876b3282b4cadfd22c830f86c251d4f4607ab,1697135987,1
0x297bf847dcb01f3e870515628b36eabad491e5e8,0x1c0aa8ccd568d90d61659f060d1bfb1e6f855a20;0x512e07a093aaa20ba288392eadf03838c7a4e522;0xf685e3819ad71772b4715425ba40e477b1d5d6bd,ERC20,W2D,0xe0655096827483ce3184bf4c6fbe4b76bc50f734b53fb5e4b1d3e512734fed1b,1697693219,1
0x297bf847dcb01f3e870515628b36eabad491e5e8,0x1c0aa8ccd568d90d61659f060d1bfb1e6f855a20;0x512e07a093aaa20ba288392eadf03838c7a4e522;0xf685e3819ad71772b4715425ba40e477b1d5d6bd,ERC20,W2D,0xe286e350b635d3a906fc4a4ff1fac34b4791d55358231f03839e87e38bb480bf,1623965501,0
0x297bf847dcb01f3e870515628b36eabad491e5e8,0x1c0aa8ccd568d90d61659f060d1bfb1e6f855a20;0x512e07a093aaa20ba288392eadf03838c7a4e522;0xf685e3819ad71772b4715425ba40e477b1d5d6bd,ERC20,W2D,0xe83ee642e5caa6d9ccec6c4886617030ec9009ee7528ca75e20b3f716ce2f0af,1597614485,0
0x297bf847dcb01f3e870515628b36eabad491e5e8,0x1c0aa8ccd568d90d61659f060d1bfb1e6f855a20;0x512e07a093aaa20ba288392eadf03838c7a4e522;0xf685e3819ad71772b4715425ba40e477b1d5d6bd,ERC20,W2D,0xfaad245b5cffcfed1a9fcaf5b60a32f4d4ef060f9a725be33ee4d33653ea3721,1582907707,0
0x76273dcc41356e5f0c49bb68e525175dc7e83417,0x421896bb0dcf271a294bc7019014ee90503656fd,ETH,D2W,0x8e0b7205957771378e7ac7ec7ce22dc6066996052013b2ec37e907098506ebd7,1646605368,0
0x0a0d752f90b7bf700e29379c7f512c87561e959a,0x9429cd74a3984396f3117d51cde46ea8e0e21487,ETH,W2D,0x411adcb607c9f579bd793e5983e5a5cc967f07e69bf5abf7178bdaa6c6add7ce,1726429211,1
0x0a0d752f90b7bf700e29379c7f512c87561e959a,0x9429cd74a3984396f3117d51cde46ea8e0e21487,ETH,W2D,0xdd1827c77b72f6fbfda1bca4692da3e079f35a2e088cd0bc33e6633c5fa9b4f0,1760313263,1
0xd7095b0618609fef9e542d5a1d320502c8544d10,0x9d71657276a25c1d3b84e3cb570e58e5b51741f3,ERC20,W2D,0x319b270d33d6bbfea82c336e7e36ca11cba6a2028a01085dcdac871bb9fdf0ac,1759322327,1
0x1e2ffcfc71a841dbcbc7c5147a1e665f1cd5b137,0xa6129b6beb8c1beebbd4014095c02e8b722dfa4c,ETH,D2W,0x35652b5ad7a091d41bf61838ab5907219aebb5f2e8c834e6f342e5be653b52f3,1761540719,1
0x1e2ffcfc71a841dbcbc7c5147a1e665f1cd5b137,0xa6129b6beb8c1beebbd4014095c02e8b722dfa4c,ETH,D2W,0x54e8c1fccd71f47709a326a301b114d82926a320985398c58bf1462afdedc55b,1756691867,1
0xa99c4f924a167cdec1486aa9920de70a48455ab2,0xd07e8691635dec3d8313240fa7e311ba6f8949e4,ETH,D2W,0xafce31efa1977b277808cd91113b70b5aae71eb1a70fb68584567b6795f99ca0,1608951926,0
0xa99c4f924a167cdec1486aa9920de70a48455ab2,0xd07e8691635dec3d8313240fa7e311ba6f8949e4,ERC20,D2W,0x02f0d405ed5735a4aa827ad958126b54150fc354e7209d2afb935eea908b8f2f,1625819630,0
0xa99c4f924a167cdec1486aa9920de70a48455ab2,0xd07e8691635dec3d8313240fa7e311ba6f8949e4,ERC20,D2W,0x07e9a18a93b6d752ff5dcea5dafa70276177bd71104073cb0ff7508340a02b9c,1616469975,0
0xa99c4f924a167cdec1486aa9920de70a48455ab2,0xd07e8691635dec3d8313240fa7e311ba6f8949e4,ERC20,D2W,0x4c45e8ac5ad95d3098f4ec64542a7325f9dc387c3a511bdc4177e2b24c1afa74,1608949428,0
0xa99c4f924a167cdec1486aa9920de70a48455ab2,0xd07e8691635dec3d8313240fa7e311ba6f8949e4,ERC20,D2W,0x7f2dea26b60088bccc5b563496a40e81d24a662481db6e5cdda4989f3d0b9e42,1611938438,0
0xa99c4f924a167cdec1486aa9920de70a48455ab2,0xd07e8691635dec3d8313240fa7e311ba6f8949e4,ERC20,D2W,0x8cfa22c3646e328d8c21647d3a5e282751f8b2377a11dee8bbd70b1074a10ca3,1615257420,0
0xa99c4f924a167cdec1486aa9920de70a48455ab2,0xd07e8691635dec3d8313240fa7e311ba6f8949e4,ERC20,D2W,0xfa77ae9a0fa281ab4510ba5d94e44c63ed3298758d5589d9d4cbba9c8e69f025,1621131046,0
0xa99c4f924a167cdec1486aa9920de70a48455ab2,0xd07e8691635dec3d8313240fa7e311ba6f8949e4,ERC20,W2D,0x0293030be4a728a32b32ed94b8cdc30c9be6786e4e3cd83908406e72cb4501a5,1610118952,0
0xa99c4f924a167cdec1486aa9920de70a48455ab2,0xd07e8691635dec3d8313240fa7e311ba6f8949e4,ERC20,W2D,0x1c4f5114162bce51263cfdaefe7372f882e80ae6d5691740a457badea0d9a2f3,1609463807,0
0xa99c4f924a167cdec1486aa9920de70a48455ab2,0xd07e8691635dec3d8313240fa7e311ba6f8949e4,ERC20,W2D,0x562a509c251fb5f5f7582dab73b4712573a07b503c9f011a5156aa373668e829,1617863608,0
0xa99c4f924a167cdec1486aa9920de70a48455ab2,0xd07e8691635dec3d8313240fa7e311ba6f8949e4,ERC20,W2D,0xb7619c1baa53038b1ead7e06ff53de0d9f9e1452eb937fc6778653e5c02b889f,1608952344,0
0xa2e83e57502a89a3af7ceacc195b320f9ad7d64d,0x188b377db3bc07d626c91d05de8ffbc687d4a0ef;0xe6a52260694aa80fa0ca152acdc868dea4566f2a,ETH,D2W,0x05f44b4a02fa9be79a0c1e419ffc6c97ff835705e6e2f5cde59ffeebfb437d58,1654491507,0
0xa2e83e57502a89a3af7ceacc195b320f9ad7d64d,0x188b377db3bc07d626c91d05de8ffbc687d4a0ef;0xe6a52260694aa80fa0ca152acdc868dea4566f2a,ETH,D2W,0x2e04c3caf54bfdd532398f73157bfa342a01159152cfa1f00ab796765c4d7a23,1657345198,0
0xa2e83e57502a89a3af7ceacc195b320f9ad7d64d,0x188b377db3bc07d626c91d05de8ffbc687d4a0ef;0xe6a52260694aa80fa0ca152acdc868dea4566f2a,ETH,D2W,0x33a594354cfb29bbca6540cc3158104af8bfadd6f7bb3ad0bba8748678e40927,1661304316,0
0xa2e83e57502a89a3af7ceacc195b320f9ad7d64d,0x188b377db3bc07d626c91d05de8ffbc687d4a0ef;0xe6a52260694aa80fa0ca152acdc868dea4566f2a,ETH,D2W,0x4c69c8179d4b4d61a36ed2eab2107080620722f330dbc00bb353f73e2702ca8d,1630995001,0
0xa2e83e57502a89a3af7ceacc195b320f9ad7d64d,0x188b377db3bc07d626c91d05de8ffbc687d4a0ef;0xe6a52260694aa80fa0ca152acdc868dea4566f2a,ETH,D2W,0x5cb7dc17a2402ee62a6f47684555c844d6ef1c31bb18a7c8b14d0eb91047dfd5,1648537466,0
0xa2e83e57502a89a3af7ceacc195b320f9ad7d64d,0x188b377db3bc07d626c91d05de8ffbc687d4a0ef;0xe6a52260694aa80fa0ca152acdc868dea4566f2a,ETH,D2W,0x6bb653641f38fc9a4cd97d5e6024d0ce60abab0fdc4408426581711bd7fbd577,1633495870,0
0xa2e83e57502a89a3af7ceacc195b320f9ad7d64d,0x188b377db3bc07d626c91d05de8ffbc687d4a0ef;0xe6a52260694aa80fa0ca152acdc868dea4566f2a,ETH,D2W,0x74032998e87c68abb301d893c030f7dba78fa89fd5f5683e92b7218e75efca1a,1648183078,0
0xa2e83e57502a89a3af7ceacc195b320f9ad7d64d,0x188b377db3bc07d626c91d05de8ffbc687d4a0ef;0xe6a52260694aa80fa0ca152acdc868dea4566f2a,ETH,D2W,0x8b8ba9622ca6e993f4c84d1487e6baad45300a22fae40efc628604bc08eda7fa,1647395330,0
0xa2e83e57502a89a3af7ceacc195b320f9ad7d64d,0x188b377db3bc07d626c91d05de8ffbc687d4a0ef;0xe6a52260694aa80fa0ca152acdc868dea4566f2a,ETH,D2W,0xbfb3c664003af202f61599862eb323e9b752f9602640d69d21f87c824f1447de,1647758197,0
0xa2e83e57502a89a3af7ceacc195b320f9ad7d64d,0x188b377db3bc07d626c91d05de8ffbc687d4a0ef;0xe6a52260694aa80fa0ca152acdc868dea4566f2a,ETH,W2D,0x8ed300bc077c459cb4f4ed313e2704ef2d7ed2cb1260e2e28a5dc12117749ab1,1665234719,0
0xa2e83e57502a89a3af7ceacc195b320f9ad7d64d,0x188b377db3bc07d626c91d05de8ffbc687d4a0ef;0xe6a52260694aa80fa0ca152acdc868dea4566f2a,ETH,W2D,0xd6a46b48d326f1792d20f8defe2f9459fd64f629ec7f01e0d6683dfef16c81fd,1649914006,0
0xa2e83e57502a89a3af7ceacc195b320f9ad7d64d,0x188b377db3bc07d626c91d05de8ffbc687d4a0ef;0xe6a52260694aa80fa0ca152acdc868dea4566f2a,ERC20,D2W,0x89ddf81973215faee2b6af0fe5604a03d32eda58744092772854d2a00014b8cb,1646603388,0
0xa2e83e57502a89a3af7ceacc195b320f9ad7d64d,0x188b377db3bc07d626c91d05de8ffbc687d4a0ef;0xe6a52260694aa80fa0ca152acdc868dea4566f2a,ERC20,D2W,0xb6bd9c70a1c62a480dbae8920e6f6172a1560e75896525e4cd988f2ced8f96db,1619587879,0
0xa2e83e57502a89a3af7ceacc195b320f9ad7d64d,0x188b377db3bc07d626c91d05de8ffbc687d4a0ef;0xe6a52260694aa80fa0ca152acdc868dea4566f2a,ERC20,D2W,0xc11bc35ea3cb18cf90d88195a3e4cec618460fa4cfc2679df70a5cc52391a54b,1632602696,0
0xa2e83e57502a89a3af7ceacc195b320f9ad7d64d,0x188b377db3bc07d626c91d05de8ffbc687d4a0ef;0xe6a52260694aa80fa0ca152acdc868dea4566f2a,ERC20,D2W,0xc731655d59b80c1b8c2063018559a1389abd4751c5cc4c0bfb2d24f309a4ce0a,1631248486,0
0xa2e83e57502a89a3af7ceacc195b320f9ad7d64d,0x188b377db3bc07d626c91d05de8ffbc687d4a0ef;0xe6a52260694aa80fa0ca152acdc868dea4566f2a,ERC20,D2W,0xfb12abd991796778960c62fae44ece0bfc6663e6633c8caf8777d475fb5cd55e,1630994722,0
0x17e372f150c7541211e3844c7f022eb48eb19a1b,0x27da2c4828e629767d952c46ec7e297263ae83ad,ETH,D2W,0x5eb1369aa214e5e14a8c47f0d483226d7a2e669e27c25e8d092dafce06efb5c8,1760127455,1
0xc1979c1acfa6db94af9b054334bf23e81f87b1c6,0x2151e5d895ed378f28ff29bf74bb0e9b5a556f50,ETH,D2W,0x795504f5d431521c834550713e6a0418cf655ac8232c8cc057192e68654b6f95,1772387807,1
0x9bf34d1c07df562657aef13361108a271efea0b0,0x6cd5cdbfe9e06b5383a18716faf7ac51a2797035;0x94c8f673746542b7ab0e5a836deb5e6ae162f4bc;0xa6129b6beb8c1beebbd4014095c02e8b722dfa4c,ETH,W2D,0x037717eac6bcf765b4594b6477a7d0f3aa09fa4e245b0d1c9167e4acf9d57877,1761682019,1
0x9bf34d1c07df562657aef13361108a271efea0b0,0x6cd5cdbfe9e06b5383a18716faf7ac51a2797035;0x94c8f673746542b7ab0e5a836deb5e6ae162f4bc;0xa6129b6beb8c1beebbd4014095c02e8b722dfa4c,ETH,D2W,0x076e9f2da8bf4876415103e0398b8cb79d884bce75e16cf634e3ef66978c4a6d,1761682571,1
0x9bf34d1c07df562657aef13361108a271efea0b0,0x6cd5cdbfe9e06b5383a18716faf7ac51a2797035;0x94c8f673746542b7ab0e5a836deb5e6ae162f4bc;0xa6129b6beb8c1beebbd4014095c02e8b722dfa4c,ETH,D2W,0x80435af695d12cee144304fcd79d78d46233b77c615605a1c77c4f882a07b682,1761682427,1
0x9bf34d1c07df562657aef13361108a271efea0b0,0x6cd5cdbfe9e06b5383a18716faf7ac51a2797035;0x94c8f673746542b7ab0e5a836deb5e6ae162f4bc;0xa6129b6beb8c1beebbd4014095c02e8b722dfa4c,ERC20,D2W,0x9aaefc08fdaa74b0cc19af73375c2eb926393925d148d2e75406ef3c49277293,1743392159,1
0x5f926956f6f14c4d28537d7f821a8730b5eaf3f3,0x642c7f7040c656d633a9267284b338ff41051541,ERC20,D2W,0x04256d5f990e2f7e2c816bdd645890bffe1fa9ccef60a0eeeeadac090d8fddb7,1654871587,0
0xa4caccef0dd28212b2aff92443bd560ba83ff428,0x1982ac6974d8722779120204036b1b951d551bd6;0xf98d1fba8868506e5d4e77c9a7f35d4b8a5b8e82,ETH,D2W,0x6764589e868f048c4d72d998a1f6ea4fae532e8f3a481d38f93bb1ea71b353ea,1636461618,0
0xa4caccef0dd28212b2aff92443bd560ba83ff428,0x1982ac6974d8722779120204036b1b951d551bd6;0xf98d1fba8868506e5d4e77c9a7f35d4b8a5b8e82,ETH,D2W,0xa1c75e8aab4027076763ba297fc36f4818a3856ce41663c34f0a4a2ce62e5fea,1660159331,0
0xa4caccef0dd28212b2aff92443bd560ba83ff428,0x1982ac6974d8722779120204036b1b951d551bd6;0xf98d1fba8868506e5d4e77c9a7f35d4b8a5b8e82,ETH,D2W,0xae5b24d63fb0c895a60de27b6d0c7b7bdf53506fa7c3e26fdfd856cdd0218897,1638009456,0
0xa4caccef0dd28212b2aff92443bd560ba83ff428,0x1982ac6974d8722779120204036b1b951d551bd6;0xf98d1fba8868506e5d4e77c9a7f35d4b8a5b8e82,ETH,D2W,0xfbe005346b8346055fc3d95ffaac90480aad5a6dbe3d9caaca9067ff3d862891,1617248162,0
0xa4caccef0dd28212b2aff92443bd560ba83ff428,0x1982ac6974d8722779120204036b1b951d551bd6;0xf98d1fba8868506e5d4e77c9a7f35d4b8a5b8e82,ETH,D2W,0xfff90eabed2f89a9066d120eaf0010e641ef015f11f29caf6b8f3aa6d29922bb,1647745263,0
0xa4caccef0dd28212b2aff92443bd560ba83ff428,0x1982ac6974d8722779120204036b1b951d551bd6;0xf98d1fba8868506e5d4e77c9a7f35d4b8a5b8e82,ETH,W2D,0x07aee2c836ecd86bafa7a62459d554cc7a245502477ea714579f4026dd4fd1f9,1694046731,1
0xa4caccef0dd28212b2aff92443bd560ba83ff428,0x1982ac6974d8722779120204036b1b951d551bd6;0xf98d1fba8868506e5d4e77c9a7f35d4b8a5b8e82,ERC20,D2W,0x8b3e3fc12273bfec642ea2a0f980ffb3ebd092fb594fbf5bea7cc86b03feb6f4,1609436538,0
0xa4caccef0dd28212b2aff92443bd560ba83ff428,0x1982ac6974d8722779120204036b1b951d551bd6;0xf98d1fba8868506e5d4e77c9a7f35d4b8a5b8e82,ERC20,D2W,0xed0968fd2905a2ea2439e0842ef30cae39a15d3c2015dd1be61717b8c52e70de,1648536550,0
0xa4caccef0dd28212b2aff92443bd560ba83ff428,0x1982ac6974d8722779120204036b1b951d551bd6;0xf98d1fba8868506e5d4e77c9a7f35d4b8a5b8e82,ERC20,W2D,0x0f31bc428a3b69d2b1557cefba7a6a909d5dc7a51dd5923e8229e69900f04b93,1649328610,0
0xa4caccef0dd28212b2aff92443bd560ba83ff428,0x1982ac6974d8722779120204036b1b951d551bd6;0xf98d1fba8868506e5d4e77c9a7f35d4b8a5b8e82,ERC20,W2D,0x12119849f2eee0761f99f2b68f7d08113dc3a79d0c1e38a545175992494e599f,1651754571,0
0xa4caccef0dd28212b2aff92443bd560ba83ff428,0x1982ac6974d8722779120204036b1b951d551bd6;0xf98d1fba8868506e5d4e77c9a7f35d4b8a5b8e82,ERC20,W2D,0xe173756599474d05a5c3850ec30f6527f64043b826840374f098fadef79b6883,1619957464,0
0x3d39e18a0c9898f562390883a310fbb7e62fcf2e,0x9835e3f9c21dea13bf75b1540ea152537f6ee45c,ETH,D2W,0xfe7e6e1572d852aef5ccb0e0aac7018e5b1bd4054a17c56524f3fa78b104a193,1757257283,1
0x97b9a1e26ebf088f7fd2283384c99ed86bbed2b6,0x489c4925dbab16a5231029fb0f683b85736af726;0x5524e7b21530d7db0a6b0cf3d59a2d475f636b55,ETH,W2D,0x895834bba3ba0853c42a1000dad108f392d7cd352786716487254a094f16effb,1754672975,1
0x97b9a1e26ebf088f7fd2283384c99ed86bbed2b6,0x489c4925dbab16a5231029fb0f683b85736af726;0x5524e7b21530d7db0a6b0cf3d59a2d475f636b55,ETH,W2D,0xff8d99bd6ac9d1e4e02178905510054fd0296300d2dd0459719bf0e0439dc60d,1756078823,1
0x97b9a1e26ebf088f7fd2283384c99ed86bbed2b6,0x489c4925dbab16a5231029fb0f683b85736af726;0x5524e7b21530d7db0a6b0cf3d59a2d475f636b55,ETH,D2W,0x2e56bc6c64016f4a1fb900a5de0d44d4e54610b00f2a29e636a95b3a44f377d1,1766429999,1
0xf086a4ba95c5f395496244008b32d2363fa56331,0x6b6e87c037aa8c3a50a5010d8704bc5ea5c3d3ad,ETH,W2D,0x58766f79eb953be69e1f65fcdbf9f46ed8b9779cf67dfaaed64bcb9cc5a58794,1717179923,1
0xf086a4ba95c5f395496244008b32d2363fa56331,0x6b6e87c037aa8c3a50a5010d8704bc5ea5c3d3ad,ETH,W2D,0x7e3f900758bca85cbd828347fd4c58a0412039b8fe4a858d07f83d9ce8ffccc8,1755556607,1
0xf086a4ba95c5f395496244008b32d2363fa56331,0x6b6e87c037aa8c3a50a5010d8704bc5ea5c3d3ad,ETH,D2W,0xdee114fbadc3d9c94e92700beda72509ca727b4967a68cc9d0d6fe9b0b6dc51f,1755888683,1
0xf086a4ba95c5f395496244008b32d2363fa56331,0x6b6e87c037aa8c3a50a5010d8704bc5ea5c3d3ad,ERC20,W2D,0xc4c9211a294e7a2a85fc1beee1cc75de11f694aead3789cd1cfb980c1c6a26e6,1717179779,1
0xf086a4ba95c5f395496244008b32d2363fa56331,0x6b6e87c037aa8c3a50a5010d8704bc5ea5c3d3ad,ERC20,W2D,0xd26fb7f72c907f61577f78a4d5174685f34655d2dad34f8d3c03bc64e9772767,1717179863,1
0x281c66886ef7b6c02bd31d028a000fc5c588a7a4,0x9b7a78f673678b247a3808496786dd16c61cdb32;0xa556a5a50d2c786617263414878214a9159d1433,ETH,D2W,0x190bc5e27d906a233b25ab514c80600dbb071a2265e6bb64a4fb10e1f2f4f74a,1674138659,1
0x281c66886ef7b6c02bd31d028a000fc5c588a7a4,0x9b7a78f673678b247a3808496786dd16c61cdb32;0xa556a5a50d2c786617263414878214a9159d1433,ETH,D2W,0xf80ac49694d4de199e07670ae549d2b8955cf310f2b11ee87ca911765886f531,1698694427,1
0x7c8d1c186506df224a4e781b9f4ac6b9f5a40dea,0x512e07a093aaa20ba288392eadf03838c7a4e522,ERC20,D2W,0x1b929780145d999c32c61a0e0f22084263d58841fddb9c4fe131a51a6762529a,1627070079,0
0x6f6dd9b9446260628a20ca44bef4fdaf8ce4af14,0x9037ceeb2189036068a0e2127d8932cff669a850;0xde818fe37d8f64e1ad0878eafe9c9e4a18bdb806,ETH,W2D,0x436d63dcb5e476804322b2ffd336f61af5a2af6b9a719c060f1ebfd8dc282e17,1787421167,1
0x6f6dd9b9446260628a20ca44bef4fdaf8ce4af14,0x9037ceeb2189036068a0e2127d8932cff669a850;0xde818fe37d8f64e1ad0878eafe9c9e4a18bdb806,ETH,W2D,0xf6d604d8af4f8fe14c62e7c4a62104a2eb56b8a74425d629fb7a1660f4caa28f,1787421191,1
0xd262d146e869915444d0f34ecdaabab5ab43007e,0x83374a5ab3411d95b77acb657918bb6478894453,ETH,D2W,0xaee30d29440961846e06b318e8157e0e0600800b40954685b4eb642314923f2c,1699086239,1
0xdcbb368c73dce534c4fdafd4da722b5826948e09,0x4031b186882b66d519397db4056c0b83e982d224,ETH,D2W,0xb5ca6579acf6ce02011b08476b223b95b4ca450fa3f5368a1150a091e0184c59,1759079363,1
0xdcbb368c73dce534c4fdafd4da722b5826948e09,0x4031b186882b66d519397db4056c0b83e982d224,ETH,D2W,0xe1bd9d87a72585af8e97b8c4115f2fdb1430a1058d8019eda719f2fd524134e0,1759328891,1
0x5346ed0d98c195a53a12b301eb9275b54be68105,0x8ce3d0a9b49cd52f9cc0826902982b88205777b8,ETH,D2W,0x2821451c6662747c2fa9740567ecf6b74d0b0bc80f9ff3d97b8172abde8a51f9,1766533955,1
0x5346ed0d98c195a53a12b301eb9275b54be68105,0x8ce3d0a9b49cd52f9cc0826902982b88205777b8,ETH,D2W,0xb7aec4042dc0d30fe4f906dfa715ac90b3e930f3e031ed0eaac46c379f156e89,1761495719,1
0x5346ed0d98c195a53a12b301eb9275b54be68105,0x8ce3d0a9b49cd52f9cc0826902982b88205777b8,ERC20,D2W,0x1b919e356186943974f6e77066847c68805937a567ecea2cba1a873efe91710a,1766517923,1
0x5346ed0d98c195a53a12b301eb9275b54be68105,0x8ce3d0a9b49cd52f9cc0826902982b88205777b8,ERC20,D2W,0x21c9f06032f81c73d35f22069a436f5b1d302260721eb6ca24c7baa954a2962f,1761495455,1
0x5346ed0d98c195a53a12b301eb9275b54be68105,0x8ce3d0a9b49cd52f9cc0826902982b88205777b8,ERC20,D2W,0x29326717da696bd4c378a1f4acadcb0678b9b3b8765900f6bc8ebd2e7fa25d9a,1758904823,1
0x5346ed0d98c195a53a12b301eb9275b54be68105,0x8ce3d0a9b49cd52f9cc0826902982b88205777b8,ERC20,D2W,0x466542d003f7e1d94cb8ee9eb9ed1c6f93b670182baa09b615d999c165862d41,1761495515,1
0x5346ed0d98c195a53a12b301eb9275b54be68105,0x8ce3d0a9b49cd52f9cc0826902982b88205777b8,ERC20,D2W,0x579aecb9291aeb0a95e0d1fbc5820a9826d73ebedfadd6d7ccbfd0e40ca787fa,1755357323,1
0x5346ed0d98c195a53a12b301eb9275b54be68105,0x8ce3d0a9b49cd52f9cc0826902982b88205777b8,ERC20,D2W,0x5a4809be31054aebab61b9b4f7f90e5b3c5b39187a94ab05609e67792bc66944,1766533883,1
0x5346ed0d98c195a53a12b301eb9275b54be68105,0x8ce3d0a9b49cd52f9cc0826902982b88205777b8,ERC20,D2W,0x5ff41c13ae300c92ae98d574c936960eea4d976004dae503681943b47b60637b,1755358535,1
0x5346ed0d98c195a53a12b301eb9275b54be68105,0x8ce3d0a9b49cd52f9cc0826902982b88205777b8,ERC20,D2W,0x9344bf3cb9dd960a55ecbd7684c9b612f91c02e52e18f56c197a0e3dbcacb1f1,1765563155,1
0x5346ed0d98c195a53a12b301eb9275b54be68105,0x8ce3d0a9b49cd52f9cc0826902982b88205777b8,ERC20,D2W,0xeeb35e99d259e9ea26864133bb97af169e3ca735d0dbad4f786d3b6e5fce9437,1761495479,1
0x32aa30ccd7aa1c688e4f23b386ce542ca3bcde23,0xa556a5a50d2c786617263414878214a9159d1433,ERC20,D2W,0x5fba98e5896bc1a5c552ea79771527a052ff48b6b441b6f1fa184ecd34a73eac,1778685983,1
0x476c755bdc9f9f1c34b83559a30082fedfdfe23e,0xe50398cbca0695d44a2b0792f688075e86e707c9,ETH,W2D,0xf54e46b4aa70441f77c1aa4b7df8c5281d38d9690ab4db6015debad64136303e,1767202307,1
0x3335c8536d7ee848050143fb63c2c1260911122b,0xae96546a0ebe6e8ff438fb1069db4ae2e4f07708,ETH,W2D,0x10fd41192e6d264642941c466e8e9b531c9d4fabda2826ad15a6d357bfcdf069,1697375075,1
0x3335c8536d7ee848050143fb63c2c1260911122b,0xae96546a0ebe6e8ff438fb1069db4ae2e4f07708,ETH,W2D,0x2c6d8a234d025bd99a30faf899a93305bfd245e589d4ef63ddc96a1a5a9395b5,1706839391,1
0x3335c8536d7ee848050143fb63c2c1260911122b,0xae96546a0ebe6e8ff438fb1069db4ae2e4f07708,ETH,W2D,0xb55104deb998c4f5159dafc810286bcf7033c5c507d2358674f1412983ed8284,1677480011,1
0x3335c8536d7ee848050143fb63c2c1260911122b,0xae96546a0ebe6e8ff438fb1069db4ae2e4f07708,ETH,W2D,0xb75ad9ce637ea8834b5ee9d074dfcf52db596b29d2c3b581e9826a24a9d33aef,1752844103,1
0x3335c8536d7ee848050143fb63c2c1260911122b,0xae96546a0ebe6e8ff438fb1069db4ae2e4f07708,ETH,W2D,0xcacb8fe34ce90d303a5b93300b2254cdfc581f59ed3ce7bfa4b877d4b8191616,1706095703,1
0x3335c8536d7ee848050143fb63c2c1260911122b,0xae96546a0ebe6e8ff438fb1069db4ae2e4f07708,ETH,W2D,0xcb495547e266c5e87b57304528e0684b3ef95523aa83e069252050c16a3dc340,1701739895,1
0x3335c8536d7ee848050143fb63c2c1260911122b,0xae96546a0ebe6e8ff438fb1069db4ae2e4f07708,ETH,D2W,0x2b0b29242763b33b7f106aa423bdb455b67b9d104f69f1c6704a0d17b4a01452,1707101027,1
0x3335c8536d7ee848050143fb63c2c1260911122b,0xae96546a0ebe6e8ff438fb1069db4ae2e4f07708,ETH,D2W,0x87add0e7eaf3e9854dbbc0e91586924bae1be2496f9cdcd7211c9548a0e3ac89,1736392871,1
0x3335c8536d7ee848050143fb63c2c1260911122b,0xae96546a0ebe6e8ff438fb1069db4ae2e4f07708,ETH,D2W,0xba8b2f072467915c7ccfcc43c947c5e80564af54d57fdb078ee39bd50e0b5130,1706838443,1
0x3335c8536d7ee848050143fb63c2c1260911122b,0xae96546a0ebe6e8ff438fb1069db4ae2e4f07708,ETH,D2W,0xf4e1c8e090e173b8d384fcdb3c81cc8cba43b052204613de97d7b36677c9d0e8,1693189967,1
0x3335c8536d7ee848050143fb63c2c1260911122b,0xae96546a0ebe6e8ff438fb1069db4ae2e4f07708,ERC20,D2W,0x7853f1abcee8e59f55eae37f7ba26e4331817dfc350c57e8ee0009e6fb83640b,1706840387,1
0x3335c8536d7ee848050143fb63c2c1260911122b,0xae96546a0ebe6e8ff438fb1069db4ae2e4f07708,ERC20,D2W,0xfc5abf3c8bacab0e202407d6fbcc7f73ee5b5725dae9faa0e312615258229aef,1691543927,1
0x3335c8536d7ee848050143fb63c2c1260911122b,0xae96546a0ebe6e8ff438fb1069db4ae2e4f07708,ERC20,W2D,0x552a50b0003dd713350dfa20a618bb225ea626bf00c4076d26c088737ed4135f,1730466587,1
0x3335c8536d7ee848050143fb63c2c1260911122b,0xae96546a0ebe6e8ff438fb1069db4ae2e4f07708,ERC20,W2D,0x86a39d2e23807e5686720bb74bb978cc81e8d748a870890b57747ffa1398815f,1706095739,1
0x3335c8536d7ee848050143fb63c2c1260911122b,0xae96546a0ebe6e8ff438fb1069db4ae2e4f07708,ERC20,W2D,0xc60e90d8da2388d9021ae992020834ba0056797baa94f0286bacb267993019cd,1727771279,1
0xdc6b04b4e40fde7c0e9ee1171f913febdbb4b88b,0xc34359fab3d2df508e4f994af5a6418c2dbb132d,ETH,D2W,0xdf4df4ef9f9927848d8183b2ba5f5282e6c59982141e70d89561a13e86557267,1632660916,0
0xdc6b04b4e40fde7c0e9ee1171f913febdbb4b88b,0xc34359fab3d2df508e4f994af5a6418c2dbb132d,ERC20,D2W,0x2492fa5643b4ada1d8c143909c3b7e4867b6ac4c095f078afebd0022141be89a,1632013055,0
0xdc6b04b4e40fde7c0e9ee1171f913febdbb4b88b,0xc34359fab3d2df508e4f994af5a6418c2dbb132d,ERC20,D2W,0x91314db591c4518e626f484773a5803d251b500a36f9d8d5b0b40f11df1a1014,1653712387,0
0xdc6b04b4e40fde7c0e9ee1171f913febdbb4b88b,0xc34359fab3d2df508e4f994af5a6418c2dbb132d,ERC20,D2W,0xb6ecc8cd03e59d2d75b40ed82d0e630f677c011c96db0c51a2ed0b30bc9e5df8,1631632237,0
0x94f5a2c492a0ab1c3da2187bb2ed6fad696920ec,0x99758478c660d48abf6ea0741b0fa34c91c6cf9a,ETH,W2D,0x2b83005d53d5f7cb934c978350a074a1cbb436b05acd879bd0217fc194bbd233,1674865883,1
0x94f5a2c492a0ab1c3da2187bb2ed6fad696920ec,0x99758478c660d48abf6ea0741b0fa34c91c6cf9a,ETH,W2D,0xf879aa13e2aaa02280328c83d20b2f5ed125c69bac0672c40b0e0eaa2d2cacb6,1684961207,1
0x94f5a2c492a0ab1c3da2187bb2ed6fad696920ec,0x99758478c660d48abf6ea0741b0fa34c91c6cf9a,ETH,D2W,0x092230d80fed666a5cea9b6704b80a895d30288d0b17a7d17772e985443767ad,1684337387,1
0x94f5a2c492a0ab1c3da2187bb2ed6fad696920ec,0x99758478c660d48abf6ea0741b0fa34c91c6cf9a,ERC20,D2W,0xb4206ac0d2b0c50c529d18cf1cfd115bf37ecc7d7f26a54a26b155ed33906ed4,1644520612,0
0x94f5a2c492a0ab1c3da2187bb2ed6fad696920ec,0x99758478c660d48abf6ea0741b0fa34c91c6cf9a,ERC20,D2W,0xb776e4a627f0fc2b6e9890298c789ffb441739deddb54979d32041ff584ed8ab,1644520531,0
0x4e72303d3768695fd6170ee721f9233df0a39602,0x5f19021618af1ceb5de7ca112b505f51f813ae18,ERC20,W2D,0x3e9cf1ac24ecac79fd2ac75de108e4302e9edecf1e321a7f8d30860bb8d2c360,1710897659,1
0x4e72303d3768695fd6170ee721f9233df0a39602,0x5f19021618af1ceb5de7ca112b505f51f813ae18,ERC20,W2D,0x7862334c08bd67e5b07b086a4ca2078d625489f2822ccb0f4f9a0aa5962d9c99,1713317423,1
0x185fbf0f21fbd956404eef1a50462e017486dae3,0x505755e3b7136e4bd39f396c0464313e37ed2346,ETH,D2W,0x659c61d38118b91e69e7ca5181b6e72d4835f289c111d586ba8c3342b7dd753e,1754426663,1
0x29e3fcb9f4aad6225f359de66f3e81e643ac1dcb,0x99758478c660d48abf6ea0741b0fa34c91c6cf9a,ETH,D2W,0x17c2e90b13a98af3ce41041e6aea6b3cc9715a95300b5034bb922edea2715860,1681912079,1
0x29e3fcb9f4aad6225f359de66f3e81e643ac1dcb,0x99758478c660d48abf6ea0741b0fa34c91c6cf9a,ETH,D2W,0x4ec9887a5ca223d05e368a75f9be54828e08a04ef88f6b99e4d811fa1db6d54b,1684337471,1
0x29e3fcb9f4aad6225f359de66f3e81e643ac1dcb,0x99758478c660d48abf6ea0741b0fa34c91c6cf9a,ETH,D2W,0x725ab2eed18b6479fdc2ab987b87e4793e3600b0b171897910aa9bcc20e58b85,1680723203,1
0x29e3fcb9f4aad6225f359de66f3e81e643ac1dcb,0x99758478c660d48abf6ea0741b0fa34c91c6cf9a,ETH,D2W,0x820378f88503c93fd36ed93cb788f953ca655c94fc32088ca57b87ccaea20bf7,1678490723,1
0x29e3fcb9f4aad6225f359de66f3e81e643ac1dcb,0x99758478c660d48abf6ea0741b0fa34c91c6cf9a,ETH,D2W,0x9dc0b78ae4c9ad54dfee68b56a97f6dfa84e9e06fb2a190e98a5fdbd8343889e,1667233127,0
0x29e3fcb9f4aad6225f359de66f3e81e643ac1dcb,0x99758478c660d48abf6ea0741b0fa34c91c6cf9a,ETH,D2W,0xf4e5cab3a3406a88d2dd61a203d13891bacd9c18d7229f672d067291d8c47168,1644521049,0
0xc5aca2a9fd3486232084314959ebf583cadeed05,0x037f29ce01d56a51829b78acb0702763d542bbec,ETH,W2D,0x2296af39c230c87778a7535f585d51aff7a26e7fe3b3358d8c5be362cde1f447,1654710773,0
0xc5aca2a9fd3486232084314959ebf583cadeed05,0x037f29ce01d56a51829b78acb0702763d542bbec,ETH,W2D,0x3c689f82754fac8f17fe8b230ee86352ab39906b37ef054f329f38b0c02f5cf2,1690605155,1
0xc5aca2a9fd3486232084314959ebf583cadeed05,0x037f29ce01d56a51829b78acb0702763d542bbec,ETH,W2D,0x5335e937ca2c047f8ad519504048cf82bddd0898bc6fd314cf81e823f4cf8fae,1710655127,1
0xc5aca2a9fd3486232084314959ebf583cadeed05,0x037f29ce01d56a51829b78acb0702763d542bbec,ETH,W2D,0x78077e3daeef1cd0bcbb70c918dcb9e0e50af2295b95049c602c59a5954d163a,1659884508,0
0xc5aca2a9fd3486232084314959ebf583cadeed05,0x037f29ce01d56a51829b78acb0702763d542bbec,ETH,W2D,0x96203ecdbf4601bc471294f67c81d0daddfdc8c1095f0cae1abd324e5230ffed,1681655735,1
0xc5aca2a9fd3486232084314959ebf583cadeed05,0x037f29ce01d56a51829b78acb0702763d542bbec,ETH,W2D,0xa1ce7ecf24d3121a8dc62e29df96c4f6ed9043784c1ae41fdf486b9dda03c111,1711107143,1
0xc5aca2a9fd3486232084314959ebf583cadeed05,0x037f29ce01d56a51829b78acb0702763d542bbec,ETH,W2D,0xa89828f8267aed319a37c7a87639b923590a407c3b8f67362a505eecf45da8f6,1708581287,1
0xc5aca2a9fd3486232084314959ebf583cadeed05,0x037f29ce01d56a51829b78acb0702763d542bbec,ETH,W2D,0xd4d644c110bb73db7eaca08cb8d5c27e7dad7bb2bf4946d661fe9fdf778f838b,1718384495,1
0xc5aca2a9fd3486232084314959ebf583cadeed05,0x037f29ce01d56a51829b78acb0702763d542bbec,ETH,W2D,0xe5b0acb459d897da489e99ee30b9dacf5642bb86d767a8dccbe052841e4b0eeb,1645293076,0
0xc5aca2a9fd3486232084314959ebf583cadeed05,0x037f29ce01d56a51829b78acb0702763d542bbec,ETH,W2D,0xe5fbcaaace6a817d462dc75e8d6ed4f182b90844d11bd998e707a850d0f6f46c,1654716812,0
0xc5aca2a9fd3486232084314959ebf583cadeed05,0x037f29ce01d56a51829b78acb0702763d542bbec,ETH,W2D,0xec313d043b17f605af7a1557fdd0b096a488829316af28c04dac3ee666eeca4f,1645294771,0
0xc5aca2a9fd3486232084314959ebf583cadeed05,0x037f29ce01d56a51829b78acb0702763d542bbec,ETH,W2D,0xef22bc08a26be44bee44e8942596f925ee2498ef49a5d703da3e0004ac91cd0f,1654711544,0
0xc5aca2a9fd3486232084314959ebf583cadeed05,0x037f29ce01d56a51829b78acb0702763d542bbec,ETH,D2W,0x24c0a121c79dcee8cf5311f009ec05a5e7bf5bac76fa635e758875c4cbfa50ed,1734899327,1
0xc5aca2a9fd3486232084314959ebf583cadeed05,0x037f29ce01d56a51829b78acb0702763d542bbec,ETH,D2W,0xd7b9cc5ba547677bbf925b553bf0202f5acffed933db628da033b2b0dbd4892b,1645292415,0
0xc5aca2a9fd3486232084314959ebf583cadeed05,0x037f29ce01d56a51829b78acb0702763d542bbec,ETH,D2W,0xe5b0acb459d897da489e99ee30b9dacf5642bb86d767a8dccbe052841e4b0eeb,1645293076,0
0xc5aca2a9fd3486232084314959ebf583cadeed05,0x037f29ce01d56a51829b78acb0702763d542bbec,ERC20,W2D,0x0c867c5e7bb49714f35106b31fe33795234fa379c28ceafb19f0d28a32b16dfe,1645294716,0
0xc5aca2a9fd3486232084314959ebf583cadeed05,0x037f29ce01d56a51829b78acb0702763d542bbec,ERC20,W2D,0xbeb3019482a1f3c772fb1b03e422847a5507763700439467e301c3a3f287bc7b,1730626883,1
0x5a0344f8f7ca62a221d35cffcc3826eb316125e4,0x2317ea6a7df4e325df594f081d4db94b89b3d353,ETH,D2W,0xb0458896f1aef314a92f232bd57c5e9ae88b053a0d1dd925997cb1b67ff63def,1679390567,1
0x5d0410e1eba55ee0338551240560a68d40f6d255,0x8bfd5c80dee33444cfa26d501a422ec5d5461d81,ETH,W2D,0x6db97fbb0768aa8b854c9edc765dab6e00621f9ee1fd3ca6ce10b07a5d0b31dd,1751586887,1
0x5a43586117cd43b499de621826d66d40b3b3822d,0x4925d98fc8619f989a0cfa441f0ce82edb9cfbf0,ETH,D2W,0xfa4f83cb7f8e81d1fcaccbbc10fbcf49df8ee7d6c5c02a933416f3ad965f0a56,1751268299,1
0x70b5846d5b45ac6f099ef5ecc4ebed43b0311d35,0x579f9db6942adac68ad979cea2e1d543e35ed9b0;0x856cac56594c0bf37955862ba71867810daa04c7;0x96fa718d56fd00e07081e582efda65b9417d0429;0x97aa3728af1f29581b71440241c019764ce31401,ETH,W2D,0x3ef81ea4e5887dac69b1537003aebd269822eb748a89c5bbd82b671892b5ea89,1730721035,1
0x70b5846d5b45ac6f099ef5ecc4ebed43b0311d35,0x579f9db6942adac68ad979cea2e1d543e35ed9b0;0x856cac56594c0bf37955862ba71867810daa04c7;0x96fa718d56fd00e07081e582efda65b9417d0429;0x97aa3728af1f29581b71440241c019764ce31401,ETH,W2D,0x77ba6017d8a74900390401eb37e2a20f994a170e95e4aa6afcee6e04ec409c23,1730718299,1
0x70b5846d5b45ac6f099ef5ecc4ebed43b0311d35,0x579f9db6942adac68ad979cea2e1d543e35ed9b0;0x856cac56594c0bf37955862ba71867810daa04c7;0x96fa718d56fd00e07081e582efda65b9417d0429;0x97aa3728af1f29581b71440241c019764ce31401,ETH,W2D,0xc67328d83f7ef807012f10a8c793e5b487ec5e128d7353fd01c127f2c67d77d4,1750144499,1
0x70b5846d5b45ac6f099ef5ecc4ebed43b0311d35,0x579f9db6942adac68ad979cea2e1d543e35ed9b0;0x856cac56594c0bf37955862ba71867810daa04c7;0x96fa718d56fd00e07081e582efda65b9417d0429;0x97aa3728af1f29581b71440241c019764ce31401,ETH,D2W,0x95419930d28d77a7c8b15853c80428be4403ee62db24ea121d5116db164e4cf1,1767082199,1
0xcd1efbac8e37e92268ba83903026a6c34b3803db,0x3b77fe026c8a6f985944527564c77044b68a3021,ETH,D2W,0x44c01167cfb5a267cb4430e4c0a9930300b35d2a44cfe849231811f60518a37a,1734302711,1
0xcd1efbac8e37e92268ba83903026a6c34b3803db,0x3b77fe026c8a6f985944527564c77044b68a3021,ETH,D2W,0x8917b1a6c3830317ca878ae8791e738033a31b6264c10514448532d931de57ae,1732443623,1
0xcd1efbac8e37e92268ba83903026a6c34b3803db,0x3b77fe026c8a6f985944527564c77044b68a3021,ETH,D2W,0xa760dfc940af708be2555296f7542d04bb088eca40cd5ce9617b3debbf8839fe,1732618991,1
0xcd1efbac8e37e92268ba83903026a6c34b3803db,0x3b77fe026c8a6f985944527564c77044b68a3021,ETH,D2W,0xb93827d47e9956c9ba2cb4dd99f7887949b1d546ac8e3c37ccd29a046f1f45af,1723998071,1
0xcd1efbac8e37e92268ba83903026a6c34b3803db,0x3b77fe026c8a6f985944527564c77044b68a3021,ETH,D2W,0xb9bd9f6faf6bf97d54d9e5223d51523004ce56e12125b2e7bfe0c4df214e67e0,1710008771,1
0xcd1efbac8e37e92268ba83903026a6c34b3803db,0x3b77fe026c8a6f985944527564c77044b68a3021,ETH,D2W,0xdae9c7b7c8871dcc5a611a7d0144b8ec25bcfd446ff8d78013a8c5c938b8e6e4,1753082915,1
0xcd1efbac8e37e92268ba83903026a6c34b3803db,0x3b77fe026c8a6f985944527564c77044b68a3021,ETH,W2D,0x4db370096a8edd1d91668b713061facede83d7d0d41bab340b6ef6111f5a629b,1712499839,1
0xcd1efbac8e37e92268ba83903026a6c34b3803db,0x3b77fe026c8a6f985944527564c77044b68a3021,ETH,W2D,0x709805f58b4c8175228e5c249e800c07301412b92d2b5b64b3f27ae3102c7568,1724501003,1
0xcd1efbac8e37e92268ba83903026a6c34b3803db,0x3b77fe026c8a6f985944527564c77044b68a3021,ETH,W2D,0x9b6184cf7bf18cd69d9936461cc9a9ede1847950eb3890acc5699e87861c1505,1735984967,1
0xcd1efbac8e37e92268ba83903026a6c34b3803db,0x3b77fe026c8a6f985944527564c77044b68a3021,ETH,W2D,0xb4e7b1e35b9eeb693dac37e8ca9b204686a8f6e23bd13cf38598770a56c9a5e3,1748096459,1
0xcd1efbac8e37e92268ba83903026a6c34b3803db,0x3b77fe026c8a6f985944527564c77044b68a3021,ETH,W2D,0xddc0824d6a8c91692e9853d9f172adb3921bd217e824a8a14af00df7b3e08d85,1720961471,1
0xcd1efbac8e37e92268ba83903026a6c34b3803db,0x3b77fe026c8a6f985944527564c77044b68a3021,ETH,W2D,0xf4f31f3a225f0e67de8f0543bb6e781399f3c8d19a2bba3ecaf273bec9f6f7ac,1734428927,1
0xcd1efbac8e37e92268ba83903026a6c34b3803db,0x3b77fe026c8a6f985944527564c77044b68a3021,ERC20,W2D,0x184806bcbac85e8ff2e16882ad095e9768829bb635fd4fc43d198186b0df6f08,1734718751,1
0xcd1efbac8e37e92268ba83903026a6c34b3803db,0x3b77fe026c8a6f985944527564c77044b68a3021,ERC20,W2D,0x690b7fa4945e4404ba53c95e3309629edd3e78b5203e9458f0246ef2bb0d1664,1727508923,1
0xcd1efbac8e37e92268ba83903026a6c34b3803db,0x3b77fe026c8a6f985944527564c77044b68a3021,ERC20,W2D,0x9491663351e29345ba913c1adec7fe35e2dd0637c3f3914d2884ae3616d4fbcb,1734718787,1
0xcd1efbac8e37e92268ba83903026a6c34b3803db,0x3b77fe026c8a6f985944527564c77044b68a3021,ERC20,W2D,0x99a35cd965fbab8ae42c1053cdc573332c9e3d80e4b5972e2da565f92d76107b,1738429343,1
0xcd1efbac8e37e92268ba83903026a6c34b3803db,0x3b77fe026c8a6f985944527564c77044b68a3021,ERC20,W2D,0xd3b486981eae3115ea372f4f3e0d8004ae61edee5c6817f15db77c32f3b23d37,1734718847,1
0xcd1efbac8e37e92268ba83903026a6c34b3803db,0x3b77fe026c8a6f985944527564c77044b68a3021,ERC20,D2W,0x16212c312bfbf7bae6616038971a032c3d7c0c837558ef487ba2f5b8773c7c57,1753082963,1
0xcd1efbac8e37e92268ba83903026a6c34b3803db,0x3b77fe026c8a6f985944527564c77044b68a3021,ERC20,D2W,0xfe8d6d84046c8c3f2d305e5a222eda7f36d9755aef5d01233436697be11e82f6,1738428515,1
0xc931c0ee5e6734f66a675d0ed03f953202792eeb,0x74a6b226fb5fe52ddb532340476eea24ddce0937;0xad89ff92fae3854c6a684b9ead455bd74155cfc3,ETH,W2D,0x6a7ce571700211f9c3be47e8323ff1b925fcded25f3d2fed17a2b4e7d7f35c81,1729562963,1
0xc931c0ee5e6734f66a675d0ed03f953202792eeb,0x74a6b226fb5fe52ddb532340476eea24ddce0937;0xad89ff92fae3854c6a684b9ead455bd74155cfc3,ETH,D2W,0xacc73c859722ed0cfef1193836b3adc6290a7c341becf1c41ab08498bd1eb08d,1767080687,1
0x9878a58179f423cb6371cf390980ecef405d7a7c,0xef1d20abcb58c869c157319c121c63acab0e41da,ETH,W2D,0xeb7efeaa76db76360690998426aa985321267e382c11946cd0360e550c1063a3,1770325199,1
0x9878a58179f423cb6371cf390980ecef405d7a7c,0xef1d20abcb58c869c157319c121c63acab0e41da,ERC20,W2D,0x24064fcf3cd2a82da7187c7dbb37eba0c66afd89ba7a29b7f329efbace2c078d,1763711855,1
0x9878a58179f423cb6371cf390980ecef405d7a7c,0xef1d20abcb58c869c157319c121c63acab0e41da,ERC20,W2D,0x4287eb1ce7154ba2146b5c9f1dc6bdc59d4afe060f3db861255e7c8760d49f32,1763713163,1
0x9878a58179f423cb6371cf390980ecef405d7a7c,0xef1d20abcb58c869c157319c121c63acab0e41da,ERC20,W2D,0x85ccd575b52bfacf92f34e58f38f8f2bd02b34b2ce8d8c9275f08e6d47f56d10,1766344775,1
0x5554672e67ba866b9861701d0e0494ab324ad19a,0x2660f4f0154784eb5606e253c854a28048a819cd;0x6dc43be93a8b5fd37dc16f24872babc6da5e5e3e;0xf2daab8cbcfd14bad4e466048b9fe877386180b8,ETH,D2W,0x746ee3cb49a6ed58ad7c7e56ed57fdd60cd55382e6ebde7241de5b6dbb792e46,1724950979,1
0x5554672e67ba866b9861701d0e0494ab324ad19a,0x2660f4f0154784eb5606e253c854a28048a819cd;0x6dc43be93a8b5fd37dc16f24872babc6da5e5e3e;0xf2daab8cbcfd14bad4e466048b9fe877386180b8,ERC20,W2D,0xb93a403751ed49cfb03cca52d2c0349f8df068f57b857813da98cbb932947a83,1699376279,1
0x5554672e67ba866b9861701d0e0494ab324ad19a,0x2660f4f0154784eb5606e253c854a28048a819cd;0x6dc43be93a8b5fd37dc16f24872babc6da5e5e3e;0xf2daab8cbcfd14bad4e466048b9fe877386180b8,ERC20,D2W,0xf2c90e904e0ca5ec991311c2dd38fa9668c1bf7ebbc67f8130fcb23d252395ef,1721163479,1
0xf71e9c766cdf169edfbe2749490943c1dc6b8a55,0x554c5af96e9e3c05aec01ce18221d0dd25975ab4,ETH,D2W,0xb0a26341409fcd2a7abcc8db28cd528adcb90c8bedc247d6d00841e245f5ae56,1573580675,0
0xf71e9c766cdf169edfbe2749490943c1dc6b8a55,0x554c5af96e9e3c05aec01ce18221d0dd25975ab4,ERC20,D2W,0x587163b02da3f5615e6f19f47c365f4070c8e12ffe8f26b6d2c014f56ce13e2b,1678210319,1
0xf71e9c766cdf169edfbe2749490943c1dc6b8a55,0x554c5af96e9e3c05aec01ce18221d0dd25975ab4,ERC20,W2D,0xec79253c81c32348b1b37a6595710474b0a3dd50bd2e63378f81f6a3e8d7b2a5,1696427939,1
0x7fd1ab2aa9b34b5b07316f14527ba73e24e6bec0,0x03d15ec11110dda27df907e12e7ac996841d95e4,ERC20,W2D,0xcaa6c2881c3ceda5280419e6493eb3279546ba2a7eb5c0204c63303a437a0888,1752253919,1
0x9bf06fb4db8c15532ca57dde63b41a00b3b9bcbb,0xb035f132292cfac6ba300f34f5280adda9fd17ca,ETH,D2W,0x233d453594f5b43801ae466995d087ae391dc58abbb1422f1b45db29e60cf3f9,1746831959,1
0x0a3f87835990206a19762bce2f2afb29b5d6bb20,0xc79d88653b62de315b299b8c64eaf99d232f60cb,ETH,W2D,0x45159cb43cb5062e0a6dddbb50ade6de21b36ad49007d6434cd9eeb941b9fa4e,1750418687,1
0x9623684ca2c47e9b05c331b9dea3b8a1c92ad6cb,0xd19982f720c31839f2fb693e9299b4b37b47d6fa,ETH,D2W,0x5873c9c6d189fbde5736565dbd2b8ff320d35012fc6322d92e32449605b4a16f,1748759675,1
0xd8da6bf26964af9d7eed9e03e53415d37aa96045,0x1c0aa8ccd568d90d61659f060d1bfb1e6f855a20;0xb0145ae156d201d6e371d07265fe3c045071c967,ERC20,W2D,0x3cada4a20316225f0f65274aefd181a23a9033f159f919ed7fb688e8ef7b2648,1631733847,0
0xd8da6bf26964af9d7eed9e03e53415d37aa96045,0x1c0aa8ccd568d90d61659f060d1bfb1e6f855a20;0xb0145ae156d201d6e371d07265fe3c045071c967,ERC20,W2D,0x42881f9ac9a98fff392cb46ae813d8e157088fadb87ba7daeed8473ad6a198a4,1607030499,0
0xd8da6bf26964af9d7eed9e03e53415d37aa96045,0x1c0aa8ccd568d90d61659f060d1bfb1e6f855a20;0xb0145ae156d201d6e371d07265fe3c045071c967,ERC20,W2D,0x45a3bb0b5ead2b7e0a085161482d564f3094626fbf330d40ffe297244df2d5ea,1607030113,0
0xd8da6bf26964af9d7eed9e03e53415d37aa96045,0x1c0aa8ccd568d90d61659f060d1bfb1e6f855a20;0xb0145ae156d201d6e371d07265fe3c045071c967,ERC20,W2D,0xcb71429ee1a236e80083920370ec07f6a864c7172612c607aba8bb9edbfce314,1607030652,0
0x416611e14b2cb551dfaf62b1ce533820e5bc245b,0xfed4a3ded63c2a89c2f58ee2cb3028a1e284d799,ERC20,W2D,0x722386b7f952d0d163f08dc1b88b8ea1dd6ac266a46d2014e93ce2ba11c246aa,1782367271,1
0x416611e14b2cb551dfaf62b1ce533820e5bc245b,0xfed4a3ded63c2a89c2f58ee2cb3028a1e284d799,ERC20,D2W,0x8ee5144a14f2c097295450e544a144fd2f9b00409fec038acf0f58aa90be6ac5,1782367295,1
0x0eb50ebd69cc31d5627e6730a9b4171c903ddc64,0x3f05cb726bc1401c307608ef1c586b353d67c18c,ETH,D2W,0x17fcb476476e4bff0121e7e9dd17a47afe6a9f16c95fff75c67382185dd5affe,1772977967,1
0x6736ab5e9bf58bcdc85021195a26fc345a2052ad,0x0ccafbb49f36123f37ed32f78cbcbfe6b9e80a80,ETH,D2W,0xec40cc914072cd4fefca8fa07cc4e25b2bc43420a9ed496e9dd1c2d567d4dd2a,1707729479,1
0x6cc34d9fb4ae289256fc1896308d387aee2bcc52,0x0f65a81e1cd32467f4fb5716a5d7cb42aa09e2f3;0x115ff71b91d2679ccea6aa55ac8e6721e4417d35,ETH,W2D,0x1c004e160a1f7ff52572a045847fcc210397f079d5d279cddf018471bfe18388,1658174881,0
0x6cc34d9fb4ae289256fc1896308d387aee2bcc52,0x0f65a81e1cd32467f4fb5716a5d7cb42aa09e2f3;0x115ff71b91d2679ccea6aa55ac8e6721e4417d35,ETH,W2D,0x1edb65884f27c579c3f332a597b88d7918de30d7d09bc3af85e2a89549adb8f9,1665421091,0
0x6cc34d9fb4ae289256fc1896308d387aee2bcc52,0x0f65a81e1cd32467f4fb5716a5d7cb42aa09e2f3;0x115ff71b91d2679ccea6aa55ac8e6721e4417d35,ETH,W2D,0x66a47842c97101d9484b539892f8139969ecc351f2eb4588986e002fcbd2f6e4,1657551409,0
0x6cc34d9fb4ae289256fc1896308d387aee2bcc52,0x0f65a81e1cd32467f4fb5716a5d7cb42aa09e2f3;0x115ff71b91d2679ccea6aa55ac8e6721e4417d35,ETH,W2D,0x6ccb80ce194bca6d5438bedb2d8ecaabdc203b4b4fb15c9ced9d02f680449bc6,1665675551,0
0x6cc34d9fb4ae289256fc1896308d387aee2bcc52,0x0f65a81e1cd32467f4fb5716a5d7cb42aa09e2f3;0x115ff71b91d2679ccea6aa55ac8e6721e4417d35,ETH,W2D,0xa7bca9c49a0f46deb64ebc580183f63aae1e803be535df93d78061b9b828f050,1659706119,0
0x6cc34d9fb4ae289256fc1896308d387aee2bcc52,0x0f65a81e1cd32467f4fb5716a5d7cb42aa09e2f3;0x115ff71b91d2679ccea6aa55ac8e6721e4417d35,ETH,W2D,0xb47159c59ae81dfef164ed8522b189158cda711ca3d5fbc64e42f989b6a0c3bc,1654076359,0
0x6cc34d9fb4ae289256fc1896308d387aee2bcc52,0x0f65a81e1cd32467f4fb5716a5d7cb42aa09e2f3;0x115ff71b91d2679ccea6aa55ac8e6721e4417d35,ETH,W2D,0xd5096fc0006f3290bb4f9b1ee7ed59702a381bd6113837ca7f2595da757b768b,1653553845,0
0x6cc34d9fb4ae289256fc1896308d387aee2bcc52,0x0f65a81e1cd32467f4fb5716a5d7cb42aa09e2f3;0x115ff71b91d2679ccea6aa55ac8e6721e4417d35,ETH,D2W,0x2cabca1d8962a85ae0b5e50bc5695940b3315dfdc0363e6232a0604aee3aa5c2,1739960891,1
0x3f81a72024746c69e1b9a6b152c4339873830cda,0x1194fcc3fe1288f080efb8e96753618499587f2b;0xc9fd99aadf3c5b98adee3bde40e28c3981696e22;0xdb326c0f5f60ef7940a319e386db26f9e5810656;0xfb608925b269dfe1758dbbc968bd4a9a6edd4b50,ETH,W2D,0xa05d53002ed4d9497ecad74cef365c02380822cef997e1f0ab9d6180e6919408,1641020672,0
0x3f81a72024746c69e1b9a6b152c4339873830cda,0x1194fcc3fe1288f080efb8e96753618499587f2b;0xc9fd99aadf3c5b98adee3bde40e28c3981696e22;0xdb326c0f5f60ef7940a319e386db26f9e5810656;0xfb608925b269dfe1758dbbc968bd4a9a6edd4b50,ETH,W2D,0xb6c4d9a7e3ebdbb94c207ae8599f8e8bf7c70cfbdf89803d2c90a035cf554e80,1729749983,1
0x3f81a72024746c69e1b9a6b152c4339873830cda,0x1194fcc3fe1288f080efb8e96753618499587f2b;0xc9fd99aadf3c5b98adee3bde40e28c3981696e22;0xdb326c0f5f60ef7940a319e386db26f9e5810656;0xfb608925b269dfe1758dbbc968bd4a9a6edd4b50,ETH,W2D,0xbd2a617724a310cac9ef3f3ee12b03c5f93449d860579fb54b6920210bcee01d,1642677819,0
0x3f81a72024746c69e1b9a6b152c4339873830cda,0x1194fcc3fe1288f080efb8e96753618499587f2b;0xc9fd99aadf3c5b98adee3bde40e28c3981696e22;0xdb326c0f5f60ef7940a319e386db26f9e5810656;0xfb608925b269dfe1758dbbc968bd4a9a6edd4b50,ETH,W2D,0xdca4b7d11c1ff4e093c1166c7c4ee4bb730a0bd3d6c463ee6e2b5a62ce9ca2f1,1656038801,0
0x79dafd0da626f23a66e63fe06a0f2b97781f8198,0x4387bd334e0b3669242eef82c15cf63abb0dc4cf;0xc9fd99aadf3c5b98adee3bde40e28c3981696e22;0xdb326c0f5f60ef7940a319e386db26f9e5810656;0xfb608925b269dfe1758dbbc968bd4a9a6edd4b50,ETH,W2D,0x2ec912e4b3dda4c2a0292650e01c4bb4d8ba74a1734d32992bd694c8f37336e0,1632005733,0
0x79dafd0da626f23a66e63fe06a0f2b97781f8198,0x4387bd334e0b3669242eef82c15cf63abb0dc4cf;0xc9fd99aadf3c5b98adee3bde40e28c3981696e22;0xdb326c0f5f60ef7940a319e386db26f9e5810656;0xfb608925b269dfe1758dbbc968bd4a9a6edd4b50,ETH,W2D,0x2efab0febfcfa126569fd2709f131b810635fce8436d7dae014f4645c9668cc3,1650796928,0
0x79dafd0da626f23a66e63fe06a0f2b97781f8198,0x4387bd334e0b3669242eef82c15cf63abb0dc4cf;0xc9fd99aadf3c5b98adee3bde40e28c3981696e22;0xdb326c0f5f60ef7940a319e386db26f9e5810656;0xfb608925b269dfe1758dbbc968bd4a9a6edd4b50,ETH,W2D,0x86b5fa09d827b732e73c5b3d7e70be5af4a4c445c05f86d9121491033162a787,1632303269,0
0x79dafd0da626f23a66e63fe06a0f2b97781f8198,0x4387bd334e0b3669242eef82c15cf63abb0dc4cf;0xc9fd99aadf3c5b98adee3bde40e28c3981696e22;0xdb326c0f5f60ef7940a319e386db26f9e5810656;0xfb608925b269dfe1758dbbc968bd4a9a6edd4b50,ETH,W2D,0x8cd104e8abb605b0a0400cb4d66b18dd3783ebc0c0bc17a1cd0b9d13534c39b0,1725366563,1
0x79dafd0da626f23a66e63fe06a0f2b97781f8198,0x4387bd334e0b3669242eef82c15cf63abb0dc4cf;0xc9fd99aadf3c5b98adee3bde40e28c3981696e22;0xdb326c0f5f60ef7940a319e386db26f9e5810656;0xfb608925b269dfe1758dbbc968bd4a9a6edd4b50,ETH,W2D,0xa0700c5540758b65ce55e2f59f27efc3a263b4bd2f494d9233f0e4f727726a87,1728439955,1
0x79dafd0da626f23a66e63fe06a0f2b97781f8198,0x4387bd334e0b3669242eef82c15cf63abb0dc4cf;0xc9fd99aadf3c5b98adee3bde40e28c3981696e22;0xdb326c0f5f60ef7940a319e386db26f9e5810656;0xfb608925b269dfe1758dbbc968bd4a9a6edd4b50,ETH,D2W,0x02371bd86df08a58c348550724c0099558cfdee832cec833cc3b78448cb4273a,1632058205,0
0x79dafd0da626f23a66e63fe06a0f2b97781f8198,0x4387bd334e0b3669242eef82c15cf63abb0dc4cf;0xc9fd99aadf3c5b98adee3bde40e28c3981696e22;0xdb326c0f5f60ef7940a319e386db26f9e5810656;0xfb608925b269dfe1758dbbc968bd4a9a6edd4b50,ETH,D2W,0x3a9d07f1e2096786b658955c275bdd0c0933bd61b32ce868d02a256562986a39,1650802585,0
0x48bbd38684b19bf2240e9a0cb4946247421cc76d,0xa67c599c4effbf320eb603f812d61fc9703e951d;0xc9fd99aadf3c5b98adee3bde40e28c3981696e22;0xdb326c0f5f60ef7940a319e386db26f9e5810656;0xf585234f7666a10b9355f0ecfa9a7c5490616ca6;0xf61dafd8418b48f6c72739c5911ef145c7a1148d;0xfb608925b269dfe1758dbbc968bd4a9a6edd4b50;0xfc8f8efa94a274c61a2288cedb0a275e37331a4d,ETH,W2D,0x13722430142903f77906e38fbc9a7ae5b06f9bd7b1f62973d7311fd74535a0da,1642677510,0
0x48bbd38684b19bf2240e9a0cb4946247421cc76d,0xa67c599c4effbf320eb603f812d61fc9703e951d;0xc9fd99aadf3c5b98adee3bde40e28c3981696e22;0xdb326c0f5f60ef7940a319e386db26f9e5810656;0xf585234f7666a10b9355f0ecfa9a7c5490616ca6;0xf61dafd8418b48f6c72739c5911ef145c7a1148d;0xfb608925b269dfe1758dbbc968bd4a9a6edd4b50;0xfc8f8efa94a274c61a2288cedb0a275e37331a4d,ETH,W2D,0x3c86fd49e03dca49b70caa433064ca75ec8e88d2912b80091cbbbdc1934c8863,1638018705,0
0x48bbd38684b19bf2240e9a0cb4946247421cc76d,0xa67c599c4effbf320eb603f812d61fc9703e951d;0xc9fd99aadf3c5b98adee3bde40e28c3981696e22;0xdb326c0f5f60ef7940a319e386db26f9e5810656;0xf585234f7666a10b9355f0ecfa9a7c5490616ca6;0xf61dafd8418b48f6c72739c5911ef145c7a1148d;0xfb608925b269dfe1758dbbc968bd4a9a6edd4b50;0xfc8f8efa94a274c61a2288cedb0a275e37331a4d,ETH,W2D,0x45493e9db7f138fde40a5e2d2d000d49e5ea27c9b02a9c4b7546ad0f885b41cb,1642043858,0
0x48bbd38684b19bf2240e9a0cb4946247421cc76d,0xa67c599c4effbf320eb603f812d61fc9703e951d;0xc9fd99aadf3c5b98adee3bde40e28c3981696e22;0xdb326c0f5f60ef7940a319e386db26f9e5810656;0xf585234f7666a10b9355f0ecfa9a7c5490616ca6;0xf61dafd8418b48f6c72739c5911ef145c7a1148d;0xfb608925b269dfe1758dbbc968bd4a9a6edd4b50;0xfc8f8efa94a274c61a2288cedb0a275e37331a4d,ETH,W2D,0x5da67ba255a8795cb7ff2925dc4036a3fdae447e3997feebbe648d835bb94549,1648137336,0
0x48bbd38684b19bf2240e9a0cb4946247421cc76d,0xa67c599c4effbf320eb603f812d61fc9703e951d;0xc9fd99aadf3c5b98adee3bde40e28c3981696e22;0xdb326c0f5f60ef7940a319e386db26f9e5810656;0xf585234f7666a10b9355f0ecfa9a7c5490616ca6;0xf61dafd8418b48f6c72739c5911ef145c7a1148d;0xfb608925b269dfe1758dbbc968bd4a9a6edd4b50;0xfc8f8efa94a274c61a2288cedb0a275e37331a4d,ETH,W2D,0x5e8fdabac878408641a4b34b757898d84a37f7f138894de0638b42b95bdc8b38,1651577770,0
0x48bbd38684b19bf2240e9a0cb4946247421cc76d,0xa67c599c4effbf320eb603f812d61fc9703e951d;0xc9fd99aadf3c5b98adee3bde40e28c3981696e22;0xdb326c0f5f60ef7940a319e386db26f9e5810656;0xf585234f7666a10b9355f0ecfa9a7c5490616ca6;0xf61dafd8418b48f6c72739c5911ef145c7a1148d;0xfb608925b269dfe1758dbbc968bd4a9a6edd4b50;0xfc8f8efa94a274c61a2288cedb0a275e37331a4d,ETH,W2D,0x609d3457e69fc893d9fa0e01516a56e407058bdcc28645d0e2ff2f5c43f1c296,1647360662,0
0x48bbd38684b19bf2240e9a0cb4946247421cc76d,0xa67c599c4effbf320eb603f812d61fc9703e951d;0xc9fd99aadf3c5b98adee3bde40e28c3981696e22;0xdb326c0f5f60ef7940a319e386db26f9e5810656;0xf585234f7666a10b9355f0ecfa9a7c5490616ca6;0xf61dafd8418b48f6c72739c5911ef145c7a1148d;0xfb608925b269dfe1758dbbc968bd4a9a6edd4b50;0xfc8f8efa94a274c61a2288cedb0a275e37331a4d,ETH,W2D,0x65a46f61f53c7fa66548b0086cb008582048ff8f2e5632a04372cd5e5d6617f7,1648675363,0
0x48bbd38684b19bf2240e9a0cb4946247421cc76d,0xa67c599c4effbf320eb603f812d61fc9703e951d;0xc9fd99aadf3c5b98adee3bde40e28c3981696e22;0xdb326c0f5f60ef7940a319e386db26f9e5810656;0xf585234f7666a10b9355f0ecfa9a7c5490616ca6;0xf61dafd8418b48f6c72739c5911ef145c7a1148d;0xfb608925b269dfe1758dbbc968bd4a9a6edd4b50;0xfc8f8efa94a274c61a2288cedb0a275e37331a4d,ETH,W2D,0x830df1d303efdb229364cce98e1f748de9ec6d1e2a14239f650ab38975a3aa0a,1642677350,0
0x48bbd38684b19bf2240e9a0cb4946247421cc76d,0xa67c599c4effbf320eb603f812d61fc9703e951d;0xc9fd99aadf3c5b98adee3bde40e28c3981696e22;0xdb326c0f5f60ef7940a319e386db26f9e5810656;0xf585234f7666a10b9355f0ecfa9a7c5490616ca6;0xf61dafd8418b48f6c72739c5911ef145c7a1148d;0xfb608925b269dfe1758dbbc968bd4a9a6edd4b50;0xfc8f8efa94a274c61a2288cedb0a275e37331a4d,ETH,W2D,0x971ad6186a9432be6bc7a530609ea311d8b7fdc844a01be05fef5278d5501d17,1644215821,0
0x48bbd38684b19bf2240e9a0cb4946247421cc76d,0xa67c599c4effbf320eb603f812d61fc9703e951d;0xc9fd99aadf3c5b98adee3bde40e28c3981696e22;0xdb326c0f5f60ef7940a319e386db26f9e5810656;0xf585234f7666a10b9355f0ecfa9a7c5490616ca6;0xf61dafd8418b48f6c72739c5911ef145c7a1148d;0xfb608925b269dfe1758dbbc968bd4a9a6edd4b50;0xfc8f8efa94a274c61a2288cedb0a275e37331a4d,ETH,W2D,0x9ca428f0f3c30005ae012dea5fcb88a3a5ec9d83d900579dca2a00fc3042af7b,1649723477,0
0x48bbd38684b19bf2240e9a0cb4946247421cc76d,0xa67c599c4effbf320eb603f812d61fc9703e951d;0xc9fd99aadf3c5b98adee3bde40e28c3981696e22;0xdb326c0f5f60ef7940a319e386db26f9e5810656;0xf585234f7666a10b9355f0ecfa9a7c5490616ca6;0xf61dafd8418b48f6c72739c5911ef145c7a1148d;0xfb608925b269dfe1758dbbc968bd4a9a6edd4b50;0xfc8f8efa94a274c61a2288cedb0a275e37331a4d,ETH,W2D,0xa07bbb221984f1e1c40d256c53c4ee65c6ee36c397ce9eb856b0bd11aa115ce5,1648761542,0
0x48bbd38684b19bf2240e9a0cb4946247421cc76d,0xa67c599c4effbf320eb603f812d61fc9703e951d;0xc9fd99aadf3c5b98adee3bde40e28c3981696e22;0xdb326c0f5f60ef7940a319e386db26f9e5810656;0xf585234f7666a10b9355f0ecfa9a7c5490616ca6;0xf61dafd8418b48f6c72739c5911ef145c7a1148d;0xfb608925b269dfe1758dbbc968bd4a9a6edd4b50;0xfc8f8efa94a274c61a2288cedb0a275e37331a4d,ETH,W2D,0xc34ad8f5b49659be0e6d341700776201c992ff3f6e32431c1cc66df7b2e2c9b8,1642395603,0
0x48bbd38684b19bf2240e9a0cb4946247421cc76d,0xa67c599c4effbf320eb603f812d61fc9703e951d;0xc9fd99aadf3c5b98adee3bde40e28c3981696e22;0xdb326c0f5f60ef7940a319e386db26f9e5810656;0xf585234f7666a10b9355f0ecfa9a7c5490616ca6;0xf61dafd8418b48f6c72739c5911ef145c7a1148d;0xfb608925b269dfe1758dbbc968bd4a9a6edd4b50;0xfc8f8efa94a274c61a2288cedb0a275e37331a4d,ETH,W2D,0xc66d47acd71192f1aba88100ee1e092d464c7d33bdf910c122b6184c0a512df0,1651166142,0
0x48bbd38684b19bf2240e9a0cb4946247421cc76d,0xa67c599c4effbf320eb603f812d61fc9703e951d;0xc9fd99aadf3c5b98adee3bde40e28c3981696e22;0xdb326c0f5f60ef7940a319e386db26f9e5810656;0xf585234f7666a10b9355f0ecfa9a7c5490616ca6;0xf61dafd8418b48f6c72739c5911ef145c7a1148d;0xfb608925b269dfe1758dbbc968bd4a9a6edd4b50;0xfc8f8efa94a274c61a2288cedb0a275e37331a4d,ETH,W2D,0xdb70f7690539a1f272265b0fd4e84e522fe81ed4f7c8511a12d01e58597e0a21,1647398197,0
0x48bbd38684b19bf2240e9a0cb4946247421cc76d,0xa67c599c4effbf320eb603f812d61fc9703e951d;0xc9fd99aadf3c5b98adee3bde40e28c3981696e22;0xdb326c0f5f60ef7940a319e386db26f9e5810656;0xf585234f7666a10b9355f0ecfa9a7c5490616ca6;0xf61dafd8418b48f6c72739c5911ef145c7a1148d;0xfb608925b269dfe1758dbbc968bd4a9a6edd4b50;0xfc8f8efa94a274c61a2288cedb0a275e37331a4d,ETH,W2D,0xfc0f2ffa7d612db060cc7011660b447963119d839afd85bd601d77063fefe274,1650024141,0
0x48bbd38684b19bf2240e9a0cb4946247421cc76d,0xa67c599c4effbf320eb603f812d61fc9703e951d;0xc9fd99aadf3c5b98adee3bde40e28c3981696e22;0xdb326c0f5f60ef7940a319e386db26f9e5810656;0xf585234f7666a10b9355f0ecfa9a7c5490616ca6;0xf61dafd8418b48f6c72739c5911ef145c7a1148d;0xfb608925b269dfe1758dbbc968bd4a9a6edd4b50;0xfc8f8efa94a274c61a2288cedb0a275e37331a4d,ETH,D2W,0x0026eb80cbde95acac289a20ab0998c199f07c47264080925095273b6875a5ea,1650859968,0
0x48bbd38684b19bf2240e9a0cb4946247421cc76d,0xa67c599c4effbf320eb603f812d61fc9703e951d;0xc9fd99aadf3c5b98adee3bde40e28c3981696e22;0xdb326c0f5f60ef7940a319e386db26f9e5810656;0xf585234f7666a10b9355f0ecfa9a7c5490616ca6;0xf61dafd8418b48f6c72739c5911ef145c7a1148d;0xfb608925b269dfe1758dbbc968bd4a9a6edd4b50;0xfc8f8efa94a274c61a2288cedb0a275e37331a4d,ETH,D2W,0x09f31f8ffbb6f0be6d05786ce72555eee9c4e10830a842817ff531769e34c67c,1648771621,0
0x48bbd38684b19bf2240e9a0cb4946247421cc76d,0xa67c599c4effbf320eb603f812d61fc9703e951d;0xc9fd99aadf3c5b98adee3bde40e28c3981696e22;0xdb326c0f5f60ef7940a319e386db26f9e5810656;0xf585234f7666a10b9355f0ecfa9a7c5490616ca6;0xf61dafd8418b48f6c72739c5911ef145c7a1148d;0xfb608925b269dfe1758dbbc968bd4a9a6edd4b50;0xfc8f8efa94a274c61a2288cedb0a275e37331a4d,ETH,D2W,0x18a9884969712114420528cd742130a9cb4133801ba7ef96cc56b8cd18ff5808,1652717841,0
0x48bbd38684b19bf2240e9a0cb4946247421cc76d,0xa67c599c4effbf320eb603f812d61fc9703e951d;0xc9fd99aadf3c5b98adee3bde40e28c3981696e22;0xdb326c0f5f60ef7940a319e386db26f9e5810656;0xf585234f7666a10b9355f0ecfa9a7c5490616ca6;0xf61dafd8418b48f6c72739c5911ef145c7a1148d;0xfb608925b269dfe1758dbbc968bd4a9a6edd4b50;0xfc8f8efa94a274c61a2288cedb0a275e37331a4d,ETH,D2W,0x1a472813fb2250ef4f74cd99c1f9bb33d3919e00214b7d4afdcba649803cee3c,1651802458,0
0x48bbd38684b19bf2240e9a0cb4946247421cc76d,0xa67c599c4effbf320eb603f812d61fc9703e951d;0xc9fd99aadf3c5b98adee3bde40e28c3981696e22;0xdb326c0f5f60ef7940a319e386db26f9e5810656;0xf585234f7666a10b9355f0ecfa9a7c5490616ca6;0xf61dafd8418b48f6c72739c5911ef145c7a1148d;0xfb608925b269dfe1758dbbc968bd4a9a6edd4b50;0xfc8f8efa94a274c61a2288cedb0a275e37331a4d,ETH,D2W,0x2f404479e3e1ea5280647475eb805e57be490fe2f6d954c08a9196c389beccb3,1648771834,0
0x48bbd38684b19bf2240e9a0cb4946247421cc76d,0xa67c599c4effbf320eb603f812d61fc9703e951d;0xc9fd99aadf3c5b98adee3bde40e28c3981696e22;0xdb326c0f5f60ef7940a319e386db26f9e5810656;0xf585234f7666a10b9355f0ecfa9a7c5490616ca6;0xf61dafd8418b48f6c72739c5911ef145c7a1148d;0xfb608925b269dfe1758dbbc968bd4a9a6edd4b50;0xfc8f8efa94a274c61a2288cedb0a275e37331a4d,ETH,D2W,0x406dbae4a21a69811248c94ef821d2ce577a73edda01deaa046b6895faa664a1,1670249051,0
0x48bbd38684b19bf2240e9a0cb4946247421cc76d,0xa67c599c4effbf320eb603f812d61fc9703e951d;0xc9fd99aadf3c5b98adee3bde40e28c3981696e22;0xdb326c0f5f60ef7940a319e386db26f9e5810656;0xf585234f7666a10b9355f0ecfa9a7c5490616ca6;0xf61dafd8418b48f6c72739c5911ef145c7a1148d;0xfb608925b269dfe1758dbbc968bd4a9a6edd4b50;0xfc8f8efa94a274c61a2288cedb0a275e37331a4d,ETH,D2W,0x50a07284f9e05ade4a1b4ea07197b8586369cba3b3791845c06e57c6df06c9fe,1648964055,0
0x48bbd38684b19bf2240e9a0cb4946247421cc76d,0xa67c599c4effbf320eb603f812d61fc9703e951d;0xc9fd99aadf3c5b98adee3bde40e28c3981696e22;0xdb326c0f5f60ef7940a319e386db26f9e5810656;0xf585234f7666a10b9355f0ecfa9a7c5490616ca6;0xf61dafd8418b48f6c72739c5911ef145c7a1148d;0xfb608925b269dfe1758dbbc968bd4a9a6edd4b50;0xfc8f8efa94a274c61a2288cedb0a275e37331a4d,ETH,D2W,0x75faee32f1c338b09ffc3c95f8c8ef2231400f26f58c5c2478349166860ab7db,1647435325,0
0x48bbd38684b19bf2240e9a0cb4946247421cc76d,0xa67c599c4effbf320eb603f812d61fc9703e951d;0xc9fd99aadf3c5b98adee3bde40e28c3981696e22;0xdb326c0f5f60ef7940a319e386db26f9e5810656;0xf585234f7666a10b9355f0ecfa9a7c5490616ca6;0xf61dafd8418b48f6c72739c5911ef145c7a1148d;0xfb608925b269dfe1758dbbc968bd4a9a6edd4b50;0xfc8f8efa94a274c61a2288cedb0a275e37331a4d,ETH,D2W,0x82e9eb57041327136fd29847a7200aead6d48711d51600699a208e1fbc4ceaa7,1649949465,0
0x48bbd38684b19bf2240e9a0cb4946247421cc76d,0xa67c599c4effbf320eb603f812d61fc9703e951d;0xc9fd99aadf3c5b98adee3bde40e28c3981696e22;0xdb326c0f5f60ef7940a319e386db26f9e5810656;0xf585234f7666a10b9355f0ecfa9a7c5490616ca6;0xf61dafd8418b48f6c72739c5911ef145c7a1148d;0xfb608925b269dfe1758dbbc968bd4a9a6edd4b50;0xfc8f8efa94a274c61a2288cedb0a275e37331a4d,ETH,D2W,0x8310bf5c2d712577229a4a5aa1f3debc3d8675917e27b084ba78946f1f5b0e02,1651216719,0
0x48bbd38684b19bf2240e9a0cb4946247421cc76d,0xa67c599c4effbf320eb603f812d61fc9703e951d;0xc9fd99aadf3c5b98adee3bde40e28c3981696e22;0xdb326c0f5f60ef7940a319e386db26f9e5810656;0xf585234f7666a10b9355f0ecfa9a7c5490616ca6;0xf61dafd8418b48f6c72739c5911ef145c7a1148d;0xfb608925b269dfe1758dbbc968bd4a9a6edd4b50;0xfc8f8efa94a274c61a2288cedb0a275e37331a4d,ETH,D2W,0x920877ff3bc0aefece3976fab82ef0b322353342b9715131507947f147d95d6e,1648655005,0
0x48bbd38684b19bf2240e9a0cb4946247421cc76d,0xa67c599c4effbf320eb603f812d61fc9703e951d;0xc9fd99aadf3c5b98adee3bde40e28c3981696e22;0xdb326c0f5f60ef7940a319e386db26f9e5810656;0xf585234f7666a10b9355f0ecfa9a7c5490616ca6;0xf61dafd8418b48f6c72739c5911ef145c7a1148d;0xfb608925b269dfe1758dbbc968bd4a9a6edd4b50;0xfc8f8efa94a274c61a2288cedb0a275e37331a4d,ETH,D2W,0x9351f766d90f8c0a3c4b02e645b44850cdb873ece247553e1d9a899f64831c30,1649950249,0
0x48bbd38684b19bf2240e9a0cb4946247421cc76d,0xa67c599c4effbf320eb603f812d61fc9703e951d;0xc9fd99aadf3c5b98adee3bde40e28c3981696e22;0xdb326c0f5f60ef7940a319e386db26f9e5810656;0xf585234f7666a10b9355f0ecfa9a7c5490616ca6;0xf61dafd8418b48f6c72739c5911ef145c7a1148d;0xfb608925b269dfe1758dbbc968bd4a9a6edd4b50;0xfc8f8efa94a274c61a2288cedb0a275e37331a4d,ETH,D2W,0xde938fbebc9cead7020f47a3e81e5aae61e44433a2f91623c23e0f35bdcb2ac3,1651668386,0
0x48bbd38684b19bf2240e9a0cb4946247421cc76d,0xa67c599c4effbf320eb603f812d61fc9703e951d;0xc9fd99aadf3c5b98adee3bde40e28c3981696e22;0xdb326c0f5f60ef7940a319e386db26f9e5810656;0xf585234f7666a10b9355f0ecfa9a7c5490616ca6;0xf61dafd8418b48f6c72739c5911ef145c7a1148d;0xfb608925b269dfe1758dbbc968bd4a9a6edd4b50;0xfc8f8efa94a274c61a2288cedb0a275e37331a4d,ERC20,D2W,0x99c347e99fa59e2555a1c8e0fb7223ce01a5ad83a9d2d4d73ea2c8d99a08c3eb,1637803548,0
0x48bbd38684b19bf2240e9a0cb4946247421cc76d,0xa67c599c4effbf320eb603f812d61fc9703e951d;0xc9fd99aadf3c5b98adee3bde40e28c3981696e22;0xdb326c0f5f60ef7940a319e386db26f9e5810656;0xf585234f7666a10b9355f0ecfa9a7c5490616ca6;0xf61dafd8418b48f6c72739c5911ef145c7a1148d;0xfb608925b269dfe1758dbbc968bd4a9a6edd4b50;0xfc8f8efa94a274c61a2288cedb0a275e37331a4d,ERC20,W2D,0xafc3d7c852a4cb708c26cbcf9733e612e56999491fa140050c24ffdb9dc0f8f8,1644406120,0
0x1220c5b1df7aad8066200fb83fd135d654b027ba,0x5a76fe9de18ce73b93a966e13d811561cec70966;0xb43e0fa4d742974fb4e74b691653ea8969cfc781;0xc9fd99aadf3c5b98adee3bde40e28c3981696e22;0xdb326c0f5f60ef7940a319e386db26f9e5810656;0xf585234f7666a10b9355f0ecfa9a7c5490616ca6,ETH,D2W,0x0f260b04bd39e7f52ce123bc60bfe7492e9a3919cc664c0fb87fb7e18b19581c,1639893761,0
0x1220c5b1df7aad8066200fb83fd135d654b027ba,0x5a76fe9de18ce73b93a966e13d811561cec70966;0xb43e0fa4d742974fb4e74b691653ea8969cfc781;0xc9fd99aadf3c5b98adee3bde40e28c3981696e22;0xdb326c0f5f60ef7940a319e386db26f9e5810656;0xf585234f7666a10b9355f0ecfa9a7c5490616ca6,ETH,D2W,0x4bcf1adf705377fc68c0bcf3833e74e3f09b8c056dff237d209023e649adee69,1647087367,0
0x1220c5b1df7aad8066200fb83fd135d654b027ba,0x5a76fe9de18ce73b93a966e13d811561cec70966;0xb43e0fa4d742974fb4e74b691653ea8969cfc781;0xc9fd99aadf3c5b98adee3bde40e28c3981696e22;0xdb326c0f5f60ef7940a319e386db26f9e5810656;0xf585234f7666a10b9355f0ecfa9a7c5490616ca6,ETH,D2W,0x76a2ca077ddb90bfc4f7ce60d0f39f682e8e2cfec46c491b194c5c69966bd17e,1634029996,0
0x1220c5b1df7aad8066200fb83fd135d654b027ba,0x5a76fe9de18ce73b93a966e13d811561cec70966;0xb43e0fa4d742974fb4e74b691653ea8969cfc781;0xc9fd99aadf3c5b98adee3bde40e28c3981696e22;0xdb326c0f5f60ef7940a319e386db26f9e5810656;0xf585234f7666a10b9355f0ecfa9a7c5490616ca6,ETH,D2W,0xacbe1d84f340d4ebe812a4232e2974cbc4799fbfb181d0aad4c0dc6b80c5ee9b,1646906250,0
0x1220c5b1df7aad8066200fb83fd135d654b027ba,0x5a76fe9de18ce73b93a966e13d811561cec70966;0xb43e0fa4d742974fb4e74b691653ea8969cfc781;0xc9fd99aadf3c5b98adee3bde40e28c3981696e22;0xdb326c0f5f60ef7940a319e386db26f9e5810656;0xf585234f7666a10b9355f0ecfa9a7c5490616ca6,ETH,D2W,0xc81e9d430f34e8c9e7820ef433e77abe2ff4af68d1c151cc1dfab4246c20d624,1665448379,0
0x1220c5b1df7aad8066200fb83fd135d654b027ba,0x5a76fe9de18ce73b93a966e13d811561cec70966;0xb43e0fa4d742974fb4e74b691653ea8969cfc781;0xc9fd99aadf3c5b98adee3bde40e28c3981696e22;0xdb326c0f5f60ef7940a319e386db26f9e5810656;0xf585234f7666a10b9355f0ecfa9a7c5490616ca6,ETH,W2D,0x2a51089880657b0b5f95e9737db37468dec5818d6b7693e459b7b92eca1f19e1,1646908234,0
0x1220c5b1df7aad8066200fb83fd135d654b027ba,0x5a76fe9de18ce73b93a966e13d811561cec70966;0xb43e0fa4d742974fb4e74b691653ea8969cfc781;0xc9fd99aadf3c5b98adee3bde40e28c3981696e22;0xdb326c0f5f60ef7940a319e386db26f9e5810656;0xf585234f7666a10b9355f0ecfa9a7c5490616ca6,ETH,W2D,0x43ecbc67c901cefb3e17eb1bdf551f56f9bca8ea9639bbe110b5991d8ece610e,1666794323,0
0x1220c5b1df7aad8066200fb83fd135d654b027ba,0x5a76fe9de18ce73b93a966e13d811561cec70966;0xb43e0fa4d742974fb4e74b691653ea8969cfc781;0xc9fd99aadf3c5b98adee3bde40e28c3981696e22;0xdb326c0f5f60ef7940a319e386db26f9e5810656;0xf585234f7666a10b9355f0ecfa9a7c5490616ca6,ETH,W2D,0x6090a227fa34fe3e1831220a28b555659d9d6b554a7ac95fa9e95f8525b47dfe,1638703619,0
0x1220c5b1df7aad8066200fb83fd135d654b027ba,0x5a76fe9de18ce73b93a966e13d811561cec70966;0xb43e0fa4d742974fb4e74b691653ea8969cfc781;0xc9fd99aadf3c5b98adee3bde40e28c3981696e22;0xdb326c0f5f60ef7940a319e386db26f9e5810656;0xf585234f7666a10b9355f0ecfa9a7c5490616ca6,ETH,W2D,0xcd7562d9b41b3530eca72b6c6beea44c7bc74be9aa7d1cbbcdc7b2ce27118faf,1666671827,0
0x672ddf256607dbc2db1125846f49bd26c43e702f,0x1eba6a88b1a8361ad969c72580da4c1c381caeea;0xc9fd99aadf3c5b98adee3bde40e28c3981696e22;0xdb326c0f5f60ef7940a319e386db26f9e5810656;0xfb608925b269dfe1758dbbc968bd4a9a6edd4b50,ETH,D2W,0x0181dd43b8403e6df6091b3a722c9e56d058dbac56d23898e3264c38ab707509,1694836019,1
0x672ddf256607dbc2db1125846f49bd26c43e702f,0x1eba6a88b1a8361ad969c72580da4c1c381caeea;0xc9fd99aadf3c5b98adee3bde40e28c3981696e22;0xdb326c0f5f60ef7940a319e386db26f9e5810656;0xfb608925b269dfe1758dbbc968bd4a9a6edd4b50,ETH,D2W,0x44d2179bf50a41b557851d756ba0452dcaff013112828d2da3ca94e0e112e843,1632921270,0
0x672ddf256607dbc2db1125846f49bd26c43e702f,0x1eba6a88b1a8361ad969c72580da4c1c381caeea;0xc9fd99aadf3c5b98adee3bde40e28c3981696e22;0xdb326c0f5f60ef7940a319e386db26f9e5810656;0xfb608925b269dfe1758dbbc968bd4a9a6edd4b50,ETH,D2W,0x8d8944db1f06936f71ac393c450e7dddbfabbb1c7923070a0bdcb0fbad134ccc,1646904047,0
0x672ddf256607dbc2db1125846f49bd26c43e702f,0x1eba6a88b1a8361ad969c72580da4c1c381caeea;0xc9fd99aadf3c5b98adee3bde40e28c3981696e22;0xdb326c0f5f60ef7940a319e386db26f9e5810656;0xfb608925b269dfe1758dbbc968bd4a9a6edd4b50,ETH,D2W,0xaad2e79adf4779c011c1653cb666ea0290a452bd991438705df39223f1b62c1d,1672803371,1
0x672ddf256607dbc2db1125846f49bd26c43e702f,0x1eba6a88b1a8361ad969c72580da4c1c381caeea;0xc9fd99aadf3c5b98adee3bde40e28c3981696e22;0xdb326c0f5f60ef7940a319e386db26f9e5810656;0xfb608925b269dfe1758dbbc968bd4a9a6edd4b50,ETH,D2W,0xb8ee3317205cc23f0eeb966cd53e98dc586e716d0eb4a812bb39f70dfe84fbe8,1648281868,0
0x672ddf256607dbc2db1125846f49bd26c43e702f,0x1eba6a88b1a8361ad969c72580da4c1c381caeea;0xc9fd99aadf3c5b98adee3bde40e28c3981696e22;0xdb326c0f5f60ef7940a319e386db26f9e5810656;0xfb608925b269dfe1758dbbc968bd4a9a6edd4b50,ETH,W2D,0x1e74608edfeda6144c79f25242211000d53f50d87a38d386ee886692b64137d3,1646914696,0
0x672ddf256607dbc2db1125846f49bd26c43e702f,0x1eba6a88b1a8361ad969c72580da4c1c381caeea;0xc9fd99aadf3c5b98adee3bde40e28c3981696e22;0xdb326c0f5f60ef7940a319e386db26f9e5810656;0xfb608925b269dfe1758dbbc968bd4a9a6edd4b50,ETH,W2D,0x26f5e8bedde2e0608aa241d7d6ac8901679dda4d630799063555451fa16a7b9e,1638432873,0
0x672ddf256607dbc2db1125846f49bd26c43e702f,0x1eba6a88b1a8361ad969c72580da4c1c381caeea;0xc9fd99aadf3c5b98adee3bde40e28c3981696e22;0xdb326c0f5f60ef7940a319e386db26f9e5810656;0xfb608925b269dfe1758dbbc968bd4a9a6edd4b50,ETH,W2D,0x701a5d410e31d5752981108c2ac51b86760574465a6388188a6c5431f209ed39,1646473423,0
0x672ddf256607dbc2db1125846f49bd26c43e702f,0x1eba6a88b1a8361ad969c72580da4c1c381caeea;0xc9fd99aadf3c5b98adee3bde40e28c3981696e22;0xdb326c0f5f60ef7940a319e386db26f9e5810656;0xfb608925b269dfe1758dbbc968bd4a9a6edd4b50,ETH,W2D,0x844eb102c46678aaa3858c3ab842a146770fbc9fea18fa58d831586ab182e2d0,1654827766,0
0x672ddf256607dbc2db1125846f49bd26c43e702f,0x1eba6a88b1a8361ad969c72580da4c1c381caeea;0xc9fd99aadf3c5b98adee3bde40e28c3981696e22;0xdb326c0f5f60ef7940a319e386db26f9e5810656;0xfb608925b269dfe1758dbbc968bd4a9a6edd4b50,ETH,W2D,0xcd49a00e94306c18ac544d6c7e3be9ea3267aea2d98f1fe6d937c63112b5b443,1638455360,0
0x672ddf256607dbc2db1125846f49bd26c43e702f,0x1eba6a88b1a8361ad969c72580da4c1c381caeea;0xc9fd99aadf3c5b98adee3bde40e28c3981696e22;0xdb326c0f5f60ef7940a319e386db26f9e5810656;0xfb608925b269dfe1758dbbc968bd4a9a6edd4b50,ETH,W2D,0xf7a1c75b31f02981c2fe32cfe6ecbba32a1ae6884f5602665091f53f39b2121b,1643989675,0
0x672ddf256607dbc2db1125846f49bd26c43e702f,0x1eba6a88b1a8361ad969c72580da4c1c381caeea;0xc9fd99aadf3c5b98adee3bde40e28c3981696e22;0xdb326c0f5f60ef7940a319e386db26f9e5810656;0xfb608925b269dfe1758dbbc968bd4a9a6edd4b50,ETH,W2D,0xfcbd4b3a375355d7fec766a668478b96a54f118edeeae6a799922478bf8d2cb6,1641021337,0
0x672ddf256607dbc2db1125846f49bd26c43e702f,0x1eba6a88b1a8361ad969c72580da4c1c381caeea;0xc9fd99aadf3c5b98adee3bde40e28c3981696e22;0xdb326c0f5f60ef7940a319e386db26f9e5810656;0xfb608925b269dfe1758dbbc968bd4a9a6edd4b50,ERC20,D2W,0xf048e935ce75e10126469241649efc429182adfd81640fd3b117489e959fe6f9,1631783684,0
0xddd099db95fffd6526ba43b05f6a61ab02139444,0x5a76fe9de18ce73b93a966e13d811561cec70966;0x93a96e77cb6c12628d60296657554875bbe53619;0xa67c599c4effbf320eb603f812d61fc9703e951d;0xad89ff92fae3854c6a684b9ead455bd74155cfc3;0xc9fd99aadf3c5b98adee3bde40e28c3981696e22;0xdb326c0f5f60ef7940a319e386db26f9e5810656,ETH,D2W,0x87a2eb7bf1473c017da78c75b627ae595c416278fbb8ff803b2b778ed057b77e,1636704361,0
0xddd099db95fffd6526ba43b05f6a61ab02139444,0x5a76fe9de18ce73b93a966e13d811561cec70966;0x93a96e77cb6c12628d60296657554875bbe53619;0xa67c599c4effbf320eb603f812d61fc9703e951d;0xad89ff92fae3854c6a684b9ead455bd74155cfc3;0xc9fd99aadf3c5b98adee3bde40e28c3981696e22;0xdb326c0f5f60ef7940a319e386db26f9e5810656,ETH,D2W,0xf26402a34266593a7698dbd40b1b25132975219a1d2f87143bb8f124aa925f30,1679194187,1
0xddd099db95fffd6526ba43b05f6a61ab02139444,0x5a76fe9de18ce73b93a966e13d811561cec70966;0x93a96e77cb6c12628d60296657554875bbe53619;0xa67c599c4effbf320eb603f812d61fc9703e951d;0xad89ff92fae3854c6a684b9ead455bd74155cfc3;0xc9fd99aadf3c5b98adee3bde40e28c3981696e22;0xdb326c0f5f60ef7940a319e386db26f9e5810656,ETH,D2W,0xfc06ee1cc99d81cc48a3b6626c936acdfe54ead997c6ea995ba9af7a28ad1ffb,1636520564,0
0xddd099db95fffd6526ba43b05f6a61ab02139444,0x5a76fe9de18ce73b93a966e13d811561cec70966;0x93a96e77cb6c12628d60296657554875bbe53619;0xa67c599c4effbf320eb603f812d61fc9703e951d;0xad89ff92fae3854c6a684b9ead455bd74155cfc3;0xc9fd99aadf3c5b98adee3bde40e28c3981696e22;0xdb326c0f5f60ef7940a319e386db26f9e5810656,ETH,W2D,0x2d4e375bdb3bd3d9939e0acb209ae52398ae317e8558071645b7982cb4df98b4,1651618308,0
0xddd099db95fffd6526ba43b05f6a61ab02139444,0x5a76fe9de18ce73b93a966e13d811561cec70966;0x93a96e77cb6c12628d60296657554875bbe53619;0xa67c599c4effbf320eb603f812d61fc9703e951d;0xad89ff92fae3854c6a684b9ead455bd74155cfc3;0xc9fd99aadf3c5b98adee3bde40e28c3981696e22;0xdb326c0f5f60ef7940a319e386db26f9e5810656,ETH,W2D,0x373d1cbee91ed878e51fdd99c58968ff2b547b7af69170d2736d984c1a126565,1647156396,0
0xddd099db95fffd6526ba43b05f6a61ab02139444,0x5a76fe9de18ce73b93a966e13d811561cec70966;0x93a96e77cb6c12628d60296657554875bbe53619;0xa67c599c4effbf320eb603f812d61fc9703e951d;0xad89ff92fae3854c6a684b9ead455bd74155cfc3;0xc9fd99aadf3c5b98adee3bde40e28c3981696e22;0xdb326c0f5f60ef7940a319e386db26f9e5810656,ETH,W2D,0x530498b735df9acf8c0607052fe3d7d0a81b5d11fa7e3acb8b907efc1328a913,1677408839,1
0xddd099db95fffd6526ba43b05f6a61ab02139444,0x5a76fe9de18ce73b93a966e13d811561cec70966;0x93a96e77cb6c12628d60296657554875bbe53619;0xa67c599c4effbf320eb603f812d61fc9703e951d;0xad89ff92fae3854c6a684b9ead455bd74155cfc3;0xc9fd99aadf3c5b98adee3bde40e28c3981696e22;0xdb326c0f5f60ef7940a319e386db26f9e5810656,ETH,W2D,0x697be826f10c6e363dd917ae5ab3bcd06946d4c9d550fa68cd1bffb293856dc9,1653903034,0
0xddd099db95fffd6526ba43b05f6a61ab02139444,0x5a76fe9de18ce73b93a966e13d811561cec70966;0x93a96e77cb6c12628d60296657554875bbe53619;0xa67c599c4effbf320eb603f812d61fc9703e951d;0xad89ff92fae3854c6a684b9ead455bd74155cfc3;0xc9fd99aadf3c5b98adee3bde40e28c3981696e22;0xdb326c0f5f60ef7940a319e386db26f9e5810656,ETH,W2D,0x7de0101259166a2f2e757fcf432c285a06487d8c2acc973a0a0bad240262fe20,1637113509,0
0x7ec1f04abdf8776575337a6f8e43a7fcc0002552,0xc7f01024f69b5863a8b59e3563c95c06fe2e3de0;0xc9fd99aadf3c5b98adee3bde40e28c3981696e22;0xdb326c0f5f60ef7940a319e386db26f9e5810656;0xfb608925b269dfe1758dbbc968bd4a9a6edd4b50,ETH,W2D,0x2268d66c4c4fd4b7977eca3b863051ee4a0e19048f8c92e2c7cf19f9aa692675,1638092532,0
0x7ec1f04abdf8776575337a6f8e43a7fcc0002552,0xc7f01024f69b5863a8b59e3563c95c06fe2e3de0;0xc9fd99aadf3c5b98adee3bde40e28c3981696e22;0xdb326c0f5f60ef7940a319e386db26f9e5810656;0xfb608925b269dfe1758dbbc968bd4a9a6edd4b50,ETH,W2D,0x3822af24ab6cfac8f3af06281e8fb0c5601f1f58eb831235bb7e17441abe4420,1644154683,0
0x7ec1f04abdf8776575337a6f8e43a7fcc0002552,0xc7f01024f69b5863a8b59e3563c95c06fe2e3de0;0xc9fd99aadf3c5b98adee3bde40e28c3981696e22;0xdb326c0f5f60ef7940a319e386db26f9e5810656;0xfb608925b269dfe1758dbbc968bd4a9a6edd4b50,ETH,W2D,0x539dad77a7a630219c7504e8a8e1d6a758637c1a251d9d8aee2a0ff7e644a699,1654821904,0
0x7ec1f04abdf8776575337a6f8e43a7fcc0002552,0xc7f01024f69b5863a8b59e3563c95c06fe2e3de0;0xc9fd99aadf3c5b98adee3bde40e28c3981696e22;0xdb326c0f5f60ef7940a319e386db26f9e5810656;0xfb608925b269dfe1758dbbc968bd4a9a6edd4b50,ETH,W2D,0x683519d5d6ad22d007d6b04c0152583a7448692ef4ac803b8a43b32cc2b9f71c,1649653993,0
0x7ec1f04abdf8776575337a6f8e43a7fcc0002552,0xc7f01024f69b5863a8b59e3563c95c06fe2e3de0;0xc9fd99aadf3c5b98adee3bde40e28c3981696e22;0xdb326c0f5f60ef7940a319e386db26f9e5810656;0xfb608925b269dfe1758dbbc968bd4a9a6edd4b50,ETH,W2D,0x7668e37f81c70c7f47a0c8ffd58cc2369829f6ccb5aaac19959782c85b93c863,1616037535,0
0x7ec1f04abdf8776575337a6f8e43a7fcc0002552,0xc7f01024f69b5863a8b59e3563c95c06fe2e3de0;0xc9fd99aadf3c5b98adee3bde40e28c3981696e22;0xdb326c0f5f60ef7940a319e386db26f9e5810656;0xfb608925b269dfe1758dbbc968bd4a9a6edd4b50,ETH,W2D,0x89376839852088b1f54a6d5479417b76b050c0c7862b2d2ba419f7baf5bd61c6,1729750643,1
0x7ec1f04abdf8776575337a6f8e43a7fcc0002552,0xc7f01024f69b5863a8b59e3563c95c06fe2e3de0;0xc9fd99aadf3c5b98adee3bde40e28c3981696e22;0xdb326c0f5f60ef7940a319e386db26f9e5810656;0xfb608925b269dfe1758dbbc968bd4a9a6edd4b50,ETH,W2D,0xcb0d52af1fc688c611452ceb666b2b7d064fc79b654e683ffc14a9b0ded27061,1651881880,0
0x7ec1f04abdf8776575337a6f8e43a7fcc0002552,0xc7f01024f69b5863a8b59e3563c95c06fe2e3de0;0xc9fd99aadf3c5b98adee3bde40e28c3981696e22;0xdb326c0f5f60ef7940a319e386db26f9e5810656;0xfb608925b269dfe1758dbbc968bd4a9a6edd4b50,ETH,W2D,0xf0d599af537d96e9392458ab956dc38e84c2e2a3b4dc14f9f13f30ddd9e3e818,1648966810,0
0x7ec1f04abdf8776575337a6f8e43a7fcc0002552,0xc7f01024f69b5863a8b59e3563c95c06fe2e3de0;0xc9fd99aadf3c5b98adee3bde40e28c3981696e22;0xdb326c0f5f60ef7940a319e386db26f9e5810656;0xfb608925b269dfe1758dbbc968bd4a9a6edd4b50,ETH,W2D,0xf59ef70505578046d9794bc7c3116367baabc159d2e774c158fb100e1eb5d71a,1649289327,0
0x7ec1f04abdf8776575337a6f8e43a7fcc0002552,0xc7f01024f69b5863a8b59e3563c95c06fe2e3de0;0xc9fd99aadf3c5b98adee3bde40e28c3981696e22;0xdb326c0f5f60ef7940a319e386db26f9e5810656;0xfb608925b269dfe1758dbbc968bd4a9a6edd4b50,ETH,D2W,0x01d02c2e90683cc51dd6ae0f03fd4c1cbc78b7ff16472413bc277b8f2df70be8,1632062835,0
0x7ec1f04abdf8776575337a6f8e43a7fcc0002552,0xc7f01024f69b5863a8b59e3563c95c06fe2e3de0;0xc9fd99aadf3c5b98adee3bde40e28c3981696e22;0xdb326c0f5f60ef7940a319e386db26f9e5810656;0xfb608925b269dfe1758dbbc968bd4a9a6edd4b50,ETH,D2W,0x5a348ccfe63840188095242a5f4c93682f62d2f19c8ada110b1fc548bb841795,1636771423,0
0x7ec1f04abdf8776575337a6f8e43a7fcc0002552,0xc7f01024f69b5863a8b59e3563c95c06fe2e3de0;0xc9fd99aadf3c5b98adee3bde40e28c3981696e22;0xdb326c0f5f60ef7940a319e386db26f9e5810656;0xfb608925b269dfe1758dbbc968bd4a9a6edd4b50,ETH,D2W,0xc4b2a9aaf38933238628d3ff8074995487548712410eb09dfd3b25c56754cd42,1649280384,0
0x7ec1f04abdf8776575337a6f8e43a7fcc0002552,0xc7f01024f69b5863a8b59e3563c95c06fe2e3de0;0xc9fd99aadf3c5b98adee3bde40e28c3981696e22;0xdb326c0f5f60ef7940a319e386db26f9e5810656;0xfb608925b269dfe1758dbbc968bd4a9a6edd4b50,ETH,D2W,0xee46ec78d5068f4242c93f2e16ee6b4c1ca383052a25fd52d6d86f89911be8da,1651664155,0
0x7ec1f04abdf8776575337a6f8e43a7fcc0002552,0xc7f01024f69b5863a8b59e3563c95c06fe2e3de0;0xc9fd99aadf3c5b98adee3bde40e28c3981696e22;0xdb326c0f5f60ef7940a319e386db26f9e5810656;0xfb608925b269dfe1758dbbc968bd4a9a6edd4b50,ETH,D2W,0xff7efac683725cbdce42df948bf62a9a9b1747fce7b0c3ea4c40466566c75d70,1642600999,0
0x7ec1f04abdf8776575337a6f8e43a7fcc0002552,0xc7f01024f69b5863a8b59e3563c95c06fe2e3de0;0xc9fd99aadf3c5b98adee3bde40e28c3981696e22;0xdb326c0f5f60ef7940a319e386db26f9e5810656;0xfb608925b269dfe1758dbbc968bd4a9a6edd4b50,ERC20,D2W,0x0a4c20007b3153f0baa5b3bcd10fcadecd20d0feb705de183cfd00dddc8b9d51,1651883536,0
0x7ec1f04abdf8776575337a6f8e43a7fcc0002552,0xc7f01024f69b5863a8b59e3563c95c06fe2e3de0;0xc9fd99aadf3c5b98adee3bde40e28c3981696e22;0xdb326c0f5f60ef7940a319e386db26f9e5810656;0xfb608925b269dfe1758dbbc968bd4a9a6edd4b50,ERC20,D2W,0x7cf687da19848d25677d79058d9a7c2099d69911985d54dce2b7e6241b253e71,1647159818,0
0x1c93e14105e49671c5953d64953b7e0e264f8523,0x8502ff78270265dc4bf175ee4af04ebf7969a34b;0x953bd768f09aa2577a101b21dd836447369fd776;0xc9fd99aadf3c5b98adee3bde40e28c3981696e22;0xdb326c0f5f60ef7940a319e386db26f9e5810656;0xfb608925b269dfe1758dbbc968bd4a9a6edd4b50,ETH,W2D,0x006abcf07301ff6fa7ea058f3c9effda3f536a120d494e9feecdbdf34fb45226,1654827937,0
0x1c93e14105e49671c5953d64953b7e0e264f8523,0x8502ff78270265dc4bf175ee4af04ebf7969a34b;0x953bd768f09aa2577a101b21dd836447369fd776;0xc9fd99aadf3c5b98adee3bde40e28c3981696e22;0xdb326c0f5f60ef7940a319e386db26f9e5810656;0xfb608925b269dfe1758dbbc968bd4a9a6edd4b50,ETH,W2D,0x48bdcec18447f29dd391793d71643c32c4efec5aa927be5c7e3b4c0b4e6d9e52,1649622716,0
0x1c93e14105e49671c5953d64953b7e0e264f8523,0x8502ff78270265dc4bf175ee4af04ebf7969a34b;0x953bd768f09aa2577a101b21dd836447369fd776;0xc9fd99aadf3c5b98adee3bde40e28c3981696e22;0xdb326c0f5f60ef7940a319e386db26f9e5810656;0xfb608925b269dfe1758dbbc968bd4a9a6edd4b50,ETH,W2D,0x578e0e14b34a7fe91ba2c8d6fc0d1ea78ae7d7c52125e0629c49e30b88d76f94,1648368877,0
0x1c93e14105e49671c5953d64953b7e0e264f8523,0x8502ff78270265dc4bf175ee4af04ebf7969a34b;0x953bd768f09aa2577a101b21dd836447369fd776;0xc9fd99aadf3c5b98adee3bde40e28c3981696e22;0xdb326c0f5f60ef7940a319e386db26f9e5810656;0xfb608925b269dfe1758dbbc968bd4a9a6edd4b50,ETH,W2D,0x63b26b5af847c33757737df117e878117a7de74c7762de4ed204e222848d64b1,1641024106,0
0x1c93e14105e49671c5953d64953b7e0e264f8523,0x8502ff78270265dc4bf175ee4af04ebf7969a34b;0x953bd768f09aa2577a101b21dd836447369fd776;0xc9fd99aadf3c5b98adee3bde40e28c3981696e22;0xdb326c0f5f60ef7940a319e386db26f9e5810656;0xfb608925b269dfe1758dbbc968bd4a9a6edd4b50,ETH,W2D,0x7c45cb689e3d5a62a869485854a36e58b272791367a7421ccb686e2e0885e358,1651826398,0
0x1c93e14105e49671c5953d64953b7e0e264f8523,0x8502ff78270265dc4bf175ee4af04ebf7969a34b;0x953bd768f09aa2577a101b21dd836447369fd776;0xc9fd99aadf3c5b98adee3bde40e28c3981696e22;0xdb326c0f5f60ef7940a319e386db26f9e5810656;0xfb608925b269dfe1758dbbc968bd4a9a6edd4b50,ETH,W2D,0x84791875a094681af1aea046d7b7dfaf28dfadb3f9354aba589c8aeb7167c0eb,1641210216,0
0x1c93e14105e49671c5953d64953b7e0e264f8523,0x8502ff78270265dc4bf175ee4af04ebf7969a34b;0x953bd768f09aa2577a101b21dd836447369fd776;0xc9fd99aadf3c5b98adee3bde40e28c3981696e22;0xdb326c0f5f60ef7940a319e386db26f9e5810656;0xfb608925b269dfe1758dbbc968bd4a9a6edd4b50,ETH,W2D,0x900606b0e766309b3bd8bf1c402f4c4edd376bb45813cb7be511f20e457db8e5,1651316888,0
0x1c93e14105e49671c5953d64953b7e0e264f8523,0x8502ff78270265dc4bf175ee4af04ebf7969a34b;0x953bd768f09aa2577a101b21dd836447369fd776;0xc9fd99aadf3c5b98adee3bde40e28c3981696e22;0xdb326c0f5f60ef7940a319e386db26f9e5810656;0xfb608925b269dfe1758dbbc968bd4a9a6edd4b50,ETH,W2D,0xa8ec039c2aca5a6cafc16118b6b69dad8a3afe9b539017e6b087a7f025c29c60,1649908390,0
0x1c93e14105e49671c5953d64953b7e0e264f8523,0x8502ff78270265dc4bf175ee4af04ebf7969a34b;0x953bd768f09aa2577a101b21dd836447369fd776;0xc9fd99aadf3c5b98adee3bde40e28c3981696e22;0xdb326c0f5f60ef7940a319e386db26f9e5810656;0xfb608925b269dfe1758dbbc968bd4a9a6edd4b50,ETH,W2D,0xc5ccf9e68c9cf69db8f67584237ae374cffe26f3c8070b22e02065d04ac84670,1636553258,0
0x1c93e14105e49671c5953d64953b7e0e264f8523,0x8502ff78270265dc4bf175ee4af04ebf7969a34b;0x953bd768f09aa2577a101b21dd836447369fd776;0xc9fd99aadf3c5b98adee3bde40e28c3981696e22;0xdb326c0f5f60ef7940a319e386db26f9e5810656;0xfb608925b269dfe1758dbbc968bd4a9a6edd4b50,ETH,W2D,0xc6f3bf8731f41cbf759e89aecddf2bb06a8377e16f86f27c259e8fde74d0e05f,1649622640,0
0x1c93e14105e49671c5953d64953b7e0e264f8523,0x8502ff78270265dc4bf175ee4af04ebf7969a34b;0x953bd768f09aa2577a101b21dd836447369fd776;0xc9fd99aadf3c5b98adee3bde40e28c3981696e22;0xdb326c0f5f60ef7940a319e386db26f9e5810656;0xfb608925b269dfe1758dbbc968bd4a9a6edd4b50,ETH,W2D,0xeb9d37585ec50c53a1687b2c92eacfd85e1dceb92fc083598d3046dfb2038019,1678618907,1
0x1c93e14105e49671c5953d64953b7e0e264f8523,0x8502ff78270265dc4bf175ee4af04ebf7969a34b;0x953bd768f09aa2577a101b21dd836447369fd776;0xc9fd99aadf3c5b98adee3bde40e28c3981696e22;0xdb326c0f5f60ef7940a319e386db26f9e5810656;0xfb608925b269dfe1758dbbc968bd4a9a6edd4b50,ETH,D2W,0x6fb1c26f19d5648159474a36392634052baa223fda91707c1e53a202c73582de,1637397938,0
0x1c93e14105e49671c5953d64953b7e0e264f8523,0x8502ff78270265dc4bf175ee4af04ebf7969a34b;0x953bd768f09aa2577a101b21dd836447369fd776;0xc9fd99aadf3c5b98adee3bde40e28c3981696e22;0xdb326c0f5f60ef7940a319e386db26f9e5810656;0xfb608925b269dfe1758dbbc968bd4a9a6edd4b50,ETH,D2W,0xa76c0547bb3826a2d4af384a079aa19b9b4a294a85e74b4f440ff8918ed55f0a,1641025174,0
0x1c93e14105e49671c5953d64953b7e0e264f8523,0x8502ff78270265dc4bf175ee4af04ebf7969a34b;0x953bd768f09aa2577a101b21dd836447369fd776;0xc9fd99aadf3c5b98adee3bde40e28c3981696e22;0xdb326c0f5f60ef7940a319e386db26f9e5810656;0xfb608925b269dfe1758dbbc968bd4a9a6edd4b50,ETH,D2W,0xcacff31f240b20f9d718e282f579412f781e3fec2181fca58e2b30ec4d5a1eab,1637465140,0
0x1c93e14105e49671c5953d64953b7e0e264f8523,0x8502ff78270265dc4bf175ee4af04ebf7969a34b;0x953bd768f09aa2577a101b21dd836447369fd776;0xc9fd99aadf3c5b98adee3bde40e28c3981696e22;0xdb326c0f5f60ef7940a319e386db26f9e5810656;0xfb608925b269dfe1758dbbc968bd4a9a6edd4b50,ETH,D2W,0xdcade0715bc2681bce32a2601f53587dfa0f9ed3aa090c6ed506af906a4261d3,1729750043,1
0x1c93e14105e49671c5953d64953b7e0e264f8523,0x8502ff78270265dc4bf175ee4af04ebf7969a34b;0x953bd768f09aa2577a101b21dd836447369fd776;0xc9fd99aadf3c5b98adee3bde40e28c3981696e22;0xdb326c0f5f60ef7940a319e386db26f9e5810656;0xfb608925b269dfe1758dbbc968bd4a9a6edd4b50,ETH,D2W,0xe3779ee5f648205018dca575ae4cb33e011f3f77455a16ab3045f06da20fa19d,1637495157,0
0x1c93e14105e49671c5953d64953b7e0e264f8523,0x8502ff78270265dc4bf175ee4af04ebf7969a34b;0x953bd768f09aa2577a101b21dd836447369fd776;0xc9fd99aadf3c5b98adee3bde40e28c3981696e22;0xdb326c0f5f60ef7940a319e386db26f9e5810656;0xfb608925b269dfe1758dbbc968bd4a9a6edd4b50,ERC20,W2D,0x56e18226fe446f1dff7e9e27e25cbcf1ce07402919fbab7fccf7889754c3904f,1637399456,0
0x1c93e14105e49671c5953d64953b7e0e264f8523,0x8502ff78270265dc4bf175ee4af04ebf7969a34b;0x953bd768f09aa2577a101b21dd836447369fd776;0xc9fd99aadf3c5b98adee3bde40e28c3981696e22;0xdb326c0f5f60ef7940a319e386db26f9e5810656;0xfb608925b269dfe1758dbbc968bd4a9a6edd4b50,ERC20,D2W,0x3ff7dd39a6e4894aa2e02bde45c5d65999b819c67897653f08a8fa5829dcc1e2,1641210635,0
0x1c93e14105e49671c5953d64953b7e0e264f8523,0x8502ff78270265dc4bf175ee4af04ebf7969a34b;0x953bd768f09aa2577a101b21dd836447369fd776;0xc9fd99aadf3c5b98adee3bde40e28c3981696e22;0xdb326c0f5f60ef7940a319e386db26f9e5810656;0xfb608925b269dfe1758dbbc968bd4a9a6edd4b50,ERC20,D2W,0xc4334c872a1bdfd15c1621bd26a213f692f23e81f8fd5480812a32be603ffcbb,1651826539,0
0xaa2c46e3c396695cf40f4e2283efb1d13b3c4006,0xc9fd99aadf3c5b98adee3bde40e28c3981696e22;0xdb326c0f5f60ef7940a319e386db26f9e5810656;0xfb608925b269dfe1758dbbc968bd4a9a6edd4b50,ETH,W2D,0x05e79b7d87a034538387c2a4bcbb32dfe8666c7f9fefa968f744991691c5a9fa,1637460707,0
0xaa2c46e3c396695cf40f4e2283efb1d13b3c4006,0xc9fd99aadf3c5b98adee3bde40e28c3981696e22;0xdb326c0f5f60ef7940a319e386db26f9e5810656;0xfb608925b269dfe1758dbbc968bd4a9a6edd4b50,ETH,W2D,0x075ba59457c1eed732e9d5fcd0f42df974cef0686cf573617a9dc2d1262b5393,1638086161,0
0xaa2c46e3c396695cf40f4e2283efb1d13b3c4006,0xc9fd99aadf3c5b98adee3bde40e28c3981696e22;0xdb326c0f5f60ef7940a319e386db26f9e5810656;0xfb608925b269dfe1758dbbc968bd4a9a6edd4b50,ETH,W2D,0x17f57d9fcd52377edd5209588796256d25bbe8a9713134fd205568d0f6eec0a1,1646914109,0
0xaa2c46e3c396695cf40f4e2283efb1d13b3c4006,0xc9fd99aadf3c5b98adee3bde40e28c3981696e22;0xdb326c0f5f60ef7940a319e386db26f9e5810656;0xfb608925b269dfe1758dbbc968bd4a9a6edd4b50,ETH,W2D,0x20db8a79c0b78919cb403b9af026accc96e995b6d702721f2f5632ecd904b2d7,1642677664,0
0xaa2c46e3c396695cf40f4e2283efb1d13b3c4006,0xc9fd99aadf3c5b98adee3bde40e28c3981696e22;0xdb326c0f5f60ef7940a319e386db26f9e5810656;0xfb608925b269dfe1758dbbc968bd4a9a6edd4b50,ETH,W2D,0x314f1371f32b6af91ec2881c4acd152a759eb77f2e1c08050b98b8858de6d73a,1635664194,0
0xaa2c46e3c396695cf40f4e2283efb1d13b3c4006,0xc9fd99aadf3c5b98adee3bde40e28c3981696e22;0xdb326c0f5f60ef7940a319e386db26f9e5810656;0xfb608925b269dfe1758dbbc968bd4a9a6edd4b50,ETH,W2D,0x46383996afeeb06e12f0260d58fee9f82e674d81587d2b24df50024ce8a95d68,1631665014,0
0xaa2c46e3c396695cf40f4e2283efb1d13b3c4006,0xc9fd99aadf3c5b98adee3bde40e28c3981696e22;0xdb326c0f5f60ef7940a319e386db26f9e5810656;0xfb608925b269dfe1758dbbc968bd4a9a6edd4b50,ETH,W2D,0x787f6f4c115caf6da956d4550ae60b0453590919fa8538063480b3d0e6a7426d,1654827766,0
0xaa2c46e3c396695cf40f4e2283efb1d13b3c4006,0xc9fd99aadf3c5b98adee3bde40e28c3981696e22;0xdb326c0f5f60ef7940a319e386db26f9e5810656;0xfb608925b269dfe1758dbbc968bd4a9a6edd4b50,ETH,W2D,0x82d562f616cc4bc9a02f04cf0ebc5ee435a00f230f2a5a36e9350df4c56a0133,1656990636,0
0xaa2c46e3c396695cf40f4e2283efb1d13b3c4006,0xc9fd99aadf3c5b98adee3bde40e28c3981696e22;0xdb326c0f5f60ef7940a319e386db26f9e5810656;0xfb608925b269dfe1758dbbc968bd4a9a6edd4b50,ETH,W2D,0x9ad388ac468fe77004018fd0e283b97f2cc4a75f281de6379fab16e337ca158a,1646910261,0
0xaa2c46e3c396695cf40f4e2283efb1d13b3c4006,0xc9fd99aadf3c5b98adee3bde40e28c3981696e22;0xdb326c0f5f60ef7940a319e386db26f9e5810656;0xfb608925b269dfe1758dbbc968bd4a9a6edd4b50,ETH,W2D,0xba047fcaa3124a3235f19a169170bf708d942d600871c84baad441d46b75c379,1647079890,0
0xaa2c46e3c396695cf40f4e2283efb1d13b3c4006,0xc9fd99aadf3c5b98adee3bde40e28c3981696e22;0xdb326c0f5f60ef7940a319e386db26f9e5810656;0xfb608925b269dfe1758dbbc968bd4a9a6edd4b50,ETH,W2D,0xdbbf16ee9dd4c82af01c725fabf47104ae3501fd2b04b29af8c0cd72fb98c724,1650367133,0
0xaa2c46e3c396695cf40f4e2283efb1d13b3c4006,0xc9fd99aadf3c5b98adee3bde40e28c3981696e22;0xdb326c0f5f60ef7940a319e386db26f9e5810656;0xfb608925b269dfe1758dbbc968bd4a9a6edd4b50,ETH,D2W,0x0f7db433b47f1a50d8125338cb5661056e4abe127236f599a423e1b3426f0dbc,1649621080,0
0xaa2c46e3c396695cf40f4e2283efb1d13b3c4006,0xc9fd99aadf3c5b98adee3bde40e28c3981696e22;0xdb326c0f5f60ef7940a319e386db26f9e5810656;0xfb608925b269dfe1758dbbc968bd4a9a6edd4b50,ETH,D2W,0x1aec2eab06bacd06cee6641e6660702714ae250170c582bc5ce6ace6b193d426,1730533343,1
0xaa2c46e3c396695cf40f4e2283efb1d13b3c4006,0xc9fd99aadf3c5b98adee3bde40e28c3981696e22;0xdb326c0f5f60ef7940a319e386db26f9e5810656;0xfb608925b269dfe1758dbbc968bd4a9a6edd4b50,ETH,D2W,0x629cbf229397276b71dc2d05d519f0323f13ed82b9ae4f16fa093142400126d7,1631782756,0
0xaa2c46e3c396695cf40f4e2283efb1d13b3c4006,0xc9fd99aadf3c5b98adee3bde40e28c3981696e22;0xdb326c0f5f60ef7940a319e386db26f9e5810656;0xfb608925b269dfe1758dbbc968bd4a9a6edd4b50,ETH,D2W,0x702d91229554f550682ef13bef4585b5f6838b2bbe2f2180382cf69d9ff9a8a9,1637151226,0
0xaa2c46e3c396695cf40f4e2283efb1d13b3c4006,0xc9fd99aadf3c5b98adee3bde40e28c3981696e22;0xdb326c0f5f60ef7940a319e386db26f9e5810656;0xfb608925b269dfe1758dbbc968bd4a9a6edd4b50,ERC20,W2D,0x463ea75eb66835ecebf3e695365721caf172df1662887b7cf6657d980ed4a720,1631665014,0
0xaa2c46e3c396695cf40f4e2283efb1d13b3c4006,0xc9fd99aadf3c5b98adee3bde40e28c3981696e22;0xdb326c0f5f60ef7940a319e386db26f9e5810656;0xfb608925b269dfe1758dbbc968bd4a9a6edd4b50,ERC20,W2D,0xb136993f8ed61173beb2691f40359a147ca1866aa4a126f3498e8944e318384a,1637466479,0
0xaa2c46e3c396695cf40f4e2283efb1d13b3c4006,0xc9fd99aadf3c5b98adee3bde40e28c3981696e22;0xdb326c0f5f60ef7940a319e386db26f9e5810656;0xfb608925b269dfe1758dbbc968bd4a9a6edd4b50,ERC20,D2W,0x25db81ab7052dac3aca3a7488ffc8d083e882ab3094a31eac59b2e503c453075,1637460204,0
0xf9f082391f6a8c1bff3f8728decdf1ad0f922528,0x6ab0d4e317786fa9082ba68a4b8c6c70a8750b08,ETH,W2D,0x5ddd5720305b2bf3c7ea925dd15ed8d7392420b1080d11f8a69a2ed82d75b5ed,1746235427,1
0xf513c7000cbd7f4a6c98180de933f12faf8a9d2f,0x14745743f3a9893113fca903cbde01cb169aa7fb,ETH,W2D,0x33ad971ef7f7255caa24f20fd86eab8d068706c72cd9400bf2a1a1b9684bd847,1746235379,1
0x83bcef98c11a3822ce6f2bc1ef3de6f5b1e232fc,0xfd32efe40fbdadf2c16392a3bd9ff498137167c1,ERC20,W2D,0x292739d802acf53a7b457862a434f8df4b8132f6a60807dc2abd3a18e2bf5aaa,1753606043,1
0x83bcef98c11a3822ce6f2bc1ef3de6f5b1e232fc,0xfd32efe40fbdadf2c16392a3bd9ff498137167c1,ERC20,W2D,0x850a71127aa67959ce82502be01e7731df2732c07d522310b973245f9f41d7a2,1750937831,1
0x83bcef98c11a3822ce6f2bc1ef3de6f5b1e232fc,0xfd32efe40fbdadf2c16392a3bd9ff498137167c1,ERC20,W2D,0xc98c32f03d97b792d65824b7b9b0355dd0443cd135d59a9ec278ebd20dfc77ab,1756044839,1
0x9cad95adee7fbf9f689969a5be63140be3cb524b,0x60ec1ea8f6e589b4ad474b19841b2e414aa0844b,ETH,D2W,0x256012cda21ad3cf7ddb768db4de76baef35a06d3baa5f660bca728f3bae7d74,1654282145,0
0x9cad95adee7fbf9f689969a5be63140be3cb524b,0x60ec1ea8f6e589b4ad474b19841b2e414aa0844b,ETH,D2W,0x7d9ec0787c9adca934351bbb1991a64623eb2daef570407d36859b6a1ea72435,1654770999,0
0x9cad95adee7fbf9f689969a5be63140be3cb524b,0x60ec1ea8f6e589b4ad474b19841b2e414aa0844b,ETH,W2D,0x66dec2fa12792c083fc037de13035ab0926016b8dc8f3262b178fc839cdf2334,1685699099,1
0x9cad95adee7fbf9f689969a5be63140be3cb524b,0x60ec1ea8f6e589b4ad474b19841b2e414aa0844b,ETH,W2D,0xe5b5be56c8cf695c094042a1c50c21ffc99de369fbc287ab9f5a403ac0b18378,1773921143,1
0x9cad95adee7fbf9f689969a5be63140be3cb524b,0x60ec1ea8f6e589b4ad474b19841b2e414aa0844b,ERC20,W2D,0x88aba777f6031ef73d514859b7b5c4cdea9fc1d3953deb0fcffc538d35a19209,1773921095,1
0x992b57e0cfe1c0eff8484805c2d5aa2b78c54d48,0x20328f4200716b975b1c9efd76328a8fddcf23e5,ETH,D2W,0x6416ad93ca7bf29861d9035ee3e470a9ec46b9b6e01af8960c797b5d1ba88506,1655972382,0
0x992b57e0cfe1c0eff8484805c2d5aa2b78c54d48,0x20328f4200716b975b1c9efd76328a8fddcf23e5,ETH,W2D,0x929cfc78f3139e2d146a49294a4dd662a4c8f0451fefd0384790c2b9f22ad181,1729562987,1
0x0b9094b011c179345840d1ce9f2af46ed037df20,0x93a96e77cb6c12628d60296657554875bbe53619,ETH,D2W,0x02d19f0ba879073c4068a835174d4407890b9897873ce90405c1788231dc6ecf,1712025251,1
0x0ead81bfd1f7096ddb6c997e734220b916a5840e,0x939a6985b9df4114284b31b81dbc3abf9535107e,ETH,W2D,0xee2e3ae4d6adf2f483dbe521fd3c5e7c03c3f578da1190fca264b0869f252101,1729955195,1
0xf1bb48613c9040a8c21a834318d260a533086b8b,0xc7f01024f69b5863a8b59e3563c95c06fe2e3de0;0xfb0f6f3e2c4ead649b6b1ba155067430e95eecc1,ETH,W2D,0x5d87992a407d8aba53c4c3eff539e38a6b6df267640ac21892ac33737346bc29,1729819067,1
0xf1bb48613c9040a8c21a834318d260a533086b8b,0xc7f01024f69b5863a8b59e3563c95c06fe2e3de0;0xfb0f6f3e2c4ead649b6b1ba155067430e95eecc1,ETH,W2D,0xce4f654ecefd5fd2a91469effe8c538e71b83a21c22659afdc9ca1b4885a4c21,1744632011,1
0xc128c52e7b7307b37c77ab46da9c4925cf0c747b,0x20328f4200716b975b1c9efd76328a8fddcf23e5;0xfb0f6f3e2c4ead649b6b1ba155067430e95eecc1,ETH,W2D,0x280f30195c81dec47ee7474a69c854d1421814c9ac4a9c5940a092031e1d458e,1713248195,1
0xc128c52e7b7307b37c77ab46da9c4925cf0c747b,0x20328f4200716b975b1c9efd76328a8fddcf23e5;0xfb0f6f3e2c4ead649b6b1ba155067430e95eecc1,ETH,W2D,0x57d94fda2f2d027a4dffeaa5e453bde247a694918b41ea2ba082771a47b80bc4,1712025179,1
0xf91439d026980450dad358455517e12dd57ad607,0x4a095c6ac312c9e6718c739fe517517e960aab8c;0xb43e0fa4d742974fb4e74b691653ea8969cfc781,ETH,D2W,0x20eb99c5b493ce99fd559f092078b3e1b2e260f584e0bdcc84f71aad9a65348f,1729387679,1
0xf91439d026980450dad358455517e12dd57ad607,0x4a095c6ac312c9e6718c739fe517517e960aab8c;0xb43e0fa4d742974fb4e74b691653ea8969cfc781,ETH,D2W,0xa5cfa4862f9b93a59c82e68d9966f007ca83b637e9f0cbe3819fe97172c11733,1712370191,1
0x78b1fbb582164f12c684f8662a53f51f13cb98c4,0xc0dc2882ac8df34e5a6e0c2768d911c751dcedcb;0xc9fd99aadf3c5b98adee3bde40e28c3981696e22;0xff7f55a068f1b0c473fcc330b0dc987160cbe6c1,ETH,W2D,0x0087a557969b4f7f186e671bfeba2e1d40d0bbbc72c86e2fb077543caa82cd2a,1729415999,1
0x78b1fbb582164f12c684f8662a53f51f13cb98c4,0xc0dc2882ac8df34e5a6e0c2768d911c751dcedcb;0xc9fd99aadf3c5b98adee3bde40e28c3981696e22;0xff7f55a068f1b0c473fcc330b0dc987160cbe6c1,ETH,W2D,0x284e041d3c48ec12f4e5d75e6622f7e96842cd6a6463ee3ea93c9fb5289a5da5,1700456051,1
0x78b1fbb582164f12c684f8662a53f51f13cb98c4,0xc0dc2882ac8df34e5a6e0c2768d911c751dcedcb;0xc9fd99aadf3c5b98adee3bde40e28c3981696e22;0xff7f55a068f1b0c473fcc330b0dc987160cbe6c1,ETH,D2W,0x3e5b7555125486c91916794a9b2e9e72c075acb3993700c2e39e7c38872a4320,1710673079,1
0x71dc33cb08e3d482192670e712c8f564ea2dab38,0x0259e3a4379b1a38caa1a6736728b769d6570365;0xfb0f6f3e2c4ead649b6b1ba155067430e95eecc1,ETH,W2D,0x2d99dd8654835e587d4b2794c3c9efe3b78632649aef506e86f38b1ed960c3be,1700466815,1
0x71dc33cb08e3d482192670e712c8f564ea2dab38,0x0259e3a4379b1a38caa1a6736728b769d6570365;0xfb0f6f3e2c4ead649b6b1ba155067430e95eecc1,ETH,W2D,0xe110499f98a584f1984d177019c13bfbf675f2f9f4e122520cc259761b355b43,1712025179,1
0x69226fcc1c1daea83f197a0eeb570217142ce395,0x82fe0291da2bf91459a516e59a39ec92844654d5,ETH,D2W,0x75a739744740fe3d99e3b364b0f171f15bddde861be51d282ee0a74d800fee4d,1651754963,0
0x69226fcc1c1daea83f197a0eeb570217142ce395,0x82fe0291da2bf91459a516e59a39ec92844654d5,ERC20,D2W,0x4aa82da141d6e99588dfc7fd0b0b730afc6a6509faa0cf133e89c40dda805b10,1737785339,1
0x69226fcc1c1daea83f197a0eeb570217142ce395,0x82fe0291da2bf91459a516e59a39ec92844654d5,ERC20,W2D,0xac5a0ee9f97ae445464b050b5d2b60d898657850a16b862eb604a6291a7e556c,1739216075,1
0x218bc3444eeb2ecea5bc64ab22cfa040067b5ca7,0x82fe0291da2bf91459a516e59a39ec92844654d5;0xb8c5d1f9ed43f7342df3d24da5b152b32361ccdc,ETH,D2W,0x6cc23560e6df2cdff284902fd50303ba5f2540475e8f3030c8cae23291efd22c,1651755699,0
0x218bc3444eeb2ecea5bc64ab22cfa040067b5ca7,0x82fe0291da2bf91459a516e59a39ec92844654d5;0xb8c5d1f9ed43f7342df3d24da5b152b32361ccdc,ETH,D2W,0xd21ca44b290b90f59f57d74890fdd29940096490fa0c90e8e6efb6c01d7c0f6e,1763859347,1
0x218bc3444eeb2ecea5bc64ab22cfa040067b5ca7,0x82fe0291da2bf91459a516e59a39ec92844654d5;0xb8c5d1f9ed43f7342df3d24da5b152b32361ccdc,ETH,W2D,0x08bcb1cd87f1d5e984665bfe183128a6def6c63e8a41ef704e46232e60730b57,1750776323,1
0x218bc3444eeb2ecea5bc64ab22cfa040067b5ca7,0x82fe0291da2bf91459a516e59a39ec92844654d5;0xb8c5d1f9ed43f7342df3d24da5b152b32361ccdc,ETH,W2D,0xeed89ce62ee0003d83e086803052986c7a9c1f162f5dc2a899550374d0ba22d2,1763723519,1
0x218bc3444eeb2ecea5bc64ab22cfa040067b5ca7,0x82fe0291da2bf91459a516e59a39ec92844654d5;0xb8c5d1f9ed43f7342df3d24da5b152b32361ccdc,ERC20,W2D,0xa154249c3dbc632c0c54afaab960e9d541ba71a10ad918b8bcfb206ec454f3de,1739216363,1
0x11e9a7e2b04295ad2401e12ca9def050cc2d7bc8,0x783dd665fd4bfe6851bb307f523a2fa60ed456fb,ETH,W2D,0x7440374d8cb108a14681f78b99f470255fab78787e7c2e16951a15cc62b1e1e6,1745547011,1
0xc13f96a3efd6d3bf4182c35676e0638253db298b,0xd5bce210fa67ae62cd8c61a5e213826966c769e4,ETH,D2W,0x4ff7a2a6d34b448c5d0526af3b472c6104c1f7e91ef693fd3f574df2e0b25d59,1744860047,1
0xc13f96a3efd6d3bf4182c35676e0638253db298b,0xd5bce210fa67ae62cd8c61a5e213826966c769e4,ERC20,D2W,0x4ee42ca9a0b2950dfb61e32a133bc5060ab26d1b56d6298d4a402a6ae9f15350,1715104475,1
0xc13f96a3efd6d3bf4182c35676e0638253db298b,0xd5bce210fa67ae62cd8c61a5e213826966c769e4,ERC20,D2W,0xa0d62b691c16cbc2bd17d8bc2f7b9da418d4f93d3eae5ebfa17c23ce3e652acd,1722871559,1
0x21ab3aa7053a3615e02d4ac517b7075b45bf524f,0x1318d3420b0169522eb8f3ef0830acee700a2eda,ETH,D2W,0x28ae5a57aec6eb37cebb87208aaa1c0043258de4a697bf2152a6c8b71e4f8cbb,1713209567,1
0x21ab3aa7053a3615e02d4ac517b7075b45bf524f,0x1318d3420b0169522eb8f3ef0830acee700a2eda,ETH,D2W,0x461e0074ba23f5444cf62fb8dd6cf23ad012451c4a380666f6c62e60107479fa,1761336347,1
0x28d5816f981c7c310c23df37767e80be67ce6113,0x136cb70f6c234c5bea1b1af5faa47011de7a45b7,ETH,D2W,0x7a596cbdfef5ae56cda344ca9db3404d5729d7f047af0dd80ddfa087b8c5c2d9,1640788407,0
0x28d5816f981c7c310c23df37767e80be67ce6113,0x136cb70f6c234c5bea1b1af5faa47011de7a45b7,ETH,W2D,0x4ad096f3205e96e3c2378501c41956cb395f0f57497b425a57b0be1072e9421c,1686792431,1
0x28d5816f981c7c310c23df37767e80be67ce6113,0x136cb70f6c234c5bea1b1af5faa47011de7a45b7,ETH,W2D,0x687a1f76a37381f268182e00892a234dc58888a40ab6362cd50cdda42c3ee5cd,1643107688,0
0x69c6d19bce6458ff519660657d9d2ed99cf903c4,0x136cb70f6c234c5bea1b1af5faa47011de7a45b7,ETH,D2W,0x883b4047bafd854c7a8b2f1ca7326c05e33b93236ca721cd0a9d57fca250172e,1640788396,0
0x69c6d19bce6458ff519660657d9d2ed99cf903c4,0x136cb70f6c234c5bea1b1af5faa47011de7a45b7,ETH,D2W,0x8f45e06dc60fbf78ce1423d19f59a5538a616d9947942c48e493fac5496d6d5c,1619621927,0
0x69c6d19bce6458ff519660657d9d2ed99cf903c4,0x136cb70f6c234c5bea1b1af5faa47011de7a45b7,ERC20,D2W,0x1a8b90cb6f383c1ad6556b4044e33958d320ee522af5650ec393a8af363cdacd,1623514031,0
0x68f27f85a195bcaebe9315007cca3b23702ecdb9,0xcb892e05fa8f48d6c531cba279eea615f23a0c77,ETH,W2D,0x1379217fa827234476a4d66239bd1cd26027741eeb27993c70ecfdd0e61facf9,1700669447,1
0x68f27f85a195bcaebe9315007cca3b23702ecdb9,0xcb892e05fa8f48d6c531cba279eea615f23a0c77,ETH,W2D,0x9b9bcc7278776cf5779a14a6e25084d0fd5a1dd8b68b7fbfcd674589ac11f9ef,1706180531,1
0x68f27f85a195bcaebe9315007cca3b23702ecdb9,0xcb892e05fa8f48d6c531cba279eea615f23a0c77,ETH,W2D,0xad33859e6f013b77ac897467b92ad078fc3174a9b3cd5996d5f4da2b8fd5bcfa,1702561091,1
0x68f27f85a195bcaebe9315007cca3b23702ecdb9,0xcb892e05fa8f48d6c531cba279eea615f23a0c77,ETH,W2D,0xd06d3cd75f939d346c012d85def5b78f32c4267f06493e528184779314025b25,1763285399,1
0x68f27f85a195bcaebe9315007cca3b23702ecdb9,0xcb892e05fa8f48d6c531cba279eea615f23a0c77,ETH,D2W,0x0d43d6557a1257d480c11b93f1407b958049c6db00e6a67e3ef8fef7526534ab,1737451499,1
0x68f27f85a195bcaebe9315007cca3b23702ecdb9,0xcb892e05fa8f48d6c531cba279eea615f23a0c77,ETH,D2W,0xc4b762cd21b78de38003144b03b64ccf673cc1ed9846d5384997496e0dc80298,1707441515,1
0x68f27f85a195bcaebe9315007cca3b23702ecdb9,0xcb892e05fa8f48d6c531cba279eea615f23a0c77,ERC20,W2D,0xbb4a363d163c778eb436e45d9af644302e27aa1cfe9dd14f132ae8adfe16f35a,1700570183,1
0x6d61cf34f20771d5d323603890e374498ca03b17,0x6d718a725bd39357cdb3d6bf6b36e1347d952877,ETH,D2W,0xaf05ffdd16849a81cfdc1c0817ec0d656f9490269ab963f2c01e6e01a13dec6b,1745143451,1
0x6d61cf34f20771d5d323603890e374498ca03b17,0x6d718a725bd39357cdb3d6bf6b36e1347d952877,ETH,D2W,0xe9d9141f5cefc06478634dd6652c7357be1d046416ffe1e4544668fc8a0173f5,1725608519,1
0xad08506e384bd79e2a0f647c49d436f921483460,0x96b3de122dd9e466c78a15b053f06da39619b9e2,ETH,D2W,0x1d013668c623371428ab1451f41e31ed8b3c76fa7ec98b1f4ad8714e1ba7d53c,1706139263,1
0xad08506e384bd79e2a0f647c49d436f921483460,0x96b3de122dd9e466c78a15b053f06da39619b9e2,ETH,D2W,0xdd2c8a075d43d6f347c8f0e5858b713cbaa5a0825268643193892fdeb754c087,1706139407,1
0xad08506e384bd79e2a0f647c49d436f921483460,0x96b3de122dd9e466c78a15b053f06da39619b9e2,ETH,D2W,0xe8fd5b3142d92831e282698fe4d202c34661bc4c4bc3351ae69ce64d4767842c,1706411603,1
0xad08506e384bd79e2a0f647c49d436f921483460,0x96b3de122dd9e466c78a15b053f06da39619b9e2,ETH,D2W,0xea1c84677569cf9bb8f379531abaf2f77c6aa04d31c566c7ff7dafe5e391367e,1706515163,1
0xad08506e384bd79e2a0f647c49d436f921483460,0x96b3de122dd9e466c78a15b053f06da39619b9e2,ETH,D2W,0xfba0e5f79d4f7e0ba2db525d207a739f6b7ca25e3043ec3a202a5640b1965958,1768491599,1
0xad08506e384bd79e2a0f647c49d436f921483460,0x96b3de122dd9e466c78a15b053f06da39619b9e2,ETH,W2D,0x276eb0475513c0e48b9caab6261f473565bdfe51fd9b0cb3d0f1af0302c15ce0,1757943515,1
0xad08506e384bd79e2a0f647c49d436f921483460,0x96b3de122dd9e466c78a15b053f06da39619b9e2,ETH,W2D,0x27dc1abca29d38bbefb9db037dfdaebf0aaff699050ecc6b509a5048fd951d00,1706411663,1
0xad08506e384bd79e2a0f647c49d436f921483460,0x96b3de122dd9e466c78a15b053f06da39619b9e2,ETH,W2D,0x78bdf4293906ff7143c71f5877027c7f2ba371d89df6b86b5d84c3a010ebf064,1706515235,1
0xad08506e384bd79e2a0f647c49d436f921483460,0x96b3de122dd9e466c78a15b053f06da39619b9e2,ETH,W2D,0x97ea652b9375a49c4531c8d8d751cb4ca3d02a551566dc1510e613cfa7102ae0,1745595851,1
0xad08506e384bd79e2a0f647c49d436f921483460,0x96b3de122dd9e466c78a15b053f06da39619b9e2,ETH,W2D,0xc179ea12ad488f7b8fcfeff85bbf7cf9aca2443dc5a2e05f12247f322d4e4be8,1706139575,1
0xad08506e384bd79e2a0f647c49d436f921483460,0x96b3de122dd9e466c78a15b053f06da39619b9e2,ERC20,D2W,0xe2410fe2624eadd7f73be75e1c8c7be2a07be5027ecb5e85df143876e8b58091,1706139167,1
0xad08506e384bd79e2a0f647c49d436f921483460,0x96b3de122dd9e466c78a15b053f06da39619b9e2,ERC20,D2W,0xed238e88bcd6650376b8b057a6cd06148277fc3cfceee64108034241dd1d418f,1706139383,1
0xad08506e384bd79e2a0f647c49d436f921483460,0x96b3de122dd9e466c78a15b053f06da39619b9e2,ERC20,W2D,0x03b744aafbc4b0dff7e2f1a7874745a24ea443fd56805283f272d0573b98b8e9,1706139491,1
0xad08506e384bd79e2a0f647c49d436f921483460,0x96b3de122dd9e466c78a15b053f06da39619b9e2,ERC20,W2D,0x1dfffac3cf51ba48767bd198903bf14c281ed7d439fd918b3f89a313ad74fabc,1706139515,1
0x38daea6f17e4308b0da9647db9ca6d84a3a7e195,0x74e20a54c58bcefb02e496c826d9c65b576ceb10,ETH,D2W,0x40dcceb852219463802f91aa5ebc587ba451d354f57e889926d11ac9b28c0a9e,1582564936,0
0x38daea6f17e4308b0da9647db9ca6d84a3a7e195,0x74e20a54c58bcefb02e496c826d9c65b576ceb10,ETH,D2W,0x5a0b50adaf67847c0798105168145039aa8e09483bf0cada57546498cc6cda7d,1582564936,0
0x38daea6f17e4308b0da9647db9ca6d84a3a7e195,0x74e20a54c58bcefb02e496c826d9c65b576ceb10,ETH,D2W,0xa14bb60241a715f23a380e7350164f4fd3bb666f8e05f9e6cf48c376df3d9d9a,1581769212,0
0x38daea6f17e4308b0da9647db9ca6d84a3a7e195,0x74e20a54c58bcefb02e496c826d9c65b576ceb10,ERC20,D2W,0xb3062a0cfa3857a80482c0130e20621fe78845333766e543196ff63f076caeaa,1581769279,0
0x38daea6f17e4308b0da9647db9ca6d84a3a7e195,0x74e20a54c58bcefb02e496c826d9c65b576ceb10,ERC20,W2D,0x8115c947109737acf0a6c4d2d69410b3539684cf062c6c453304ea562fa37021,1582618042,0
0x38daea6f17e4308b0da9647db9ca6d84a3a7e195,0x74e20a54c58bcefb02e496c826d9c65b576ceb10,ERC20,W2D,0x91459d9f6d9e21bd199695ce9af101a93c8d0dc2d2d893ad166334a6ebcd7116,1596986055,0
0x37115b08c82459b3f79e0a0979dafa88799b212e,0x2199525c04a4c58c9b5c2e4ef17c5359b63854b1,ETH,D2W,0x47d3ad8bf32fd7beba32229801a4002ea7c5ba499f3977bdeadb6e497bc5e518,1744240835,1
0x8f2d1a6edb0b603e955b7373d17c6586c5ad4c02,0x315f4fdc5b3858dc67c411601e9ffb9ade38843b;0x461337d4f089adf16455acb785415f6437da0c24,ETH,D2W,0x12b407ac667e02adbd43fb7df8af072160a04b00b803848f1fcd8822d4e0daf2,1528220091,0
0x8f2d1a6edb0b603e955b7373d17c6586c5ad4c02,0x315f4fdc5b3858dc67c411601e9ffb9ade38843b;0x461337d4f089adf16455acb785415f6437da0c24,ETH,D2W,0x18f817100dc7e17d39c2309d128b265c39fff1e82b264162bc87ab6dce7f1e42,1525472014,0
0x8f2d1a6edb0b603e955b7373d17c6586c5ad4c02,0x315f4fdc5b3858dc67c411601e9ffb9ade38843b;0x461337d4f089adf16455acb785415f6437da0c24,ETH,D2W,0x1a88a42f8b6a31287aab37ec14a44181386c2edcdaee2fbaed741774b268f80e,1528624138,0
0x8f2d1a6edb0b603e955b7373d17c6586c5ad4c02,0x315f4fdc5b3858dc67c411601e9ffb9ade38843b;0x461337d4f089adf16455acb785415f6437da0c24,ETH,D2W,0x3551868a425f5a6ece8c7dde85f993940e9a713f654b22eb497a872cae8ddb29,1528211800,0
0x8f2d1a6edb0b603e955b7373d17c6586c5ad4c02,0x315f4fdc5b3858dc67c411601e9ffb9ade38843b;0x461337d4f089adf16455acb785415f6437da0c24,ETH,D2W,0x4210a83bc5a36732da5745c82ff40d31702d4652f5377fbb3550c38f5893a2a6,1601460688,0
0x8f2d1a6edb0b603e955b7373d17c6586c5ad4c02,0x315f4fdc5b3858dc67c411601e9ffb9ade38843b;0x461337d4f089adf16455acb785415f6437da0c24,ETH,D2W,0x53939f3a08422458a25ed751ac913b84297da03ed399ce0bd53e94a7e191cfff,1515781447,0
0x8f2d1a6edb0b603e955b7373d17c6586c5ad4c02,0x315f4fdc5b3858dc67c411601e9ffb9ade38843b;0x461337d4f089adf16455acb785415f6437da0c24,ETH,D2W,0x58ae26a41db6b3c31df7553c0e95e0e4021ee01b5ad19f867333790088b88a36,1529397413,0
0x8f2d1a6edb0b603e955b7373d17c6586c5ad4c02,0x315f4fdc5b3858dc67c411601e9ffb9ade38843b;0x461337d4f089adf16455acb785415f6437da0c24,ETH,D2W,0x71303f7481c20914b3705ba309099ec14a6a9cc0c29212bda7439661b89367c7,1644584061,0
0x8f2d1a6edb0b603e955b7373d17c6586c5ad4c02,0x315f4fdc5b3858dc67c411601e9ffb9ade38843b;0x461337d4f089adf16455acb785415f6437da0c24,ETH,D2W,0x75231da9117ad629c9672d5261efebffbaf5ed9360f2b1a3b8ecbc229d1f3f95,1658775899,0
0x8f2d1a6edb0b603e955b7373d17c6586c5ad4c02,0x315f4fdc5b3858dc67c411601e9ffb9ade38843b;0x461337d4f089adf16455acb785415f6437da0c24,ETH,D2W,0x810ce9b2a4abdae756e0cf6178cd85dc7b53025d3a08a835c64d23d28fec03b4,1518447114,0
0x8f2d1a6edb0b603e955b7373d17c6586c5ad4c02,0x315f4fdc5b3858dc67c411601e9ffb9ade38843b;0x461337d4f089adf16455acb785415f6437da0c24,ETH,D2W,0x845d685b0f74bc3ac373db37b1ae3a60615819ea288fc384b2629b76f2e88414,1515781374,0
0x8f2d1a6edb0b603e955b7373d17c6586c5ad4c02,0x315f4fdc5b3858dc67c411601e9ffb9ade38843b;0x461337d4f089adf16455acb785415f6437da0c24,ETH,D2W,0x9109bad4f4060a92b179f6db5b3caae8af95016ac73e649047baa3bf5734aacf,1531047505,0
0x8f2d1a6edb0b603e955b7373d17c6586c5ad4c02,0x315f4fdc5b3858dc67c411601e9ffb9ade38843b;0x461337d4f089adf16455acb785415f6437da0c24,ETH,D2W,0xa28497bfe06db6d071f4c069531f1f6c6be0b15fd90abffa88767f229593ba50,1553176786,0
0x8f2d1a6edb0b603e955b7373d17c6586c5ad4c02,0x315f4fdc5b3858dc67c411601e9ffb9ade38843b;0x461337d4f089adf16455acb785415f6437da0c24,ETH,D2W,0xb09a369c5f58abaa7d401c2ddbdbf29ca8749b4e3aa5ee746c70529552077376,1634498577,0
0x8f2d1a6edb0b603e955b7373d17c6586c5ad4c02,0x315f4fdc5b3858dc67c411601e9ffb9ade38843b;0x461337d4f089adf16455acb785415f6437da0c24,ETH,D2W,0xb3b2fbbdff9b4aa37e20254719cdb614f3dabeb94d7ff85b6374e9fda50770f4,1615744527,0
0x8f2d1a6edb0b603e955b7373d17c6586c5ad4c02,0x315f4fdc5b3858dc67c411601e9ffb9ade38843b;0x461337d4f089adf16455acb785415f6437da0c24,ETH,D2W,0xb6d795ddb97fd272cfc329ab851c921e69e9aebcd6df7105773b2260c02cd2fd,1527943489,0
0x8f2d1a6edb0b603e955b7373d17c6586c5ad4c02,0x315f4fdc5b3858dc67c411601e9ffb9ade38843b;0x461337d4f089adf16455acb785415f6437da0c24,ETH,D2W,0xcd833aaf6b02d29949c40c7aced7354a786fc099e386c127e97b1b859540e951,1528886336,0
0x8f2d1a6edb0b603e955b7373d17c6586c5ad4c02,0x315f4fdc5b3858dc67c411601e9ffb9ade38843b;0x461337d4f089adf16455acb785415f6437da0c24,ETH,D2W,0xd1d8021fd177a714c27a835d08668a97d98202560f03376d3c05f6419729808d,1602778961,0
0x8f2d1a6edb0b603e955b7373d17c6586c5ad4c02,0x315f4fdc5b3858dc67c411601e9ffb9ade38843b;0x461337d4f089adf16455acb785415f6437da0c24,ETH,D2W,0xd1d90d02dcf6dad43c5eb5cbe6003ce3d291a2d4082439a685880a880334814d,1567332711,0
0x8f2d1a6edb0b603e955b7373d17c6586c5ad4c02,0x315f4fdc5b3858dc67c411601e9ffb9ade38843b;0x461337d4f089adf16455acb785415f6437da0c24,ETH,D2W,0xdcbd98a56b622a1c0a8ec598169885b47ab03df6a93052339fdef15d1db2a230,1597160506,0
0x8f2d1a6edb0b603e955b7373d17c6586c5ad4c02,0x315f4fdc5b3858dc67c411601e9ffb9ade38843b;0x461337d4f089adf16455acb785415f6437da0c24,ETH,D2W,0xedf7665e9c1c4194d2f0594016078f10d48ca51bb37ff263b40324f86ea8e49a,1596284970,0
0x8f2d1a6edb0b603e955b7373d17c6586c5ad4c02,0x315f4fdc5b3858dc67c411601e9ffb9ade38843b;0x461337d4f089adf16455acb785415f6437da0c24,ETH,D2W,0xf085f3304e701d21f13edc42241e42b00a7090f834c37fea0a08776509d84f9c,1522163671,0
0x8f2d1a6edb0b603e955b7373d17c6586c5ad4c02,0x315f4fdc5b3858dc67c411601e9ffb9ade38843b;0x461337d4f089adf16455acb785415f6437da0c24,ETH,D2W,0xf9ed7ce94e5daa780e0d84f194b1d55c5b447e7d7b60af313680fedb354208ca,1634724631,0
0x8f2d1a6edb0b603e955b7373d17c6586c5ad4c02,0x315f4fdc5b3858dc67c411601e9ffb9ade38843b;0x461337d4f089adf16455acb785415f6437da0c24,ETH,W2D,0x2961c82004bc0bfbe99cc92e0d905eee018119c63f29ea713321d496a4b72fa0,1524083859,0
0x8f2d1a6edb0b603e955b7373d17c6586c5ad4c02,0x315f4fdc5b3858dc67c411601e9ffb9ade38843b;0x461337d4f089adf16455acb785415f6437da0c24,ETH,W2D,0x2972007406b7412fdd8a2f65e0c157358a08d553c99de639c2e9095ab62ad3d9,1616876989,0
0x8f2d1a6edb0b603e955b7373d17c6586c5ad4c02,0x315f4fdc5b3858dc67c411601e9ffb9ade38843b;0x461337d4f089adf16455acb785415f6437da0c24,ETH,W2D,0x349e81c1cbf7c8a25c2f4552f35254556f2cd1ccfcda74767492de39d3831966,1596645736,0
0x8f2d1a6edb0b603e955b7373d17c6586c5ad4c02,0x315f4fdc5b3858dc67c411601e9ffb9ade38843b;0x461337d4f089adf16455acb785415f6437da0c24,ETH,W2D,0x34feec509cb95a2fa955f93f79c0e4a0f5613ebaf248645ec766203ee9196fa1,1531044067,0
0x8f2d1a6edb0b603e955b7373d17c6586c5ad4c02,0x315f4fdc5b3858dc67c411601e9ffb9ade38843b;0x461337d4f089adf16455acb785415f6437da0c24,ETH,W2D,0x38fe429af578386c8b275b426b017ef5d3806aeba4a82e6b428b60f24a907f12,1601342055,0
0x8f2d1a6edb0b603e955b7373d17c6586c5ad4c02,0x315f4fdc5b3858dc67c411601e9ffb9ade38843b;0x461337d4f089adf16455acb785415f6437da0c24,ETH,W2D,0x3c49c2220df039e7575ceb31cba311da188ff80c252202083a02efad39413dcd,1645015499,0
0x8f2d1a6edb0b603e955b7373d17c6586c5ad4c02,0x315f4fdc5b3858dc67c411601e9ffb9ade38843b;0x461337d4f089adf16455acb785415f6437da0c24,ETH,W2D,0x41a6df9220d48161f2e18c3282d98d613210ca69d87b725c41ff3b9246702b8b,1640441738,0
0x8f2d1a6edb0b603e955b7373d17c6586c5ad4c02,0x315f4fdc5b3858dc67c411601e9ffb9ade38843b;0x461337d4f089adf16455acb785415f6437da0c24,ETH,W2D,0x433baab6acac7290bb9b6968f704d71c3cf3af6c539ab99f13f11b666603d237,1621343293,0
0x8f2d1a6edb0b603e955b7373d17c6586c5ad4c02,0x315f4fdc5b3858dc67c411601e9ffb9ade38843b;0x461337d4f089adf16455acb785415f6437da0c24,ETH,W2D,0x457548c3f9ea7bbac29fcd12a21e6bd556cdd9188d2fea8eb24789faec783e0f,1616499579,0
0x8f2d1a6edb0b603e955b7373d17c6586c5ad4c02,0x315f4fdc5b3858dc67c411601e9ffb9ade38843b;0x461337d4f089adf16455acb785415f6437da0c24,ETH,W2D,0x4a6859b06e8f2a2fd598945e147f8b9b11851c5e0fd83e08eb4247dd158148db,1553781585,0
0x8f2d1a6edb0b603e955b7373d17c6586c5ad4c02,0x315f4fdc5b3858dc67c411601e9ffb9ade38843b;0x461337d4f089adf16455acb785415f6437da0c24,ETH,W2D,0x50fca9b23565acae42f5d245d4e7af339576d48b95f931301a83a655f55a01d3,1621960749,0
0x8f2d1a6edb0b603e955b7373d17c6586c5ad4c02,0x315f4fdc5b3858dc67c411601e9ffb9ade38843b;0x461337d4f089adf16455acb785415f6437da0c24,ETH,W2D,0x53609c1723f57962f7d12c680d28ed92867e2e94b3e9f09778182046272b00b1,1652811028,0
0x8f2d1a6edb0b603e955b7373d17c6586c5ad4c02,0x315f4fdc5b3858dc67c411601e9ffb9ade38843b;0x461337d4f089adf16455acb785415f6437da0c24,ETH,W2D,0x6210fefea41f9f3f5f4b0ab4a72ce5f6067fa5b672ee0ec6b26278b80c8b412a,1518633379,0
0x8f2d1a6edb0b603e955b7373d17c6586c5ad4c02,0x315f4fdc5b3858dc67c411601e9ffb9ade38843b;0x461337d4f089adf16455acb785415f6437da0c24,ETH,W2D,0x6a85cff173a2bba768a51a46bbc9dd3bc2695f1e837c32b50e8ade6831e481e6,1527334014,0
0x8f2d1a6edb0b603e955b7373d17c6586c5ad4c02,0x315f4fdc5b3858dc67c411601e9ffb9ade38843b;0x461337d4f089adf16455acb785415f6437da0c24,ETH,W2D,0x6c431f0113d06a602059b1de1d08cb86bffd56a8fab063161214d2da2be16a6d,1601127219,0
0x8f2d1a6edb0b603e955b7373d17c6586c5ad4c02,0x315f4fdc5b3858dc67c411601e9ffb9ade38843b;0x461337d4f089adf16455acb785415f6437da0c24,ETH,W2D,0x82b733073b56db31aeb6cfeeba0c5efa1319e2053dde506ab180e7980330144d,1660057968,0
0x8f2d1a6edb0b603e955b7373d17c6586c5ad4c02,0x315f4fdc5b3858dc67c411601e9ffb9ade38843b;0x461337d4f089adf16455acb785415f6437da0c24,ETH,W2D,0x82baac9306bed307694adc96818461138e28c24758a16b96a0ab7d58f7a020fc,1602779218,0
0x8f2d1a6edb0b603e955b7373d17c6586c5ad4c02,0x315f4fdc5b3858dc67c411601e9ffb9ade38843b;0x461337d4f089adf16455acb785415f6437da0c24,ETH,W2D,0x8f16f08cc12ee8abf5264e2f67c6af1d63cb122fc4b585c673ab936f717d2cbd,1643728711,0
0x8f2d1a6edb0b603e955b7373d17c6586c5ad4c02,0x315f4fdc5b3858dc67c411601e9ffb9ade38843b;0x461337d4f089adf16455acb785415f6437da0c24,ETH,W2D,0x90704710edc4b5742c561f099295e80eefafa4d846bd03500864c370a0050f28,1601718704,0
0x8f2d1a6edb0b603e955b7373d17c6586c5ad4c02,0x315f4fdc5b3858dc67c411601e9ffb9ade38843b;0x461337d4f089adf16455acb785415f6437da0c24,ETH,W2D,0x98ec22415913211e85390af1887f1d8dfbb1292f1bd98d0ead944ef5754a5a88,1631137023,0
0x8f2d1a6edb0b603e955b7373d17c6586c5ad4c02,0x315f4fdc5b3858dc67c411601e9ffb9ade38843b;0x461337d4f089adf16455acb785415f6437da0c24,ETH,W2D,0xa4ce5916fd0f8538716bbde4f3b495b94039aa94d022e9d80691e64be2f9480f,1516387772,0
0x8f2d1a6edb0b603e955b7373d17c6586c5ad4c02,0x315f4fdc5b3858dc67c411601e9ffb9ade38843b;0x461337d4f089adf16455acb785415f6437da0c24,ETH,W2D,0xbe701704c60ac6bbea9fa85007d927d24e391db764a995b261a70f572abb7a7a,1529524965,0
0x8f2d1a6edb0b603e955b7373d17c6586c5ad4c02,0x315f4fdc5b3858dc67c411601e9ffb9ade38843b;0x461337d4f089adf16455acb785415f6437da0c24,ETH,W2D,0xc3d12df7078312d311e4d88291d5cfaafe4e0497b5a3107719caf9c3f2ca38db,1531405169,0
0x8f2d1a6edb0b603e955b7373d17c6586c5ad4c02,0x315f4fdc5b3858dc67c411601e9ffb9ade38843b;0x461337d4f089adf16455acb785415f6437da0c24,ETH,W2D,0xc9534dbe9f37f8fb7989b3f81c69b1fe28bcb7c9dc9d8d55ba66a3e23f4569de,1648375543,0
0x8f2d1a6edb0b603e955b7373d17c6586c5ad4c02,0x315f4fdc5b3858dc67c411601e9ffb9ade38843b;0x461337d4f089adf16455acb785415f6437da0c24,ETH,W2D,0xd46813e3fb5f7168f0d4347c73c4bfc1b6604a85ff626a91d9afd47e3489ef8a,1613647341,0
0x8f2d1a6edb0b603e955b7373d17c6586c5ad4c02,0x315f4fdc5b3858dc67c411601e9ffb9ade38843b;0x461337d4f089adf16455acb785415f6437da0c24,ETH,W2D,0xda985803c012313859f53381e756dd490d917659cbe91bab8c75173b1c46d90e,1517568243,0
0x8f2d1a6edb0b603e955b7373d17c6586c5ad4c02,0x315f4fdc5b3858dc67c411601e9ffb9ade38843b;0x461337d4f089adf16455acb785415f6437da0c24,ETH,W2D,0xea37ef03e42abe4751a94fa03c26fd72bf593c98ddac8b6cb6e335b86f237fe2,1642252672,0
0x8f2d1a6edb0b603e955b7373d17c6586c5ad4c02,0x315f4fdc5b3858dc67c411601e9ffb9ade38843b;0x461337d4f089adf16455acb785415f6437da0c24,ETH,W2D,0xf0a56edb1dab0f37197cc5549ab42171c338973ecf3c454ceed94f2386d607c4,1555778770,0
0x8f2d1a6edb0b603e955b7373d17c6586c5ad4c02,0x315f4fdc5b3858dc67c411601e9ffb9ade38843b;0x461337d4f089adf16455acb785415f6437da0c24,ERC20,W2D,0x117c252765b332a327819a01294ba37dca102db7e219d85199c23e96b26e6f95,1670255615,0
0x8f2d1a6edb0b603e955b7373d17c6586c5ad4c02,0x315f4fdc5b3858dc67c411601e9ffb9ade38843b;0x461337d4f089adf16455acb785415f6437da0c24,ERC20,W2D,0x3afcf992ffc21b89014d1cdb0575ef626d358f49cd234b96911815f0f1e63e37,1628950571,0
0x8f2d1a6edb0b603e955b7373d17c6586c5ad4c02,0x315f4fdc5b3858dc67c411601e9ffb9ade38843b;0x461337d4f089adf16455acb785415f6437da0c24,ERC20,W2D,0x5029a615b6e9d4884097a6f4c15f33a62e666bbae83b01959b1e5953735f48a2,1616877039,0
0x8f2d1a6edb0b603e955b7373d17c6586c5ad4c02,0x315f4fdc5b3858dc67c411601e9ffb9ade38843b;0x461337d4f089adf16455acb785415f6437da0c24,ERC20,W2D,0x62e9e31e051095cd9e3b75e56e9179255b2d9ea552fd9e603b9e424a8e12a05c,1601153987,0
0x8f2d1a6edb0b603e955b7373d17c6586c5ad4c02,0x315f4fdc5b3858dc67c411601e9ffb9ade38843b;0x461337d4f089adf16455acb785415f6437da0c24,ERC20,W2D,0x864f2db52df02c6633eefea9daf56263f8c9d6768bf99d6cda4b0c55a64f761a,1654275782,0
0x8f2d1a6edb0b603e955b7373d17c6586c5ad4c02,0x315f4fdc5b3858dc67c411601e9ffb9ade38843b;0x461337d4f089adf16455acb785415f6437da0c24,ERC20,W2D,0x8ef57e67208e590081a4b7c923d59b7959909dd4cc977bdfb1ffae14d18075e1,1601127745,0
0x8f2d1a6edb0b603e955b7373d17c6586c5ad4c02,0x315f4fdc5b3858dc67c411601e9ffb9ade38843b;0x461337d4f089adf16455acb785415f6437da0c24,ERC20,W2D,0xf8ce5989ef3e3e64f1783995c09ea336e99585c27740801767d24d6d2c011929,1622030020,0
0x8f2d1a6edb0b603e955b7373d17c6586c5ad4c02,0x315f4fdc5b3858dc67c411601e9ffb9ade38843b;0x461337d4f089adf16455acb785415f6437da0c24,ERC20,D2W,0x5e541c27b1f526a8b38d6b89deb606f164af500a8db8d9cebff9d77df41da9e9,1634043128,0
0x8f2d1a6edb0b603e955b7373d17c6586c5ad4c02,0x315f4fdc5b3858dc67c411601e9ffb9ade38843b;0x461337d4f089adf16455acb785415f6437da0c24,ERC20,D2W,0x6cae8e3a38d35b84829542a13d2c525f84c546c04836c82cd50769e8f6977271,1602779527,0
0x8f2d1a6edb0b603e955b7373d17c6586c5ad4c02,0x315f4fdc5b3858dc67c411601e9ffb9ade38843b;0x461337d4f089adf16455acb785415f6437da0c24,ERC20,D2W,0x9f6e1a6ccb10dc2be553b97aefc0fa1f67b5ec7cc729372897f298c51f41048f,1626799048,0
0x8f2d1a6edb0b603e955b7373d17c6586c5ad4c02,0x315f4fdc5b3858dc67c411601e9ffb9ade38843b;0x461337d4f089adf16455acb785415f6437da0c24,ERC20,D2W,0xa868bf5d1f9bfbb244af0e63a87ae87b4eeae271675702cb95b510623e49a6a3,1654282264,0
0x8f2d1a6edb0b603e955b7373d17c6586c5ad4c02,0x315f4fdc5b3858dc67c411601e9ffb9ade38843b;0x461337d4f089adf16455acb785415f6437da0c24,ERC20,D2W,0xf1ec70b80161e4a01751c91107c78c9e8f983ab37199a8571af669b3ceac3471,1622984079,0
0x4defa30195094963cfac7285d8d6e6e523c7f90d,0x1c0aa8ccd568d90d61659f060d1bfb1e6f855a20,ERC20,W2D,0x2c9361dca86788ca85573e5de427fb564a238a9eaa1d0604f30a0d0698329986,1587752325,0
0x4394b976d57559ef8d41a3c5f7ff01a05cc18e4f,0x721844185df06710b9b909739d935fec1661236a,ETH,D2W,0x4c08ee636084fd48110bd2e5795048324be680ea8de3e592bce76963dc062a2e,1745355719,1
0x0943e7700476933d4bad59ca598a6ca6c66a097b,0x992e25ff2da475841366b6ffff00d75dd6d265b7,ETH,W2D,0x058d9607608c637536a6a1f5b89f6f27664883dd894ce134282ece505190dd9c,1744651055,1
0x9850347954bb5528004963a7a196328e4596c6e7,0x9429cd74a3984396f3117d51cde46ea8e0e21487,ETH,W2D,0x1af18dd70cf4b7f2a6edef7fa5a81d117dbd4fa94442ed06fa6bb44317608014,1734029483,1
0x919c397950ce2edacc0cd5293e1b9b753e644265,0xd4135abc925a49f82e64953ce4a29dda5710e196,ETH,W2D,0x29c8904e91cb739755b79e33ddf197bdec0e0cb8fd583bab406354089b1cd721,1653796512,0
0xcf38a5a11deba847cc1d83e48b64a0a8f2b27505,0xf98d1fba8868506e5d4e77c9a7f35d4b8a5b8e82,ETH,W2D,0x1fa89ebc5af17a8f962b1c11655b1b66ea26d4c8e1aacc16514935bbda1038a7,1647347660,0
0xb6647e02ae6dd74137cb80b1c24333852e4af890,0xdf84d39641abdb38c9a34120f4daf79912c4b437,ERC20,D2W,0xeb0b9c68112d4ed434a0f2127409cb7e1ff5f58cc15b46f0b80cdb4641eeffed,1768642835,1
0xbed7e14e072701b27876d44d7751f284cde76a66,0xeb788c3fcd60df7687ce55bb20bbcb5238c72133,ETH,W2D,0x87ba47068f753c730c42522e27ca79cbd66851ad174263945db137c9fa2bc607,1765698755,1
0xbed7e14e072701b27876d44d7751f284cde76a66,0xeb788c3fcd60df7687ce55bb20bbcb5238c72133,ETH,W2D,0xe6cf7e04f987db2d048dce803f968a8e5fb515a62686ac75bc2ddc7431440237,1682473667,1
0xbed7e14e072701b27876d44d7751f284cde76a66,0xeb788c3fcd60df7687ce55bb20bbcb5238c72133,ETH,D2W,0x161b6c49196845ec2e02ac51e4325eb653d26a0f59f6db109232732292cb8c89,1765699199,1
0xbed7e14e072701b27876d44d7751f284cde76a66,0xeb788c3fcd60df7687ce55bb20bbcb5238c72133,ETH,D2W,0x26360e2cba8d6f966b395ab6d225da45cc1419763b7dc736d741fa8687b8964a,1764517235,1
0xbed7e14e072701b27876d44d7751f284cde76a66,0xeb788c3fcd60df7687ce55bb20bbcb5238c72133,ETH,D2W,0x343cfd66e01fe8999e019c4e2bde399ffcb31c7824ae4f66df6334c9d7d9b5b4,1749217199,1
0xbed7e14e072701b27876d44d7751f284cde76a66,0xeb788c3fcd60df7687ce55bb20bbcb5238c72133,ETH,D2W,0x4be6b313d6c0a2b1b6efefedaf99530e7ca2a2f339f90053e64fd95996766059,1746212759,1
0xbed7e14e072701b27876d44d7751f284cde76a66,0xeb788c3fcd60df7687ce55bb20bbcb5238c72133,ETH,D2W,0x73708ecc3b7832d3aeee438ceb81a7deed9925ce945edcf409017123f05b7715,1762678667,1
0xbed7e14e072701b27876d44d7751f284cde76a66,0xeb788c3fcd60df7687ce55bb20bbcb5238c72133,ETH,D2W,0x93c2a7796bf6232808b9118361729e7bd7e4461bbe5e7cb20168c52230e83390,1765302515,1
0xbed7e14e072701b27876d44d7751f284cde76a66,0xeb788c3fcd60df7687ce55bb20bbcb5238c72133,ETH,D2W,0xa4edad09f5f034fb60fa5b7fa8bd249cda415e84e62c5e7f55fa4ebcac76e321,1739110787,1
0xbed7e14e072701b27876d44d7751f284cde76a66,0xeb788c3fcd60df7687ce55bb20bbcb5238c72133,ETH,D2W,0xc2063f36851f75cb6d40cdba2d404617ffdf1e76c1bd902db02343240adaf402,1753412279,1
0xbed7e14e072701b27876d44d7751f284cde76a66,0xeb788c3fcd60df7687ce55bb20bbcb5238c72133,ERC20,W2D,0x092f6324f49d62f13b82910854242f1e00d50f5f5449025ae813ca7a511dc03b,1764510671,1
0xbed7e14e072701b27876d44d7751f284cde76a66,0xeb788c3fcd60df7687ce55bb20bbcb5238c72133,ERC20,W2D,0x38d360fe289e521326d140efd098cc87fc35a7581eeb762eb38452e2e693123b,1775499911,1
0xbed7e14e072701b27876d44d7751f284cde76a66,0xeb788c3fcd60df7687ce55bb20bbcb5238c72133,ERC20,W2D,0x4d31718f5e960b57703e2555783bb1cb9850f4dff239bea6feaaa6222dacd8f0,1746201431,1
0xbed7e14e072701b27876d44d7751f284cde76a66,0xeb788c3fcd60df7687ce55bb20bbcb5238c72133,ERC20,W2D,0x666cc23a33711526917150be0fec59596e6b5eb5a648a2033552b42f8abfcba1,1773489539,1
0xbed7e14e072701b27876d44d7751f284cde76a66,0xeb788c3fcd60df7687ce55bb20bbcb5238c72133,ERC20,W2D,0x6fd9aae3633e10c64b34e0d61ecfe7ffe899893054dbf7d643477f783b409da2,1785030047,1
0xbed7e14e072701b27876d44d7751f284cde76a66,0xeb788c3fcd60df7687ce55bb20bbcb5238c72133,ERC20,W2D,0x74c6d0488c1d940ff39a59960ebc84535f3ca2251edab9e73bbde938e0f22f84,1785030107,1
0xbed7e14e072701b27876d44d7751f284cde76a66,0xeb788c3fcd60df7687ce55bb20bbcb5238c72133,ERC20,W2D,0x852310156d07ccf62cd800911e23915bf9278b912c08e4a5c6f6475784397694,1762682267,1
0xbed7e14e072701b27876d44d7751f284cde76a66,0xeb788c3fcd60df7687ce55bb20bbcb5238c72133,ERC20,W2D,0x8851290f9aa1b4aaa8537d07715d7929eae6b912493db780680f1c6e477d5d4a,1763833763,1
0xbed7e14e072701b27876d44d7751f284cde76a66,0xeb788c3fcd60df7687ce55bb20bbcb5238c72133,ERC20,W2D,0x896741d6c6bb953e32ef4e7897c6a75649d77f6b6470693dd750840071a23c88,1764517943,1
0xbed7e14e072701b27876d44d7751f284cde76a66,0xeb788c3fcd60df7687ce55bb20bbcb5238c72133,ERC20,W2D,0xc0766b0ba02eb9fefebba5c4fa2e07a335f419fdd7ded71be86d3d535176c862,1780732127,1
0xbed7e14e072701b27876d44d7751f284cde76a66,0xeb788c3fcd60df7687ce55bb20bbcb5238c72133,ERC20,W2D,0xc4997841af3ad17f39558f86a86380ed46c0f0a96b4d3499d55f515e320d006a,1762635983,1
0xbed7e14e072701b27876d44d7751f284cde76a66,0xeb788c3fcd60df7687ce55bb20bbcb5238c72133,ERC20,W2D,0xc5781d7699dc8847510f74bd91fdae428685773aceea2241261836b01940e486,1773489611,1
0xbed7e14e072701b27876d44d7751f284cde76a66,0xeb788c3fcd60df7687ce55bb20bbcb5238c72133,ERC20,W2D,0xcd426137679422bf3b69848263255775b68f576d87bc4dbef9b2e683058a4070,1774596755,1
0xbed7e14e072701b27876d44d7751f284cde76a66,0xeb788c3fcd60df7687ce55bb20bbcb5238c72133,ERC20,D2W,0x489bc3a4790199587af25b62a7a0673aad484bc643305c55bbcc9e752a5cb833,1758580187,1
0xbed7e14e072701b27876d44d7751f284cde76a66,0xeb788c3fcd60df7687ce55bb20bbcb5238c72133,ERC20,D2W,0x7bbbf721cf4f7514cec71d165a25fa938e4fe5d98794c759c2d95af5a4a54ee3,1780726751,1
0xbed7e14e072701b27876d44d7751f284cde76a66,0xeb788c3fcd60df7687ce55bb20bbcb5238c72133,ERC20,D2W,0xac566314e42ac300eeb0fc906280f92ac23ba2a78998e58311b4f09bca93ab28,1761860243,1
0xbed7e14e072701b27876d44d7751f284cde76a66,0xeb788c3fcd60df7687ce55bb20bbcb5238c72133,ERC20,D2W,0xb116fef8c11538b3956c94f41eceacf372651836eeb74101c8e5de1d28bfe1ba,1762680611,1
0x73485149838fa6d19c8aea30c31683803435cbbe,0x1982ac6974d8722779120204036b1b951d551bd6,ETH,W2D,0xf91fac9ff6e79adf18666a350d3f26ecc37520355b76193c8604ba74b6314cae,1688310323,1
0x73485149838fa6d19c8aea30c31683803435cbbe,0x1982ac6974d8722779120204036b1b951d551bd6,ERC20,W2D,0x42389fc84d4428f9369064904a80e6482de4344631a46d590e1528484691327b,1656930100,0
0x73485149838fa6d19c8aea30c31683803435cbbe,0x1982ac6974d8722779120204036b1b951d551bd6,ERC20,D2W,0x582d50d887fa2e3db7866f189ad297b3680e4f524857343d371e194b9d5eb87a,1677419099,1
0x8e46fb455494d727feea3b07d4f5a400425a7b2b,0x9ee45f4e163acec9da1a0baf8ccbe1cd7f0a245a,ETH,W2D,0x3d8c7696194a976aa0ef0ac76cf2a2286a297d939071c6abe62d31df2cfa4e2b,1743507731,1
0x26d4068157ee21536d39b8de38f0ccb8e08c9cfb,0x4dff12faefbb14786a7b0d18a46ff0c0057d1655,ETH,W2D,0x0a6edf7e6e01b6f50a764f45ef19b0acc89a6aa0fa94d3b283b17a33e0219e31,1640339900,0
0x26d4068157ee21536d39b8de38f0ccb8e08c9cfb,0x4dff12faefbb14786a7b0d18a46ff0c0057d1655,ETH,W2D,0x0eb853eaf7516333e368feee5313288c81de5415e6df295806c7b85b860c4843,1633608634,0
0x26d4068157ee21536d39b8de38f0ccb8e08c9cfb,0x4dff12faefbb14786a7b0d18a46ff0c0057d1655,ETH,W2D,0x34d59c607e6e1fb16d9e2e3bcfcf1ae1cc04c1fed331b64754f3c775b1508eea,1630749122,0
0x26d4068157ee21536d39b8de38f0ccb8e08c9cfb,0x4dff12faefbb14786a7b0d18a46ff0c0057d1655,ETH,W2D,0x3625680deb80f44465d788325290dafae9cc630a3783590ef5d254201e97d725,1630156453,0
0x26d4068157ee21536d39b8de38f0ccb8e08c9cfb,0x4dff12faefbb14786a7b0d18a46ff0c0057d1655,ETH,W2D,0x392d41757b253262fbce7305fcde2fb9055d196c871c187a9df6d8de55dacf12,1743805895,1
0x26d4068157ee21536d39b8de38f0ccb8e08c9cfb,0x4dff12faefbb14786a7b0d18a46ff0c0057d1655,ETH,W2D,0x39fef53f7c4dc29b355630218a6485a9a69bc6418cce1731280b4644af09f371,1641492667,0
0x26d4068157ee21536d39b8de38f0ccb8e08c9cfb,0x4dff12faefbb14786a7b0d18a46ff0c0057d1655,ETH,W2D,0x68628a13e3f2424d2ffc60e4a970f317c0489095370a3ab496018bb8e7eed254,1672392131,0
0x26d4068157ee21536d39b8de38f0ccb8e08c9cfb,0x4dff12faefbb14786a7b0d18a46ff0c0057d1655,ETH,W2D,0x6d0be680ce9cfaf314442d428b9fea043f0ced51aa0c533bd7e76850b5b11515,1638364750,0
0x26d4068157ee21536d39b8de38f0ccb8e08c9cfb,0x4dff12faefbb14786a7b0d18a46ff0c0057d1655,ETH,W2D,0x8303f4ab7a5e5003fa758d994fcc9974dd1f17190fb73a9a277895c76b6981eb,1631921842,0
0x26d4068157ee21536d39b8de38f0ccb8e08c9cfb,0x4dff12faefbb14786a7b0d18a46ff0c0057d1655,ETH,W2D,0xb566043f18316b9b208c8d15fd12c6f0f54dd512be7e6088daa9c39bc4f1748d,1651151186,0
0x26d4068157ee21536d39b8de38f0ccb8e08c9cfb,0x4dff12faefbb14786a7b0d18a46ff0c0057d1655,ETH,W2D,0xd29408277d35ae7c7dde2752652be0300c0efb6c72cd1806b83255a772f306fd,1642625875,0
0x26d4068157ee21536d39b8de38f0ccb8e08c9cfb,0x4dff12faefbb14786a7b0d18a46ff0c0057d1655,ETH,W2D,0xf3cea1b31ef627d4207710085953ed80595f075ca18508d39b0ff02b2eff30d0,1654800979,0
0x26d4068157ee21536d39b8de38f0ccb8e08c9cfb,0x4dff12faefbb14786a7b0d18a46ff0c0057d1655,ETH,W2D,0xfe9d07fe531cf8179038ad9869f61634850535cb6102d61fc19d65a27ec3d8f9,1630942393,0
0x26d4068157ee21536d39b8de38f0ccb8e08c9cfb,0x4dff12faefbb14786a7b0d18a46ff0c0057d1655,ETH,D2W,0x11f504316da0d61216d06e0f257bbe845242cefc007092b41744df88b243b9a9,1638786026,0
0x26d4068157ee21536d39b8de38f0ccb8e08c9cfb,0x4dff12faefbb14786a7b0d18a46ff0c0057d1655,ETH,D2W,0x1b1a47e65f0f57b3fae316fe07f3e8d8617f23d033741e3bfb1112cdf8995400,1630743834,0
0x26d4068157ee21536d39b8de38f0ccb8e08c9cfb,0x4dff12faefbb14786a7b0d18a46ff0c0057d1655,ETH,D2W,0x5d4a8fcc904adb6f0e0293c6328a0c0cc6291af69bf75bd66cad6de01e55759b,1633608192,0
0x26d4068157ee21536d39b8de38f0ccb8e08c9cfb,0x4dff12faefbb14786a7b0d18a46ff0c0057d1655,ETH,D2W,0x877b288d57de514574decb870969e146d0bca93267b6e37e3181acd44080d8c0,1638363409,0
0x26d4068157ee21536d39b8de38f0ccb8e08c9cfb,0x4dff12faefbb14786a7b0d18a46ff0c0057d1655,ETH,D2W,0x90916fdae1b172d08806f596aab31897c085913a9c7351e34b95ccdd9b4647d4,1641293855,0
0x26d4068157ee21536d39b8de38f0ccb8e08c9cfb,0x4dff12faefbb14786a7b0d18a46ff0c0057d1655,ETH,D2W,0xa5ffe12555fcf75556285f746fcb73ec218c8115655da7ec5f9c16bcdf21b5d0,1654447178,0
0x26d4068157ee21536d39b8de38f0ccb8e08c9cfb,0x4dff12faefbb14786a7b0d18a46ff0c0057d1655,ETH,D2W,0xba034e789935b2a4f0862ce5e476baaa31e107062823b820a62fe6c53b70572b,1653311342,0
0x26d4068157ee21536d39b8de38f0ccb8e08c9cfb,0x4dff12faefbb14786a7b0d18a46ff0c0057d1655,ETH,D2W,0xcb22830c72b060cb31aefa02c0888f58b91e06283a3fff5be733619d9cb45c33,1632573084,0
0x26d4068157ee21536d39b8de38f0ccb8e08c9cfb,0x4dff12faefbb14786a7b0d18a46ff0c0057d1655,ETH,D2W,0xcf21dc437da905a61f0a7329f734605f2f329649bacd80114acdb29a56e2cc8d,1647349590,0
0x26d4068157ee21536d39b8de38f0ccb8e08c9cfb,0x4dff12faefbb14786a7b0d18a46ff0c0057d1655,ETH,D2W,0xd260f877be15e45dc2ea26781267bee36952b6e8923255ec9402ed8d68fc5133,1630944634,0
0x26d4068157ee21536d39b8de38f0ccb8e08c9cfb,0x4dff12faefbb14786a7b0d18a46ff0c0057d1655,ETH,D2W,0xeda9515214d6a4244717810dae0990de3805f218c4a6177fff34dfb55fb78c6a,1660915304,0
0x26d4068157ee21536d39b8de38f0ccb8e08c9cfb,0x4dff12faefbb14786a7b0d18a46ff0c0057d1655,ERC20,W2D,0xb38f530f2f7a6632b6f1e7b5ae5eb018e07539976b7be3c31304c75476a1ff58,1651150994,0
0x26d4068157ee21536d39b8de38f0ccb8e08c9cfb,0x4dff12faefbb14786a7b0d18a46ff0c0057d1655,ERC20,W2D,0xb803225e8b0f71e664b12be1093bb58c4be976e3fdb7bdc6f23e83d37de3eb96,1638364245,0
0x26d4068157ee21536d39b8de38f0ccb8e08c9cfb,0x4dff12faefbb14786a7b0d18a46ff0c0057d1655,ERC20,D2W,0x838d4f5c935f19fe9527dad5362e5258af2162444911404de074b9964cc62ed9,1647348969,0
0x0161d1cc10116bb2a073a0c293d5e4f1a97a00b6,0x9b2e2f6371cf099d3f913fcf9242e9f7fccf0684,ETH,W2D,0xe53f21c250d7d9b1641f56294a9f8c499cc75d4d2b1f96771777fb550257f2e6,1631358875,0
0x0161d1cc10116bb2a073a0c293d5e4f1a97a00b6,0x9b2e2f6371cf099d3f913fcf9242e9f7fccf0684,ETH,D2W,0x79892d900ec3c4ddcdb8207b721203bf05724549b98108f5b770a082361b1d66,1664443019,0
0x0161d1cc10116bb2a073a0c293d5e4f1a97a00b6,0x9b2e2f6371cf099d3f913fcf9242e9f7fccf0684,ETH,D2W,0x86839117383d1d65eca81eb9b9afb0d474f34841b4a766178332474787a79dd2,1676999735,1
0x0161d1cc10116bb2a073a0c293d5e4f1a97a00b6,0x9b2e2f6371cf099d3f913fcf9242e9f7fccf0684,ETH,D2W,0xed5b6d174856c2229898867d1c5fe2b5fbe832b9424250113bb9cb992f755d0d,1676998475,1
0x0161d1cc10116bb2a073a0c293d5e4f1a97a00b6,0x9b2e2f6371cf099d3f913fcf9242e9f7fccf0684,ERC20,W2D,0x1f698ed55b19c61259f1dc018414eceba84ac586e8e81c17a5d7d5f082263051,1719953519,1
0xbad58e133138549936d2576ebc33251be841d3e9,0x9429cd74a3984396f3117d51cde46ea8e0e21487;0xb08979f3806e2139000d9dd657e4f58af6b4ca79,ETH,D2W,0x44dc1f4be49c8115ac5aece714de184cf344ccd6803d2781e013d3a693693cef,1630603733,0
0xbad58e133138549936d2576ebc33251be841d3e9,0x9429cd74a3984396f3117d51cde46ea8e0e21487;0xb08979f3806e2139000d9dd657e4f58af6b4ca79,ERC20,D2W,0x350ba9f4b9a4ffe72962f7b060791cc58e715124590ccf4c35cee946ab323be4,1728507863,1
0xbad58e133138549936d2576ebc33251be841d3e9,0x9429cd74a3984396f3117d51cde46ea8e0e21487;0xb08979f3806e2139000d9dd657e4f58af6b4ca79,ERC20,D2W,0x46730695951fb2ed32f151156c948dde0c0e79a3bc47e1f6cb6ead6cb74db574,1631554966,0
0x6d4f3e07add6e391a1be0c291d4b537bd51548af,0x413642cafe68f1fe718d46ec32136e209fd7ee5b,ERC20,W2D,0x25b31823745c011383bc9db17575e08b6e1f4b3cead1d3d445637c395ee14a94,1743480803,1
0x6d4f3e07add6e391a1be0c291d4b537bd51548af,0x413642cafe68f1fe718d46ec32136e209fd7ee5b,ERC20,W2D,0x39c0162e0e1560730c6d80195378291e2a89bd412f6406c9a9ddbb1ec6e0d9b3,1743395735,1
0x6d4f3e07add6e391a1be0c291d4b537bd51548af,0x413642cafe68f1fe718d46ec32136e209fd7ee5b,ERC20,D2W,0xfc2c726dd7ed9f8793e54b86c96d9c143adb6d441babf73acb7c1f44c8c1b77b,1747540247,1
0x2788f19f497b33f53fcb1a920ba85111a0792403,0xa8b67ef7de304ef9f8d0f261d98c1e3068f24057,ETH,D2W,0x0174180ea9b3ae54826edf66019971da69534fe1f7bc0b57c5aaaad27e832d1b,1683277343,1
0x2788f19f497b33f53fcb1a920ba85111a0792403,0xa8b67ef7de304ef9f8d0f261d98c1e3068f24057,ETH,D2W,0x031ae6f6eec2f7cd3008915ba11de02bca6b2be720557af5a7e74b1773d56a9d,1713196931,1
0x2788f19f497b33f53fcb1a920ba85111a0792403,0xa8b67ef7de304ef9f8d0f261d98c1e3068f24057,ETH,D2W,0x072d58a9f0ed7f6c146c436a389f6985826dd34316d3f78cfdc7b489fc62c502,1738871723,1
0x2788f19f497b33f53fcb1a920ba85111a0792403,0xa8b67ef7de304ef9f8d0f261d98c1e3068f24057,ETH,D2W,0x07313a4de61cf240d07deb586146101014a9fe7b70c2f87a0a21cb4fe68be926,1684848743,1
0x2788f19f497b33f53fcb1a920ba85111a0792403,0xa8b67ef7de304ef9f8d0f261d98c1e3068f24057,ETH,D2W,0x0a7dc4cbbaf627079cbf29f6c6b9d4c9dc48db4cba0222a0f4c5a0567f70c24f,1674378515,1
0x2788f19f497b33f53fcb1a920ba85111a0792403,0xa8b67ef7de304ef9f8d0f261d98c1e3068f24057,ETH,D2W,0x0aa3649bca0c0e64cfb92d2355ee25896ec4e746ec0bd523d3e9f084e7931fb3,1729102847,1
0x2788f19f497b33f53fcb1a920ba85111a0792403,0xa8b67ef7de304ef9f8d0f261d98c1e3068f24057,ETH,D2W,0x0d1e218201e550e17ec6b0abb8512cae5c8a11ac2342126483d3fe6aa7e1656f,1728487955,1
0x2788f19f497b33f53fcb1a920ba85111a0792403,0xa8b67ef7de304ef9f8d0f261d98c1e3068f24057,ETH,D2W,0x0f37c2f2b336bb4409f578abc6c9b9558fca00cfed54c81be6ab804aaeba8b8d,1734351503,1
0x2788f19f497b33f53fcb1a920ba85111a0792403,0xa8b67ef7de304ef9f8d0f261d98c1e3068f24057,ETH,D2W,0x10e2a3131b2fc2491bcc2e9aa964927077dafffbf434d2feb632d30021bd2c17,1765826567,1
0x2788f19f497b33f53fcb1a920ba85111a0792403,0xa8b67ef7de304ef9f8d0f261d98c1e3068f24057,ETH,D2W,0x14757d4ebf73e04cdf5c0014bd1d145b2d8c653a1b77712e7358736730c51249,1766828507,1
0x2788f19f497b33f53fcb1a920ba85111a0792403,0xa8b67ef7de304ef9f8d0f261d98c1e3068f24057,ETH,D2W,0x17e0ccb525f53969cc345cf65de423ec12413ff5762b5587c65a5f704329d426,1733424875,1
0x2788f19f497b33f53fcb1a920ba85111a0792403,0xa8b67ef7de304ef9f8d0f261d98c1e3068f24057,ETH,D2W,0x182ad7c925913ddba65e390d16f03b7f86e61493c4556ad6047b7b5ae1ddbd36,1708697327,1
0x2788f19f497b33f53fcb1a920ba85111a0792403,0xa8b67ef7de304ef9f8d0f261d98c1e3068f24057,ETH,D2W,0x19ef185675a004898bfd3373cebe0c0493ea0bca10d66329e58b5a0d1014a545,1730394947,1
0x2788f19f497b33f53fcb1a920ba85111a0792403,0xa8b67ef7de304ef9f8d0f261d98c1e3068f24057,ETH,D2W,0x1a082bc9e4521df7058c911b6450be261f17f00a5d13e7478d41d0bc6e585867,1694778287,1
0x2788f19f497b33f53fcb1a920ba85111a0792403,0xa8b67ef7de304ef9f8d0f261d98c1e3068f24057,ETH,D2W,0x1adcbc6264c94e4172ed4a7b2f38fce178b23e330fce118504fedea7a64ccd60,1682175323,1
0x2788f19f497b33f53fcb1a920ba85111a0792403,0xa8b67ef7de304ef9f8d0f261d98c1e3068f24057,ETH,D2W,0x1b8a7db56a01092f9106dd0070edcae84e35702a5805415d2f17c2a38fc3bbb7,1713197075,1
0x2788f19f497b33f53fcb1a920ba85111a0792403,0xa8b67ef7de304ef9f8d0f261d98c1e3068f24057,ETH,D2W,0x1dae131cb8dceed4004e80384b01a367e8beade926bceafb4eb24053337730cd,1691154611,1
0x2788f19f497b33f53fcb1a920ba85111a0792403,0xa8b67ef7de304ef9f8d0f261d98c1e3068f24057,ETH,D2W,0x24d1296e0549e59ab560ebf8a2a80b72ca1ef380134380f1a787deb6fa6abea3,1683277535,1
0x2788f19f497b33f53fcb1a920ba85111a0792403,0xa8b67ef7de304ef9f8d0f261d98c1e3068f24057,ETH,D2W,0x25d8ff2167c15cc87e36501ca45d80cb5891cebb96d311f3badb1fcf103bf714,1675113683,1
0x2788f19f497b33f53fcb1a920ba85111a0792403,0xa8b67ef7de304ef9f8d0f261d98c1e3068f24057,ETH,D2W,0x276d154afd1db42442f82e3d37776141fd4ac0f53816259b28df8ccc9b9283d8,1765824851,1
0x2788f19f497b33f53fcb1a920ba85111a0792403,0xa8b67ef7de304ef9f8d0f261d98c1e3068f24057,ETH,D2W,0x2e4a4ffe495eca18622f3bc9f7b0df0143847cdf1db199e8691e37bbc1f0eb16,1730394587,1
0x2788f19f497b33f53fcb1a920ba85111a0792403,0xa8b67ef7de304ef9f8d0f261d98c1e3068f24057,ETH,D2W,0x32b8422936e432ff866766a54f26520c91a5f9ee8792b49fb01a2841eb5f7afa,1713196187,1
0x2788f19f497b33f53fcb1a920ba85111a0792403,0xa8b67ef7de304ef9f8d0f261d98c1e3068f24057,ETH,D2W,0x343d80a0f3a65ce7d5991641be35cdb48047bdab05c7d1ec5058fb37786e237b,1734350711,1
0x2788f19f497b33f53fcb1a920ba85111a0792403,0xa8b67ef7de304ef9f8d0f261d98c1e3068f24057,ETH,D2W,0x3957be0eba95487c89b548d745edf9af72abbe0d202df199a60d4d3958f34fec,1765823843,1
0x2788f19f497b33f53fcb1a920ba85111a0792403,0xa8b67ef7de304ef9f8d0f261d98c1e3068f24057,ETH,D2W,0x3ab6dd9a814340b39de3c12741ddb15406d787bc4e0263b24fffad3ff0d521b7,1759050335,1
0x2788f19f497b33f53fcb1a920ba85111a0792403,0xa8b67ef7de304ef9f8d0f261d98c1e3068f24057,ETH,D2W,0x3bffea98bf0acd1d58de3936928d8c318a7c02073c012021e38291a0f5a2e3bc,1728582419,1
0x2788f19f497b33f53fcb1a920ba85111a0792403,0xa8b67ef7de304ef9f8d0f261d98c1e3068f24057,ETH,D2W,0x3cfdfeee9128ccca61ff33ba92c8e608a0a44e06d170f0acf916c0bed2280f7c,1734351431,1
0x2788f19f497b33f53fcb1a920ba85111a0792403,0xa8b67ef7de304ef9f8d0f261d98c1e3068f24057,ETH,D2W,0x3e26d31d4a592427ba87ac1f1f0c3e88b9dd78017f3ecacf3fc37f288d9ed0c5,1695396107,1
0x2788f19f497b33f53fcb1a920ba85111a0792403,0xa8b67ef7de304ef9f8d0f261d98c1e3068f24057,ETH,D2W,0x3eff83dec2a873082d217380c10187fd94f30970c7f6532783a1d21ebfe1dcf8,1673891243,1
0x2788f19f497b33f53fcb1a920ba85111a0792403,0xa8b67ef7de304ef9f8d0f261d98c1e3068f24057,ETH,D2W,0x419bea059199d05e254edd61dadbe32ae6e0a90c5b66cf2a2f85011738c3c268,1730394731,1
0x2788f19f497b33f53fcb1a920ba85111a0792403,0xa8b67ef7de304ef9f8d0f261d98c1e3068f24057,ETH,D2W,0x41a7b0f367d71ca395df0738eca28aa7e969689cbe28873fb986cae4e8f0bade,1766828399,1
0x2788f19f497b33f53fcb1a920ba85111a0792403,0xa8b67ef7de304ef9f8d0f261d98c1e3068f24057,ETH,D2W,0x41dea11a216d5f17baf7e89bcf267435cd2aac84ab2d012af54f1fb0cf82c9d0,1687517711,1
0x2788f19f497b33f53fcb1a920ba85111a0792403,0xa8b67ef7de304ef9f8d0f261d98c1e3068f24057,ETH,D2W,0x42e57e5b8db6a95bdb3898d69c91f03a8e39248a5f45a40139ebadcf7729a47b,1753077359,1
0x2788f19f497b33f53fcb1a920ba85111a0792403,0xa8b67ef7de304ef9f8d0f261d98c1e3068f24057,ETH,D2W,0x42f1f44f319ba9425ad414afa88a8ea1dfceab7d6ed3ddbeccc9ae7feb84c821,1765826003,1
0x2788f19f497b33f53fcb1a920ba85111a0792403,0xa8b67ef7de304ef9f8d0f261d98c1e3068f24057,ETH,D2W,0x43852181a8934b1e1b9bffece9550d2a5c424c861f48f21c7f39500e544ec9e9,1765822571,1
0x2788f19f497b33f53fcb1a920ba85111a0792403,0xa8b67ef7de304ef9f8d0f261d98c1e3068f24057,ETH,D2W,0x4540f987796b3f2db196daa57e5e6e89d70d472fd24dc0f5bbd8293da363ec61,1722606959,1
0x2788f19f497b33f53fcb1a920ba85111a0792403,0xa8b67ef7de304ef9f8d0f261d98c1e3068f24057,ETH,D2W,0x49bfa2303862d561a19f84c24c7ca713ab2a7d0cb1b98023fa65d4a484d94423,1766143871,1
0x2788f19f497b33f53fcb1a920ba85111a0792403,0xa8b67ef7de304ef9f8d0f261d98c1e3068f24057,ETH,D2W,0x4de360afc8dea1979e684f40f50dd7a671b3aa299c4d87c101580c323004e7f7,1683277919,1
0x2788f19f497b33f53fcb1a920ba85111a0792403,0xa8b67ef7de304ef9f8d0f261d98c1e3068f24057,ETH,D2W,0x4e7b260ced25bccebdddc88fd1fa87ea64f34fa8d53cdc0e9ed59abaedf4ba80,1728485099,1
0x2788f19f497b33f53fcb1a920ba85111a0792403,0xa8b67ef7de304ef9f8d0f261d98c1e3068f24057,ETH,D2W,0x4f347dece99091580880ac5f7aba6992fbec2af4f5fdc68cec29bdfcfbf706c9,1698429587,1
0x2788f19f497b33f53fcb1a920ba85111a0792403,0xa8b67ef7de304ef9f8d0f261d98c1e3068f24057,ETH,D2W,0x50259b340f886e28209c6fcac49223e8341c9df0578a93597d03212a3d834b59,1753078415,1
0x2788f19f497b33f53fcb1a920ba85111a0792403,0xa8b67ef7de304ef9f8d0f261d98c1e3068f24057,ETH,D2W,0x5293c483cf4acb911292b83f685a09bc7026d248322131034d013c69c2530684,1673957723,1
0x2788f19f497b33f53fcb1a920ba85111a0792403,0xa8b67ef7de304ef9f8d0f261d98c1e3068f24057,ETH,D2W,0x5328338c14ee800fdbe76e2a5fbe899f94ec8c849c88831ebf6d9d96f377f933,1681975703,1
0x2788f19f497b33f53fcb1a920ba85111a0792403,0xa8b67ef7de304ef9f8d0f261d98c1e3068f24057,ETH,D2W,0x53506694d42f0e91fe672a2908b04481f554d08096f04d96e609722ffa5ca7ae,1694779631,1
0x2788f19f497b33f53fcb1a920ba85111a0792403,0xa8b67ef7de304ef9f8d0f261d98c1e3068f24057,ETH,D2W,0x549951a09ad0bf2ea95390da8fd6bfc22695c0e2672f450ced281133c3b5fa3a,1728584243,1
0x2788f19f497b33f53fcb1a920ba85111a0792403,0xa8b67ef7de304ef9f8d0f261d98c1e3068f24057,ETH,D2W,0x55b425bfe4da295e757303f9a2368fd0ed1a878c1d308e602412b288ba70b0a0,1673957831,1
0x2788f19f497b33f53fcb1a920ba85111a0792403,0xa8b67ef7de304ef9f8d0f261d98c1e3068f24057,ETH,D2W,0x57076f56633ba6a8f24221f606fb67ffe78c0ec0cb1611a53f491cc9a91c40ca,1734350915,1
0x2788f19f497b33f53fcb1a920ba85111a0792403,0xa8b67ef7de304ef9f8d0f261d98c1e3068f24057,ETH,D2W,0x57209cbbbdc3f1bf38e389bb7ccc496e2136101d0ea0381532695f34bb005a7e,1765823183,1
0x2788f19f497b33f53fcb1a920ba85111a0792403,0xa8b67ef7de304ef9f8d0f261d98c1e3068f24057,ETH,D2W,0x58aa97a3886be4b64cf46e087640825ea3437d0af394264eb366183793c85c2f,1713196715,1
0x2788f19f497b33f53fcb1a920ba85111a0792403,0xa8b67ef7de304ef9f8d0f261d98c1e3068f24057,ETH,D2W,0x5c65f9bd0939397afe5d800dd27f8126ffe91dc31d14473f0351b5fae82757c0,1714750367,1
0x2788f19f497b33f53fcb1a920ba85111a0792403,0xa8b67ef7de304ef9f8d0f261d98c1e3068f24057,ETH,D2W,0x63c226e13b976be79709ef0a3d06be6c2c24129ff72b3cfe2a203f6570282f7f,1694779223,1
0x2788f19f497b33f53fcb1a920ba85111a0792403,0xa8b67ef7de304ef9f8d0f261d98c1e3068f24057,ETH,D2W,0x69e5b6ade16dabdaeff64b1167fc8707150c3ac84337f2a2ebb5f6c13bcb0a4d,1753078223,1
0x2788f19f497b33f53fcb1a920ba85111a0792403,0xa8b67ef7de304ef9f8d0f261d98c1e3068f24057,ETH,D2W,0x6bb7a0486aca709fe3fe3cb41a6c8d6ad5ce3d7dadb588ececb447a521f414b2,1735417871,1
0x2788f19f497b33f53fcb1a920ba85111a0792403,0xa8b67ef7de304ef9f8d0f261d98c1e3068f24057,ETH,D2W,0x6c8a7a92cffb19c287627eff9908a0b8bce5fde825bed571d0487bd45456cee4,1676633471,1
0x2788f19f497b33f53fcb1a920ba85111a0792403,0xa8b67ef7de304ef9f8d0f261d98c1e3068f24057,ETH,D2W,0x6c8b67976a02e9d7badeb3f35a392074a72a0aede20fc21c19270661c42a2edb,1764495491,1
0x2788f19f497b33f53fcb1a920ba85111a0792403,0xa8b67ef7de304ef9f8d0f261d98c1e3068f24057,ETH,D2W,0x6f7fc0b4afb735534f9a61ea0b9c6ce70798be05edaedceaa6fd384520f607e5,1728584123,1
0x2788f19f497b33f53fcb1a920ba85111a0792403,0xa8b67ef7de304ef9f8d0f261d98c1e3068f24057,ETH,D2W,0x71f78e647e3095131cfc58900cafc5278ebcc5f6a1a043432e2b4ca577e84bcc,1765827107,1
0x2788f19f497b33f53fcb1a920ba85111a0792403,0xa8b67ef7de304ef9f8d0f261d98c1e3068f24057,ETH,D2W,0x7248c38c173df61427ac52a6b0d7e4654b46c33a614e19043fc31fef84357779,1753078835,1
0x2788f19f497b33f53fcb1a920ba85111a0792403,0xa8b67ef7de304ef9f8d0f261d98c1e3068f24057,ETH,D2W,0x72a9b5fe9b2fc29517579135043bb64c633857f91cd33421ab311bf4e5325873,1713197303,1
0x2788f19f497b33f53fcb1a920ba85111a0792403,0xa8b67ef7de304ef9f8d0f261d98c1e3068f24057,ETH,D2W,0x7ad8805d39a615ceec60e114b268f9d763128ea780f42813abd9a7a85cf4791f,1766828675,1
0x2788f19f497b33f53fcb1a920ba85111a0792403,0xa8b67ef7de304ef9f8d0f261d98c1e3068f24057,ETH,D2W,0x7c5a060992279c86b90d5e1452c47db26958c8ed8585e1074652df0dee74d91c,1675715183,1
0x2788f19f497b33f53fcb1a920ba85111a0792403,0xa8b67ef7de304ef9f8d0f261d98c1e3068f24057,ETH,D2W,0x7cb25b35d0ece80c1733885a8a0bc1c7ab666df7e7b9413d90fc557fee478559,1687517507,1
0x2788f19f497b33f53fcb1a920ba85111a0792403,0xa8b67ef7de304ef9f8d0f261d98c1e3068f24057,ETH,D2W,0x83826aee7afdbfecca71362214866332428144859fd2a272cf6df37355af1ce3,1713198335,1
0x2788f19f497b33f53fcb1a920ba85111a0792403,0xa8b67ef7de304ef9f8d0f261d98c1e3068f24057,ETH,D2W,0x83e0bb40e4793d4ae039ad5f0cd8848b61dd893d983bd78cc7d396c010feb72f,1736581775,1
0x2788f19f497b33f53fcb1a920ba85111a0792403,0xa8b67ef7de304ef9f8d0f261d98c1e3068f24057,ETH,D2W,0x845071285b5656495284100db35af13adaee07a6490e103ae4f19933b293d015,1768927715,1
0x2788f19f497b33f53fcb1a920ba85111a0792403,0xa8b67ef7de304ef9f8d0f261d98c1e3068f24057,ETH,D2W,0x84e45515495ba711e2971ad01d6a770547426fa83fbceb0035caef4565ec0c7f,1714746335,1
0x2788f19f497b33f53fcb1a920ba85111a0792403,0xa8b67ef7de304ef9f8d0f261d98c1e3068f24057,ETH,D2W,0x867282a884556f93f58636f261e5d2325f70df9795070ca219d5872f1df43e67,1738498187,1
0x2788f19f497b33f53fcb1a920ba85111a0792403,0xa8b67ef7de304ef9f8d0f261d98c1e3068f24057,ETH,D2W,0x877b876d6ec111228d8546c39c06a2a5df2a671fe2a5ecc8d9c00d7b275d1a88,1683303803,1
0x2788f19f497b33f53fcb1a920ba85111a0792403,0xa8b67ef7de304ef9f8d0f261d98c1e3068f24057,ETH,D2W,0x88f7b1f8d8046efd15a36b4cbf35c3ee858947e7401e5da12c70b6efa21579f0,1709140115,1
0x2788f19f497b33f53fcb1a920ba85111a0792403,0xa8b67ef7de304ef9f8d0f261d98c1e3068f24057,ETH,D2W,0x89a0b2b5b980e1695e1d64715c17834c2c6cdccde02f0325ec977a91f5a642a9,1722608339,1
0x2788f19f497b33f53fcb1a920ba85111a0792403,0xa8b67ef7de304ef9f8d0f261d98c1e3068f24057,ETH,D2W,0x8ed7e95b0b963a32cec41c3199682df5bd3f76959151b813c741e0cadac68c3d,1734351071,1
0x2788f19f497b33f53fcb1a920ba85111a0792403,0xa8b67ef7de304ef9f8d0f261d98c1e3068f24057,ETH,D2W,0x8ff1f77e59616bba8abe686be801acb214ba1fd83f74dd5ad020751db3857759,1730395115,1
0x2788f19f497b33f53fcb1a920ba85111a0792403,0xa8b67ef7de304ef9f8d0f261d98c1e3068f24057,ETH,D2W,0x90f9d2a80ed1e1f8a41be12da762d7af3bf09c30f8dd005ecf9e11509283a006,1683280055,1
0x2788f19f497b33f53fcb1a920ba85111a0792403,0xa8b67ef7de304ef9f8d0f261d98c1e3068f24057,ETH,D2W,0x925d0c111d6d808cb44c7f8259827b1c89284eaaec1dc7736c7b07f7c6ee6eba,1718258735,1
0x2788f19f497b33f53fcb1a920ba85111a0792403,0xa8b67ef7de304ef9f8d0f261d98c1e3068f24057,ETH,D2W,0x96d5f4d588035404c45aa0d2124cf84f258bce95cd663cd230687e333b701b49,1722607391,1
0x2788f19f497b33f53fcb1a920ba85111a0792403,0xa8b67ef7de304ef9f8d0f261d98c1e3068f24057,ETH,D2W,0x97954f1d49f21666d9e463dfab9c86dd47f5bdb2094affbd571aea708a36d8a6,1744876043,1
0x2788f19f497b33f53fcb1a920ba85111a0792403,0xa8b67ef7de304ef9f8d0f261d98c1e3068f24057,ETH,D2W,0x9e4cedbeada80fa9bee7b141d07af42e779805ca94e4eb8358dffe531f7b7f12,1768928099,1
0x2788f19f497b33f53fcb1a920ba85111a0792403,0xa8b67ef7de304ef9f8d0f261d98c1e3068f24057,ETH,D2W,0x9f35efd5611eba475ca75ac6704322091ac8b59a5005f65e789cb1c91f74595c,1728583643,1
0x2788f19f497b33f53fcb1a920ba85111a0792403,0xa8b67ef7de304ef9f8d0f261d98c1e3068f24057,ETH,D2W,0xa06289c3d1a3ef695403878867562a66a23f3242810ca2be001c6d2c146e128f,1681538351,1
0x2788f19f497b33f53fcb1a920ba85111a0792403,0xa8b67ef7de304ef9f8d0f261d98c1e3068f24057,ETH,D2W,0xa2dc06fed52cc717a88936382330f68593ab529bd0f2352290e6eb74bc7eb58b,1728584495,1
0x2788f19f497b33f53fcb1a920ba85111a0792403,0xa8b67ef7de304ef9f8d0f261d98c1e3068f24057,ETH,D2W,0xa39bce2019ec08a44c0639217297fe7d121a09c881425b57e546674203039315,1714748675,1
0x2788f19f497b33f53fcb1a920ba85111a0792403,0xa8b67ef7de304ef9f8d0f261d98c1e3068f24057,ETH,D2W,0xa462a52ebeee3d7040b93cf473cd4688c09ac25a2879ca654c19571616578fe5,1674378035,1
0x2788f19f497b33f53fcb1a920ba85111a0792403,0xa8b67ef7de304ef9f8d0f261d98c1e3068f24057,ETH,D2W,0xa65d3326f4be79b36e4422c4610f01cc1d778aa6aa9add448a1513bd60222285,1718259035,1
0x2788f19f497b33f53fcb1a920ba85111a0792403,0xa8b67ef7de304ef9f8d0f261d98c1e3068f24057,ETH,D2W,0xa7cc31118381c06d6b12d09c8a5f6a0987e9351f0c6c8322a903e26f3bd7b7a6,1674378983,1
0x2788f19f497b33f53fcb1a920ba85111a0792403,0xa8b67ef7de304ef9f8d0f261d98c1e3068f24057,ETH,D2W,0xa9a973b4911a49c20da213610000bc07b31a91657481689f982842091aab2cb6,1713197495,1
0x2788f19f497b33f53fcb1a920ba85111a0792403,0xa8b67ef7de304ef9f8d0f261d98c1e3068f24057,ETH,D2W,0xaa5a7ed2ae684b469560da159d814d65e7c80eeabfe28a89954d2c1c95aa1d87,1738871555,1
0x2788f19f497b33f53fcb1a920ba85111a0792403,0xa8b67ef7de304ef9f8d0f261d98c1e3068f24057,ETH,D2W,0xad0d0f686f3fe46a4b453418434df323b9ac96ce7da42a14e3f6b59f8a3b9604,1681538555,1
0x2788f19f497b33f53fcb1a920ba85111a0792403,0xa8b67ef7de304ef9f8d0f261d98c1e3068f24057,ETH,D2W,0xada8e3fd207b9380777efc71443ccd86478dc1f24d45bd89f2181ada939c2723,1681537811,1
0x2788f19f497b33f53fcb1a920ba85111a0792403,0xa8b67ef7de304ef9f8d0f261d98c1e3068f24057,ETH,D2W,0xae12ce27491124490cc6101a0829e219668da436af2948c3f87475ff3e433012,1718261375,1
0x2788f19f497b33f53fcb1a920ba85111a0792403,0xa8b67ef7de304ef9f8d0f261d98c1e3068f24057,ETH,D2W,0xaed32ff88febf7dc63a88f6ec9c89b72c4e3512484b5d798f297f0489f7f27a4,1725613787,1
0x2788f19f497b33f53fcb1a920ba85111a0792403,0xa8b67ef7de304ef9f8d0f261d98c1e3068f24057,ETH,D2W,0xb35440c0343852cd1f9341e3bc491c26f7c80404b4afe93bae519178c70e0a74,1736580803,1
0x2788f19f497b33f53fcb1a920ba85111a0792403,0xa8b67ef7de304ef9f8d0f261d98c1e3068f24057,ETH,D2W,0xb46afe2a899f573a59987657db8a0430676dc0198f5883dc271f5bf0e25dde10,1691155655,1
0x2788f19f497b33f53fcb1a920ba85111a0792403,0xa8b67ef7de304ef9f8d0f261d98c1e3068f24057,ETH,D2W,0xb4a10314302cb826f5a205438f9f9dfe21856fe867fcdf882b893d8ade88e2c2,1730394359,1
0x2788f19f497b33f53fcb1a920ba85111a0792403,0xa8b67ef7de304ef9f8d0f261d98c1e3068f24057,ETH,D2W,0xb4bb4d15f7eef4e83e1108d5dfb37d2a4a6c5ccd1f6050d69ea1cc0207abe0c2,1740306599,1
0x2788f19f497b33f53fcb1a920ba85111a0792403,0xa8b67ef7de304ef9f8d0f261d98c1e3068f24057,ETH,D2W,0xb71afdc0886d676ffed385e905cfb8eb757a2d565d6dd1943e6367254fe3a21a,1755020027,1
0x2788f19f497b33f53fcb1a920ba85111a0792403,0xa8b67ef7de304ef9f8d0f261d98c1e3068f24057,ETH,D2W,0xb7273879eb13e77e75be1378b1b464525068eaf68ae1eb55597a04c68d3158f5,1718261855,1
0x2788f19f497b33f53fcb1a920ba85111a0792403,0xa8b67ef7de304ef9f8d0f261d98c1e3068f24057,ETH,D2W,0xb7625cb7a1ebce8d77d82d27bf55c461a1d1edfab5dd9758eb01aeb1b0b254b2,1679774435,1
0x2788f19f497b33f53fcb1a920ba85111a0792403,0xa8b67ef7de304ef9f8d0f261d98c1e3068f24057,ETH,D2W,0xb874fa7393606c4ab790ce0a03302e2264417be5e412c0040e474385fa53269a,1675114295,1
0x2788f19f497b33f53fcb1a920ba85111a0792403,0xa8b67ef7de304ef9f8d0f261d98c1e3068f24057,ETH,D2W,0xb9b5b64e58d6305a2102fd31dd1b5528556f98f1d61f59845b6891db7aba589b,1682173427,1
0x2788f19f497b33f53fcb1a920ba85111a0792403,0xa8b67ef7de304ef9f8d0f261d98c1e3068f24057,ETH,D2W,0xba8e430ea2c118e006fd285e831ec16b783fe4ea8fd9c43c6479507cb7e03994,1714745711,1
0x2788f19f497b33f53fcb1a920ba85111a0792403,0xa8b67ef7de304ef9f8d0f261d98c1e3068f24057,ETH,D2W,0xbaa2e9e5e9e0f76d9f59cd6a65870be3c431f7ff07610b791e1acaf76862a906,1766829923,1
0x2788f19f497b33f53fcb1a920ba85111a0792403,0xa8b67ef7de304ef9f8d0f261d98c1e3068f24057,ETH,D2W,0xbcbb92b3b4103cee3a58b3102f69280142fb224d9859ca251aeb496b742f260a,1738497971,1
0x2788f19f497b33f53fcb1a920ba85111a0792403,0xa8b67ef7de304ef9f8d0f261d98c1e3068f24057,ETH,D2W,0xc147d0bf63067f44a5fd2272b8af8cd83d8d7f1b17f195f990c408e953f6ab77,1766828819,1
0x2788f19f497b33f53fcb1a920ba85111a0792403,0xa8b67ef7de304ef9f8d0f261d98c1e3068f24057,ETH,D2W,0xc1eb2e6d67f9f60cd0aadf8e79e9de3f48dcb44fe17ef3ec502f0131c1197941,1682078687,1
0x2788f19f497b33f53fcb1a920ba85111a0792403,0xa8b67ef7de304ef9f8d0f261d98c1e3068f24057,ETH,D2W,0xc59b11918feb256d7e7715242068d9bb42b8afa753c23b283c6514cfd6eb6db9,1728485591,1
0x2788f19f497b33f53fcb1a920ba85111a0792403,0xa8b67ef7de304ef9f8d0f261d98c1e3068f24057,ETH,D2W,0xc74691cc3f52d05e09bdbf3dd186b008e09aafc1c802f939d544288cd6fb88f7,1682098235,1
0x2788f19f497b33f53fcb1a920ba85111a0792403,0xa8b67ef7de304ef9f8d0f261d98c1e3068f24057,ETH,D2W,0xc8f26db6d7e3ccaee3c751979f50a377a0ccc54b68d4b168e1de23875a962651,1766144411,1
0x2788f19f497b33f53fcb1a920ba85111a0792403,0xa8b67ef7de304ef9f8d0f261d98c1e3068f24057,ETH,D2W,0xc9f7d8740a41952fa3ed67835fbe58dc97430ed1fc949c3061b8b649c6f3a8ad,1722608123,1
0x2788f19f497b33f53fcb1a920ba85111a0792403,0xa8b67ef7de304ef9f8d0f261d98c1e3068f24057,ETH,D2W,0xcbb9f635b3f8683e89c9090e8fa30093d36678ee7fed8f597ca5b8c408a4ee0b,1729102355,1
0x2788f19f497b33f53fcb1a920ba85111a0792403,0xa8b67ef7de304ef9f8d0f261d98c1e3068f24057,ETH,D2W,0xcbc7be196c13b51a961007588e3048c23e3222ae45d0cec6f838904dd21238d3,1759047287,1
0x2788f19f497b33f53fcb1a920ba85111a0792403,0xa8b67ef7de304ef9f8d0f261d98c1e3068f24057,ETH,D2W,0xcdb0bab483c158b8a8fce3974a6850d571a8542d45b32cb3926b9d7825bdcf20,1746946679,1
0x2788f19f497b33f53fcb1a920ba85111a0792403,0xa8b67ef7de304ef9f8d0f261d98c1e3068f24057,ETH,D2W,0xcea7eefe518bb497584f577c670a5791d63fe7481a1698fe47f35fa2e655090f,1714751363,1
0x2788f19f497b33f53fcb1a920ba85111a0792403,0xa8b67ef7de304ef9f8d0f261d98c1e3068f24057,ETH,D2W,0xd2e8e6a21d63a7e7e6af7ef375d51d2305678f4e0d2477d92dec571332d6ba38,1709733311,1
0x2788f19f497b33f53fcb1a920ba85111a0792403,0xa8b67ef7de304ef9f8d0f261d98c1e3068f24057,ETH,D2W,0xd3f8d157be4d1c8a55e197e64e7f61e9a3e7de6a817fdf67ea73f67b2eee6505,1723963259,1
0x2788f19f497b33f53fcb1a920ba85111a0792403,0xa8b67ef7de304ef9f8d0f261d98c1e3068f24057,ETH,D2W,0xd4558cd2e9e2c59786b274536b1714ffd655bc0942dde39d6a56d152f15ac075,1675113395,1
0x2788f19f497b33f53fcb1a920ba85111a0792403,0xa8b67ef7de304ef9f8d0f261d98c1e3068f24057,ETH,D2W,0xd6e47b8f3aea55bc8a1d7ffb7239e7bcbc416015e92cbff15edbb62f981d22fd,1714750127,1
0x2788f19f497b33f53fcb1a920ba85111a0792403,0xa8b67ef7de304ef9f8d0f261d98c1e3068f24057,ETH,D2W,0xd8898414cf243d2b321cfc905dd606b7db25a92875a0a9d58c246659012cc788,1765048379,1
0x2788f19f497b33f53fcb1a920ba85111a0792403,0xa8b67ef7de304ef9f8d0f261d98c1e3068f24057,ETH,D2W,0xd9ca48ab0ae43bf21a0cb9aec90f448942b1956dbfd0e4c6591ed1bee060d83a,1687517975,1
0x2788f19f497b33f53fcb1a920ba85111a0792403,0xa8b67ef7de304ef9f8d0f261d98c1e3068f24057,ETH,D2W,0xdcccaa694ff08998302b5de00ac782d7616288a66ad4c325ea0dcb9ac4ecd884,1682079035,1
0x2788f19f497b33f53fcb1a920ba85111a0792403,0xa8b67ef7de304ef9f8d0f261d98c1e3068f24057,ETH,D2W,0xdd65b3fe69b622f7787909cef97e6e285f555e393ade1b3861d2b0afdc683d33,1753078595,1
0x2788f19f497b33f53fcb1a920ba85111a0792403,0xa8b67ef7de304ef9f8d0f261d98c1e3068f24057,ETH,D2W,0xde71293c93fac72581414d0edbcb4afc0b65b874165ae3ed5520979b97a1b379,1753077203,1
0x2788f19f497b33f53fcb1a920ba85111a0792403,0xa8b67ef7de304ef9f8d0f261d98c1e3068f24057,ETH,D2W,0xdfb94f31c612dec851c513cfc458cda66b12e9a9319d9cefc9745af41b050865,1738497383,1
0x2788f19f497b33f53fcb1a920ba85111a0792403,0xa8b67ef7de304ef9f8d0f261d98c1e3068f24057,ETH,D2W,0xe0e12dc8555fada0433f8df0d9902258af3a32923439779c0a865f6ea2b8cafe,1674378407,1
0x2788f19f497b33f53fcb1a920ba85111a0792403,0xa8b67ef7de304ef9f8d0f261d98c1e3068f24057,ETH,D2W,0xe135d5b409b235b3b517b6954040a0d15df89216927477f2957a9db1a0343d33,1714749563,1
0x2788f19f497b33f53fcb1a920ba85111a0792403,0xa8b67ef7de304ef9f8d0f261d98c1e3068f24057,ETH,D2W,0xe14f5074468aec5ab0a2dae5b9460f7eb60a0e8f25ad1435a5631e4958b998ae,1765822907,1
0x2788f19f497b33f53fcb1a920ba85111a0792403,0xa8b67ef7de304ef9f8d0f261d98c1e3068f24057,ETH,D2W,0xe1f78ed01cb135170b10becc19e8bf2887c23de36ded33adfcf7847af0f1eaaf,1742633543,1
0x2788f19f497b33f53fcb1a920ba85111a0792403,0xa8b67ef7de304ef9f8d0f261d98c1e3068f24057,ETH,D2W,0xe2dc1dab6ae68fc37e0675c9aa6df83fd2ebe4a7a8a18840c6bc879d9a12ac7b,1765824479,1
0x2788f19f497b33f53fcb1a920ba85111a0792403,0xa8b67ef7de304ef9f8d0f261d98c1e3068f24057,ETH,D2W,0xeb7f97472a5a115e6a189cf70f0cfc094a4d50ce4a7d63411ad81ac081b36d50,1675715627,1
0x2788f19f497b33f53fcb1a920ba85111a0792403,0xa8b67ef7de304ef9f8d0f261d98c1e3068f24057,ETH,D2W,0xec7c04823691542b07b3ed2896eae088c00851e579c4786bbe24bfc386c08153,1720639979,1
0x2788f19f497b33f53fcb1a920ba85111a0792403,0xa8b67ef7de304ef9f8d0f261d98c1e3068f24057,ETH,D2W,0xf1abf4864d8e84047100c4c6a4228db091f71aea759674c712c9fa1f8570a251,1673958383,1
0x2788f19f497b33f53fcb1a920ba85111a0792403,0xa8b67ef7de304ef9f8d0f261d98c1e3068f24057,ETH,D2W,0xf3167f6ca900200004f1a6900837f9dd9d529eb70b61ea8b81d5a3f0a5499c2f,1708697915,1
0x2788f19f497b33f53fcb1a920ba85111a0792403,0xa8b67ef7de304ef9f8d0f261d98c1e3068f24057,ETH,D2W,0xf778da03d64c79fac06d6b414e0e3c662d5cb29447bd061aaaec50b5ce791c7b,1675114427,1
0x2788f19f497b33f53fcb1a920ba85111a0792403,0xa8b67ef7de304ef9f8d0f261d98c1e3068f24057,ETH,D2W,0xfa5856295e8072f7aa2a0ea32dd8328026980e3059af48ad63e1172ce7a23ab6,1712222807,1
0x2788f19f497b33f53fcb1a920ba85111a0792403,0xa8b67ef7de304ef9f8d0f261d98c1e3068f24057,ETH,D2W,0xfd2e2f92129231c3ad9b40cffc63bf86a55db30b8d2ce97ca1382ca46724657a,1714748843,1
0x2788f19f497b33f53fcb1a920ba85111a0792403,0xa8b67ef7de304ef9f8d0f261d98c1e3068f24057,ETH,D2W,0xfe5204c28685fdbd74718310c46f9216bd9e2b02070c36d163eccc78ff8a8763,1714746503,1
0x2788f19f497b33f53fcb1a920ba85111a0792403,0xa8b67ef7de304ef9f8d0f261d98c1e3068f24057,ETH,D2W,0xff12caa94edb3427515e28c8172f16a4a2ea44d7cb93938f45e88580d18cf6f3,1675100579,1
0x2788f19f497b33f53fcb1a920ba85111a0792403,0xa8b67ef7de304ef9f8d0f261d98c1e3068f24057,ETH,W2D,0x3e26d31d4a592427ba87ac1f1f0c3e88b9dd78017f3ecacf3fc37f288d9ed0c5,1695396107,1
0x2788f19f497b33f53fcb1a920ba85111a0792403,0xa8b67ef7de304ef9f8d0f261d98c1e3068f24057,ETH,W2D,0x3fe467eb59da7ca61672290ed3d01a3280af62539711fe1aa1514b6ddcbfb109,1764492455,1
0x2788f19f497b33f53fcb1a920ba85111a0792403,0xa8b67ef7de304ef9f8d0f261d98c1e3068f24057,ETH,W2D,0x4f347dece99091580880ac5f7aba6992fbec2af4f5fdc68cec29bdfcfbf706c9,1698429587,1
0x2788f19f497b33f53fcb1a920ba85111a0792403,0xa8b67ef7de304ef9f8d0f261d98c1e3068f24057,ETH,W2D,0xb46afe2a899f573a59987657db8a0430676dc0198f5883dc271f5bf0e25dde10,1691155655,1
0x2788f19f497b33f53fcb1a920ba85111a0792403,0xa8b67ef7de304ef9f8d0f261d98c1e3068f24057,ETH,W2D,0xd9ca48ab0ae43bf21a0cb9aec90f448942b1956dbfd0e4c6591ed1bee060d83a,1687517975,1
0x2788f19f497b33f53fcb1a920ba85111a0792403,0xa8b67ef7de304ef9f8d0f261d98c1e3068f24057,ERC20,D2W,0x28e70e0fa40e4dbcd9fd19f9864f65f5b5cc9321b88ecd058c8463898ea24f13,1731917435,1
0x2788f19f497b33f53fcb1a920ba85111a0792403,0xa8b67ef7de304ef9f8d0f261d98c1e3068f24057,ERC20,D2W,0x58684d2b72c55efb9552b794dc4fa08775960d22193c5f3f9331c125d7ce1cb2,1766143631,1
0x2788f19f497b33f53fcb1a920ba85111a0792403,0xa8b67ef7de304ef9f8d0f261d98c1e3068f24057,ERC20,D2W,0xaec1ad85be819764253a88c623d1fd161358d1c594cd60234a609bd64dc00bc9,1673891747,1
0x2788f19f497b33f53fcb1a920ba85111a0792403,0xa8b67ef7de304ef9f8d0f261d98c1e3068f24057,ERC20,D2W,0xf909ba0b588afaac2640114912590980e1ba56597203190720081abd3cdf921c,1673891771,1
0x2788f19f497b33f53fcb1a920ba85111a0792403,0xa8b67ef7de304ef9f8d0f261d98c1e3068f24057,ERC20,W2D,0x83e0bb40e4793d4ae039ad5f0cd8848b61dd893d983bd78cc7d396c010feb72f,1736581775,1
0x2788f19f497b33f53fcb1a920ba85111a0792403,0xa8b67ef7de304ef9f8d0f261d98c1e3068f24057,ERC20,W2D,0x88f7b1f8d8046efd15a36b4cbf35c3ee858947e7401e5da12c70b6efa21579f0,1709140115,1
0x2788f19f497b33f53fcb1a920ba85111a0792403,0xa8b67ef7de304ef9f8d0f261d98c1e3068f24057,ERC20,W2D,0x8ff1f77e59616bba8abe686be801acb214ba1fd83f74dd5ad020751db3857759,1730395115,1
0x2788f19f497b33f53fcb1a920ba85111a0792403,0xa8b67ef7de304ef9f8d0f261d98c1e3068f24057,ERC20,W2D,0xa65d3326f4be79b36e4422c4610f01cc1d778aa6aa9add448a1513bd60222285,1718259035,1
0x2788f19f497b33f53fcb1a920ba85111a0792403,0xa8b67ef7de304ef9f8d0f261d98c1e3068f24057,ERC20,W2D,0xb9b5b64e58d6305a2102fd31dd1b5528556f98f1d61f59845b6891db7aba589b,1682173427,1
0x2788f19f497b33f53fcb1a920ba85111a0792403,0xa8b67ef7de304ef9f8d0f261d98c1e3068f24057,ERC20,W2D,0xc74691cc3f52d05e09bdbf3dd186b008e09aafc1c802f939d544288cd6fb88f7,1682098235,1
0x2788f19f497b33f53fcb1a920ba85111a0792403,0xa8b67ef7de304ef9f8d0f261d98c1e3068f24057,ERC20,W2D,0xcbc7be196c13b51a961007588e3048c23e3222ae45d0cec6f838904dd21238d3,1759047287,1
0x2788f19f497b33f53fcb1a920ba85111a0792403,0xa8b67ef7de304ef9f8d0f261d98c1e3068f24057,ERC20,W2D,0xd2e8e6a21d63a7e7e6af7ef375d51d2305678f4e0d2477d92dec571332d6ba38,1709733311,1
0x2788f19f497b33f53fcb1a920ba85111a0792403,0xa8b67ef7de304ef9f8d0f261d98c1e3068f24057,ERC20,W2D,0xec7c04823691542b07b3ed2896eae088c00851e579c4786bbe24bfc386c08153,1720639979,1
0x2788f19f497b33f53fcb1a920ba85111a0792403,0xa8b67ef7de304ef9f8d0f261d98c1e3068f24057,ERC20,W2D,0xf3167f6ca900200004f1a6900837f9dd9d529eb70b61ea8b81d5a3f0a5499c2f,1708697915,1
0x2788f19f497b33f53fcb1a920ba85111a0792403,0xa8b67ef7de304ef9f8d0f261d98c1e3068f24057,ERC20,W2D,0xff12caa94edb3427515e28c8172f16a4a2ea44d7cb93938f45e88580d18cf6f3,1675100579,1
0x90598105df535b19420bd0d89aff73ecd6966312,0xd2a2a9bae8ec33f0d8df4c2bab049556de776fa1,ETH,W2D,0x6ac3eef3d7125994feb0951074cb05a536dc6214e1d91a88864a108c0507a722,1743868691,1
0x90598105df535b19420bd0d89aff73ecd6966312,0xd2a2a9bae8ec33f0d8df4c2bab049556de776fa1,ETH,W2D,0x7db977b7875cb0f3e18aa72ba1f26a17c9790fa75bcc79675d60612cca256c54,1742743631,1
0x2fb945490923fbb22f3a8f16fb54c37e36db1564,0x413642cafe68f1fe718d46ec32136e209fd7ee5b,ETH,D2W,0xafe014d40c039e59f9d408e8946d16d8ae81ec072d1cc7cf65f94e1b863ed367,1726550267,1
0x2fb945490923fbb22f3a8f16fb54c37e36db1564,0x413642cafe68f1fe718d46ec32136e209fd7ee5b,ETH,W2D,0x393d5839f16daaf8eb5bbe403dd720ed7d75c20bb3638ec87e49d25db49043b2,1726572755,1
0x2fb945490923fbb22f3a8f16fb54c37e36db1564,0x413642cafe68f1fe718d46ec32136e209fd7ee5b,ERC20,D2W,0xb97e7973c1b9a9ef05f1d6a13f707eaf2c527c21ce0a327c56d422a2bfe0fa81,1746155759,1
0x5f0ab641ec7240bd9f6885b6d8c15b177f1a8cae,0xe08aa06c05dbe57ef4eefb86fa3329f241e3c159,ETH,W2D,0x67f851b05332927ffec1a969d0024664472e1174d87851bf6df28658505d6873,1747736747,1
0x5f0ab641ec7240bd9f6885b6d8c15b177f1a8cae,0xe08aa06c05dbe57ef4eefb86fa3329f241e3c159,ETH,W2D,0xd4f0a4e24b88e92c54c01ef9eee5f72e9e4b74e5fc4857007cd48dbf7e40cf9c,1739969543,1
0x5f0ab641ec7240bd9f6885b6d8c15b177f1a8cae,0xe08aa06c05dbe57ef4eefb86fa3329f241e3c159,ETH,W2D,0xd60dd727ce16ae1835d3edeb6f9cae253583314480c798f04213f3047c6e4220,1750425275,1
0x5f0ab641ec7240bd9f6885b6d8c15b177f1a8cae,0xe08aa06c05dbe57ef4eefb86fa3329f241e3c159,ETH,W2D,0xeba97ed258aed1676ab101672b8f590ccf1735ad02be9fc59e42c80ded822a31,1740066719,1
0x5f0ab641ec7240bd9f6885b6d8c15b177f1a8cae,0xe08aa06c05dbe57ef4eefb86fa3329f241e3c159,ERC20,W2D,0x10e0d24c623dd62a2e6f6a7c3796af337ca6546f2f480018bf8263594aef2cd5,1740040175,1
0x5f0ab641ec7240bd9f6885b6d8c15b177f1a8cae,0xe08aa06c05dbe57ef4eefb86fa3329f241e3c159,ERC20,W2D,0x385947e543dfc81c5baedd0433e5d7f5ff8e73bbd0756b84bd81ed3df6710233,1739967095,1
0x5f0ab641ec7240bd9f6885b6d8c15b177f1a8cae,0xe08aa06c05dbe57ef4eefb86fa3329f241e3c159,ERC20,W2D,0x702383be6b88f4d7b57b68320d42a7691bc7d549180bb3c95b59e9747352f86c,1748884703,1
0x5f0ab641ec7240bd9f6885b6d8c15b177f1a8cae,0xe08aa06c05dbe57ef4eefb86fa3329f241e3c159,ERC20,W2D,0xa38e423a390121e240b3098957348d1c1566d46c45155130194cab855a4fbe47,1749632891,1
0x5f0ab641ec7240bd9f6885b6d8c15b177f1a8cae,0xe08aa06c05dbe57ef4eefb86fa3329f241e3c159,ERC20,W2D,0xf6d096b48293337bae1a21e4a1cb1ef2834aa1f1342d1b8f7888577192753a77,1752849803,1
0x5f0ab641ec7240bd9f6885b6d8c15b177f1a8cae,0xe08aa06c05dbe57ef4eefb86fa3329f241e3c159,ERC20,D2W,0x13ce8e96107b5e0090ca38e4b62e9c6f167f5d50166bb7d437d71920442f54ca,1742227595,1
0x5f0ab641ec7240bd9f6885b6d8c15b177f1a8cae,0xe08aa06c05dbe57ef4eefb86fa3329f241e3c159,ERC20,D2W,0xc5f4fa37aec93f31d5ea22f0ba00864885d32165fb4a38e00fe83fa6189d4534,1748582567,1
0x5f0ab641ec7240bd9f6885b6d8c15b177f1a8cae,0xe08aa06c05dbe57ef4eefb86fa3329f241e3c159,ERC20,D2W,0xe3bae7105e163a51a130ccde70c2dd74228bf4086d40138c7d70924f72598b76,1748884619,1
0xe95f8df50b04d1c8fc58010aa933672582690b14,0xfe61e74f71c9bc8113e27b43facef42539352f57,ETH,D2W,0x3f8c4f251887d8159336e9becca7b9891478c3a274a9045cb2953008f33f23e2,1677179939,1
0xe95f8df50b04d1c8fc58010aa933672582690b14,0xfe61e74f71c9bc8113e27b43facef42539352f57,ETH,D2W,0x86de1a8d89d0a5a00d52844b141bf4c11422c3b71d50366f5aab0b33c2f9b97e,1734626351,1
0xf1b42cc7c1609445620de4352cd7e58353c3fa74,0x438615976c27b2b44f57ced3ac73b5ac113b8730;0xbcd00ac6954a9e5c2c2913de5f52139fa07020f6,ERC20,W2D,0xaabbbf1c28c5cc7d4dcb440b64e2d873a703991987f7f4ef1c8531276a9da259,1764095603,1
0xf1b42cc7c1609445620de4352cd7e58353c3fa74,0x438615976c27b2b44f57ced3ac73b5ac113b8730;0xbcd00ac6954a9e5c2c2913de5f52139fa07020f6,ERC20,D2W,0x69b94a8ed8c486f9484c0eac6acfcc69be8b09a5e4da9e90c8d26704ffa16755,1771640015,1
0x026a5552d6ebe49b3d38f82028b0a58a856d1a1f,0x188b377db3bc07d626c91d05de8ffbc687d4a0ef;0xe6a52260694aa80fa0ca152acdc868dea4566f2a,ERC20,D2W,0x484d1ba75103f41a1d20e70aa4f57932e2e41d760f09c0cabab2d3ad950bd483,1727924939,1
0x026a5552d6ebe49b3d38f82028b0a58a856d1a1f,0x188b377db3bc07d626c91d05de8ffbc687d4a0ef;0xe6a52260694aa80fa0ca152acdc868dea4566f2a,ERC20,D2W,0xf98bfd63b89f4dde3512e70abc9298485c98af615a6af37ef2b3aeed30b751c4,1776900611,1
0x026a5552d6ebe49b3d38f82028b0a58a856d1a1f,0x188b377db3bc07d626c91d05de8ffbc687d4a0ef;0xe6a52260694aa80fa0ca152acdc868dea4566f2a,ERC20,W2D,0x500b9f5ed626153b653d85856aee92b1a11127d32961cf7301bc05fc10348659,1752516023,1
0x5bf5817dc357c9d465503d76c8b7719b488ccdd6,0x1bb758caf10613e486d893f9225efa9a183d9208,ERC20,W2D,0x5aebd56191ffc263da01e3ab954f441af93bf9a9c20ce177c5aa987bcf3fa524,1754753987,1
0xf08ea336f8a34878d2a9fe336867cabdf27a8406,0xdb79e7e9e1412457528e40db9fcdbe69f558777d,ETH,W2D,0xa350c6e2ab173dfa6ca0572c73893912132eabd062de348743485ebefebeece7,1709842727,1
0xf08ea336f8a34878d2a9fe336867cabdf27a8406,0xdb79e7e9e1412457528e40db9fcdbe69f558777d,ETH,D2W,0x30260e871c67f8c7c4e65de9b8017f22d12435b92ebb870ed2269f460c519b0e,1709845727,1
0xf08ea336f8a34878d2a9fe336867cabdf27a8406,0xdb79e7e9e1412457528e40db9fcdbe69f558777d,ETH,D2W,0xb64827b27765ad307ef4ba6616670937af2c6fc08a0476e6436d739ecae59777,1746612611,1
0xf08ea336f8a34878d2a9fe336867cabdf27a8406,0xdb79e7e9e1412457528e40db9fcdbe69f558777d,ETH,D2W,0xf515c6922a576703c28c9585f690146daae8fe0a3c46c2a757790c8d18cb0b10,1709845727,1
0xf08ea336f8a34878d2a9fe336867cabdf27a8406,0xdb79e7e9e1412457528e40db9fcdbe69f558777d,ERC20,W2D,0x2fb0e72f65ab761a6677443877ca2a0fb63d591266824fdbecf2f215de9dfa50,1709842079,1
0xf08ea336f8a34878d2a9fe336867cabdf27a8406,0xdb79e7e9e1412457528e40db9fcdbe69f558777d,ERC20,W2D,0x4ba4f32d5c0c0aa4921691bdb2e72abff6ea543a5d27d2b408b3860bae3964e3,1728994139,1
0xf08ea336f8a34878d2a9fe336867cabdf27a8406,0xdb79e7e9e1412457528e40db9fcdbe69f558777d,ERC20,W2D,0xbe74f4d644083e4b863a6baed1aae3584c018a933cbf998eeab9fba692efac9d,1709841995,1
0x1d60c34f508bbbd7f1cb50b375c4cdd25e718d1c,0x2660f4f0154784eb5606e253c854a28048a819cd,ETH,D2W,0x8ff447151ca456e19d537784ede09b973dd38637fc335f3ec566807e89ff3a86,1725287495,1
0x961aa96febee5465149a0787b03bfa14d8e9033f,0xe317c793ebc9d4a3732ca66e5a8fc4ffc213b989,ERC20,W2D,0x5a18057ed80f531fbd197b252fdc7d398f06653e6753fc578093d2e7f197a608,1562768147,0
0x578dd5e76b4b8a05f6653ecce39d688efb040382,0xe95dcdd02a84f36f31976128e72772718cbfd2a6,ETH,D2W,0x4ede1ef48f9879c1d091cc39531a3121a8c4b9f84dade110079f9f4ed3062bfa,1743441635,1
0xb8eb653dd6d0ed6f7fe15d7a3e216bbf147eaf99,0xf8f74f2c34959f700f2617a71d19be13bc42beb9,ETH,D2W,0x027fa2a17e6c66db32f6ba38a2b582df4df94b2fec0c148fe4158d8cbd1589a3,1761063287,1
0xb8eb653dd6d0ed6f7fe15d7a3e216bbf147eaf99,0xf8f74f2c34959f700f2617a71d19be13bc42beb9,ETH,D2W,0x05c64149ccde71781032b6da80bcc1bf9ff2ea4f977a479610a8043950087762,1757604995,1
0xb8eb653dd6d0ed6f7fe15d7a3e216bbf147eaf99,0xf8f74f2c34959f700f2617a71d19be13bc42beb9,ETH,D2W,0x0959e16aef18b176ce862a689197688181e4f52b1b50af149a14a31dfb75ce9d,1787322839,1
0xb8eb653dd6d0ed6f7fe15d7a3e216bbf147eaf99,0xf8f74f2c34959f700f2617a71d19be13bc42beb9,ETH,D2W,0x2ef4ca47225325a23afbc69a6fc5fe694850c639030ca49cda500df1991345c4,1775748131,1
0xb8eb653dd6d0ed6f7fe15d7a3e216bbf147eaf99,0xf8f74f2c34959f700f2617a71d19be13bc42beb9,ETH,D2W,0x2f4746c2e88308a057a940942e5de38951a84af1d636336d1f49b532288497e1,1774288619,1
0xb8eb653dd6d0ed6f7fe15d7a3e216bbf147eaf99,0xf8f74f2c34959f700f2617a71d19be13bc42beb9,ETH,D2W,0x563978f85a2b5546048c0f69b8652308d730143ae8539c5d99d950824a8835f1,1757526491,1
0xb8eb653dd6d0ed6f7fe15d7a3e216bbf147eaf99,0xf8f74f2c34959f700f2617a71d19be13bc42beb9,ETH,D2W,0x61a931171458bb3df415eea9cd0b2e0c5e5abe10f50d2dde0be795317df8330f,1788538187,1
0xb8eb653dd6d0ed6f7fe15d7a3e216bbf147eaf99,0xf8f74f2c34959f700f2617a71d19be13bc42beb9,ETH,D2W,0x63efde1533ceff9482db3080967009e6de45d3e95d484ab4945e0820ae16a3f3,1757526743,1
0xb8eb653dd6d0ed6f7fe15d7a3e216bbf147eaf99,0xf8f74f2c34959f700f2617a71d19be13bc42beb9,ETH,D2W,0x686f47c038b559b62a9eadf2882ecf6a7a9cf0350bddddf712dce414f0602f4e,1772144999,1
0xb8eb653dd6d0ed6f7fe15d7a3e216bbf147eaf99,0xf8f74f2c34959f700f2617a71d19be13bc42beb9,ETH,D2W,0x7b26d4fe9123ead8839290ad2657c08af57e38fcf1c12912b585af60b0fcbb86,1752776603,1
0xb8eb653dd6d0ed6f7fe15d7a3e216bbf147eaf99,0xf8f74f2c34959f700f2617a71d19be13bc42beb9,ETH,D2W,0x7b4910ac7caf0e917cd910780d6e4ee345dd5864938f4619e7eccef9ad41ea44,1763153207,1
0xb8eb653dd6d0ed6f7fe15d7a3e216bbf147eaf99,0xf8f74f2c34959f700f2617a71d19be13bc42beb9,ETH,D2W,0x8d6bcea4d06ec7d97573a432174f28ed2f43818a7352cdc6085c9f3aa75228d9,1787322803,1
0xb8eb653dd6d0ed6f7fe15d7a3e216bbf147eaf99,0xf8f74f2c34959f700f2617a71d19be13bc42beb9,ETH,D2W,0x9290295385aed979899a37f4da1cd6d93a22ac1c77031dd188635a7c2edc2711,1763153159,1
0xb8eb653dd6d0ed6f7fe15d7a3e216bbf147eaf99,0xf8f74f2c34959f700f2617a71d19be13bc42beb9,ETH,D2W,0xadb6f7add54691b36852660183fc232b78271ee3bd525ba8fd5d2d77eee18882,1786371023,1
0xb8eb653dd6d0ed6f7fe15d7a3e216bbf147eaf99,0xf8f74f2c34959f700f2617a71d19be13bc42beb9,ETH,D2W,0xae0875a633d2d7ce05d44adb172556231b183641ea36e1923aec66e5af70b10c,1761063323,1
0xb8eb653dd6d0ed6f7fe15d7a3e216bbf147eaf99,0xf8f74f2c34959f700f2617a71d19be13bc42beb9,ETH,D2W,0xd2e9547eaff37dfc39196258b6fe0c8280782216ad95d3a32269375b13ba64d7,1772211479,1
0xb8eb653dd6d0ed6f7fe15d7a3e216bbf147eaf99,0xf8f74f2c34959f700f2617a71d19be13bc42beb9,ETH,D2W,0xd4363d9a3fa0603ef24e6ccf8a37cbc22aeb4227bb7e1d91aceca79855ba803e,1772211851,1
0xb8eb653dd6d0ed6f7fe15d7a3e216bbf147eaf99,0xf8f74f2c34959f700f2617a71d19be13bc42beb9,ETH,D2W,0xd89bea231de3a29742e875e5519192218de271dd674e744be6f034a02cc4f153,1787363543,1
0xb8eb653dd6d0ed6f7fe15d7a3e216bbf147eaf99,0xf8f74f2c34959f700f2617a71d19be13bc42beb9,ETH,D2W,0xddee0affb1170afb63478cc807b96044d0d802886b2d505623f8dc6b5434680d,1786366535,1
0xb8eb653dd6d0ed6f7fe15d7a3e216bbf147eaf99,0xf8f74f2c34959f700f2617a71d19be13bc42beb9,ETH,D2W,0xf12b68c2eff43de59c94db85cd0183fd920cd1fcac18d50964cebab62fde7f57,1752874679,1
0xb8eb653dd6d0ed6f7fe15d7a3e216bbf147eaf99,0xf8f74f2c34959f700f2617a71d19be13bc42beb9,ETH,D2W,0xf23bdce61c95280d9a3997249af416afe8691a3805e0511e180709881dc592f2,1774288499,1
0xb8eb653dd6d0ed6f7fe15d7a3e216bbf147eaf99,0xf8f74f2c34959f700f2617a71d19be13bc42beb9,ETH,W2D,0xf12b68c2eff43de59c94db85cd0183fd920cd1fcac18d50964cebab62fde7f57,1752874679,1
