dep_hash,dep_address,dep_amount,dep_time,pairs_count,linked_withdraws_count,naive_anonymity_set,truncated,s_score
0xa13480b142c792786bb36f139c27fa501f10a0e0dcf2f11f9bfcb2bb9c4c7e30,0xfe09cae0429099e45caf1e2a2ebca5a402b02de7,0.0417144999999999,2026-06-19 03:37:11.000000 UTC,0,0,78,0,0.0
0x7b098c6ab7b11b11585104da6676a531b69c923b8dc2bf239162f34791378701,0x50174919350fd2944439ba719488b78ec4be9357,0.475,2026-06-19 02:18:59.000000 UTC,0,0,131,0,0.0
0x24b157dd493549c98f39b13ff6ab88f464794c2d1ff7822ba083c4e330a05be4,0x73cf1cd19a5682cb2ef81a81527e1e7e9b3ac376,0.0284999999999999,2026-06-19 01:29:35.000000 UTC,0,0,76,0,0.0
0x97beb7b09ef6707717b95733e85b9d47daec87d28b6a64d33073551cc70de87a,0xf49d25b497d44cf8881b5d301114f35f71327ac8,0.25175,2026-06-18 16:15:35.000000 UTC,0,0,135,0,0.0
0x4da81024bc295a9bd10f83f2b694587130a48e467a2f47177051fe04d80279e4,0x27c649f3ef76b74ff990eda6a14bc2bbd674546f,0.095,2026-06-18 14:49:35.000000 UTC,0,0,119,0,0.0
0x9ead2a7acd269b166a63ce8505b94c2ec4763d8d38265c64647ab22574c7b59f,0x27c649f3ef76b74ff990eda6a14bc2bbd674546f,0.0095,2026-06-18 14:37:59.000000 UTC,2,3,31,0,0.0967741935483871
0x32f1c54a1ef0750b07d7b36dca76544b9f4f4a3c74b26c65c6b0f367c3960cda,0x034031e09e7679ba57d5a9335341357a7fb7abca,0.0094525,2026-06-18 13:23:23.000000 UTC,0,0,31,0,0.0
0x32d6e6f742b79c1321c3d9e45b9e4a7f4a6f3e7be78e411ae7d93f3887359377,0x25b6faa00746559f8c7a09d77e44f18c093054cb,0.4005579999999999,2026-06-18 13:15:23.000000 UTC,0,0,142,0,0.0
0x4fa6f36bf860df6dd9d71a2abaf29780b9bb1e849cdc92cc89db22c0fe464869,0x25b6faa00746559f8c7a09d77e44f18c093054cb,0.285,2026-06-18 13:07:59.000000 UTC,0,0,138,0,0.0
0xa30bb86075223c3168dfa384955e733a793041dfe761b3c3ed4a059e2f31d720,0x25b6faa00746559f8c7a09d77e44f18c093054cb,0.52725,2026-06-18 12:47:47.000000 UTC,0,0,147,0,0.0
0x8bd9010b980690a05981d8a398065ac7f7cfa4a92d83a8464dd5eb7be2f8fd5d,0x70b652c9818fb4fadc46b513ed183f68c343163f,0.0095,2026-06-18 12:42:23.000000 UTC,2,3,31,0,0.0967741935483871
0xec4364cc9f7e9622b42deb6c2e3facdce588526f93d5f7f1ca295dda6bf27b1d,0x25b6faa00746559f8c7a09d77e44f18c093054cb,0.95,2026-06-18 12:39:47.000000 UTC,1,2,150,0,0.013333333333333334
0xe663f901b79f17ab87f625d53753f299fe7ba2271f3395d9b6ea77fff7a82e02,0x36ae8495e33e386fae3f094b8f68a2ccf6642858,0.0131574999999999,2026-06-18 12:34:47.000000 UTC,0,0,65,0,0.0
0x019d912c4d3607ff1ede0ec8d7bffe02d483074ca52bf60d66751750ecde2c3b,0x029f1c62662cbbfe79ce55b285fee4e2db081a06,0.095,2026-06-18 12:33:47.000000 UTC,0,0,119,0,0.0
0x227c20e6b7f981724f0b48015d1fd6b975bbadb8cef661ca3a22f2354f57dbe4,0x25b6faa00746559f8c7a09d77e44f18c093054cb,0.19,2026-06-18 12:21:47.000000 UTC,2,3,133,0,0.022556390977443608
0x07ebaca49296a9fe330deec4b578565ea5317466c676e98778341fb4e4745605,0xc6f0e9eefcf3bf41ce33d8352d3aba578e4de4ce,0.0475,2026-06-18 12:05:59.000000 UTC,2,3,83,0,0.03614457831325301
0x54232eadb2d69ab57a330d9e66543e64f740f2836dc8d1170d184c7eb52cdfe8,0xc6f0e9eefcf3bf41ce33d8352d3aba578e4de4ce,0.19,2026-06-18 12:05:11.000000 UTC,2,3,133,0,0.022556390977443608
0x4d74b579ba8f026e3c74ff378289ce1e7c1fa93c0849fc01aa0e1c20e133f766,0xc6f0e9eefcf3bf41ce33d8352d3aba578e4de4ce,0.095,2026-06-18 12:02:11.000000 UTC,0,0,119,0,0.0
0x2b7051d1ec755571c5059d75a33fe39415795f8070659e2ef7009dd951f8e69d,0xc6f0e9eefcf3bf41ce33d8352d3aba578e4de4ce,0.0475,2026-06-18 10:37:35.000000 UTC,2,3,84,0,0.03571428571428571
0x15a827f210d46b76f8a61d6fff470b6cad41f56b95e09c2b0c452fac7b3b4caa,0xf56e893747e4b88090922b33262ef34008933904,0.3166065,2026-06-17 19:20:59.000000 UTC,0,0,143,0,0.0
0xfae8b8a66ac93514629fbf603d92d589e77e88cd9886d9661f919300f13cf9ba,0xf0e3cd13e966b163da954ac83909db8d8fca1455,0.27075,2026-06-17 16:59:11.000000 UTC,0,0,140,0,0.0
0x9295a8799913cee44267196cba5790e93458c690bcde5d535c3c5728cbf9d247,0x2caf9e690b9b33fd1ec6dfca52ad4eb628ee401b,0.044194,2026-06-17 11:30:59.000000 UTC,0,0,86,0,0.0
0xb366833e61623ed84f6c59add8a9740988b9914b2cbfef98bcb3627e01dafd80,0xa048efc0b698466307f6c67fd8917b8333c59159,0.055119,2026-06-17 08:28:35.000000 UTC,0,0,99,0,0.0
0xaa118dcfb558f72979c5036fe2ae4aac3eb5130104b5d8ef8db570b6bf4a2a78,0x871a77cf5a43d99b4a77bdcfdca2ce8b20081892,0.0095,2026-06-17 00:29:59.000000 UTC,2,3,34,0,0.08823529411764706
0x1690f0d2ec9e465fb2afe875c2ab7d56830d0997f3dda1c7286ea2866cc9b6b1,0x189eb925aa7ebdc9ad216000fc49dfa52e010226,0.0556431507709807,2026-06-16 21:24:11.000000 UTC,0,0,104,0,0.0
0x7e37c53f6761cad81385385a85f420ba3ba17ffc49fceab1682bbcf9fa4ab9d0,0xbebcf6e58929a100d85b8df076eb5384511083a5,0.0561309261443644,2026-06-16 20:27:23.000000 UTC,0,0,105,0,0.0
0x469c5d1bb7d17b9414d0886cace5c4790f835e65d5ca3639ace75aa5df3a9098,0xc46bc7d74ffaa62868f3f34ea701cc434afb1489,3.2015,2026-06-16 20:12:11.000000 UTC,0,0,195,0,0.0
0x07bff9bc7dcc88bfe016a382c55b9d3fe31631df049611e09a4d848fe1b7165e,0xebd9d564a62dce3cc476b5e01a103ea9a083f96f,0.0566593605282097,2026-06-16 19:27:11.000000 UTC,0,0,106,0,0.0
0xaf54561f9e07231b03ec38f9cf3ac3d73c25e01bfee2b56337b40ee2758d93c1,0x6b9cad3608b8a99dcd2333f01efe15b18f68a73c,0.0572093673742469,2026-06-16 18:28:11.000000 UTC,0,0,108,0,0.0
0x850683b8268f20e0b4fc0fcbe538f4b6eef2e755fffb4a93b18a7add717b461a,0xe268e2125211ff4683e01dbfc43405ec6d212daa,0.0578912814074437,2026-06-16 17:35:35.000000 UTC,0,0,109,0,0.0
0xb482361166d5ee4aab1756da841c56831020fc02266fe87041f317106f3832d2,0x9ab487134a90ee50a6b2ee5d20528c43a279db76,0.0584953860890722,2026-06-16 16:47:11.000000 UTC,0,0,110,0,0.0
0xdf73379a750d7816a0d93d791769fec960ede184b4edc042c0e8c758ca511af1,0x3f29e10c114d35e1b3906c299c3c7bbcfd1ccca3,0.0593727848176875,2026-06-16 13:24:59.000000 UTC,0,0,113,0,0.0
0x2eb2a704bd3230dae573add33dfb1c3742d99a354491a8e18493c4de0ed39528,0xddcd43a2906b210dd21b9c32260dc655eb3164ff,0.094525,2026-06-16 12:53:23.000000 UTC,0,0,138,0,0.0
0xab8658c61653e72a18ec6db8b44d53039f375df51f043852a243cb5fe2067519,0x8ec2ae9971e26847bdbac281abab7e53cdb06ebc,0.0095,2026-06-16 12:49:47.000000 UTC,2,3,36,0,0.08333333333333333
0x9acb1489722edeb33825b92a024a7ac00372f6ecb6875deb2472c7b606caa457,0xad56d5ebca2e61a334534d429a8fb922fc345848,0.0601005423674025,2026-06-16 12:20:59.000000 UTC,0,0,114,0,0.0
0xdbedbbbc6f0a703ca8d29769e631f27c9378e260383094611728a851ded1875e,0x5de835054d89122f0bdeb7afd23d71c12f8b27d3,0.0607271488508814,2026-06-16 11:20:35.000000 UTC,0,0,115,0,0.0
0x289da1850fe61f1b283717b63fca98e4fe31d141c60a3028e16c57b276a58507,0x67c8d1907a769d2027a7c8e4a588c4ea0fc69b27,0.0612866583574248,2026-06-16 10:18:47.000000 UTC,0,0,118,0,0.0
0xc17202141b81c1e8183be47681e213db25b19e73d2d7715d6c9e67679308e94f,0x09df98f6382ee68450cb944f3cb9ed70a6cf530b,0.0618596377399171,2026-06-16 09:21:11.000000 UTC,0,0,120,0,0.0
0x978472c5a79cb0f07211a9a1314a03c76fce887ad59892895dfdfafbe093d846,0x6f62b29d3b4f31b7d9067337eab11b2a021aeb87,0.0625431083052588,2026-06-16 08:19:47.000000 UTC,0,0,121,0,0.0
0x10945da7df3dab90efd2c3517492a5412d60933d2f0c7a375e4ffc70d76f71f3,0xe9853ea466b0c3761323fb1604257e754f3c6392,0.0631600150774007,2026-06-16 07:16:59.000000 UTC,0,0,123,0,0.0
0x3331ca553bc364c21a3473f3d2afadc02908034f264ceac6aa0155f6e80ed871,0x331217a3a59c19c6cb6d7811d34c998f7335bfa2,0.0637599368744613,2026-06-16 06:22:11.000000 UTC,0,0,127,0,0.0
0x16510fa53fa233663435086e153a7884de38d370e341236758febabc861465a0,0x39b17e2c2a124118aac8a94d78629610901af2eb,0.0643506471178221,2026-06-16 05:17:35.000000 UTC,0,0,130,0,0.0
0xb0fdfad2d6fb90d3c4c77d7c870543e17754009d783bb27b4cfe6ba39a17c83d,0x30895b9ebde6788cf9dddafa15402e3f7cd931b6,0.0650351504732098,2026-06-16 04:15:35.000000 UTC,0,0,132,0,0.0
0x53fbbcff02d07243eb770f3a56dfbd0f4c33e4b5a11a8b91e2b3491297f52d0d,0xc339865cd0688f814f72aef84451a88ba5bedad8,0.0656562163805152,2026-06-16 03:18:35.000000 UTC,0,0,133,0,0.0
0x2463d204b99358cebc0bc54743f1070b23dfa4622201bb2948cee3926883ae56,0x1f0ec26e4bf9fc1d2bb7a4c97fcc935879514346,0.0662278178934105,2026-06-16 02:15:47.000000 UTC,0,0,134,0,0.0
0x2dcc9fc9f5b2bb55fa38c66b89b4349cdcc6dff277867c5a1b522b875db3ad61,0x5fce36f4edabb1066ec55ad66577c732a097f2b7,0.0668365821352382,2026-06-16 01:16:11.000000 UTC,0,0,135,0,0.0
0x6704b23e30879bc34108eb9ab31e7860bd1903be381c8c6868a40d27f25d19af,0x039dca590bd9b21f2aac70ac16048f921b9811ba,0.0095,2026-06-16 00:26:23.000000 UTC,2,3,38,0,0.07894736842105263
0x8d73b4ef75fd98ad14eb463afcbac1804d856467da1d22f100d25bada8b5f0e2,0x606a902cfb4638ecc64b843c75838440d177d42b,0.0673924507490016,2026-06-16 00:13:23.000000 UTC,0,0,136,0,0.0
0xedba79f1cbd50c00d00ff2fbaee5f95b0d4fe9419042edac71900567f432fb1d,0x10ebed3a273fa62c1e9fda1dfba154a04bcfd0d3,0.0679643843541093,2026-06-15 23:16:35.000000 UTC,0,0,137,0,0.0
0x27e0558042819d32b883c0cc420f12528ae94a4444388ea8cc53d047c7762031,0xa76a1d10070eb87e7123c8b6368aefae6aa11c72,0.0685356668809063,2026-06-15 22:15:47.000000 UTC,0,0,138,0,0.0
0x8887eb57a4f7c288923456730410bfef7b2b66d1f1c0432d6ff66b706726313d,0xc14923b376612cd54d5039abdc7884c0a21aa8df,0.0691210632415492,2026-06-15 21:16:59.000000 UTC,0,0,139,0,0.0
0x1e5a92f41e7f458f6bd657da9db7245f46bf3ff693f275c79669cd4bb2b15d8a,0x74c1392a7d2b87d0042a10d236cd49c2619c111a,0.0095,2026-06-15 20:16:11.000000 UTC,2,3,38,0,0.07894736842105263
0xdc79f873c707cfc47bd9937c148e953f096e28549aa888992d780f07e61ba893,0x23ab887fa420408b82ce1510070d1cbc08b8968f,0.0697415784696051,2026-06-15 20:15:11.000000 UTC,0,0,140,0,0.0
0x5fa93736794ac9429c162f57682a6cd112d9cb73c53e763e639a4fd61061d801,0x46323ba7cf0f3a8b685ab7c166c88de104474daa,0.070507564668022,2026-06-15 19:13:35.000000 UTC,0,0,143,0,0.0
0x2e8d7dc5add0f1357580cea1471d9194c76dce48d575e707bb40595f99829893,0xfc0b35d1ff570ec0cc2878f273093d7454bc2a45,0.0712071646991285,2026-06-15 18:40:47.000000 UTC,0,0,144,0,0.0
0xbd52edc0eb0d3612d84e6a879faa610e9107422a3eea5d335837a83b15faf243,0x33dca1bb1cbc4eb5f13ae728b81bcdfd75be95f9,0.0722220452924442,2026-06-15 17:47:59.000000 UTC,0,0,147,0,0.0
0x89acd344441508ddc06361e9f7306a99d6809d2d98b49b37f0fb2808776eac0e,0xfe90e54eda858b701d1e308b155e65772afc233e,0.0730907551506039,2026-06-15 12:03:35.000000 UTC,0,0,150,0,0.0
0x7e9339b8fc7e8c38c58ad6e842e230f3903200d540fac9446216867db98e173a,0xabf2a2e9c07f7265be551932b2ab7655fb8d9980,0.0738432843877634,2026-06-15 11:04:47.000000 UTC,0,0,151,0,0.0
0x6b517ea501727387017495a9c4ce56a7420982a42f84a438824825b37b84d710,0xeb9828c1c412bdf4365ac6199931237ebbd12fa7,0.0744992697410876,2026-06-15 10:09:11.000000 UTC,0,0,153,0,0.0
0xed3b6f4987a27ceff1ca55e05500ecedca2902193917adf9274027577123e201,0x76e7f2e6b895e92af1423f666f90826051ab7182,0.075131801152127,2026-06-15 09:20:11.000000 UTC,0,0,156,0,0.0
0x9cb975959263daaaf8f646804bbf3c63cb1ce986086a3e462a71fb63d7cb20ff,0xcb874b1a6ff59845bf1ab92c3a5f37544293ac99,0.075761789717176,2026-06-15 07:59:35.000000 UTC,0,0,156,0,0.0
0xf53969b945c8ec7bb1fa60f9825e0f11bd102ed2790405c0481edcd92b9210d1,0xed0b620b60825737f83e0cb1bbcaba1a6e0ee115,0.0764114185943957,2026-06-15 07:00:47.000000 UTC,0,0,158,0,0.0
0xf37ec79dfd09fad468df3ead15d43167e860195cf603659c3436886176d60e01,0x581b3b3c40c6935e02f221acb0cd74c25b34ccf1,0.0770268883858543,2026-06-15 06:00:47.000000 UTC,0,0,159,0,0.0
0xb1881dd02af70e6ff967ac409056e1605f4b0c3910ce91eb97b8c7196ba782a2,0x80d5062e26ee858636a85fbaa7489e2678b4fd4e,0.0776725980422114,2026-06-15 04:56:23.000000 UTC,0,0,160,0,0.0
0x34753c7f9b151e3278b48e772b1b941601adae0ab6c8eb9dac63906bb8f2c0a7,0xe586dc78a7f091416819ee4d99700b1f7e67dfcc,0.0782987054742581,2026-06-15 03:54:23.000000 UTC,0,0,163,0,0.0
0x74d8d318ab482aa4353eb0838fc4b8eeefa13122a6ec7977ab81fca9f21a48b9,0xe1b3162f44f363d3449b3e40c6f8121c13215a55,0.0790836756010279,2026-06-15 02:56:59.000000 UTC,0,0,164,0,0.0
0x0c1d5ac54757879680f795b714be692b982d42f511bbbcb8437622111af165ff,0xa78fce74e3c19159b7b1b8b331213825d6b46f5d,0.475,2026-06-15 02:45:11.000000 UTC,0,0,216,0,0.0
0x1732a6f05d967a89e3a9d5ecef4bdc52923063606a38e26307d555ef5429e449,0x69521a2e6f7d4be2e8aed3232d1307a6c86a2ed8,0.0797057088313911,2026-06-15 01:54:47.000000 UTC,0,0,166,0,0.0
0x23a98f4e64cf0e98813a5d86658643f67deb5d1d22ed80902dd7f507e0ace9e6,0xcd1ab5f93d94073908741185f550ccaf86603d4a,0.0803643917921805,2026-06-14 21:59:23.000000 UTC,0,0,168,0,0.0
0x96c8be8a2af13256af12f2e0223240d7bdb95cf8a114c55fa9f629f63ee6d0e8,0x9369a3a5591c6ea9b32992e28a2e47b7e3f9211d,0.061237,2026-06-14 21:27:11.000000 UTC,0,0,131,0,0.0
0x0af1d2c2d75666f80eb873725bebb2b67992745d074b4db9bbfbfa3fd605f6ce,0x127c2096fcf4c9f542d0f8088045c8d790f50177,0.0811802538583207,2026-06-14 20:54:11.000000 UTC,0,0,170,0,0.0
0xd4044bb0a3383976a8d97d2ca082387a44e2a3098e081302cb72afe5f851e13d,0x9ef2ad76e94e1fe47a7b8a34b6f856bd8812e1a7,0.0818620219496541,2026-06-14 19:53:47.000000 UTC,0,0,171,0,0.0
0x816a7b9c659ed5620ba51a7ddcdc56d16245c826fc8b5ed6cf58a74ef4335a3d,0x68b3f3e0831961dfd8721cc57a50a842ab27f6b4,0.0825353124951878,2026-06-14 18:54:35.000000 UTC,0,0,174,0,0.0
0xb159341538c614ae047298202fa3b9824658d4216b22c436a753a71c696ed50f,0x21172d63ea06f2a5fe8ea0d9b68c985aecc6a21f,0.0832340443947738,2026-06-14 17:51:35.000000 UTC,0,0,175,0,0.0
0xde13394cd58f648bf49e3e3fe91023ed8e381fcc356053e030c36f545f38cfa4,0x2758b1ac127818e7b11164c8979c3acf7a7d4f1a,0.0839660237217203,2026-06-14 16:53:59.000000 UTC,0,0,177,0,0.0
0x1108bf59a3c0e4f3abe070621b44b78192e799031ebb77372a4d484a03e84295,0x4f7439cf90f2f089281fe8ddf9071ed97162efaf,0.0847397801206025,2026-06-14 15:53:11.000000 UTC,0,0,179,0,0.0
0xc968380ce3c91210d21393a5e18407b544685b532c53df8646af1347ba7c5940,0x2b11d299a221996d24ec0a10c72ba926e267f1da,1.5002495,2026-06-14 15:01:35.000000 UTC,0,0,256,0,0.0
0x96c2d42399d529e93d9749a31f81a22475040f052ec1157a37c0f72ab7858e58,0x666bc17229e834544d5505e6929dbbb630bdfe0d,0.0855032401408373,2026-06-14 14:55:59.000000 UTC,0,0,180,0,0.0
0x6f24b79e5a20f86e8bc9e665db1fafdb699bdde8a006b78530f169151a8b5f79,0x968ff3834508954813243beb80b344c3100ea5a4,0.0862862313337551,2026-06-14 14:37:47.000000 UTC,0,0,182,0,0.0
0x31dfb3a8ad90845c11e508f159164b4dd0f7e3ff38a55a2b1763ad878b79bf2c,0xce84286375fa501f8744bb5b4a974c149c3bb71b,0.0095,2026-06-14 13:43:59.000000 UTC,2,3,40,0,0.075
0x0fede429fbb4b7c66a152b85b28caa9c7762ee2329627abe23c9956bdd75ed33,0x2da389d6fd466305fa7bee8267e1dadcca6ef78c,0.0871048324817718,2026-06-14 12:59:35.000000 UTC,0,0,185,0,0.0
0x3d12e15174585daddf13bd11035d4eb35016a4427198066bb9de8c4ac0266951,0x3ede1273c9a92fb5c97a399efccdc81265551253,0.0878680091405788,2026-06-14 10:51:23.000000 UTC,0,0,186,0,0.0
0xfe95148a3690f519d3e01ce342d647bb221f580909fac36ac586c852bd9675c6,0x4b437185f08c0d66f03d512d1e1e22c44a8f9620,0.0886045121751904,2026-06-14 09:49:47.000000 UTC,0,0,188,0,0.0
0xd6b7f4c178a8e5fb0fa483791d94fcc260adf1211fd6b431fc83ba884baf7feb,0x6c3d04c469d30a341e42b52d486524fa1c0706ec,0.089388135913271,2026-06-14 08:50:47.000000 UTC,0,0,191,0,0.0
0xb24b6a5d445cf002a46db6e7ef9fbff16e0e7df2775e78d5fe153fb6b34fa919,0xab93f19c7ae953978788c8eeb73a7014ca76fa10,0.0901591240181447,2026-06-14 08:29:47.000000 UTC,0,0,194,0,0.0
0xbc4ffc6e95164c7ed5a269cb4ae9402aefb2f3ca299aadd993269b355a714211,0xfe09e50573ca8e1847358b80f1d7efb42b4f7fc7,0.0909451685944192,2026-06-14 05:47:11.000000 UTC,0,0,195,0,0.0
0xa9d6bffbbdf20f72e0d279685c1157d94614200f77ee15d3980d88c88830940c,0x055c55d68781127a25c5bc5c909790d3c0ba49b9,0.95,2026-06-14 05:00:11.000000 UTC,1,2,241,0,0.008298755186721992
0x6a5cebacfea5244786345fb29cb49e04ee45ce308edb08ece227d0c9ec555cc7,0x682a93b6c3beda9c456221815724f550bcb258f3,0.0917297085612458,2026-06-14 04:48:11.000000 UTC,0,0,196,0,0.0
0x1aa6df9142688bfd1bf6d7baeea21ad30407d6028c194c2ac1906a8787bdbb98,0xa3fdd4b209cae39dc3cfae12aaa9f21eb87590d2,0.0925503775449495,2026-06-14 03:47:11.000000 UTC,0,0,197,0,0.0
0x61054884683497e84d87c15d43a8616f381a0ec3ef12ce4816dd68a0813fee32,0xbf67879466a4b52de7fe4442f4498ff3407c6855,0.0933388629320695,2026-06-14 02:47:59.000000 UTC,0,0,199,0,0.0
0xf7b747d52d69917c14977a3c800aae6fb5355f31ea35bfac9270614353ef87bf,0xcfed7d17202d89e9784bd57187150927fe46ed45,0.0941665142401812,2026-06-14 01:46:23.000000 UTC,0,0,200,0,0.0
0x9c701ae79290d0a1f3b10517a53c03a305f9bcfdbb444460139088f86e1d1125,0xcb1ac8ca1510a03a49c6a0cd8aa354f41dc6b43a,0.0949607451789629,2026-06-14 00:43:35.000000 UTC,0,0,201,0,0.0
0xf4df9cacb212d3b7ea10e870875e2a7d619ee8d5accfee3c39edc78f17db1540,0x1c615dfd2ded9446fc03009a691e81d874adf9eb,0.0957938161976811,2026-06-13 23:43:59.000000 UTC,0,0,202,0,0.0
0x1c4d9acd34b3578b31347122ff80485b0fd4e00ffc4eeba6d26b0da37f1080a0,0x299c9279cffd3eda3fc0c127ed959a39b4ef492b,0.0966399954618065,2026-06-13 22:45:35.000000 UTC,0,0,203,0,0.0
0xd5b53feeeae5f5c98091d05e950371c8f4e2f421e8d18734e6cb0d3eb220c479,0xb77c9e9c1214d38f7fa4f136fca289c449da4fb6,0.0974848226447379,2026-06-13 21:43:23.000000 UTC,0,0,204,0,0.0
0xa3a13f9a5804e40d74719c3ef6871c45d8d1f63dd1fe3609830d0fdbdf74e6e4,0x9c3db9f2b1bdbc535b20f50e9f1b1a3bbcf7da45,0.0742235,2026-06-13 21:34:23.000000 UTC,0,0,156,0,0.0
0xaed5a5009531f9ec8dbdfbf08741c812a7ac55068a9df98cb459cef71d2deb87,0x61e37c8756f4eb665971b49d6473d5b616c04664,0.0983125976026742,2026-06-13 20:40:23.000000 UTC,0,0,206,0,0.0
0x9eb270b360c8b6b1c3e1b1a19472a3edbb427b7ce0f8e57129019eb58e1ad19c,0xb97b8050c2e87959790eaf89b372cee12d5844b5,0.0991706203096381,2026-06-13 19:45:23.000000 UTC,0,0,208,0,0.0
0xb0d78f3cb9d9aa7fba05264defc69c69e3c2bd9cf60ae6171a97d6ee8f8c5d5e,0x3faa17cf79717adb6f85a57a726c40853aea4b0e,0.0999744079110615,2026-06-13 18:42:11.000000 UTC,0,0,209,0,0.0
0x5e9ffc7a6ec6a2953aab3df3551854b047057c2c1d4a3ccb9788ac7c83d7ecfc,0x81b583e9f34501b62454520541c88d4c640d8909,0.1008057648611025,2026-06-13 17:42:35.000000 UTC,0,0,220,0,0.0
0x2c1deb8c103787cda21e30bd0454a9b80e25384c2334556f429eea1fdf8a03fa,0x449dc257ecb6929b4b3a02e0f2e8bc9f64b236a4,0.1017055591666177,2026-06-13 16:34:59.000000 UTC,0,0,222,0,0.0
0xfe13bf185c8e540ebb7256823eecd39e88c87550bc208d83f44317a12e19a15f,0x2d41e78eb5fca77f6325f0fb471350237cc96855,0.09595,2026-06-13 15:59:35.000000 UTC,0,0,203,0,0.0
0x8700b0dcee77d24754ef75448271fec0bbea9ebacfded03c57c93e0914326950,0x335696a07a95decf842c3c88da0e48af375235ce,0.152,2026-06-13 09:07:47.000000 UTC,3,5,234,0,0.021367521367521368
0xdf3f4ce4394c365e0b46304e153a46fcdf6a537e8d994fc86e6e635837dc6d59,0x940a7490062b11c489b294706ad5b6523873e3d1,0.0799235,2026-06-12 22:55:47.000000 UTC,0,0,170,0,0.0
0x091f4c2f82812b305c58393995171aab0095018e76263c78f16218a0cac59831,0x9b9a4c3febc12acd24f8866007a82182da45dbc4,0.1025951962894374,2026-06-12 18:24:35.000000 UTC,0,0,225,0,0.0
0x2900b8687e82874a28eff9bf1973249d3e654d19a9359ef71039c5e16a1eb4e2,0x1f0510ad7c3fd6597cd8df1e382b2cdcab0792f2,0.0615125,2026-06-12 17:30:11.000000 UTC,0,0,134,0,0.0
0x3861dcfa0d5439726c122e7159f41f0f6fedf0b40e0c1b235747209757b9aaa6,0x7892037b68230906406ceee66dcf754cbb6acb92,0.1174674999999999,2026-06-12 09:13:35.000000 UTC,0,0,237,0,0.0
0x679c35e98d4ed19bb735e451f17941cb2a26a5f0c14b795f01e7f468305884f4,0x96362479b573b885601a4aaf463934cc218ba735,0.0095,2026-06-12 08:45:11.000000 UTC,2,3,41,0,0.07317073170731707
0x75d4a385d04bdf47d40be67c2cf417327cc753c394565d77c878906dc94a2e8b,0x78894d57a442959032306cdaf646a4ca6b6b915d,0.4592774999999999,2026-06-11 22:28:23.000000 UTC,0,0,253,0,0.0
0x1602cfbe19d6d47cc72a22ac26333a602303cdfb6298ab32efd2d6c98b5deea8,0x5a57183b748ba614d900f224fa55c5a96b7f7971,2.565,2026-06-11 17:09:23.000000 UTC,0,0,297,0,0.0
0xa2fdc6963d6519a4276c8bf0b9951829a6fac81a6277b6cd4295c0b9dd603670,0x9ee370d049e41352e00ae12014b1d9b1cd2c1933,0.0260205,2026-06-11 16:59:35.000000 UTC,0,0,105,0,0.0
0xa82d8119e109361b769441aec125bbbe61ec777f8fa24226711a4bc5ed25072b,0x4062778726b8640a6e5346fff0d3f21ca2d441b8,0.0095,2026-06-11 15:03:35.000000 UTC,2,3,42,0,0.07142857142857142
0xac62d1c58990e3e5ba751dbbbcc1d40088900b695eff867ddaec000945f83dac,0x9f91a8ba78e0ed508a29b5ddd0cf4dea55d6f127,0.0095,2026-06-11 11:45:23.000000 UTC,2,3,42,0,0.07142857142857142
0xcc453c483262f550c6c7de872cba622b4e725ce716e173a21b2e67f391af6c52,0x70f96efde58b34ff2244eb587917ae970492636b,0.0142499999999999,2026-06-11 11:20:59.000000 UTC,0,0,87,0,0.0
0x9b47dc5fa631e837bea33aa25b8bfdc5d56f9e019d79f53432c49f1254a4854e,0x437b66d62a344b74489c825478a95e87a5c8e807,0.09405,2026-06-11 09:20:35.000000 UTC,0,0,207,0,0.0
0x239aa2b1291202ec1b1ddd7bf016148cb30edea64c213332067a686712ba5e4f,0x625523f13c3062aaafc932e2e064994f35a54a7e,0.0931,2026-06-11 09:14:47.000000 UTC,1,2,206,0,0.009708737864077669
0x29d93df666965a25bfe2d5b94e7aabb383afa9fbcfb8972c1589a8f82e479beb,0xd64d25d6fdf27514071dc7f66a1a08b84ac4fe29,0.095,2026-06-11 09:07:35.000000 UTC,9,10,210,0,0.047619047619047616
0x227ab7a6a0545b08bb97126e033e759c11d8da21c687bdeed224c3225cfc2235,0x1458ebba7e380db99f313fcb7012d71a83a5b618,0.0931,2026-06-11 08:41:47.000000 UTC,1,2,207,0,0.00966183574879227
0x7042c426c93cc23e68626bb5bdfca002ec9e1cd3e39749571bd579dbfade0af1,0xea0c37c358abb148702c5991487fabd126b5f457,2.326721,2026-06-11 08:38:35.000000 UTC,0,0,302,0,0.0
0x423a4cf1aad0d235d8cf75c6f9d560a3b4cf96d6442905dbc57ffe7848b62995,0x7bf6f95dfa884e482c9b97840af94f1a72840df0,0.09405,2026-06-11 08:25:59.000000 UTC,0,0,208,0,0.0
0xda7d8403676fc6791127d6fdae03966f3a8ab5678628a20d723d61e16aab1ee3,0x2086fd8908ddfdbaf7158b0a1547f63afd76f664,0.1038306068820094,2026-06-11 00:56:11.000000 UTC,0,0,238,0,0.0
0x9d357fcec635a080e3dcbcd307d728874f8ad158156cabc462990e2bf3866481,0x830b1f81ad8ac4e23eb6ddaf17bb841de8df4eb5,0.1050156017548717,2026-06-10 23:39:59.000000 UTC,0,0,240,0,0.0
0x082fd697c7880b25822b39125a2633a97a77fd00aec67f51411411d87ff51faf,0x4b66d40f0089cca6f24c50c735580c5134c4ce87,0.0094525,2026-06-10 23:32:59.000000 UTC,0,0,43,0,0.0
0x18400e545cc5d79dab7637801b55ae1ea06adabc0dd82c3fd9a61a17244abf7f,0x8a011ef5f1b4c491cfb683f162c57d700514bce1,0.1059186112445079,2026-06-10 22:38:59.000000 UTC,0,0,241,0,0.0
0x5c39eb8f02ea39623923eac65483c4b74f5712223cbca9bc8e910cb565c774f2,0x718240a4b5ef426f7a72249a73f1c5c854079c18,0.1068204323435132,2026-06-10 21:43:47.000000 UTC,0,0,242,0,0.0
0xe0b2906bc36214bd351a62af0c9ff2dcc4a22d8766c579c99b96398fbb68e94b,0x07cf9850ea9e26e0d5f42ce0af16d59842874aac,0.1078148250587549,2026-06-10 20:40:23.000000 UTC,0,0,243,0,0.0
0x7277a93a7197b3ac08837e92d4f3752aae3949d1dc4468304c5e60f3c5532375,0xd65c62ad335ea36445e4f3992170a5a2ee8d296d,0.1087369580758462,2026-06-10 19:35:47.000000 UTC,0,0,244,0,0.0
0x6231bf9b400808344531881ae80d942d980b6b9417e974345ea32ab5ae4c3180,0x005162f0ac766d9a47a708f3300aa2b5d1088ab5,0.1096867497841013,2026-06-10 18:41:47.000000 UTC,0,0,246,0,0.0
0x400bd0a629183df95d5798888a45deeaf3dba8846fb68501da95cee120b61a16,0xe04885c3f1419c6e8495c33bdcf5f8387cd88846,1.4249999999999998,2026-06-10 18:11:47.000000 UTC,0,0,306,0,0.0
0x366957422791b89744397a7d183ea87e1cc949202fc8121b16c4ce24def6d114,0x88d55ce6e5efe9d60d744942600e84bc1030cd4d,0.1107826292777685,2026-06-10 17:47:11.000000 UTC,0,0,248,0,0.0
0x5f54c1b562869a8f6209b16acf9416a0b6b144264ef4c52af13357823302eb4b,0xe264b633e26715ea6d2359e3515b962054ed4404,0.1118099120251197,2026-06-10 17:10:35.000000 UTC,0,0,250,0,0.0
0x7ef4fc0293c3d7cb482e150699beba5e8591bc713e86f785cb0986e18b90f1d9,0xabe9b4ff7b32c9eb45b29a1f8065fd7d2cd4cfb6,0.475,2026-06-10 17:07:59.000000 UTC,0,0,275,0,0.0
0xcbb2e4ec5faba47df58fe1689b4e27fc48126348d3289b1faee72ee61505d455,0xcd0b3ceb61b4eb0b673833860978d1de5934b90d,0.38475,2026-06-10 15:20:35.000000 UTC,0,0,274,0,0.0
0x6bc66ee0a21c3b30fc7f8bf2bf972f1394b9563176dd0c8488e9024508287833,0x62d60da4639e6dd7f17c9347f4354d0f7943fae6,0.113018023278562,2026-06-10 12:43:59.000000 UTC,0,0,251,0,0.0
0x595369acedb1adc43e30c383ecd019fae1f1325f2fceeccf3584d1261cdc4c18,0x1716c358ec92e219f70af1f09e5cbec2134766ee,0.1140080965153879,2026-06-10 11:35:47.000000 UTC,0,0,252,0,0.0
0x7d5b4fe8d2b804f386443cacdb328afd9474d40af2950b72ef7a30d8cf7069d2,0x0d0b6e9da61fbe3129db414b0e03302cfd33561f,0.114974171571749,2026-06-10 10:36:35.000000 UTC,0,0,253,0,0.0
0x5e8e835412f03f2ea4bd19ebdf36a8fae101fb406bc6a9b62429d84bfc58d399,0xfaa0697b41abf35e6dc95712d59589dd09fdde53,0.1159040760670891,2026-06-10 09:34:11.000000 UTC,0,0,255,0,0.0
0x1f8ed78e2caf4cc60391814b32238db65235ed6149a4905a19c36de4356f2fdb,0xf6b67eb0ebc18733103b6a2f70b8bdb26d02be6d,0.07885,2026-06-10 09:23:47.000000 UTC,0,0,181,0,0.0
0xb327109abc6f680e8a7c5700cbf2ab1fa64ec0a937dba1d4ff7224afead919bc,0x5888fb69e54d5d835c9c76181fbc4bdd14a10bc6,0.0779,2026-06-10 08:52:23.000000 UTC,0,0,179,0,0.0
0xda5cb77fd1b52572832bd12087d469ff928c43fcc8a91af0380b6a820f367df4,0x39fbb420f23d401378b636ae0bded97c6664a5dc,0.1168793512213525,2026-06-10 08:33:23.000000 UTC,0,0,256,0,0.0
0xee51c51eb25a1cd7cc65d9113c0bad2c92f6e59295ba29dce1ea11ef44dfc612,0x8bbc6578982488e87c5e14c9c36008fd4bf4697c,0.1178357747011428,2026-06-10 07:32:35.000000 UTC,0,0,260,0,0.0
0xf298422d39ddf089b317a29c34b9b22674e6a0abed2232f358eedf1cdc9c7f19,0xfb9185e0cb537ed87bed5f308c542135f07c0056,0.1116249999999999,2026-06-10 07:10:11.000000 UTC,0,0,253,0,0.0
0x5acaa4ec9c123ffb2c5538e30ab65ad65b2d8f7bde0166de2a3998db118b0480,0x4f8302031e7360d4981fbf3976a9da6b59892325,0.1187736346754388,2026-06-10 06:36:47.000000 UTC,0,0,260,0,0.0
0x06c6e6afdbc24133610c814ac6cb24f14ec9780cf77c308a282abe2cc44a6488,0x44648c161e37cde30e0cc994e34bd1390d68a272,0.1198100253946755,2026-06-10 05:46:47.000000 UTC,0,0,261,0,0.0
0x36be49ecda0dbbf833a81ad2cbb75063eb01622e13b95ac91cbb051729711bc3,0x58ec6381849572fd67996f64fb2646dab2135455,0.1208385106893814,2026-06-10 05:12:11.000000 UTC,0,0,262,0,0.0
0xc11268127d2c93deffc6de92bf6340d4f027ecbb0caa0632caffe390052e5447,0x0d4d785330f7fe09034e3ee126e85c9a0b62e15a,0.1217613549236231,2026-06-10 04:07:47.000000 UTC,0,0,263,0,0.0
0x03a6cacca2b7b8e7e451a59b1a958d6599241d8ff7e591c0c9b1467291befeb1,0x5f9695d7c163b509c453b24fbf2117f9581cc84d,0.1227540812457363,2026-06-10 03:10:47.000000 UTC,0,0,264,0,0.0
0x2e6ced62d0c6d070cd7c29b5770cfa67c0a8af1c3ce59e0a8b250beec67ae5b6,0xa540abda3f05ccf8ef78896c36cb81f0eb8f18f8,0.1237297030699891,2026-06-10 02:07:47.000000 UTC,0,0,266,0,0.0
0x739ebe1bcbd679dd4c56707175ea982fc61a8559df008ddf05bb63227951c9e1,0xf06e3bf21fc065e69221a0cb60d32f5525de7f20,0.1247186664408533,2026-06-10 01:10:23.000000 UTC,0,0,267,0,0.0
0xa386daecb75df797f7277ea04b5a126c821c815544f5a03cbb9314861094ad6e,0x9a675d19243a752f286e45173785ea2e8fdce669,0.1694135,2026-06-10 00:35:11.000000 UTC,0,0,279,0,0.0
0xac386d549f16e85d2c68f4a0671989e62e24ec9dee26b2acca5cd02211407667,0xd4fcb9f8a1d506e872eb596c9ded24753008d021,0.1256842270506774,2026-06-10 00:07:59.000000 UTC,0,0,268,0,0.0
0xf1dac5d71a2f2625c291b84302c7811109607d94a47bf4ecd3d2724b9c3a9364,0x9a675d19243a752f286e45173785ea2e8fdce669,15.473619,2026-06-09 23:52:59.000000 UTC,0,0,354,0,0.0
0x8da19fb42befeef00281a1e4842facb3a91db44f10d5f610da696d86b1cb645b,0xba23364ddc5d136aeb01ec00d4bcffef8b4ca62d,0.1266813264228715,2026-06-09 23:09:47.000000 UTC,0,0,269,0,0.0
0xb9cedf5fa4404b77c8a0d6dd8bd9acee25cd12de60e1d8c5314c21d251fa6b5c,0x088cba5132c7f86c8a75d09eabfec27fe4ec6925,0.1276822997117358,2026-06-09 22:08:35.000000 UTC,0,0,271,0,0.0
0x5978b5dd20755516f0c738760967e2be7aec261752b4cc17b4b0ee3f3117ace3,0x4a2aa7bd95a0d352aa8327367cfcfac093e4163e,0.1287571914667128,2026-06-09 21:04:59.000000 UTC,0,0,272,0,0.0
0xcf245653e2015594c885199e5363fcb1884d08c5bb3b3f16437b8631da20184f,0x739c02a4f5227b4b5efa947daac4cf96e510c11d,0.1297742101254894,2026-06-09 20:06:23.000000 UTC,0,0,273,0,0.0
0x8c51c63065751b0bd9ada0edb833590230898949760dd43abbd941787c6a1890,0xb4d2e9faa1ef4fa598b1810fb992259418d88bde,0.1308874958271211,2026-06-09 19:15:47.000000 UTC,0,0,274,0,0.0
0x7b60787b1a1dcc0b25bc969a270875eef048c2fd76358add71a2315a3955225e,0xb8e0ac9b110356eacdf356729822acf680477444,0.1320413223326216,2026-06-09 18:16:23.000000 UTC,0,0,275,0,0.0
0x4ff3fa0e409c65e125e3985db153f40c3e48573d21382fb5ba65c9460799a999,0x8c0c9b3164aff16be9fa122f51dbfdb369400de3,1.73375,2026-06-09 18:04:23.000000 UTC,0,0,341,0,0.0
0x61a3580f361d21064f75a5a2749314a4e6fab517f266b63d3a821a3841de449e,0x954f154a57baaf5d5fd8be0b3901e2f6c40d1e11,0.1333052255986326,2026-06-09 17:42:47.000000 UTC,0,0,276,0,0.0
0x29a09d76976dbc14f1392b5aa52b2102396a957180bff9519d273c106976ead4,0x36aaee3ab13c73a5856f970c8424219493f2b16e,0.1416355,2026-06-09 15:54:59.000000 UTC,0,0,285,0,0.0
0x7d73f30c9c8299f5b2a99f0cccfa4092e17d1d1ecd221fe34f7666bf3ee7469a,0x940a7490062b11c489b294706ad5b6523873e3d1,0.0123499999999999,2026-06-09 15:02:59.000000 UTC,0,0,91,0,0.0
0xd7e0b1aa2155be5cf5ef2da7ff0ef8b31423ae8463805441554f8b3393f1eb09,0x940a7490062b11c489b294706ad5b6523873e3d1,0.1615,2026-06-09 14:39:47.000000 UTC,1,2,288,0,0.006944444444444444
0x5bc1d229b47b41702d091b9b0f193d4c62f138259bbf5557717cac54f4f4fe6e,0x9761df2c3e485e33fa128e56a1c61717a69f4af3,0.095,2026-06-09 13:53:59.000000 UTC,20,22,223,0,0.09865470852017937
0x0ff73698c3d3b449f6cd7866862c117782a47f9a496be3ebf3641869c15ea80f,0xffcfb41a00b138f277b8002325c8ec8891fac051,0.1344831840360819,2026-06-09 12:05:59.000000 UTC,0,0,280,0,0.0
0xd1058c2946da4237ba96d4697d36665c0861a3d1dc76c7b4dcf13f20d373a836,0x8497ee078b14ea3bf8028ab1a9871a297b49a8c3,0.135527899940237,2026-06-09 11:06:11.000000 UTC,0,0,280,0,0.0
0x7d35c081d0ec46e61cd7c0d66da4645b167a10e4f29e5186234178adb48921e4,0x09d6096903d9e328180411d341ab3eb6a3f445ce,0.1365720728921836,2026-06-09 10:45:11.000000 UTC,0,0,281,0,0.0
0x4a2279aa2df28f4aa60671d5b89ffad3abd7c768d1151ce1978a7246c80dd123,0xffcfb41a00b138f277b8002325c8ec8891fac051,0.0116170381543361,2026-06-09 09:04:35.000000 UTC,0,0,87,0,0.0
0x6b6bf16f9764691d2cc9b91b7b853338e575696ce3e71055ca8ffe403708ece8,0x8497ee078b14ea3bf8028ab1a9871a297b49a8c3,0.0119156127344079,2026-06-09 07:59:35.000000 UTC,0,0,87,0,0.0
0xc1a3d4fef29899c4dfd2e742ebb74aeeb70a256114ae468a03bbd8ef926a86cf,0xfb9185e0cb537ed87bed5f308c542135f07c0056,0.095,2026-06-09 07:08:47.000000 UTC,20,22,226,0,0.09734513274336283
0x38ad1151edeb4803f09ffc714373b1d761ebff942b3e76d34eee372d7588885a,0x09d6096903d9e328180411d341ab3eb6a3f445ce,0.0121870209053285,2026-06-09 06:52:47.000000 UTC,0,0,90,0,0.0
0x93717e9b95e4958a2c72258c65a7b75f09b3b48709f078b9fa63f466b08ea1f7,0xb9ed955fc3a389229a1873f631669a40c345f5f4,0.0095,2026-06-09 05:29:47.000000 UTC,3,4,43,0,0.09302325581395349
0xba0606586cdff7ca4a363abe90596d54f70b18b465245f6df6235d5f3e83c5af,0xf94e5cdf41247e268d4847c30a0dc2893b33e85d,0.95,2026-06-09 03:13:11.000000 UTC,8,11,325,0,0.033846153846153845
0xe72eccd6a6f018ad5965ecadf42c199e9875d6d042c68e58e24134408347811a,0x0f368419bba97796749936e0d46a73f38d4ef10c,0.0095,2026-06-09 02:05:35.000000 UTC,3,4,43,0,0.09302325581395349
0xd7ecdc2068a155ebe208147bad02348e5f80b6d33a8119f6ff4024c89c4280af,0x93d62342451cf91d7a46aa8dc275155dc51e3278,0.095,2026-06-08 14:03:59.000000 UTC,20,22,228,0,0.09649122807017543
0x1840dbb53cfc071437c92475494921b447db712c89a4383f3d4e3a3aa3e0c108,0x726f9fb03cf18d247decbd4e91f5657908c786b4,0.76,2026-06-08 04:32:47.000000 UTC,32,33,328,0,0.10060975609756098
0x37e19d2993f1fabffcb14fe8f00a9a75c3336f21efb52cecb94acf624de000d1,0x79330aab8c32e616b4b9b177eeb72264c611118a,0.95,2026-06-08 01:05:59.000000 UTC,8,11,331,0,0.03323262839879154
0x96a44a78e3b6f6e79de0ab261f04f8a29add47008e404697fd89dfe3c194f617,0x837aa0173b385e2348150c505232a838ac498b8e,0.0103977499999999,2026-06-08 00:17:35.000000 UTC,0,0,87,0,0.0
0xfd3051c9743eb3d0a8b9290a11c1652b9afc2e15064ec4154948dad77e896ab8,0xc899d17ef53485c99441fbc4212b6ab9edbba844,4.75,2026-06-07 22:27:23.000000 UTC,0,0,372,0,0.0
0xec54a08642cae502ca86c259df8df1838ed3b41ab1a268453ef434073ab5455e,0xc899d17ef53485c99441fbc4212b6ab9edbba844,4.75,2026-06-07 22:25:59.000000 UTC,0,0,372,0,0.0
0x3902773643c2d5976d7006bf27023a446bfdb40675f3708bc7920ee2fb0b43a0,0xcafdbb1d11efc07ac7fdcc19325cd5f2751eb8ac,0.0095,2026-06-06 21:22:11.000000 UTC,3,4,43,0,0.09302325581395349
0x42ed510d41560f362bc268dd915e4bd1c467c4c9dbbcefd7c9f2acf4e658c348,0x1c9ae149000615ca50da936388b73e40b19c03ad,5.4625,2026-06-06 20:35:23.000000 UTC,0,0,379,0,0.0
0xe1215556d84b92d6e465f2e907e428c12b3083787dac0ff63dd5259d0c8b6b89,0x1a81c49d180e3daf02f7b3a2b9bb88ef7137a012,0.01995,2026-06-06 18:26:11.000000 UTC,0,0,114,0,0.0
0xc906dddddadeb4a41dab3937c1674ec5421d70fae2a9cad2a55451d6ce4522ac,0x99ceef10cfe837b425b99d8faea6ed48a1f853ed,0.25175,2026-06-06 13:18:59.000000 UTC,0,0,315,0,0.0
0xb96b50902ffbc5586b4ec33aee35a7d881d83408f8b5c858c8d690cfde27d66b,0x4bb7e7a416acbd88841e2fa066de168b0179814a,0.1903989999999999,2026-06-06 08:05:23.000000 UTC,0,0,308,0,0.0
0x5e69cd4ed336062202e00121c77ca11bdd7e4b3c8975fa019e790a11c5c5986d,0xb81eb725e20dc74b86301c03016cd5ed285d9ee0,0.1912065,2026-06-05 21:37:11.000000 UTC,0,0,308,0,0.0
0x50f2975e5bbe215111acfbdd2e76d6bb2156c4e493ad323a991fa7c7ca13f6a3,0xb565c050b12e991c4d4fb45be4348785bd39295e,0.95,2026-06-05 13:01:59.000000 UTC,11,13,342,0,0.038011695906432746
0xd91b074a9a6500d30714eb6ce02e5f5f4f32be3a3644eeffd1aac584260e64fa,0x2924b570498938bbfd9aef32244fbfd6af3399f6,2.3319460000000003,2026-06-05 08:15:47.000000 UTC,0,0,390,0,0.0
0x1fbf755a007ed5c10d1efb77e34fe6bebb2113c099f1f5b9f92d65b69ea537b2,0x1f193e4477abc490601bfa212ee63ace18b975eb,3.1852455,2026-06-05 07:33:35.000000 UTC,0,0,395,0,0.0
0x1cb01e693e7f314fc97760cf906c189692edc098b1c84b7d3e3bc52aef3a8e71,0x6d47e54d9ce2a5fe0dccb2df34937e667196f8d4,0.0094525,2026-06-04 22:41:35.000000 UTC,0,0,44,0,0.0
0xf5ad82dbb551a53d7434655e95860694c9d11e7d5feb9b4613bd242898cc89c8,0x1558b49d6736e00fdf22b07a52b8c68be5f210a1,3.13785,2026-06-04 13:01:23.000000 UTC,0,0,403,0,0.0
0x9e6b9dfbfe6cb6c7bb31eba47fa5d3de3e19ddeca64c10887c0dbd8b1413d14e,0x4735de1df1c261839d1f64b42c811fdf11e0b18e,0.342342,2026-06-04 09:35:23.000000 UTC,0,0,334,0,0.0
0x39c2d0871b4fac4d6bd98efbd32946e0d44f69f4a59084ea2699b4cd4fc0b999,0x7f255513056235c0656c84050ef808fb5cb67cd9,0.0140504999999999,2026-06-04 09:17:11.000000 UTC,0,0,112,0,0.0
0xcfe05cf00bdb545dbb7e6bae81b027ef9e0d65ff229cee79889e347adec0e4bd,0x01ec8998c605aba604e73f1687d02db89d14739b,0.19,2026-06-03 17:09:23.000000 UTC,43,32,319,0,0.10031347962382445
0x3a46aa5949ddd7467f47397896ce3fdf554ad21c762ad3899369770ebb98bb9f,0x7b2e78d4dfaaba045a167a70da285e30e8fca196,0.095,2026-06-03 07:48:47.000000 UTC,25,28,249,0,0.11244979919678715
0xd14258f775b23044525722a634593de9a3f9564ab50323ce45d3c3f85374fff3,0x150c13dbf23528bad28c8d31e9784e8ec5ad561b,0.076,2026-06-03 06:47:47.000000 UTC,5,6,204,0,0.029411764705882353
0x848d63a86134e5a311f824c5c9fe81a9c0a6f9b62461ccd3c45e48c1673830dc,0xfae6b21aa8f8389e8a54059d779c66c699eccc00,2.23155,2026-06-02 19:16:47.000000 UTC,0,0,408,0,0.0
0x3f62c69beb39ae4b43c7943bfdf4b1aa3f5d4c72a548ded3b53c3f7d06a4ddd9,0x62a7a236b7e6c7934a63077c73c70310d91d80f9,0.0209,2026-06-02 11:40:23.000000 UTC,0,0,133,0,0.0
0x7aa761356d66871b80649e51cd95e288c4e3b132bdc021c10e5ca5ff3225ca0f,0xa2d4500905ea383f40c474f80c4417493de639cf,0.01615,2026-06-02 10:47:11.000000 UTC,0,0,116,0,0.0
0x3c4fe855a08e00220f7083eebe2f3235fd7914d7f3f95a7523d33b5d1733529b,0x42237c62c7fecf035da15c98432c684c5f623d86,2.1679,2026-06-02 09:05:47.000000 UTC,0,0,412,0,0.0
0xa843b2ae71123650022b76bb656232e385237d5838bf4f8148be3cab4321b21b,0x34cfc00b218a851a8eadbb8f53a96bc17522dab2,0.0399,2026-06-02 07:26:11.000000 UTC,0,0,150,0,0.0
0xd3c78f4538ec050e2d06b7acea146ea89534ceb12497bdda0dcf081029475677,0x9216025e9a5fb248aa1df99a4ffe25d620594875,0.0351499999999999,2026-06-02 07:00:47.000000 UTC,0,0,149,0,0.0
0x6da5efa5cb969deb0b6cde9f5398afa7ed776d308cf3343ea5d7d39e4935afda,0xf76421d3e1ef8264788f308ee413a627c5286fbd,0.0142499999999999,2026-06-02 04:52:47.000000 UTC,0,0,114,0,0.0
0x92e32b969f20153015f5e0fe0ece5b470b6b8a4b320bc0abb24336e247b3ef7a,0xb32540983186a85721c01bd30e089604d71034ac,0.5263,2026-06-01 14:40:11.000000 UTC,0,0,360,0,0.0
0x6cf2e4d07699ff3ecbf0b4199a8e1b772ee6653cc35ef2c33eba8fcdbfb890c5,0xa05ee11735d861afa66bf06004cb61f7370b1d2e,0.475,2026-06-01 08:57:35.000000 UTC,1,2,357,0,0.0056022408963585435
0xd4597347e46bd944fac56e8731904f6a370b4bded5574061f0016c280edc2d0b,0xae7ad5c687ea2088f672ba30452abc8efbd67eae,0.018525,2026-06-01 03:07:35.000000 UTC,0,0,125,0,0.0
0xa4be435ef08ae8e8b4a389ff82adb7555d8530490ac7e7ea367666a7e79d47b2,0x93fbf38a8be53283d863230f6de965f213a83ff4,0.0095,2026-06-01 00:42:59.000000 UTC,3,4,45,0,0.08888888888888889
0xf0cb1cd7ad15dfc5e0caffcbabf9b65ddcc08eb56122836808f34fa3de936bbd,0x93fbf38a8be53283d863230f6de965f213a83ff4,0.0095,2026-05-31 16:36:23.000000 UTC,3,4,45,0,0.08888888888888889
0x12fe4d815c1010d142187c8de989c12e044dcbc4b7366751c5c67218f190a67f,0xf7d84bf8177da67d1cb04c040b80a72aac84abb0,0.0146015,2026-05-31 14:11:47.000000 UTC,0,0,120,0,0.0
0x2bcafbf1d9e086078ae4227c7dbc318d2bb5e681c2f41de9c1d7fb49a8aeb8bd,0xb32540983186a85721c01bd30e089604d71034ac,0.2947755,2026-05-30 16:00:59.000000 UTC,0,0,353,0,0.0
0xdee279001321ab7b9f89c4c2ce6d7d6afc19822237de29d9185488d3882c5fd8,0xcd21447f891fa4b33155bafae4a971b6d3333c0d,0.0284999999999999,2026-05-30 09:26:59.000000 UTC,5,7,151,0,0.046357615894039736
0x14b9b28af859231072b5a235af6d12a75ba65571444ad8817157c6c70e9a2789,0xe76d4f0b98755b704053940cb035ce0a1ad36160,0.475,2026-05-29 21:25:35.000000 UTC,4,6,364,0,0.016483516483516484
0xa489911d32c1f641ea0d41aad462ce15cc94839f2c598f87c2faaa74b03406d6,0x9b69d3de442323182c875e0c60386729d9b605bc,0.0100034999999999,2026-05-29 18:17:47.000000 UTC,0,0,90,0,0.0
0x5dced6025771336b2a7c349730ef5b2ffc4f85e8bccfa20082f37ddbdcaba223,0xbef8812d156ef101c103d06feaa842badde44a9d,0.019,2026-05-29 16:59:23.000000 UTC,96,59,131,0,0.45038167938931295
0xce51db57974312e78e3f867afbf69b7581b376a09d1a18f894ea79a6d637f99b,0x126eefa566abf5ac3efdaef52d79e962cffdb448,0.0284999999999999,2026-05-29 13:26:59.000000 UTC,5,7,155,0,0.04516129032258064
0x8b02ad17867aeaed38666b0a2239b2a2abd69d1487dcf8dbd8b04c5b82e5456b,0x016452a1139dfbe6f6be85de8e59147dca52cf43,9.4525,2026-05-29 01:50:47.000000 UTC,0,0,460,0,0.0
0x7cde94d31205469dc5a78798b14434dfaf6f462c5e2ccc93cf8f4b41b13a4ee3,0xcd0108ec905b40502541484c2be877494359a3a1,0.0475,2026-05-28 19:33:47.000000 UTC,4,6,172,0,0.03488372093023256
0x254d3b1591a72bce40cc288a6f93f15f8f0b6a33b88f4aa1b03ea9fcd3f2510b,0xf2b399064d07aa9542fdb9db3ad0931ef90473cc,0.0117229999999999,2026-05-28 18:32:59.000000 UTC,0,0,117,0,0.0
0x092a09a3c6d7c99f4a77edd428392f7c8d4d0fe39e7ac6f6fbec3866fac980b6,0x313d146f9222eb77cbddb81906798af4fac5737e,0.133,2026-05-28 15:52:47.000000 UTC,11,13,335,0,0.03880597014925373
0x1605588a132c36602fb3063c0779338fc3dd460850917d6db8cf4e720963a6be,0x29935ea40d1ff667816fa243c4913f54d01c092f,0.0095,2026-05-28 15:36:47.000000 UTC,3,4,49,0,0.08163265306122448
0x029206de0bce7ee7cbf30b6db19b313895a4bef26fc946330e14f63bd915c3d7,0x7f457946582943595ee3fc48cde47c50c451bfff,0.038,2026-05-28 10:26:23.000000 UTC,16,19,167,0,0.11377245508982035
0x56b48a7e051baa44d435a8befb9963ce8b083904c40120d59ace117cf3a7e78c,0x9060ff5e17aadd205d45891cfafec9cb83feae62,0.17575,2026-05-28 09:51:59.000000 UTC,0,0,355,0,0.0
0x31645a8f8b8b8862177b912312b9709015cba5daabf88985b994c281557d4778,0x9060ff5e17aadd205d45891cfafec9cb83feae62,0.0095,2026-05-28 08:54:59.000000 UTC,6,5,51,0,0.09803921568627451
0x58fd698af9feae41a40bd432e7d2e365897fde46cfb7d9ed62009ba43e448617,0xfaa0c1a1c39d58a724160427fbb39608fe63233a,0.0163495,2026-05-27 10:34:35.000000 UTC,0,0,138,0,0.0
0xf5739ffafd6cbd5d58d99b75940c2a8b6216b913f65765a9fce6c802cd2af845,0x92a451882dab251d2ed6298b153065f8ad32433d,0.0137274999999999,2026-05-27 07:55:11.000000 UTC,0,0,132,0,0.0
0x5bde827ea59c3aba2a12c66880f62b7e801c9940748bc67092106bafec8102b6,0xb28193b29a27308ed25cd5ee967eb700435f1088,0.5076419999999999,2026-05-27 07:16:47.000000 UTC,0,0,401,0,0.0
0x4e32567e48d892f4da3b6fa498731e5e5dee9e3391f219bbae7d399fe1dcd0bd,0xbb9e6b5e0730f20d1cae914daaa0ba91e43fe2f8,2.142212,2026-05-27 03:04:11.000000 UTC,0,0,464,0,0.0
0x55c41fcad54f8b9742601bdaeee562cf03d03607f511527cb660505ae9d05e4f,0xe69a634a27a0cb65e755a1bc031eab8c582b338f,1.881,2026-05-26 22:21:11.000000 UTC,0,0,457,0,0.0
0x0fb2b3766d660cf78f65c3415242d10effcbf411843a1017e8923d69e7418361,0xa3dce08c0d4723a42d44c5926c7efafbe4479118,9.69,2026-05-26 21:39:47.000000 UTC,0,0,490,0,0.0
0xf3a9c745eeb77faf1ec0837911e670fa3bcfa798a30010679fa405ce8329519e,0x21235cb051cc004d2fb3901fdfacfd406d833cf0,0.09595,2026-05-26 19:27:59.000000 UTC,0,0,292,0,0.0
0x46d7b72d726d9a4d82bcd1136c2a42041db9e82b90a26e345b5557ac76e8251f,0x21235cb051cc004d2fb3901fdfacfd406d833cf0,0.1016025,2026-05-26 01:32:11.000000 UTC,0,0,319,0,0.0
0x38a79fad97c384e8c3cd9c09d481d2317dd2aa86592927867a83a14871089767,0x8fc1b5634f89b2fc50880a70e7e8e054f9496d2f,0.4446,2026-05-25 18:31:35.000000 UTC,0,0,401,0,0.0
0xfef9113f5a9b19a79d7b89fe33c6d29aea0f7e208d3d3ea1e067f6bea06009a6,0xa2c41535b6c77e9a0a8012637ec79b21a93a70a6,0.0351215,2026-05-25 17:17:47.000000 UTC,0,0,178,0,0.0
0xfb9df7e9fd68d13a53907b13bffdb81166feba31c065da9638077618c0c538e8,0x7cea076162dd284747fd04fb5fdfe3e69832d024,0.043795,2026-05-25 16:01:23.000000 UTC,0,0,186,0,0.0
0x7249bac2183d4c482885012152e21a759e9f283e957379b28a19b678ff0a5372,0x7cea076162dd284747fd04fb5fdfe3e69832d024,3.9615,2026-05-25 15:57:11.000000 UTC,0,0,496,0,0.0
0xa1894fdaa8b53732a12d3aff68163d2229dbf7936ce2d6e23cfc973e2e76b457,0x772318aac576f599e7b989520b017a8124d4b4b9,0.5921635000000001,2026-05-25 07:26:23.000000 UTC,0,0,429,0,0.0
0xb80dbc443e08c066094ddfaa02f43debefbf81494bf44d90a49f1064fa463a7a,0xea869669210a69b035b382e0f2a498b87dc6a45c,0.3324999999999999,2026-05-25 03:46:23.000000 UTC,5,7,404,0,0.017326732673267328
0x5672483bc8a8dd71d574ef6547f8cfb32250ff17609fe3a8e582e9f194c7b7f4,0x8d098d7a59c234fe66175cb2994f1eef3456cb1b,0.95,2026-05-24 17:38:47.000000 UTC,33,29,440,0,0.0659090909090909
0xbaa9a70f7116bed8420b6fe1c8b5c38e9a47c3bce0cc131a82341392f6affe5a,0x4cbc16e83d42c9550d32a789687c178c9cf4c1e2,4.75,2026-05-24 12:55:23.000000 UTC,5,7,512,0,0.013671875
0x63ae47644c4693f9210a7a869bc12c273e84f8dc0bcc1a4413494aa71f707344,0x1ca8c4f3c77495da7e197c5b14154c19b8beee5f,1.79265,2026-05-23 23:41:11.000000 UTC,0,0,489,0,0.0
0x20cb2ec479c47e9a805b848a2ea3fea79f809ffe452e302e7420fbce3ef7fafe,0x87a5769ee0f51575b47ec07362b94e13868c25ba,0.026638,2026-05-23 12:59:35.000000 UTC,0,0,177,0,0.0
0xb2b9c1b4be79c096857fecb7ea914a265fbe96fbf9481095fa14887772db71c2,0xdcf1a0b0c03b4df58e052133662a3b74cb9d47e1,2.866948,2026-05-23 09:34:11.000000 UTC,0,0,511,0,0.0
0x973db5df3df11532890e9f61547d70a1110b998d56b130c043d982b5eb0d2316,0x92a451882dab251d2ed6298b153065f8ad32433d,0.5247324999999999,2026-05-22 23:53:35.000000 UTC,0,0,433,0,0.0
0x3d453e0250d7fd47d7ca2a6e3aff3ac5ab8130912947e876c63f501b19e3cfbf,0x69aa4b1c616c9f2a08d57bc8809a199d07c978c0,0.17195,2026-05-22 19:13:23.000000 UTC,0,0,387,0,0.0
0x9b6ab7357646849b0aadc820203795261a3a5352077b342d7dadf78fcdd6802b,0x62a7a236b7e6c7934a63077c73c70310d91d80f9,0.0095,2026-05-22 18:56:35.000000 UTC,10,10,57,0,0.17543859649122806
0x82d36c1dc44511a43eb2f1fb34c5b9197b326d33e9abd35d2051c12f59e98c92,0x2d41e78eb5fca77f6325f0fb471350237cc96855,4.275,2026-05-22 18:07:35.000000 UTC,1,2,522,0,0.0038314176245210726
0x9799942c63b72cd54b8a846da0f2a02dbe9761b0369d2e7589d4bc0738229a16,0x7e1314d619dd690d47584f60a9fa619a148b88a6,0.0259159999999999,2026-05-22 13:06:47.000000 UTC,0,0,179,0,0.0
0x0f628923f2e0825cd825b703b8ef92e8c482f0a46539b06f8bc9db128c0f6f6f,0x20ac49a77978e58654accf2fdbacd11cefafe3b8,0.475,2026-05-22 10:38:23.000000 UTC,10,9,427,0,0.02107728337236534
0xd55140930a42cf589cd842448739d4bf9dcd5da3085b128dc875ba57d8269254,0xba9b359c89bb8b8985b7bedba7ff143abbd2dadd,12.35,2026-05-22 09:58:23.000000 UTC,0,0,545,0,0.0
0x52231e7f8ae8a5931bd44aa8b58e066abcf6c48554cefa6034ae85e990115e94,0xaf0753280b83cc691169614e39544dcc57216a41,0.0095,2026-05-21 21:07:23.000000 UTC,13,12,61,0,0.19672131147540983
0xdc6c08ba4f2d4e955aefd8b813e886a5e3be43cb081879d1ef3474ba84e703f6,0xc88bfccf6f2eb6353590b4a0c2b72090b430986d,0.0399,2026-05-21 20:12:59.000000 UTC,0,0,195,0,0.0
0x95b435a6528b5d378ebbfe97832e7761423dcf802b19f0d8583a52b45441ffb7,0x75beff45c9093dc1f0692eabac022e2e60a8ddcc,0.064638,2026-05-21 14:55:11.000000 UTC,0,0,249,0,0.0
0xab52561a4bbf6fa32a3101c3122907fcac5296c6b44749cd72ecf4ceb145c6cb,0x1e82ec431735b6fba229d26ac427df7443ff78c0,0.9443,2026-05-21 08:25:59.000000 UTC,0,0,464,0,0.0
0x04c44d2bf27d81d635af79972538171deb798e82d707cfd851a60c314d771779,0xab968fb9c837de8e76639c645201cce4591e1186,0.0525825,2026-05-20 10:32:11.000000 UTC,0,0,231,0,0.0
0xb5c44e5698f0713898810e12229212b5df33643245b739fb289415afe0f70995,0xeab8b1547818c37fdcf825bd7a5c3e384b2afd31,0.475,2026-05-20 09:51:23.000000 UTC,10,9,451,0,0.019955654101995565
0xa059e41ad44e9516630c0c231d4891d2bae59e296074f5ad8203ed99848e2211,0x5701a8f44906e4b515f5cfc0e09ea0d910f4fbd4,0.0320245,2026-05-20 02:58:11.000000 UTC,0,0,206,0,0.0
0x63f6218c698f9aaac43581f74b2961e6512d540383ed2b5f2920b9b1b2a6114b,0x92a451882dab251d2ed6298b153065f8ad32433d,0.95,2026-05-19 23:26:35.000000 UTC,59,55,482,0,0.11410788381742738
0x5a518873395d58c89d334e0a498819303aa2d8a77d407941eaebcccd52c43be1,0x91af83c06340da04ea53c5cf917fa843ed094ec5,0.095,2026-05-19 23:06:23.000000 UTC,110,98,331,0,0.29607250755287007
0xd0585706d80c6ae931d2a5d17feb003b5b9b8672b89a607b1c13aeda5563b272,0x4668988ed1d9226cbae65c4c7c8c268c2ead2aca,0.0117229999999999,2026-05-19 22:54:11.000000 UTC,0,0,152,0,0.0
0xb1b0dcb35e7bc2a083db9206ee7be55c6e1bc6ae70e50e452e6b127a1937c812,0xafbc93ccb2b0edf4d6bbe4a604c31806f216839f,0.018639,2026-05-19 17:17:11.000000 UTC,0,0,173,0,0.0
0x44e23593d1b76bf75025f630f665adbde6c0c16a036c2d152e80b3fa8a15baf2,0x70380e4edd5834399681f953c4bb2fb6b6fb1391,1.3221245,2026-05-19 15:26:23.000000 UTC,0,0,531,0,0.0
0x2fbcd5cdb1de24d070828a316554cbb7bfa366b9146a69549f6636b11ce037bf,0xde6f889d24471f618bc371d68232fb99f3ce4d2a,0.0095,2026-05-19 08:47:59.000000 UTC,22,18,69,0,0.2608695652173913
0x65289c24ff6bfa6b4bbfddf4424668fa35ddf56a0e7b2d0329b0f9c5659f99d6,0xc53628263e78e42edd621959151e20dde2077a3a,0.0504847483849827,2026-05-19 08:37:23.000000 UTC,0,0,234,0,0.0
0x2350de8ee62182478bdb91f812e0cde94080cc095b3c75c3d5af54d9370c1574,0x82617c5ead9f3f1a89c4b4069bc3e8d442a7fb57,0.0215934999999999,2026-05-18 13:42:47.000000 UTC,0,0,196,0,0.0
0x80a2149e83a9a1f9a2cb563a2a92112b757b5bd03f5fbb81000e4e20ac1a61b5,0x4b92ff7faa400266241075e4ee2b146e3fbe6664,4.524184999999999,2026-05-18 13:40:47.000000 UTC,0,0,582,0,0.0
0x9a9fe691a5b14e16ef58abb21e3c1d3259be6c5159ce2dc51acbb80ae7725f7c,0x84fc011c5d865eef0ca48a08da9d5ff0e33c82c4,1.1884499999999998,2026-05-18 10:10:11.000000 UTC,0,0,539,0,0.0
0x6dad87ef6ff5d7c2f8b3d3728eabfa7e3380612a154d42082e61611f29a8f68e,0x82617c5ead9f3f1a89c4b4069bc3e8d442a7fb57,0.0161595,2026-05-18 10:02:23.000000 UTC,0,0,174,0,0.0
0x3a3ad019984de3cf9ada7c378205ac8fab27abe9b26244f4f0f54de73f9386c8,0xe70f3bfe1ca6e3b277370df3b2e39bac393b2224,0.0475,2026-05-18 07:20:59.000000 UTC,11,13,222,0,0.05855855855855856
0x535a57c37b73a2915136382ee5b0b7951f9996188e8f0d3ce60a4db3b9d22868,0x1e82ec431735b6fba229d26ac427df7443ff78c0,0.88825,2026-05-17 23:03:59.000000 UTC,0,0,499,0,0.0
0x350472b21cd5bdfa7f9f813008ccd8fc20a6bfb3c4780a66e0502340da8e7223,0x0b5efa9f66372d1f3873a20b6c5a168893f05fee,0.0678775,2026-05-17 15:53:35.000000 UTC,0,0,278,0,0.0
0xb851e9b525c75ca14ff5cb794ea817394d7dd87fb144dffa41b99dbbaed12fad,0xe0c0a750dd14b2755f27bf74cdff9b17d74aa5f3,0.095,2026-05-17 13:14:47.000000 UTC,121,108,343,0,0.31486880466472306
0x6f9172a40f6d776fa5813783b9cce957e58aa5c2cc94f695ec7745c461cf58b8,0x24377319a876e7fa143a0cb3c95d68308e12849e,0.95,2026-05-17 08:39:59.000000 UTC,75,62,506,0,0.1225296442687747
0xc54accc0a1aab80a14f44fb27eacea4f9b7eb3b5dc6fcd065dbf5721911eeb9a,0xba9b359c89bb8b8985b7bedba7ff143abbd2dadd,0.95,2026-05-17 07:53:47.000000 UTC,75,62,506,0,0.1225296442687747
0x0a1b923a3f1056b10f5cbd68c16fab0ff321c723a5d55e4ad6462d9f76b62e1f,0x6ceaeb43bcc326033d86ae33f991c03467679ce4,0.95,2026-05-17 00:02:59.000000 UTC,78,63,508,0,0.12401574803149606
0x778c40b20d089aa7b6dcab3fb472f26eaab29ba1da0a59e68a2a7a11c0c4a162,0x24377319a876e7fa143a0cb3c95d68308e12849e,0.95,2026-05-16 16:25:47.000000 UTC,82,65,511,0,0.12720156555772993
0xd68aa46cc9d55f57c03301e583391d5b10ddc37d179f579a4fcf31e4a5cf6f72,0x810e2501778eb8bcd553753a57864f32cb328474,2.5563455,2026-05-16 11:16:11.000000 UTC,0,0,597,0,0.0
0xe27e7892513dc71931b0b9b7936b95683bd3d099b77193f7212730e487e01d43,0x7ea423eaf67b2fa4d755340ab3951f709f0e4088,0.0357160272122592,2026-05-16 08:54:59.000000 UTC,0,0,220,0,0.0
0x4afb8a456d1e0bab5f879071176f9468634cd5ecc62cabfa39f38ab333c6cea3,0x14e59f91c2a757fe636af2a451a5647f6af40775,0.0143165,2026-05-16 06:15:23.000000 UTC,0,0,173,0,0.0
0xfa9e7466ea6f46564fcde6b4493878b86592542a545952d4428b8a34202f83de,0x8b34af48e6d9decf8d3360888e2633b48d964cb8,0.0095,2026-05-16 04:25:47.000000 UTC,22,18,70,0,0.2571428571428571
0x4d2c78b91f254c6b8b2f62d6dfc8dc211bc50934fd25853bb9f6cd1bfe47bb0e,0x4a77bbf59a9ffa7ab370985667311e879425aecc,0.0154121060419855,2026-05-15 21:21:23.000000 UTC,0,0,180,0,0.0
0x58a5c6cf2f43169828651381ff75697052f40b075c5b54cd9d97a97e0786ddcb,0x38fe097a85d880ebb752fb07d895b11aa5715ac1,0.0104250928344132,2026-05-15 21:20:11.000000 UTC,0,0,155,0,0.0
0x12062c7f7611ad0d421099d38bc002ca85272ec478d7627ef74835ee072311b4,0xaf985996948c24d690cff39282d43e295f52820d,0.0095,2026-05-15 14:29:23.000000 UTC,22,18,72,0,0.25
0xf5ad7dc76d131293e32cc75b09750dc157ebdc19f0404e677188c7c13731a3d9,0xac376e51dde5eb61f457f2762101006718c86887,0.2891333635068078,2026-05-15 12:49:59.000000 UTC,0,0,470,0,0.0
0x94c6c7b19256959fa1af73861d1d85fa647625b1fec84af89ae98f61178c2fcc,0xad3abcc0f8c241e520f4ecd496a3bc792e96e1a5,0.26695,2026-05-15 11:59:11.000000 UTC,1,2,467,0,0.004282655246252677
0x8496cb93176e2373d5130da44c490fd4000eca575eff62fe9b8b36a70cff2968,0xad3abcc0f8c241e520f4ecd496a3bc792e96e1a5,0.0095,2026-05-15 11:13:23.000000 UTC,22,18,74,0,0.24324324324324326
0x70f8ae39b39477131eebb848988126ab1bda5a5542032bb5e04a2c6a62650a17,0xc88bfccf6f2eb6353590b4a0c2b72090b430986d,9.43635,2026-05-15 07:19:23.000000 UTC,0,0,637,0,0.0
0xaeb4bcdf8d1f33f6bc389aee7c9741b02ac2e7169e7e05fe84752114bffb62d6,0xc88bfccf6f2eb6353590b4a0c2b72090b430986d,0.0095,2026-05-14 23:29:35.000000 UTC,22,18,74,0,0.24324324324324326
0xc9059908d2cac594ed8a6f6d32f688f8e159a8471b65d1ec6b610c26cef08628,0x2a2334216b7b76df267617e52604cc17a5bb7d73,0.0809621061825167,2026-05-14 21:40:47.000000 UTC,0,0,327,0,0.0
0x3ec11e014c4da0fa1db27f9abbfa8a9b820b96a4bceeb6f6c4a3240b6ce7bb4c,0x920c02568c6e63198c6abb8f8a6506597d8d0eb7,1.3091,2026-05-14 17:26:59.000000 UTC,0,0,583,0,0.0
0x00f6684686df37e54b1f392278e80e4c9b2abc2f86024e876216be7bee52103c,0x8251a50ef7ccd7c5c216d8ca67276f24332d8573,0.095,2026-05-14 15:57:35.000000 UTC,131,115,359,0,0.3203342618384401
0x10d470100e5c139c2d3c291f0e43f37f904defc9bccb65302579d0e6592513b9,0xef878c3d52d5372df671c0e3126def8fe69f4bf1,0.02375,2026-05-14 09:41:11.000000 UTC,1,2,218,0,0.009174311926605505
0x654af8fb7729fcf8740adef9f5a422143edf031a6235597e0b9b1fd67bcb62af,0xef878c3d52d5372df671c0e3126def8fe69f4bf1,0.247,2026-05-14 09:36:47.000000 UTC,0,0,463,0,0.0
0x2a265df22bcb1430c26cc91219e02919342e8e4aa40e9c94203a16e969f7c237,0xc88bdb7d26c49d6860891ea5b584cad55986978f,0.0095,2026-05-14 07:29:59.000000 UTC,22,18,75,0,0.24
0xf0fb0789065ca73f3ccf1361b1ae9847f20ba5f938fa1170273d4121fdf9c65f,0x438615976c27b2b44f57ced3ac73b5ac113b8730,0.0095,2026-05-14 07:15:11.000000 UTC,22,18,75,0,0.24
0x0d4335942e23309e8c789d3e8ab4acf0a3be2d7df5167db5a619bc519bd1454d,0x01a5b80d449fcbc0d99c9feaf07c72bf59a81bb2,0.0095,2026-05-13 22:08:11.000000 UTC,22,18,75,0,0.24
0x840ac079edbbd2d8d80b94c121eb5209a938320dcfd96abcd5d51975376593b6,0xf7d84bf8177da67d1cb04c040b80a72aac84abb0,0.0475,2026-05-13 21:43:11.000000 UTC,12,14,241,0,0.058091286307053944
0xdbf4f03a590256732a92dd6151ab6fafd464801f94d0713c502c7e66b7db8970,0x7c92619e6f313a329702b323cc6c729ea2dd18ab,0.0551,2026-05-13 20:22:47.000000 UTC,2,3,272,0,0.011029411764705883
0xc24dda68dc0f9687811768455c0d380bf6359c92346537dfd3b7ba9fe9c748ed,0x1a02af50f11fa5fa5e2ece35469e7467b6d4d7b4,1.4098,2026-05-13 17:47:47.000000 UTC,0,0,591,0,0.0
0x4c647b972f57369ff2786e66cab5e6766272c6be73d739d7065f843bc22d3429,0x02d49697139f40bdf3950cdae931b150e0fc05f0,0.70585,2026-05-13 15:00:59.000000 UTC,0,0,522,0,0.0
0xf6bf640255b354b9c24d069b4e28f2f2fc82aacc7d614e5ce23af915223369ef,0x02d49697139f40bdf3950cdae931b150e0fc05f0,0.94639,2026-05-13 10:22:59.000000 UTC,0,0,534,0,0.0
0xcb0289ca83268752439250c8be43edd8984688ad56a62a5fdbc4e852b0090b73,0x1a02af50f11fa5fa5e2ece35469e7467b6d4d7b4,1.6131,2026-05-13 09:54:11.000000 UTC,0,0,602,0,0.0
0xd0d067766bbf553c5023de020ef496c126601bcb669a119df01994688d6a0cb5,0x69c9fc84415ca15822e533847b5d60518709085c,0.3819174106146093,2026-05-13 08:47:47.000000 UTC,0,0,491,0,0.0
0xe5dac92250cb26dad608d84b44d6ad8312bd87aed9f1eeb8a2977e51e10fca32,0x920c02568c6e63198c6abb8f8a6506597d8d0eb7,1.235,2026-05-13 07:59:35.000000 UTC,3,4,588,0,0.006802721088435374
0xee3787fbba4f91a32dc2450cb2fe9f47482766a47ff8f729650032d59e5544aa,0x920c02568c6e63198c6abb8f8a6506597d8d0eb7,0.934325,2026-05-13 07:09:59.000000 UTC,0,0,534,0,0.0
0xdf83059368b9fa6060291bf67ea6eefcc2876b8359b0a850bc0d53a31167942f,0x53bc793bb9afde6c9ccedcf33018f1611507b7b3,0.8514849999999999,2026-05-13 02:06:47.000000 UTC,0,0,531,0,0.0
0xfd3d7daf805b944808db78df3ee18b23fb314575fa466039b1f421c09f1a66b6,0x1e82ec431735b6fba229d26ac427df7443ff78c0,0.3515,2026-05-13 00:51:11.000000 UTC,0,0,489,0,0.0
0xc471b084d352c740ad78968d9f43cb0cecec96f538d127d19070b4fd8f834812,0x1a02af50f11fa5fa5e2ece35469e7467b6d4d7b4,0.917035,2026-05-12 15:21:47.000000 UTC,0,0,537,0,0.0
0x1f5eea658b36ea657f268fcb2c9c470d4985abe04a70ac12907e7f25a731ca4e,0x8e7c83d8a6577bbfa48493c94e7784b5b164caf0,0.0095,2026-05-12 10:03:59.000000 UTC,23,19,76,0,0.25
0x8fcda6d72c313d6e111623e1ee6e77330c911199388d760f1931d2c2ed43da3b,0x1e82ec431735b6fba229d26ac427df7443ff78c0,0.0095,2026-05-12 03:32:35.000000 UTC,23,19,76,0,0.25
0x69d6f08218f77401d6a547db413eec3c454a115565ee3364566cbeb917f94a6b,0x14690c80f670353f5c041b6cfdbfe6fb8aa2ccad,0.0095,2026-05-12 02:42:47.000000 UTC,23,19,76,0,0.25
0x89d34f36595d3abd3932d9dfae8272de3c5c6eeea05188d51b64690de0aabf85,0x14690c80f670353f5c041b6cfdbfe6fb8aa2ccad,0.095,2026-05-12 02:41:59.000000 UTC,137,120,366,0,0.32786885245901637
0x68af5d2b2d6eea07666acef1b6795d9779ca1031e38ff8740b71967f65d128f2,0x87efe13f5835865a03a10bf365a8c499ce4da3d7,0.0095,2026-05-12 02:37:47.000000 UTC,23,19,76,0,0.25
0x2a1de6a89022151c4166a975526b6c4604d6c68159262ec60ab72ac276e2b2db,0xfc4b2a62a06cb2e1c6a743e9ae327bb16977e4c1,0.0475,2026-05-12 00:30:47.000000 UTC,12,14,245,0,0.05714285714285714
0xdf3958f33144015add71ca8ce9c8488af07099085b1ade2185749dc82f4f7cf7,0xae4d03c653ca3cb60331e6c222ee3f37a5684458,7.748931499999999,2026-05-11 21:33:47.000000 UTC,0,0,651,0,0.0
0x665b944f6c55f2211935a9e3705af1670361ddb5e0cd4f512336f2cfb5280307,0xf7d84bf8177da67d1cb04c040b80a72aac84abb0,0.0475,2026-05-11 21:31:11.000000 UTC,12,14,245,0,0.05714285714285714
0xb23a19594e5e85ff23594b94ba5a1dbf0be58f95e27061d285e1f5e6dfc6ac87,0xed1e1c44f2ff7f411152e2f74717b60127c5e313,0.0256625838889739,2026-05-11 11:58:59.000000 UTC,0,0,230,0,0.0
0x132a308b5a6c9b7eb6812b160bb59e2f94887a9019fba308fce125b2cb945ca3,0x016452a1139dfbe6f6be85de8e59147dca52cf43,0.95,2026-05-10 21:09:35.000000 UTC,97,73,548,0,0.1332116788321168
0xd5c4f464fa5fac444a9aa974f67c55a0d137d6e805ef2101684bf0acd7177482,0x642c9beb46de344c1ecdedf296e0a82fc581a728,0.475,2026-05-10 20:42:11.000000 UTC,12,10,509,0,0.019646365422396856
0x6f513d9ec493f66a03c1258cdf2ee2ad367c3ba10e2ea125f39c94640ebeb8f6,0x2c846cb9073cdae13833eb6e987794e9cb5063ab,0.95,2026-05-10 18:30:35.000000 UTC,97,73,548,0,0.1332116788321168
0x8377d96ecf7dda01528d692fe2ae1fb5f18c84c8a78d4be635692661a86c5b9a,0xeb74bd3d13261c79a85a0b1381f962beff8677f5,0.019,2026-05-10 14:48:35.000000 UTC,175,105,195,0,0.5384615384615384
0x897a81bb9021f6aa689187e5623820083fb16b842e883d5724553185c575193f,0x61e1d48f6569e03fe203d15e92ec20bdca73a7f5,0.0142499999999999,2026-05-10 12:52:11.000000 UTC,1,2,184,0,0.010869565217391304
0xefa06309484651eab81f71c5ec361ff39c61235de4f09b3e6ba5c7b455f63b86,0x810e2501778eb8bcd553753a57864f32cb328474,0.95,2026-05-10 11:36:47.000000 UTC,99,74,550,0,0.13454545454545455
0x6730144b00271db53348fb45347acfa9b5ddf015d635bfdac7e7ee066e026660,0x36bafdb7052c17e08f269b27c7a3e8b90386d74e,0.19,2026-05-09 18:58:23.000000 UTC,179,158,464,0,0.34051724137931033
0x08b19ddc58c032b20a7e2d8bb49d4e8b81152c57be14d432ea0fcb3f0d51f203,0xdb7ec159ca69ae19647e8db5fd5809a6bac17d4b,0.0836,2026-05-09 18:15:23.000000 UTC,0,0,344,0,0.0
0xda7a1229e51348034e9c6d5bf9d185cd4ea51b7da1fb0a00641ae6f25b8dafdb,0xf69696da236cff4a67c4b03fdbf82e592725ff09,0.95,2026-05-09 15:49:47.000000 UTC,101,75,554,0,0.13537906137184116
0xe4d55f340b821040608c9eb9220daba32cd51a69383e8e2028fdf25854a7a9b2,0x86cba6f2749a58738e5f177a3c9ce594aa0874f5,0.3463348938046212,2026-05-09 07:07:23.000000 UTC,0,0,503,0,0.0
0x6d1928f34bf62b04c34d694197c28a73a462065fa776fef6eef0d4cc2dbf59ec,0x300f5c34a2b197b24131173ca7c677c1662f04f9,9.405,2026-05-08 21:32:35.000000 UTC,0,0,678,0,0.0
0xc18ebf9ec79fa32e843a22b3461cb0c11737a7df79cff2471c5f793317806f5e,0x559f4470570c1fc9e0e50dc8f25c1d43a78e65a3,0.0095,2026-05-08 21:30:11.000000 UTC,23,19,76,0,0.25
0x6a50db94d627ca3f62c2d3672f7916f68b9d177c8575fb3fd5675bb5b34f3c98,0x87f19ee730aae93ac8654fe1543aabbe47b515d9,2.85,2026-05-08 16:30:11.000000 UTC,7,10,653,0,0.015313935681470138
0x8ac0deac33406eba0dcb5239d61da1a5e40088c4f25ddab5632cdda640db9ea8,0xe04885c3f1419c6e8495c33bdcf5f8387cd88846,1.4249999999999998,2026-05-08 12:53:59.000000 UTC,0,0,631,0,0.0
0x594584671292c307349e6bdcfdeb6465ba42c8829257b2aad62d85d06d5580e2,0x2908d78a4aa610d759863f4f8315fa45d8c2ac38,0.095,2026-05-08 05:39:11.000000 UTC,153,134,386,0,0.3471502590673575
0x4e5cc67cfd7722da4bd1ac1b22d9edf1c5c22c1ccca9f1b8a55b9c66d8a39055,0x6e6031664a1d3d7f5d3ca8b8af5ea5844ba9ad60,0.3091965,2026-05-08 05:37:47.000000 UTC,0,0,515,0,0.0
0x4ab1caac4784456b2965f00d2e37ce93d66bbf1fa13146ee8c02c5f022210d51,0xac52f6a5bc82338f338b041fcb7c936d5380aae7,0.0095,2026-05-08 00:49:11.000000 UTC,23,19,76,0,0.25
0xe06237ceb1aedd5667e0625de1970edad4c50992260ce0269a9e7bbe5a0aade7,0xf4f7f1bd0905efe61382de895ec3c1ed321b995b,0.4726249999999999,2026-05-07 15:58:47.000000 UTC,0,0,537,0,0.0
0x537f425b8d7f982abc28634868d4c92d30438b21fa12a53706e5430966ed8c37,0xaed258dd5279b6ce2919abaf27bddfbc4b7a59bd,0.0095,2026-05-07 14:50:11.000000 UTC,23,19,76,0,0.25
0x18c5b15f23ac29747fb84f8628023efbc2dbcad9dab5f4e9eede56e14ac80b56,0x1c1eee38fafcd3ad45acc24713a6986db7067e61,0.0095,2026-05-07 11:07:59.000000 UTC,23,19,76,0,0.25
0x897bacbb82bded2b0857cf6682cb09375ab01f0249daa649058836278fb253f1,0x999b19896825ed756bdaff88eb6f3343e5009d94,0.475,2026-05-07 02:36:59.000000 UTC,12,10,545,0,0.01834862385321101
0x228934619dbc8a0f6e0c571a051a5de52bf3ddf3ad07c98c5b671fee8abb8f68,0xf29bf2c1e37e489ff8bc46314466aa75aed04ad2,0.095,2026-05-06 21:58:35.000000 UTC,168,137,396,0,0.34595959595959597
0x975f11a58612386290b4fc147cd3a36d66cf59a8d5021aeccd782c8130a2b15b,0x5a57183b748ba614d900f224fa55c5a96b7f7971,2.6125,2026-05-06 21:17:59.000000 UTC,1,2,689,0,0.002902757619738752
0x127e94a70df1bb1f0a6fedb40446d1edb4f3fd458605b7d5341a418213b9771e,0x3a3565a98de133190f7aacb06d6c684c61562b18,0.039577,2026-05-06 19:03:23.000000 UTC,0,0,257,0,0.0
0x714b4c047f61564e23bc8189fe8fbdb99c71d1140d48375ae35c3a44a005b0f6,0x51c78f231e370cede067947d850c0c94ce5c9a2b,0.095,2026-05-06 15:55:47.000000 UTC,172,140,412,0,0.33980582524271846
0xa2faa3fc4f75a16afed7d1dbc09f0a25e3f0025107413279ee14cc958dd00ee8,0xc3ab4f4451d65299540242bb8ab3c2c65154b3f6,0.4085,2026-05-05 17:36:35.000000 UTC,0,0,592,0,0.0
0x2dee08e132d2a48d2d0154bcfce1e81ee8d669815cced3efbc0ef94a33d2f9f5,0x6216dc3a208650866599f39b021614e5779da96f,0.0095,2026-05-05 13:42:47.000000 UTC,24,21,81,0,0.25925925925925924
0x09e8511ee90722b02615973c5b0daa0016337ee541ad2e239228196c10226407,0xfead4a41bf3654b1531b705001cbe94d2078ee1d,0.0123499999999999,2026-05-05 13:08:47.000000 UTC,1,2,201,0,0.009950248756218905
0x67f2672124632f45db3ec1dc9dfde1075a65bc389e006dea3b842a2555a72047,0x9fb0873a5392d4fe376f18c67f5199676ea9a81a,2.109,2026-05-04 20:33:11.000000 UTC,1,2,764,0,0.002617801047120419
0x4b7f08c05cd778d3fb7cbfb49db089a69cc4db392acab49d7632945a0c3757fc,0xb9d800cf1e46eeb00cd1c15a887a2c2e049c30eb,0.475,2026-05-04 19:47:35.000000 UTC,14,11,629,0,0.017488076311605722
0x50e3c6ecad9cd9f1480bda13cd6ab492040e171ae31867b87f9802286984d12e,0xa0df0e58e5a0d7c61d3ef0a140cce006cd1b12e6,0.0358815,2026-05-04 19:29:35.000000 UTC,0,0,276,0,0.0
0xa04ed5ea298f13ceb673f0a745a919d5cff0f3e87ce525dde162fe4396016f88,0xa0df0e58e5a0d7c61d3ef0a140cce006cd1b12e6,3.29935,2026-05-04 19:28:23.000000 UTC,0,0,776,0,0.0
0xc16c7fd61f3fe81208e1834557cfa17dbaa92fe6c64ae1736a7f789b6bb871d3,0x1b444476659be63a7912fe1b1b0cb6075d1426aa,0.0095,2026-05-04 13:39:59.000000 UTC,24,21,82,0,0.25609756097560976
0x68e9adb28ea25e342a63aee5cb81c2bd54722790ef4f48e60a76bdda3bfd88fa,0x1b444476659be63a7912fe1b1b0cb6075d1426aa,0.0095,2026-05-04 07:37:47.000000 UTC,26,22,84,0,0.2619047619047619
0x3e60e6e403667e92bc20d70ee13957b3bd616ddbce547b36d081d52b70c05105,0x1bbebe590be080a6b32d853167679480e7a973d1,3.984962002372576,2026-05-04 07:20:11.000000 UTC,0,0,782,0,0.0
0x2361cd19339a9475fea12db9d47b14d5feaab8567ac7e799b7d8edc3338e2490,0x14690c80f670353f5c041b6cfdbfe6fb8aa2ccad,0.95,2026-05-04 03:29:23.000000 UTC,161,101,680,0,0.14852941176470588
0x68ba6a0404cb2a4adfb7d3ac292c35942b87fa4dca2948fdb824901134aac7d5,0xc83081cce55157bab220bcbebec51661c8053546,0.0095,2026-05-04 03:22:47.000000 UTC,26,22,84,0,0.2619047619047619
0x3114c52d6af7993c29001a527b3ff2a4f3a338d4d6957825fccd512e1e3ad109,0xc07d58cbb4b96deb79edb2c37c46127233697a94,0.082745,2026-05-04 03:06:59.000000 UTC,0,0,408,0,0.0
0x50e12dd5a71fb8262a9cda0b956ed3895a85363099a553b1af91798df6713f6c,0x4effd990230ae0826d27141ee1caf9a199f33559,0.3781,2026-05-04 00:47:59.000000 UTC,0,0,628,0,0.0
0xc3e7e574fbf056716d8bfff53eb90b4b23783df98395104bf36b0d39a23fed4a,0xe476ef097ed0dfb6d96a31052eb219a4ce1cad1f,0.0301625,2026-05-03 21:26:47.000000 UTC,0,0,278,0,0.0
0xe16c5f24aab5430f0cacf37f1a3b3a35a498aa0b4fab1fdaa01a558bc823cb4a,0xc48b1d6ef9ac4e6d46445aebdbeb556cfef1ee99,0.0095,2026-05-03 19:56:23.000000 UTC,26,22,84,0,0.2619047619047619
0xe571e8394045a64f34be245ab3276f6b5f80441b21d07b289977f33a5380d891,0x860c12329c89c9131b2dc90b20769f5388b24b1d,0.015675,2026-05-03 17:51:23.000000 UTC,2,3,220,0,0.013636363636363636
0x50066feb538dd35a1b1ea7d7c05170038d26fe642d68fd34cadc8166a1a16bd2,0x028c018a43758e410442208d0e646ce30bf8dee6,0.1007,2026-05-03 08:49:23.000000 UTC,1,2,492,0,0.0040650406504065045
0x7871c527a573a94a247aabb0da6a47c1ce0c50f222fd573493c0c3a93440464c,0xf06bea76361c200c8200117bd1c0f836fc4a0e70,0.0095,2026-05-02 23:17:35.000000 UTC,26,22,85,0,0.25882352941176473
0x820b4797b2e06bf7359f2afbb392b002c196cd4eb3cb662add7390569b4e5124,0x44fb69fac1ba1b6416f5e3699c18be4be18392f7,0.1235,2026-05-02 23:10:47.000000 UTC,80,47,533,0,0.08818011257035648
0xf2a3bb13876a34de7a91768881bcf8a3ba1884322b5b4b9b8781d9fff9462444,0x9da4cde5f6c4468cff8e0bbb7875ee20e856c9d1,0.4332,2026-05-02 10:37:47.000000 UTC,0,0,638,0,0.0
0x37f8d30b81a1a0fc518b4f548be568fa5e5993f2680855db2ae2e00a53188773,0x2143098d9dc36e212d90e7b402f121d9fe83a3b3,0.0376288721655975,2026-05-02 08:23:35.000000 UTC,0,0,284,0,0.0
0x7a5ce03564a14d85bfc738bac040112a5297026d9e8f01d2d89444b1a42fd322,0x002e69d2be3be4339db5701d0c317f2ad86243cc,0.021770421735536,2026-05-02 01:57:47.000000 UTC,0,0,258,0,0.0
0xd8dafb27beca3d9e7a920db4a8d2567557b68ab1c0593834e61dca793f3170a6,0x6ba3c8b1565069d78ad8ee351c8a67286514ca36,0.0095,2026-05-01 21:00:35.000000 UTC,30,23,87,0,0.26436781609195403
0x684920895be4645f3d7debd654e23f61062f78e36bcd3743044e32e2cf0c76b7,0xf584fa2fca469641b30484d5c28b38af7b1b787d,5.415,2026-05-01 17:45:11.000000 UTC,0,0,812,0,0.0
0xb822c70b829ee647717ec3ed3914326a1bc670242a1d039dc5ca092c26464ab0,0x61e1d48f6569e03fe203d15e92ec20bdca73a7f5,0.03325,2026-05-01 15:13:23.000000 UTC,1,2,285,0,0.007017543859649123
0x4ed26f0172ea3fa9663e5727b7304e543ce9f91b57d7c4562ab799c514a8ea93,0x6bec2249d4e72363f509de721c2b43f8f86c67b4,0.0095,2026-05-01 08:47:47.000000 UTC,30,23,87,0,0.26436781609195403
0x2b62e84e53a8c0be6e44d9fba4698117381104a77e08b4f4de2d91b1f05706de,0x63d0181f7416034e5b373ad0a74722bc0ab02176,0.19,2026-04-30 13:47:23.000000 UTC,303,222,595,0,0.373109243697479
0x802c77ffc3a5f8e79533fa9445eeec69562e7ef736311999c0244c65aed26b32,0x1805a487036ac67e6a23b1f7cc44d60cce82a91c,0.0095114372167554,2026-04-29 23:35:59.000000 UTC,0,0,87,0,0.0
0x097d0134a47f264f3b19967326a070702c024565b080546e8c7db4ed30c6a101,0x1821bd18cbdd267ce4e389f893ddfe7beb333ab6,0.019,2026-04-29 13:32:59.000000 UTC,214,130,236,0,0.5508474576271186
0x4908fffae4529f1917d114919fc24683999a601bf47089ab8dba956feef0a722,0x97830f7e38fb5b55fc7891a6a68ffc8b3b628a1d,0.014554,2026-04-29 10:41:23.000000 UTC,0,0,222,0,0.0
0xa3515678f921187168decf15648ae3bfbc084ad7de3cdbc77a29c739b6b6e8f5,0xf3bed1f7d1b8ae9a4bdd0e0c77b34d3143c04d94,0.095,2026-04-28 22:23:23.000000 UTC,207,150,458,0,0.32751091703056767
0xcf7747c7d92f4a2ad2ea295d8a48425ceab32e654c8e09e3583e0df440955652,0xda11338bb67912bd819359488263a4793faf4320,1.71,2026-04-28 11:55:47.000000 UTC,4,7,795,0,0.00880503144654088
0xd6cf980c544047a6e1471502b9d4e10d83e8fd3dcaad2a27c7f0486adcb82c27,0x5b9950c198aa3e2ef0a8d0c1c640b6b13c3ef216,0.0475,2026-04-28 08:27:59.000000 UTC,26,22,307,0,0.07166123778501629
0xec60996d54fcc50fb960f39ac762eab9c8325e67cc1187b385f31bc588a9c366,0x03587c946ecfa8de4f9d1c14700a3d88b7e017aa,0.0095,2026-04-27 19:08:23.000000 UTC,30,23,87,0,0.26436781609195403
0xb7ea18b9e491a76c6f67f95ab79742224be406ec9eb52c0bbaef4eabac367f7d,0x2dd7075d0f2cd87d8f0de1fc48d77ac0efd28950,0.095,2026-04-27 05:20:47.000000 UTC,209,152,460,0,0.33043478260869563
0xff511460eaf5cdc12047ab0503b5a9161a6efcb683890d223c720d5fe439c7b4,0xba32a5a5082a7a411a55d3ea2f7740e35923cf0a,0.95,2026-04-27 01:44:11.000000 UTC,185,111,718,0,0.15459610027855153
0xbc5196025a22fb21bc0775e2ea2ec01214d5b477ee555a1c5b448078b13af53e,0x37efb02280e73719c70059df2437d33512a60467,0.0095,2026-04-26 20:59:11.000000 UTC,30,23,88,0,0.26136363636363635
0x7d758eb6f1defdde2fc5a2b10ce15d9bbd004741825415f267a86bebc54be91b,0xf49559a962d46b02b49a70320cbbdf2cc7ba40a7,4.75,2026-04-26 17:23:59.000000 UTC,15,11,835,0,0.013173652694610778
0x8f47b6736970da6d9115cc9202debf08240cbbd449101a4d2acbcc4a4912c17a,0x87012806ba38c9754d4849a8511aeb41ba4db6d9,0.0095,2026-04-26 16:51:23.000000 UTC,30,23,88,0,0.26136363636363635
0x991b363bd95e014739f1b19793b34f44e78566100967d3fb948e9552901cb1d3,0x940a7490062b11c489b294706ad5b6523873e3d1,0.07372,2026-04-26 12:13:23.000000 UTC,0,0,406,0,0.0
0x01acd16c5d4b84e54b1cac93335817981ecb055b1a931dfecbb0cafe561acf7e,0x1c0eaa81c38a15379c2ddf33ecddde6c6be1872b,0.855,2026-04-26 11:29:11.000000 UTC,0,0,720,0,0.0
0xec07b7548b9f49225e8af7f0606e005b7d547214ffe2574abd77851ba1c03263,0x14690c80f670353f5c041b6cfdbfe6fb8aa2ccad,0.95,2026-04-26 03:58:23.000000 UTC,227,113,728,0,0.15521978021978022
0x0724b0ef6fa1b13622a0471398cc84deec110bc1eaaf1e42c439022453d45440,0x30a4ebe6af35241a4f08c96167b259af017395a9,1.4249999999999998,2026-04-25 02:11:47.000000 UTC,0,0,798,0,0.0
0xeaae7ccbd1d20286dbb1d60bca31ce2d8794c9419a714c0f9141e6e5daf440f3,0xcf99569890771d869bfc28c776d07f59b0636d72,0.0170999999999999,2026-04-24 22:53:59.000000 UTC,8,10,242,0,0.04132231404958678
0xc563f9c06407834398d2641b69f7943d6f8a560472909d256af6bc4aabf68c1e,0x7e64b83208aee1be5cd8e20df3aad2040e7418c6,0.0095,2026-04-24 16:52:35.000000 UTC,32,25,91,0,0.27472527472527475
0x4b48e9ae41758cebc16896050f5af19d23b4563127b2147f0cec19db83738d75,0x78d410514b72f4c5cfa4a909c84097f10be5ec39,0.019,2026-04-24 06:39:35.000000 UTC,227,137,244,0,0.5614754098360656
0xb10b67f398b13bbf4edf6e825cdbb4d04354a0d2f4aa5185231406020d24b555,0x3e2c7285fa2f1b39967b803d41619de3ef9d67bd,0.0095,2026-04-23 19:14:35.000000 UTC,32,25,91,0,0.27472527472527475
0x468fb79dd83a9d273744c53be44bc2d7ba8e43c980108a778257d5d05faf8174,0x184e7acad06031a2d362c144650e09e35b0b7cff,0.0095,2026-04-23 17:42:59.000000 UTC,32,25,91,0,0.27472527472527475
0x804757d87c766737a9538a0aae29473d2c44f8ac07816814b1446a7c126a59a1,0xc8d5e99b361deec9cf26af0954c365ef65ab7069,0.6649999999999999,2026-04-23 07:04:59.000000 UTC,5,7,722,0,0.009695290858725761
0xf02194fd2e5b138203826f5b645a2e6d7d117de7e666b7a7d5cd228beae6c2a7,0x2fddc15a3dfba8e94a161ded1e96a65ea8797648,0.032579775,2026-04-23 02:27:59.000000 UTC,0,0,303,0,0.0
0x89566980a0d8aad35f34620739f43d94ce88e0500d73bd9d894a841101c8d8e5,0x7706228a2a1b9c2c54c923fc1c67ccf2f4e77bbc,0.0475,2026-04-22 16:34:35.000000 UTC,35,30,322,0,0.09316770186335403
0x4890ffa1617c9aa9734cc29d4e0502f53c2f94707f17c769a41edc78ba2b671e,0xceee10b100e1c9e9fb0c8be0475bb505ef16c08a,0.0119985,2026-04-22 11:50:23.000000 UTC,0,0,215,0,0.0
0x2554b9359a9bfb22e2708358bf4511501b53e53040fe51045bdc6d53958d99a9,0x690f947a7f09ac21ea73236621b5a36e2dd70901,0.0095,2026-04-22 09:05:23.000000 UTC,32,25,91,0,0.27472527472527475
0x159adf08bde6a0f4905d48038a906d8960080d70a2902e9c56fca718088ae0c4,0x7ac7abf5a9bd384f4aabc6b0db8d4639cb9e6f6d,0.0667944999999999,2026-04-21 20:24:35.000000 UTC,0,0,404,0,0.0
0xe8e9c54ce0aec6f6ad8208605c185209acb0bc3775e59a113e808bc8862687ca,0xceee10b100e1c9e9fb0c8be0475bb505ef16c08a,0.0475,2026-04-21 11:04:23.000000 UTC,39,32,326,0,0.09815950920245399
0xacebb62a97aa0bf18b191a7aca8b8f4e4cf3312ee52d0804951582baf9c92c0b,0x77cdfc29c5fd43e1263b2d887eec6dc5e86dfc9a,0.2337,2026-04-21 09:57:11.000000 UTC,53,54,662,0,0.08157099697885196
0x3a60ae63b8542d8bc23cbc6737e79f8a1c9ed20ef25a72a4e44cda627f79f14b,0xc8d5e99b361deec9cf26af0954c365ef65ab7069,0.475,2026-04-21 02:50:11.000000 UTC,37,17,710,0,0.023943661971830985
0x354f6a819ddedc80aaf517fdf771f0c7e4015cd1c887601201fd92a5c3204b8c,0xcafe879f8a164b508db934622dfa2fd3ca71fdd2,1.09725,2026-04-20 22:22:59.000000 UTC,0,0,825,0,0.0
0x4722197356f98d322670c2589f8f31424f438c134e5e39e4e90386a3655b1eb8,0x09850fe2bf538a0b5ecfe70eae290286304f7fc5,0.0426134693311196,2026-04-20 08:51:11.000000 UTC,0,0,326,0,0.0
0x9bb3dd7ee09fb6eb5a23d6d36c982825d706156234f7de630519ac104fe3527d,0x4a6f3c2858e71faa530f7902cb1732344d443600,0.0095,2026-04-19 19:16:59.000000 UTC,32,25,92,0,0.2717391304347826
0x67087d805d4b5948e57d4ad7c79220f24d1d0596c45066ab881e4b9e8185ad74,0xdf7901c6cf836e0dc87547b51e541c5556a4738d,0.014098,2026-04-18 13:27:47.000000 UTC,0,0,234,0,0.0
0x4ecf2b5c8c4fbde337d21e6d7027a9994123058007bad1cb6098f6b953a53f2f,0xfb7c1d49e006eaddff2385c7ef8b0c5cf49d038a,0.133,2026-04-18 07:38:23.000000 UTC,52,59,618,0,0.09546925566343042
0xca7dbfb31fb1300112e909d62179f5e3b1870344445844ef407864f137811b63,0x28cf37962ff401452672f265ec10b820ad435f05,3.6461,2026-04-18 03:29:35.000000 UTC,0,0,897,0,0.0
0xeeb1fa47a0625c95a4f564c64b89e647f0a1b4f1e6ada14876d9a36f4a2dcfc8,0x214f00044188d3c6f9a501aa7b4fc7f2c3c6782b,0.0142499999999999,2026-04-17 18:34:59.000000 UTC,2,4,236,0,0.01694915254237288
0x3d5090ffe0cf55b79f35dfe590b795352bfad9b8a1a1d8c25ffab444186c2b9c,0x940a7490062b11c489b294706ad5b6523873e3d1,0.095,2026-04-17 14:25:35.000000 UTC,263,203,496,0,0.4092741935483871
0xabe2dced6bd75324b3b149ac311decfd72a6e369451c9efafb2bea4dce96afea,0x2e3bd4e33281ec73b88233ab5f8b0e52a8d6f913,0.4439349999999999,2026-04-17 13:47:11.000000 UTC,0,0,721,0,0.0
0xfb9bf6035792a9cc82629606dca553ded7439f68d3028c10ee83b0ebd693a158,0x4e1579198621642ee558309e3544fe00bc4a15ee,0.027075,2026-04-17 13:46:23.000000 UTC,0,0,303,0,0.0
0x7cb8dd680c7888412284c4fb5f2591059294dcc526b166295fccfa1a78146c1a,0xa5e6b86b278ae2511518e0837047ae9595777434,0.0813579999999999,2026-04-17 13:44:11.000000 UTC,0,0,458,0,0.0
0xb97695ce713f11c57e572df83c93b96c75c2f7a8fc0ba76c423b216c2a8c0339,0x30d83ca6fec1fab4cfe64e7229a6b01b40e9e900,0.0095,2026-04-16 21:20:11.000000 UTC,34,27,94,0,0.2872340425531915
0x3df9f200e0fbf99d32558e76166624c92acd3a6ce6285cbacdf7e6619be07254,0xcafe00ad6c7961deda1658a587c159063067a9a6,0.2745499999999999,2026-04-16 21:17:23.000000 UTC,0,0,696,0,0.0
0x1d8c7350ac40afdc57869adef59a3810ed480a772b0b8b8ac48b8c77eddab35b,0xcafe00ad6c7961deda1658a587c159063067a9a6,0.50825,2026-04-16 20:53:47.000000 UTC,0,0,757,0,0.0
0x6487ae86b817c4369a8dd7d866c1d7560d7885286e8086a65a08e803a2cbb5cb,0x436e53290d25bf57f09ba2c989640a1925bbc42b,0.0131100119636353,2026-04-16 20:34:35.000000 UTC,0,0,235,0,0.0
0xc82065e468b68eef2c731a9eeaad535ef91ed63411ef6db273f3c611cc8e6319,0x603b06f16e2f027170f73ae09ba73881ece8ea9f,0.03036295,2026-04-16 20:30:47.000000 UTC,0,0,314,0,0.0
0x822000068355a7037320be3c9d695be58fb4e248198ec545086a26d920ca0fbb,0xcafe00ad6c7961deda1658a587c159063067a9a6,0.0095,2026-04-16 12:04:47.000000 UTC,34,27,94,0,0.2872340425531915
0x7be0f5099424b9ae476e1413ab613e9513fa28286f26cbc6316d8c2a73f419c5,0xcafe00ad6c7961deda1658a587c159063067a9a6,0.0095,2026-04-16 12:00:47.000000 UTC,34,27,94,0,0.2872340425531915
0x9d91b79b0779ee76e91bdaf6ba0188dea5407efcc17f878ef6394922fbd066ca,0xa4055e8dfbfa1d2d4f1a5fcf14a00f6b26e861aa,2.769269,2026-04-16 11:12:23.000000 UTC,0,0,906,0,0.0
0x909c1c5157d2d21d11734c233a019d8a4bdac411b3ea51a37771d22f8839843c,0x507ff837bb672f2761898a49887dec4ad6ae81d0,0.285,2026-04-16 11:11:23.000000 UTC,120,128,704,0,0.18181818181818182
0x62cab4f2f636bd243d87e706e748b712faa3feee555f98a456d94003e5a6ac17,0x507ff837bb672f2761898a49887dec4ad6ae81d0,0.095,2026-04-16 10:02:47.000000 UTC,268,206,501,0,0.4111776447105788
0x88da692cb26509d57de3bcf091ef16f5e1a4619cd806791ff8f957f97f91d7d0,0x77cdfc29c5fd43e1263b2d887eec6dc5e86dfc9a,0.2375,2026-04-16 09:07:35.000000 UTC,1,2,687,0,0.002911208151382824
0x92efbd645d3e6461243f3fa96c43530d3b757575ccb7f6de35b1ef644ba91d90,0xcafe00ad6c7961deda1658a587c159063067a9a6,0.1499955,2026-04-16 06:11:47.000000 UTC,0,0,650,0,0.0
0x1d4596427a67e633e2c8db54b3845bbaa674e51c3acc31ac3c7f807aeb670031,0x034265d7289c4a0bca704d1b75d2f829fca852e7,2.378325,2026-04-16 05:33:11.000000 UTC,0,0,904,0,0.0
0x25d6a0b5d44369728323732fd30b52f255693bbe4da6e1c509cc6efd0eb72744,0xcafe00ad6c7961deda1658a587c159063067a9a6,0.0095,2026-04-15 23:14:47.000000 UTC,34,27,95,0,0.28421052631578947
0xacd94b6f7ea061e9d88ff60239b759b98730164c18b78cee6151cdb6d3321ba7,0x0be43be06b804b6300d572751f959b48a9782237,0.095,2026-04-15 08:24:11.000000 UTC,269,207,504,0,0.4107142857142857
0x1b2b8c161e9a17d6867a57f87c21e2e7cc86083b8ea9bd778fe3952ec79b249d,0x0eb9a7ff5cbf719251989caf1599c1270eafb531,3.325,2026-04-14 21:24:11.000000 UTC,0,0,920,0,0.0
0x111b37ff5bd5efcf19c4ac114b6dcb599e1e7d288c20dfa89fb77bd60844382c,0x0b4ead9adb79457816d446deb57d7a22f88c644c,0.02375,2026-04-14 17:26:11.000000 UTC,24,26,299,0,0.08695652173913043
0x529133f36566af5c85b2a335826b1ed62311041be378ef1cc9b0400349ff7ef3,0x49be8a0773824e2917f4baccebbdf298e7cf27bd,0.1634,2026-04-14 17:21:59.000000 UTC,0,0,663,0,0.0
0x9beec081c593189cc68bd78295193ad3674e0f7d8d6fb6b504fbe593c798004d,0x8437e936eaa398b408ecb087caab2f0c27e7c2f1,0.1805,2026-04-14 17:04:47.000000 UTC,1,2,667,0,0.0029985007496251873
0xdd5f2434d885ad05ccdd8c4e1e9a1243ffecae399fcb20596593c7fe1b2597de,0xb565c050b12e991c4d4fb45be4348785bd39295e,0.95,2026-04-14 03:28:47.000000 UTC,293,126,801,0,0.15730337078651685
0x3b3afb1f3f11a8c43d095e81e27b26e803ab14f32cca563582fd20f79c25246c,0x1312fab9b33ee37aa9ea3dbaef3470824d795a92,0.0095,2026-04-13 14:08:47.000000 UTC,35,28,97,0,0.28865979381443296
0xa3c99d4cf7916c6ec7b92415a1b86756f95bc79319ba9a0d671e11530aafe92e,0x0b4ead9adb79457816d446deb57d7a22f88c644c,0.019,2026-04-13 10:40:23.000000 UTC,261,155,263,0,0.5893536121673004
0x1179413cdcba4455f1c4551156e49a9999629f374174c8b67270c31ce792860b,0xb5a7ffcf95a4b505614780630bd03f87123dbfcc,0.0095,2026-04-13 09:45:23.000000 UTC,35,28,97,0,0.28865979381443296
0x35bc33cb028877fd879252b488bf76332b5f64898b5a71082d883e5634dd4c0a,0x1fa375341fe8b74a2eb116516b550ba21b689819,0.0135584933985221,2026-04-13 02:31:59.000000 UTC,0,0,243,0,0.0
0x9a84d41ffdf7b982e1f6cf49bd62046acd2f738454b28258f2f70dd25d4e0e7d,0xea8480be7ceb0cd7014ec043c84cf48b344861f2,0.1747145,2026-04-12 21:46:59.000000 UTC,0,0,673,0,0.0
0x8b0e7c1b9040ed2a1507281c669f1d3aa990a7e259c7ea03ae60a1bca9673efe,0x5a57183b748ba614d900f224fa55c5a96b7f7971,0.855,2026-04-12 15:34:35.000000 UTC,4,5,804,0,0.006218905472636816
0x5e442601913ff8064cb706c592baf9b8a5d93558f46e24e7888ed0ce39c14282,0xc33dd21ff995cd9c6bd4349d344b1e8c48157406,0.0095,2026-04-12 02:41:59.000000 UTC,35,28,97,0,0.28865979381443296
0x4676d3d9025b8c126f29dc489a60da5a0b59bf5d02ad998f753974eaa707156d,0x2818b70d474a12938a5cb5dac5fb9fdbafb81ba0,0.0095,2026-04-12 02:38:47.000000 UTC,35,28,97,0,0.28865979381443296
0xd0fd84639290e8d5538ec91e09814d3675652178a63b7efe9e2e43337ed1b705,0x917d98610266d5022d7a14d21df733281ced6008,0.0095,2026-04-12 01:42:59.000000 UTC,39,30,99,0,0.30303030303030304
0x6441646a36dce1e33f7bdb4492bfe9e1f8318ee9c31e9a68223595e36d42b4f3,0x5994670ea5c6a71912e34f0a93efc3d5af8707ee,0.0095,2026-04-12 00:50:35.000000 UTC,39,30,99,0,0.30303030303030304
0x51fa1a5fc20c01f3d02b221071bdb8b9cf7ff52f87547080f828da22997550a7,0x1b3fd74d1c4d7c22cddd3e035a0cc29d1c1d6514,0.0523742124999999,2026-04-12 00:19:35.000000 UTC,0,0,400,0,0.0
0xd2e1dce7395c7a62aedf2eccb9e9ee454f9834f8fa8b297ef11c19f560be3eae,0xf60f39983e2503b1707033123b9f420e2e9e8ee8,0.0475,2026-04-11 18:53:11.000000 UTC,41,33,358,0,0.09217877094972067
0xc8c2310d245f866e26b394f5d3cca8ff9c9e349e339e98f57bde6035e9d8af04,0x9783d207e3cbc58998fbb17f40e43205d6319b24,0.0480052699454257,2026-04-11 12:26:35.000000 UTC,0,0,359,0,0.0
0x16b909c3cfccc0c32ca3c23dd89afcfc364d76e986900de88a5607dd0d622d12,0xdec0de729092bff045e093083f76063fe7f76aa0,0.03705,2026-04-11 10:36:11.000000 UTC,0,0,344,0,0.0
0xfed58511c91403f9289f188b3c1ef3e1c5963fedad0256e54c6cb5e74cdd1e79,0x78cea58038a374b8a985737a9b666756e424916c,0.95,2026-04-11 04:02:23.000000 UTC,353,133,828,0,0.1606280193236715
0x3baaf76c524619f8d050dba0e0567bc568cb8380442f0d24d8a9824e7b9b5dfe,0xce7775b5a331af6e6d6ee49f4077da13bc09226d,0.0095,2026-04-10 20:44:35.000000 UTC,42,31,101,0,0.3069306930693069
0x02f3a1179c9c565bbf8be3797215fcee1788ee23a9d2c90f34016062db3bfd90,0x5083efc06573835c8459af6ab91b434f8d1858fa,0.0247664999999999,2026-04-10 15:57:47.000000 UTC,0,0,315,0,0.0
0xc9be64fd8f608765f87d5d399e8d905c4de8dafe1f7510fa6bc99368ef5e98e4,0x1afc904a652c15187ed3e38e1377e3587f6c6b4f,0.0100288436436487,2026-04-10 15:47:47.000000 UTC,0,0,210,0,0.0
0x5c01d15e290ef742e9f817835b9ed14a5399fb19239214f3ffc865d14ca6cc7f,0xeb8663ecc9126aae55d39c15359b14e5e998be32,0.0165775,2026-04-10 15:38:59.000000 UTC,0,0,267,0,0.0
0x7fc1bc51e4cb7a755f4e37906c089f6c665657087b07df2772c932e0d3af866b,0x7185fb733198ec9739f3b6235af17b3d3030aa3e,0.0139569145623823,2026-04-10 14:00:47.000000 UTC,0,0,252,0,0.0
0x0225241894869ae0a99525d080177f6936c702209c62c02f56c319f16f024c9a,0xaab7036a313d188f4b0d130b8087f448e03e218c,29.9126595,2026-04-10 06:44:11.000000 UTC,0,0,995,0,0.0
0xca1396eb5d9ebaaecbc35ffa9239132fd48f2ce1209c1d6fef0200d265f6a085,0x6ee67cc3368410f1d2aae7097d333b044ebdda7c,0.0095,2026-04-09 22:03:35.000000 UTC,47,33,103,0,0.32038834951456313
0xf05d8fb69dbcf20a65eeda3c555277d5118e3278267413a21827d198c7c649c2,0x8db8a6f6b3f2f585d2956361ef338261a63ebba3,0.0095,2026-04-09 21:25:23.000000 UTC,47,33,103,0,0.32038834951456313
0x121e11797117c8f10621aae4a54a3fabdd6da0493af85f4d51a1db89b8dcdf90,0x8a58443fd1d652a1941aad07e786000c1af4ef09,0.040563575,2026-04-09 20:43:59.000000 UTC,0,0,358,0,0.0
0x324b5853e7c8dfae22267c326e6d6da5ddb7abf3af3429c72af77311afb74632,0xe9e7da4503a8eb7a62781a3b7b2ccb7abeecacbd,0.095,2026-04-09 20:03:23.000000 UTC,291,223,537,0,0.41527001862197394
0xb95ce562440e29ab22de62414ce9c573b548b85dd39c2fb6c58542cea03ce343,0x14690c80f670353f5c041b6cfdbfe6fb8aa2ccad,0.95,2026-04-09 19:02:11.000000 UTC,395,142,845,0,0.1680473372781065
0xe31ca25d7b3f504edf7e5dd4a8cdd3c212ef34183693278db1398d361724e3aa,0x66c09f766ecf9d0e676cbd399f0b261e456f5179,0.0542908374999999,2026-04-09 17:13:47.000000 UTC,0,0,428,0,0.0
0x3fdabe8061d849bd624c6bbe5e801c625b5c3569978cc8a96bd2faefc21ee74d,0x370e1efae1e0dc3a7a7ad912fcb1743676f9446d,0.0095,2026-04-09 17:00:47.000000 UTC,47,33,104,0,0.3173076923076923
0x67f95fdfca0bff371556ff9e15b790903edd14f1142cbde870fae33960550149,0x54fed82edc9452892e5c6c76a39dda05b59e4558,0.019,2026-04-09 16:54:35.000000 UTC,274,163,280,0,0.5821428571428572
0x12f46e9c500f4f2c0ddb53c88009240028b5638129ad7e1a518de5805274b23a,0xbe3743d7df77ea127f56a146a7451604a96854b6,0.1323825,2026-04-08 18:59:23.000000 UTC,0,0,679,0,0.0
0x1e80fbb5d2593e99c1213c6856436a9df4ce9ea4268ecff4b09a993b42e3d5d4,0x06a9ecc77b58f19cb35b6eb5ec38b364af03f365,0.0095,2026-04-08 12:27:35.000000 UTC,47,33,106,0,0.3113207547169811
0x6ccff314254921e295571e5e0d3be9db5834e0ee9b139faddcc8426f0638f14f,0x6b6e87c037aa8c3a50a5010d8704bc5ea5c3d3ad,0.0284999999999999,2026-04-08 08:33:11.000000 UTC,62,51,344,0,0.14825581395348839
0x515eee584b88b8fe1378df085d0a00f64d6eba63b9fe2caadfad26fb30b6a656,0x6b6e87c037aa8c3a50a5010d8704bc5ea5c3d3ad,0.19,2026-04-08 08:31:23.000000 UTC,414,286,716,0,0.3994413407821229
0xa2756b93fd58cd22d6c92146a816f6e326a61773c24564ca424b7e564521de5e,0x86ab32b40dc88041d2105613d132464467e0a24f,0.0095,2026-04-08 04:08:47.000000 UTC,47,33,106,0,0.3113207547169811
0x5f494ab8aadc2bdff74bbffd6e32b85d9ec72932d7c7920ae341828adc5ac095,0x31500a5975d6defa31912ecdd8b84f9ac3bdf72e,0.7124999999999999,2026-04-07 15:52:59.000000 UTC,5,7,847,0,0.008264462809917356
0xf9855cc5619e04361b26a5f8a1a3440ef0928d4ce35af93adefce40b56cd82f2,0xf1df7061c56d69401da0a45eded62875599a9650,0.0578635499999999,2026-04-07 09:04:47.000000 UTC,0,0,452,0,0.0
0xad471708f7b65aa7176ec44092a5b5201ead1431c52c6a0037d2f9a2ac64981c,0x5dc983f01dc3691054755e0540e6c669a27e0793,0.080883,2026-04-07 08:31:23.000000 UTC,0,0,515,0,0.0
0x4cc4f4c3833fa38e02b4eba6d4bb42ecf243c09e95577c636d8dbb6517fe49ac,0x31500a5975d6defa31912ecdd8b84f9ac3bdf72e,35.15,2026-04-07 07:24:35.000000 UTC,0,0,1047,0,0.0
0x5e4e914c9e1fb7bf438064b05de6693b43c631ba6074359d19a946caf8bd2c89,0xc8d5e99b361deec9cf26af0954c365ef65ab7069,0.57,2026-04-07 06:28:23.000000 UTC,121,104,843,0,0.12336892052194544
0xbffc9b0b375091b63730f4ea29069bdbe51389e682e59aef7d8b98fa6bc08a4e,0xc8d5e99b361deec9cf26af0954c365ef65ab7069,0.095,2026-04-07 06:26:23.000000 UTC,310,236,554,0,0.4259927797833935
0xd5fb44df8fd19f3dd10e07107738b3be3493fe126e5de7219dfb12665d98c0cb,0xc7460c90a11dcce2b2ba5e746673cfb794ca4e3a,0.285,2026-04-06 16:12:23.000000 UTC,137,145,782,0,0.18542199488491048
0xf48f9c2db407ebf14c61def9180a775b8974c5366c04967d57b52ff4ab6c5de1,0xe04885c3f1419c6e8495c33bdcf5f8387cd88846,1.0924999999999998,2026-04-06 14:36:23.000000 UTC,53,55,959,0,0.05735140771637122
0x6f92f6111a4482233f9558377955a1f6ae3e5b346f69290e4d1f8bfa67a07b83,0xe04885c3f1419c6e8495c33bdcf5f8387cd88846,0.095,2026-04-06 14:35:47.000000 UTC,313,239,563,0,0.42451154529307283
0x26794e488c567e1ec7c183a6bc0a9e861916c1d9b3f4c7a9cd1388eacd84bfc4,0x1a7d20f8bd74eed5ba703da4fae5bdf1ba69c2ab,0.0973749999999999,2026-04-06 13:28:59.000000 UTC,0,0,567,0,0.0
0x02d5c46e2f7a724e34aa9c8e85226bda28b3549c00757902281f43b875569ae7,0x1a7d20f8bd74eed5ba703da4fae5bdf1ba69c2ab,0.095,2026-04-06 13:24:47.000000 UTC,313,239,563,0,0.42451154529307283
0xd0f53c0492ade0720987127f0140687239db7841d5ff5c95b27f0a399624503a,0x1a7d20f8bd74eed5ba703da4fae5bdf1ba69c2ab,0.095,2026-04-06 13:22:11.000000 UTC,313,239,563,0,0.42451154529307283
0x98386fdcff1ae3fd1d4825c9b772cfce2b4bbefbdfee1ac5f8b5ef1beda072cc,0x3d6be7303255c94aafea2231921c9d37a1f8837b,0.0142499999999999,2026-04-06 06:30:11.000000 UTC,2,4,269,0,0.01486988847583643
0xfe03d4be65c10bf51b0af908ff7e3081aac26fe8ad46e072390fc757172bca86,0x5fb0a30278c1b6ee4681a48f2a23bd84c2762835,0.095,2026-04-05 20:06:11.000000 UTC,314,240,567,0,0.42328042328042326
0x9fb058260516e993cbb4759a09475c03e12607f6c68f4eecf096b85254e9e745,0x4e1579198621642ee558309e3544fe00bc4a15ee,0.140714,2026-04-05 20:03:11.000000 UTC,0,0,712,0,0.0
0x9aae36a0320ce0b9e12e8f941515f19cab36ccc92e3799cc9a2d214173a2bf84,0xd5b1547d1bcf2683b1f016875f5c0269cdfd7870,0.0095,2026-04-05 19:35:59.000000 UTC,47,33,110,0,0.3
0x6827ed5dda450b782917048edc7e459dc56ebedeb6a672c8a7b98a82f01a5ed1,0x59941d8dbf51ec515f1235c2c3d900fc94fe5e89,0.0095,2026-04-05 18:56:23.000000 UTC,47,33,112,0,0.29464285714285715
0x17ac415551d1d31498fc0cdbfc35514ef8184fdd1c6f932872a4d66dcbed930a,0x8fe0dc2d5132ad8612540d8f721721c2babc3116,0.0150905124999999,2026-04-05 17:24:59.000000 UTC,0,0,285,0,0.0
0x702e4f238e684e08239b3f12c03bd988220b33c7dcb61bebb9a2e0f24ace9294,0x31652457382795b8687ef0a57dc36a1534701f64,0.0095,2026-04-05 16:13:35.000000 UTC,47,33,113,0,0.2920353982300885
0xcaa16e7b05de8086cbed6689cdfe11c73ddf2a74cbfd88f13f878a5cfa6d8a09,0x9f5e3b9c909dc22dd131dbab6c64dfcccb2c8eef,0.0095,2026-04-05 15:27:59.000000 UTC,47,33,114,0,0.2894736842105263
0x6fb9e666a178726a56372a1abcbb81cb3ff28f0242c452605867aaaa15c8e3cd,0xe56091c58682c3e4335dae7800ccb3eb385b4151,0.011875,2026-04-05 14:02:11.000000 UTC,210,107,256,0,0.41796875
0xb3a6f0cacf58f6cb6c60740731fc4cb463d6a1b43bf587d6032c1a5aab8df530,0x544c5bda9645ebbfca4a4832342f31053ba126e8,0.01045,2026-04-05 10:47:23.000000 UTC,0,0,247,0,0.0
0xdaa3551712ba32fb9184cce329bb054870bd2bbdd528a0e89b7e2cb936229bd6,0x4b97612e25c7f501881735759f253294d380974a,0.0095,2026-04-04 14:29:23.000000 UTC,47,33,114,0,0.2894736842105263
0x5d5344fefe9def535c4a081b4c9eb0303d77ad939f2e52a599897da3890f10f1,0x1f0dbd861ec9022714d73fb54a71ee9135d6c172,0.138548,2026-04-04 12:29:11.000000 UTC,0,0,720,0,0.0
0xd38cf978ce69d13b2f443e23c54908ffcadfa0e82f8117191e0283d51b8d4f2b,0x040963903e15219082537cdec713760febd893ee,0.0612455499999999,2026-04-04 03:09:47.000000 UTC,0,0,490,0,0.0
0xd8b082ebb8564a74a704576ab2527cfd2e3be041ca1d29a346b58fc1ea250ab1,0xf092fa0bccf1f2449d931126f3bb1e99ad31d436,0.030796625,2026-04-04 03:01:47.000000 UTC,0,0,372,0,0.0
0xe8370b6317f48c09a8173d1af712c379a7c8b4a0ef63de9e1ec6ec7f660cfd0d,0x3007dc799912ad5da97bc5f5cdb988ac26947485,0.0095,2026-04-04 02:36:23.000000 UTC,47,33,117,0,0.28205128205128205
0x9046bd91f04757f721f0916c4c1abb058bc09bace4b391dc8efddb439c988b26,0xa47fd87693cd393b74bb12ec91b3a3643a2e0ead,0.019,2026-04-03 22:14:47.000000 UTC,297,179,300,0,0.5966666666666667
0x54c9d40cd4b0b721ad05d5fb69604da2bfdd76bdae1de96e9748ba3c7988a182,0xe2785c3460826bb0dc51d9eefd2fb102abba19b3,0.0569999999999999,2026-04-03 19:33:11.000000 UTC,190,137,480,0,0.28541666666666665
0x7a7c24abef56af09edef0539d74563b7127cd33b980c07d7d583b0c6a4814681,0x1804c8af425480c3625e72cdb33efec33e787a6d,0.0095,2026-04-03 18:06:23.000000 UTC,47,33,118,0,0.2796610169491525
0x4d2db6166fe7f11054b2150592a2ec9ccc21c40f841c8767a163ee8c89557372,0x6ade9d3012b33911c300fe39d7495da6f59dc670,0.0511765,2026-04-03 16:26:47.000000 UTC,0,0,461,0,0.0
0x82264ffa030213404e5ea3a84b3c6f0307ed37100ff33d4f56db13d1d5cac3f8,0xd5c252c150e28774a63653b9c34da3037dae1850,0.95,2026-04-03 15:52:11.000000 UTC,555,161,906,0,0.17770419426048564
0xd0350d6d445e5fd19d8c9a972928cd8d6e8dc9ae8a39facd4d18b449cb4df1d1,0x5243757f2dff6561c3a61ce1f77958a51618e1b7,0.0182874999999999,2026-04-03 02:22:59.000000 UTC,0,0,302,0,0.0
0x005459b231bfa56bd52dccb973abdd3adfb751b93a2e4bf15c8cf7fb54433298,0x2812a24307d79ebee2ea0a76d75b4244b65c27a4,1.912958,2026-04-03 01:47:59.000000 UTC,0,0,1013,0,0.0
0x1a8b69d722051b0d504d237779523e39d7ec37ee37fb267ba0f0b2c8a6570867,0x447ce8df5673202142c4fa8eb18192c3e47e743b,0.0095,2026-04-02 17:02:35.000000 UTC,50,34,119,0,0.2857142857142857
0x448d0001c6fa5ed619e61239530b52869e9be2b3d744e483c7fd4f0aba694aca,0x2812a24307d79ebee2ea0a76d75b4244b65c27a4,4.441249999999999,2026-04-02 16:53:47.000000 UTC,0,0,1060,0,0.0
0x354056ab731ef9732fbbc5aa6621140caab3cb872e4c4772996bd694b22c0376,0x6482a191a27ed70f5ee1feb85124eef5b3d9054a,0.95,2026-04-02 12:16:35.000000 UTC,563,163,919,0,0.17736670293797607
0xb720fdbe54193dc4938d8e2941e74285f75ff9bf8c5cf8f4733b117618a7d147,0x999b19896825ed756bdaff88eb6f3343e5009d94,1.4249999999999998,2026-04-02 04:58:47.000000 UTC,6,8,1011,0,0.00791295746785361
0xd7bfb97d3b3e944e8be3abadb1868baf79a186b467e8211062801623378d0c62,0xdcdf73329ecf0aa062e52f636cd623420e085e0b,0.515261,2026-04-02 03:43:59.000000 UTC,0,0,885,0,0.0
0x8f914a2c1f9ad88508c3a1bb14ac5f0b2b84baebbcc283590473df2e4dbd71c8,0xdcdf73329ecf0aa062e52f636cd623420e085e0b,0.019,2026-04-02 03:18:11.000000 UTC,310,187,309,0,0.6051779935275081
0xf35b2c8b89277e345bcf54c6668b26af90326cd569574eb52ba347cb5ff20754,0xdcdf73329ecf0aa062e52f636cd623420e085e0b,0.0095,2026-04-02 02:38:35.000000 UTC,50,34,121,0,0.2809917355371901
0x492d0d0b7ba7c6c7c4087a2d0860acec09eb391a8a62e243a5c5292fe9729f35,0x0da6082761696cfb58d2a87332ee1afa7053a980,0.0095,2026-04-01 23:40:23.000000 UTC,50,34,121,0,0.2809917355371901
0x55e9c5f0b50005a9367c17fa1ec2a340b8771f0d5590978dc0d4ab9f7ddc1aa3,0xcbde17ca8b9163644a9d9679699cceb1ab10c46a,0.1098067,2026-04-01 19:40:59.000000 UTC,0,0,696,0,0.0
0x6ccfa78c03326c4c70dc8e6a32d2ec4d009abb2c9e58ab4e4dae65b00d860828,0x88a272392fdc5180bf7d20b77cb53bea57e0f580,0.0095,2026-04-01 12:30:47.000000 UTC,51,35,122,0,0.28688524590163933
0x3498d9d25d773fe942241d5a246e64cf1947e84c2f1417fa3eea9c456316bfe9,0x863364180b9f3d0287b067f6dd393ea6a1f1d14c,0.0095,2026-03-31 22:58:59.000000 UTC,51,35,122,0,0.28688524590163933
0xbb98668bcd88201b5eb56675fae2f9f9bbb092700eed9da0207928c865a72974,0x159495dbb22ae47fbc282ec87a6b614092e255aa,3.0875,2026-03-31 20:47:47.000000 UTC,0,0,1072,0,0.0
0xc189de1463f23bb18bc61d7955c627db38ca669e070ccb8aadf165ca1f93282a,0x30116e42880321f8c715939479ff03593e6e26c2,0.0095,2026-03-31 15:56:35.000000 UTC,51,35,122,0,0.28688524590163933
0xa4aba0d19da21a410c41208f0db1425be37de909ab1124ff80ee69d534c0ca60,0xbcc752c6c5db351d52460461adb64e24460496d2,0.285,2026-03-31 09:13:47.000000 UTC,144,152,829,0,0.18335343787696018
0x3e8c06c85458a2e17e9df0662508cf0d276b6fc997784b5bb69409974ab963c2,0x92218d6a25fc446aa9ed46e6b02673743e43fc9b,0.0095,2026-03-30 14:42:47.000000 UTC,51,35,122,0,0.28688524590163933
0xa1fed79a9be8661bd382080e45da01db44c53e336b699ee73d97c597b2c03b13,0x19714ceecc8927f7c3f2ea73e43a256cfdbfbe6a,0.0095,2026-03-30 14:41:47.000000 UTC,51,35,122,0,0.28688524590163933
0x9f6ad05db2d0017c2b8bbb08e9dd5cf5ac8c9917e103b47e820bd747c53f15b2,0xba32a5a5082a7a411a55d3ea2f7740e35923cf0a,0.95,2026-03-30 09:11:59.000000 UTC,563,163,933,0,0.17470525187566988
0xb53265f6e0489bcfb2c70b8dc174877131b49368ed66797f962128f937454243,0x43f4fb17f92ea60ca6fac74ebf492ea6fe623c37,0.0095,2026-03-29 19:23:59.000000 UTC,51,35,123,0,0.2845528455284553
0xa3883246319d12c2529c959f82e18df885508d4140f0f61ddbc582149e960c31,0xdedc1c2587e75df2774ebbc624ab6d2bd637eb72,0.8998476,2026-03-29 18:21:59.000000 UTC,0,0,931,0,0.0
0x0af8454b8f057188e6cf2ebeb156b00710c2bd9413affca37ff37fca4b931a3f,0x04b518e1a6442454bcf4bcb70668cd8b2a7d595e,0.095,2026-03-29 16:14:59.000000 UTC,340,260,605,0,0.4297520661157025
0xd253b0c9b1fc9c04894cde7910ffffec341e12fd46730988da380f6829ade202,0xf31edeaf375cecb2b2f89687b84a79ac718e4c52,0.01615,2026-03-28 23:55:47.000000 UTC,0,0,315,0,0.0
0x81e4a6dd8788d8926790a7014169ae642a0ac50b1eb83f42f3023e2f28dba4e5,0x30ef4cfe6e4d450dbd315ed695e256be91659b0a,0.02479975,2026-03-28 19:29:35.000000 UTC,0,0,377,0,0.0
0x3932ccd4ae4c0159d1c81bdcfdbe4dbfaa0a864ed813be274387c4663d21867f,0xa4318c0f24b161becf425e33a437e18eabdeb54c,0.0298357,2026-03-28 19:29:23.000000 UTC,0,0,395,0,0.0
0x861b741daf29d4251d61a3f0dab15398b1bbc4b45900bac4ae43ff8d319ea3bc,0xfdf1584097ed585be43798b96f76078dad2e40f9,0.0095,2026-03-28 16:22:11.000000 UTC,51,35,124,0,0.28225806451612906
0xc02fe7c40a6eb92fe155d3e53acfc3a6f1b5b153555e34ec409abe0fd392ed12,0x291c0b2ccf374cb52d4cc0f8526a058b38d4bcbe,0.019,2026-03-28 14:51:59.000000 UTC,341,200,327,0,0.6116207951070336
0xdc828d4474b28f9ab760049d23640b9377a572ba599aa8aa543a0284329ee7af,0x4898207ae0022a4a075e5c9c30f34e220bfdbd12,0.0095,2026-03-28 14:22:23.000000 UTC,51,35,124,0,0.28225806451612906
0xfff372719ef5d156ae1fa1b548a019e3b7069bb41fde20a85ec10810acfe6111,0x20f29a9bbee86b9510233f04bb7af4de91c67755,0.0095,2026-03-28 09:58:35.000000 UTC,51,35,125,0,0.28
0xbf7eab3f3c3d6460010069483242a2156dc488724b0702040e5c574b3a7c57cb,0x6c5d494b168a27f750cf7a95053d9e877cfa4ddc,0.0446499999999999,2026-03-28 08:37:23.000000 UTC,1,2,429,0,0.004662004662004662
0xa1961f191d05042a8cf7ef7dd6ff7e0458ec8b50fe60189ffd7fc34e15781e10,0xf271ac8322e635dc7cca3b7fafd788d321269ee3,0.95,2026-03-28 03:53:11.000000 UTC,574,166,960,0,0.17291666666666666
0xe421af4242fe8b7bd4124c9e06863d1b04351a96a2ff9f1e12887ab131a1e468,0xbe9078b15baa4a7e3a0848a2a4adef6014b2dbff,0.0095,2026-03-27 21:47:11.000000 UTC,51,35,125,0,0.28
0x2303b291cfcbb73d8687ff97caf113d65db476b35f40b106c8b816b96d7e1e14,0x860c12329c89c9131b2dc90b20769f5388b24b1d,0.2565,2026-03-27 21:12:23.000000 UTC,13,16,855,0,0.01871345029239766
0x51d51daefd3b732750aaa0dea329755828203c4f1ea071656c24f002c775c70c,0xf6211dda5c64f8857070a513d555f85e4ee50e55,0.0095,2026-03-27 21:08:59.000000 UTC,51,35,125,0,0.28
0x5ea5dcaf16c4e25b5bb8c8bd9c20ca78bfa6e62d77242e757ceb81e3a351df41,0xfdf1584097ed585be43798b96f76078dad2e40f9,0.0095,2026-03-27 21:07:59.000000 UTC,51,35,125,0,0.28
0xe4cad6fac193a195dd4422857177bca5e496bac20752caaa48f64bc8967fb6af,0xa63dc2738b37f3de2854b0918921eb9c0339039d,0.01072455,2026-03-27 18:49:47.000000 UTC,0,0,277,0,0.0
0xb4795fcc1ac0f1f5335191cefc3c8e1e46d94cdf334e7b64cc20f76cb984eb5f,0x1619d679a97de4589a11bcf1fa3cca9c4a488966,0.0117229999999999,2026-03-27 18:48:35.000000 UTC,0,0,285,0,0.0
0xf4e3418f351f117671536f79e89eaadf1c64cabbfb0f29fb503f84bd913ae0ee,0x5d196eccfbbc5a40f8d86a70a77d0ede34c52545,0.0114,2026-03-27 17:28:35.000000 UTC,22,26,286,0,0.09090909090909091
0x5043cd8a7e089b0cc398a6d58145288e7c52972182d777866f26d522e282a6e1,0x5e47ea217b18a8d63117bccd00b483b7ba448910,0.0095,2026-03-27 17:21:35.000000 UTC,51,35,125,0,0.28
0x05cad3efc74ae2b0b196bef61f551770aca4fa5fcb70759f02cdf2b687b6d32b,0xb87010baaa4e05bcbc8bd8b7a7f27b2bd60b0917,0.160911,2026-03-27 15:50:47.000000 UTC,0,0,806,0,0.0
0x918335f9ac3cff5853ac145e1c1f8dbb0b4c7c4c165d6e3319af93b4d74ebabf,0x23c56e08171ea32b0aed36a08b6a17a13de47a14,0.0294975,2026-03-27 13:31:23.000000 UTC,0,0,406,0,0.0
0x9046f190695341344c7913bf7271d6517d0650ba1d3787150c33b12d3b449e1b,0x315dc80783380bcf56b72de6f051f6be81ae1c8d,0.0475,2026-03-26 23:15:35.000000 UTC,47,40,439,0,0.09111617312072894
0x4b4da092e611e8c6f168795c20497f096023d81f4f620e4bc0ca59928bc11c85,0x5ef6c81492fce9cd8ac1a7c66ccce2246f9be366,0.0475,2026-03-26 23:12:47.000000 UTC,47,40,439,0,0.09111617312072894
0xf48330c5d9d9b41b77d54a06cdfdef2c78ff5d2d6ef0aa5f06aac6e7d94e1015,0x98ab5781d2f03402fe17d334ce4a527f1848a2b4,0.0851485,2026-03-26 12:35:11.000000 UTC,0,0,610,0,0.0
0x80024876e72d0cfeb2b0ff67f673fe4613255f34946487c4f00466ffa4b586a5,0x6451110b1075bb4ef9e8e681b273fa655e425260,0.0095,2026-03-26 04:58:23.000000 UTC,51,35,126,0,0.2777777777777778
0xf3379b635ae8aba656e1366be0ca0f82f633e28ff8affa673127dcb6d944c160,0x5a57183b748ba614d900f224fa55c5a96b7f7971,4.75,2026-03-25 22:29:35.000000 UTC,97,82,1142,0,0.07180385288966724
0x411340e5878624b84988d9cbb00987bec0537a4703e092f0ed97926336677f23,0x2843df91df16e9b5beea7b6629684ba8b6b9e8dc,0.0095,2026-03-25 22:13:47.000000 UTC,51,35,126,0,0.2777777777777778
0x431cb13a7dbb41d697e13ec369254ea42acfa6d46046d41ab8be74b894e82aad,0x5e60514a1ab19fa5902d271842e8a959441241a8,1.1021899999999998,2026-03-25 19:42:35.000000 UTC,0,0,1070,0,0.0
0xbca0ea7e4f8adb8b90593a6701c0c8975fdd3736fb435bf8bf00d539e43af828,0x0b4ead9adb79457816d446deb57d7a22f88c644c,0.019,2026-03-25 18:43:11.000000 UTC,351,205,337,0,0.6083086053412463
0x6debd9e0ddcf420535c2df8ac6b7b0a127448fdeeac4a7e7b81e54fdf696a446,0x8efb1d00c8e39f7fdc84deffd2714d4155ca8f80,0.0170999999999999,2026-03-25 14:26:11.000000 UTC,10,13,333,0,0.03903903903903904
0xbb00b098fc87c8c9f5a236a2ab9642e9f49de427b35c76c492f8659332ce4af0,0x93d730ff5a6e11d0b7f57f053f15d8b85a582341,0.95,2026-03-25 13:33:11.000000 UTC,610,175,983,0,0.1780264496439471
0xec03f1553e27b117ece2e95beafd9ea40e37bb56b29f7e6c3ebb21acd24273f1,0x1821bd18cbdd267ce4e389f893ddfe7beb333ab6,0.019,2026-03-24 18:13:23.000000 UTC,351,205,337,0,0.6083086053412463
0x4b21f5a98a2b96a68940d223f2426a6b8d0138c822a19e7a477f76f093d800c6,0xd9ff8caa5fdca73a714267d967b778373eb5219d,0.095,2026-03-24 18:06:59.000000 UTC,369,283,643,0,0.4401244167962675
0x4b892582cddf48a9d87a347e398abf3ae6abe29e375a727f3a7a2019e59e85c9,0x89b862fae7fd4b3634bfadf1e071505ac6e9a462,0.095,2026-03-24 18:04:47.000000 UTC,369,283,643,0,0.4401244167962675
0x5a0ad3a1635c18e11c29e0ffd97e40831cc18ec6b8c8be58881bc05e4598282f,0xab094704a4430bd59683889aa249fd135060f270,0.095,2026-03-24 18:01:23.000000 UTC,369,283,643,0,0.4401244167962675
0x673d1603a8981f87350d42979db2cbcaf2d6f59ca0dd2c8dca6a6d7e3c2d7aca,0x89f8b29387a10f8c32f51fe9cfd1f21160598408,10.692858,2026-03-24 17:58:59.000000 UTC,0,0,1187,0,0.0
0x11a015aa4512cd6f972d225a4f98a4269e6934800094eeb9d0a1826736bb9864,0x8d2f6dcacb7668f83e102fb1aec44ca19d40a130,0.095,2026-03-24 17:58:35.000000 UTC,369,283,643,0,0.4401244167962675
0x3f9550db5f2f14f5df1431218ee32c11350405ce4889c9d2b5a19562c291e161,0x11373fd96f9fc0350ea1d30303058276c366c168,0.095,2026-03-24 17:52:47.000000 UTC,369,283,643,0,0.4401244167962675
0x952b65cd3fea13f332db6829598d9a0379d317b629a1c5362b9f4309016fe1f3,0x2dadfa008a22979c356a7df5f2b044bf269567d2,0.095,2026-03-24 17:13:35.000000 UTC,372,284,644,0,0.4409937888198758
0x1642447f2020ffaebd6a3d4d9f718140b8abfad9eb28315b2af79f22acef3005,0xe04885c3f1419c6e8495c33bdcf5f8387cd88846,0.38,2026-03-23 23:25:47.000000 UTC,274,270,909,0,0.297029702970297
0x042d31d1a8de86b3994fe2d552a318ca11a710ab05907f2e03d63598ec5f17c1,0x87555be48ffe2743b15be0e44d1dbd39a7432e8e,0.0095,2026-03-22 21:53:11.000000 UTC,51,35,126,0,0.2777777777777778
0x08980a2aad8b5d987cba34eb9e2927f9c5cb7bda712e992e3dcba32fd51693f0,0x2b0d0023aa822a35943738c5dcc1061977ac020b,0.0179835,2026-03-22 20:13:47.000000 UTC,0,0,340,0,0.0
0x2c7486e51d1d8e7176d1c12d23d9690a5684a839ead79946a523d7ba5236da38,0xb565c050b12e991c4d4fb45be4348785bd39295e,0.95,2026-03-22 01:56:59.000000 UTC,622,177,1010,0,0.17524752475247524
0x81f2e3447e7f1c09118ff0866e105cc06b0beaeaed89c1c1a1df7fc23495c435,0x2843df91df16e9b5beea7b6629684ba8b6b9e8dc,0.019,2026-03-21 17:25:35.000000 UTC,361,211,344,0,0.6133720930232558
0x5921267a7640c43c36782332df3cf02ada9abee25222a23c622db4236e3fa4e4,0x2843df91df16e9b5beea7b6629684ba8b6b9e8dc,0.0095094999999999,2026-03-21 16:00:47.000000 UTC,0,0,129,0,0.0
0x39bdc573bb140b55e15803515b4af0767483b8bf4791117ad6e7b18caca70cf8,0x2f3b4be902fdf4453d92782593cd103dbed4a133,0.768968,2026-03-21 12:36:23.000000 UTC,0,0,998,0,0.0
0xc0999ed157fffc0c6b974595bc0fc77d0d33d2fee62036f5f08dff530467fcb6,0x93d730ff5a6e11d0b7f57f053f15d8b85a582341,0.95,2026-03-21 12:31:23.000000 UTC,622,177,1013,0,0.17472852912142153
0x9a6a1e4ff10ff14d894224252cb0137f978328afff785de71f11ba736fb7ae96,0x2f3b4be902fdf4453d92782593cd103dbed4a133,0.0422844999999999,2026-03-21 05:43:23.000000 UTC,0,0,450,0,0.0
0xc52420f1280dfc27a43134f5a413b01c4d82d7a9a1448e5f9a92c205a169a7ee,0xa3dce08c0d4723a42d44c5926c7efafbe4479118,0.95,2026-03-20 09:47:23.000000 UTC,663,184,1025,0,0.1795121951219512
0x6b664cda0f04e1dd15784d645c243a3a2c9969716279477514c982280fc75459,0x65e5817481e8b71e2eae1e559137cda0ed347df7,0.0095,2026-03-20 09:40:35.000000 UTC,53,36,130,0,0.27692307692307694
0x12b9d1b3a2b522fef7bfb4e30a1402b80649afa78ae8379d17c0e3d11d4ee3a7,0x2c1a8dddcd1d44ee50ea65da9ca328186e460b80,0.3609714999999999,2026-03-20 05:39:23.000000 UTC,0,0,933,0,0.0
0x23b26c352dc6b7ca20b685a7fdcd4bd8da9e50d0240979e8b3bbda128a03fe2b,0xb08979f3806e2139000d9dd657e4f58af6b4ca79,0.0095,2026-03-19 21:13:11.000000 UTC,63,38,132,0,0.2878787878787879
0xfdad91be04ade8d4b295a1f81c1eee907373939a441ca62097dbf8ee88cbb1f0,0xd7a9922fdf27fc9f6c1e65f1d3a1381960e2a9f4,0.0095,2026-03-19 21:10:11.000000 UTC,63,38,132,0,0.2878787878787879
0x5a317f08a7027f23d132b279eff75f08a30ca4a7b43828c4a743fa39d4fd96ac,0xd7a9922fdf27fc9f6c1e65f1d3a1381960e2a9f4,0.0095,2026-03-19 20:42:59.000000 UTC,63,38,132,0,0.2878787878787879
0xba70d74bb2ca3673c7abedaca3f4a50ea454dc977cdd33eff0235413eeb18f9f,0xf95947ae3b1555aba049039d10c42483980f7f4b,0.0475,2026-03-19 16:05:47.000000 UTC,57,46,462,0,0.09956709956709957
0x5ba2d3b9d89bd84cb0c1510ad270233246b76a8bdeef54c7815878387da2d208,0x42036ffef91666884474e849fd98738c0a28c727,0.0665,2026-03-19 13:21:47.000000 UTC,11,18,584,0,0.030821917808219176
0x31e13021ff9de99236086fd180166cb1c0c4da9e1b0f1d4656848057fa9fe291,0xba32a5a5082a7a411a55d3ea2f7740e35923cf0a,0.95,2026-03-19 06:20:47.000000 UTC,676,187,1033,0,0.18102613746369797
0x0cbe5eaedcc350ef65297b028e4c0dba5e0ece0431fa3d3a61eb705ab9d92c6b,0x44c466f3c93c0890e9f3baf33265976a9096b9a3,0.285,2026-03-18 23:48:35.000000 UTC,181,191,924,0,0.2067099567099567
0x325417866475f5713a7b8dde8d626f0a0f108d35acb9b5d7fcba43b501e32d44,0x6b6e87c037aa8c3a50a5010d8704bc5ea5c3d3ad,0.1968685,2026-03-18 14:15:23.000000 UTC,0,0,866,0,0.0
0xde82689f802684739ad9c37c2d5bcfc76a1c253cdbc0b0232f3661e83612e21e,0xd7a9922fdf27fc9f6c1e65f1d3a1381960e2a9f4,0.0095,2026-03-18 12:02:35.000000 UTC,63,38,132,0,0.2878787878787879
0x400cf0d6761bedced646a0dc63c0abc362aad2ceaaa560dcb86d6b9d9ec49bfa,0x6b6e87c037aa8c3a50a5010d8704bc5ea5c3d3ad,0.3049214999999999,2026-03-18 10:17:11.000000 UTC,0,0,935,0,0.0
0x3c826b98244203f8440ab5cdce3790313f1899122de039708553bbf63eec0de0,0x7c1e064bb347cfa8b042e33baf38503014dfc58e,0.0095,2026-03-18 09:02:47.000000 UTC,63,38,132,0,0.2878787878787879
0x040be3438c51885c7fa643a50922290065acb98aa10e9463e753acbeebcab2ee,0x74ec8d25c993e71b3536eee001e07bc54a3e2366,0.0095,2026-03-17 11:57:47.000000 UTC,63,38,133,0,0.2857142857142857
0xefedbdbfbcb441afcd34c86c95867512ad3353ef5125055ef0933f509d1163e0,0xdf2df4d02a1782a22dc2c69988e05dd8452a81c2,0.019,2026-03-17 10:40:11.000000 UTC,366,214,351,0,0.6096866096866097
0xf7d0c66e58379ef8fa07cf3a7a71120a04f4890aca40bee5fa1f0b5bda47a79c,0xba478fda4946e084e17b378d7a2b80bc04e12e6c,0.475,2026-03-17 00:19:59.000000 UTC,68,29,972,0,0.029835390946502057
0x2b829ab454b7078b1b11ec1d92d2d8d86d4b882e5043c87ee708529f485d8f09,0xc9d6a268ab7a3dc1fb05bb904ecb9ab1e8dd845b,0.02375,2026-03-16 20:32:35.000000 UTC,36,38,407,0,0.09336609336609336
0xaaf8a256011a45566001309f04898f078ac46e030b7b917a7b5e96a0bb112d20,0xe32528b60302e3595145543ee401e6d2d45ffc5d,0.095,2026-03-16 15:06:23.000000 UTC,400,303,670,0,0.45223880597014926
0x3bff154ff38e547261592133a92a94b653db1216d3b5aa0addd0090c3673040d,0x34f6e6f2df175ab2a13e75cdb56e7c3a4bbfa417,0.0741,2026-03-16 13:21:59.000000 UTC,2,4,606,0,0.006600660066006601
0x523cb05a2bc45deb300f56e3a6360c945187fa2f433aa7a08e5498f540fa11cf,0x999b19896825ed756bdaff88eb6f3343e5009d94,0.475,2026-03-16 03:06:23.000000 UTC,73,30,998,0,0.03006012024048096
0x5960e45d0c3c8438896c58085d872c225d7685a89ed9e97d27a37f9e3bd973b7,0x5a57183b748ba614d900f224fa55c5a96b7f7971,4.75,2026-03-14 14:11:47.000000 UTC,107,93,1264,0,0.07357594936708861
0xed9d50ba1e876b6f5fcdcec6feedf308ba38c1c37ab9eb310d280e9ec0b886f0,0x97fd0f1acce4bf72f214492af39fe9e065e17fb7,0.95,2026-03-14 05:41:11.000000 UTC,692,191,1081,0,0.17668825161887142
0x15baf7dad437c6caa1f9fbdcb37b0bc67f687c995f87716b9d20aa03e65dfdbd,0xdbe78f91226fc49d99084f505a5d1da0d77260c3,0.475,2026-03-14 05:14:11.000000 UTC,73,30,1006,0,0.02982107355864811
0x8416cebd15484d2122616c965823f9be0278420aec1f287b6bc5d6c9f81fdacc,0x97fd0f1acce4bf72f214492af39fe9e065e17fb7,0.8644999999999999,2026-03-14 04:32:47.000000 UTC,0,0,1075,0,0.0
0xc86a3ec076f0c0abfe8a288218857782283cd254c783afa31ce6d404a9c92c17,0xb08979f3806e2139000d9dd657e4f58af6b4ca79,0.0095,2026-03-13 14:12:35.000000 UTC,88,61,135,0,0.45185185185185184
0x694b6c3e42c44d3d86b5a5ae7660ac46e28a25cab00d5631101e6aa02e717bb8,0xc88ded87361527d242bdc98f611dca8bf580de89,1.045,2026-03-13 10:12:59.000000 UTC,113,112,1183,0,0.09467455621301775
0xcaf0ccc7a6590f6e918004f033bf72d714bd19abafa30ec5eb281db4ee3789f9,0x31500a5975d6defa31912ecdd8b84f9ac3bdf72e,0.2375,2026-03-13 04:09:59.000000 UTC,136,139,951,0,0.14616193480546794
0x7a1b4e50c9158b0624e5f831769fdf32cbfe5838ebc985148baa7cbaa93e81f5,0x97fd0f1acce4bf72f214492af39fe9e065e17fb7,0.0095,2026-03-13 03:52:35.000000 UTC,97,62,136,0,0.45588235294117646
0xe813e08be038278994a61cf11f7e117d999ed237aeb2a1da3aded215c180b5a4,0x3be1e4d3bd12f24d5c8b15d7d371baf2ce4eda27,0.19,2026-03-12 23:05:47.000000 UTC,641,406,911,0,0.4456641053787047
0x612821cab07b81ad9177eb0abf8fac32a5c1c7e3a64975502431e0dc97dd8da9,0x5e30c0ddb25c04bf9ef5459114cf270bfaff50c8,4.75,2026-03-12 22:51:35.000000 UTC,114,94,1282,0,0.07332293291731669
0x0b9276c46240b3e9adac6522e0fe8e3e1e7e512459fa5f9d95af50ecce25b827,0xb08979f3806e2139000d9dd657e4f58af6b4ca79,0.0095,2026-03-12 20:33:59.000000 UTC,99,63,139,0,0.45323741007194246
0x7cb7d99c9c0dea593e3dab0f9272dbcb85df4680c89bde2184d102f16ff3bd87,0x322956ea3f126a68fa6103965a75f6f4da7affc9,1.995,2026-03-12 20:13:59.000000 UTC,2,3,1231,0,0.002437043054427295
0x301380aa198d246227136d0e9d897294b0f886a10d83c3fc0a8cfbae4c514987,0x9249f0291d6dd05b7d49ea7fbeae668c58774cb6,0.018259,2026-03-12 14:24:11.000000 UTC,0,0,364,0,0.0
0xe0b9fd74cf6230cea04b5073abda2088cec808b1295f92d9956381a995b1d4b0,0x5e30c0ddb25c04bf9ef5459114cf270bfaff50c8,0.095,2026-03-11 23:06:59.000000 UTC,438,316,695,0,0.4546762589928058
0xeb3faeec4ae08339a833bfae68a444381c9e56ae7ba65eda5a0f5499cb5617f0,0x14690c80f670353f5c041b6cfdbfe6fb8aa2ccad,0.95,2026-03-11 05:21:23.000000 UTC,715,197,1107,0,0.17795844625112917
0xc989c56922f5d22dcd52e4727e988cc9efc3b05bdcbb978e113398f06bdfb0f9,0xb08979f3806e2139000d9dd657e4f58af6b4ca79,0.0095,2026-03-11 02:36:35.000000 UTC,99,63,139,0,0.45323741007194246
0x450c6105c5a7b07a0a890fab5945321e5184271f670de10ad02613e8a766532d,0x8c0c9b3164aff16be9fa122f51dbfdb369400de3,1.5675,2026-03-10 20:00:11.000000 UTC,2,3,1243,0,0.002413515687851971
0xb8d5a0fc21027b9839f43662df2dae26eac06dd1ef2a6cb92c1c33c407c87427,0xf9723c581ebaadcd156c0235c1d1e5e93a5395d1,0.285,2026-03-10 19:54:35.000000 UTC,217,227,994,0,0.2283702213279678
0x00dbd79b2f01b58c1d825534f83a204ea56d0adbbd38637695cbd0f3c3af2e4d,0x20b4de8180df1890beccf169935101972c387a90,0.57,2026-03-10 10:51:11.000000 UTC,160,132,1081,0,0.12210915818686402
0x8ce08329871518ff392ba8908600c673d1a5e0fb26bd2b2ec5a9fcbc6ae1a669,0x79330aab8c32e616b4b9b177eeb72264c611118a,0.95,2026-03-10 06:53:47.000000 UTC,716,198,1117,0,0.17726051924798567
0x5d4385b1b891b17f941ba412f8e52548cb0beb90d48f44d48ba9c5729a112d8c,0x44c466f3c93c0890e9f3baf33265976a9096b9a3,0.855,2026-03-10 05:23:23.000000 UTC,5,6,1110,0,0.005405405405405406
0xa85e6a179a631bf4b8da9be52d18481ecd2c5fb5cf316962b67228abd2d173e4,0xa0a72df3fca4ac9c7e29e4f4b4b4f9375be66075,0.145255,2026-03-09 23:16:35.000000 UTC,0,0,920,0,0.0
0xb9030a5ee04ad6684a80d72d46605df04d9279662e20670d3e2dad37827a36ee,0xd3320435692de26a6a4f51d63feb44cb7e9f0c63,0.95,2026-03-09 22:35:23.000000 UTC,716,198,1123,0,0.176313446126447
0x3c2107ff10917efd424e24a096abf5e6c16e11c4247e3e4e5acfb79d82c3ec00,0xc88ded87361527d242bdc98f611dca8bf580de89,0.38,2026-03-09 18:02:11.000000 UTC,311,301,1031,0,0.29194956353055285
0x08db6d379ce149bcb15cb1dcc9cae3dd2348200fec141f0df29fd6335fe7ef9c,0x2c1a8dddcd1d44ee50ea65da9ca328186e460b80,0.9382865,2026-03-09 12:50:47.000000 UTC,0,0,1123,0,0.0
0xf412e42b00fa0efea6093d409a804e3ac4ef0b9c7ccea6c2a810b7deae3ad1d5,0x7c1e064bb347cfa8b042e33baf38503014dfc58e,0.0095,2026-03-09 09:59:47.000000 UTC,101,64,141,0,0.45390070921985815
0x7ba4839beaddf66b6a5ab3499ac55c616f377eaaa74a81946d220a5952844a58,0x2ae3b2e465f4f8e6f3e3c9822c75a4278d88489d,0.1295229999999999,2026-03-09 06:53:35.000000 UTC,0,0,898,0,0.0
0xd1aad42574b16d603e83c7a3bbbba82a61d6c53202544f99362e5ef1fa087d56,0xdbe78f91226fc49d99084f505a5d1da0d77260c3,0.95,2026-03-08 17:11:47.000000 UTC,716,198,1130,0,0.1752212389380531
0x169a08ad139ab458ba0850e730582a815f8d9c984eda28c5294e68184b688805,0x1eed555d186a3a9835741a5c09c64bf458402817,0.7665455,2026-03-08 08:55:23.000000 UTC,0,0,1116,0,0.0
0x3e2b40d5a071a0d1078c2a14304ccedf18361f10e41cd52cdb7ceb624afba3c3,0x13c8fd57d43b27daa6f8d3c5cd6e089045600b23,0.0246999999999999,2026-03-08 03:04:59.000000 UTC,137,140,432,0,0.32407407407407407
0x0047690b18e9ffced631df864b3fa5c046ac342b8c7ef1bd08cca5dabe1b1905,0x1b3589ac49043b0cbc6747f6f59942db3a6bcb4d,0.0095,2026-03-07 21:14:47.000000 UTC,101,64,141,0,0.45390070921985815
0x18caba2a5f4ea311b9b0a2b8b09865d5e197c6bf1ac894d1835422aabd0c3d6b,0xe472fef1286cc1c367821e317921fc07084a62d2,0.0095,2026-03-07 07:10:59.000000 UTC,101,64,141,0,0.45390070921985815
0x0e959ca0562753cb76cfb9476b656da9893c86c09aaf2cd53795d353914989da,0x77363681bf4dd89cb5f7dde61518a670e5ab3074,0.2375,2026-03-07 06:59:35.000000 UTC,140,143,992,0,0.14415322580645162
0x65531c0b8202014578c9d76ce35a730d0c2b47e882a9118c7d1b8ee11d72ef75,0xd7a9922fdf27fc9f6c1e65f1d3a1381960e2a9f4,0.0095,2026-03-06 16:26:47.000000 UTC,101,64,141,0,0.45390070921985815
0x676d4d96182827856f586dd0b0dbd990e33e99fe7cb63cc396ab50063cca496a,0xcadf66193bfa9892d90886f7ada6cc4a0af86c9e,0.219545,2026-03-06 15:51:59.000000 UTC,0,0,988,0,0.0
0xe3ccae4ba30906d793fcf8482c2b7b10427c2900413b91ee2d5a280f55e02922,0xa62c4b140d11a43234e8e33e1d50cc2d3a27fa24,0.57,2026-03-06 03:32:23.000000 UTC,160,132,1098,0,0.12021857923497267
0x24b0a1ab90eeb8330bdcdf04d8a4aa2f0ce0b120225e93c8dd9812cca7322c5b,0xb08979f3806e2139000d9dd657e4f58af6b4ca79,0.0095,2026-03-05 13:58:23.000000 UTC,101,64,141,0,0.45390070921985815
0xf9611e8c17da487a579f227ede31c540c8f23410caac1f558af857cb778472db,0x23802e21c6cd72c091792bfb9f7afc2265cc68d6,0.1425,2026-03-05 06:53:35.000000 UTC,19,21,922,0,0.0227765726681128
0x7479d6d705c184dbe360c7e27c78e128acb07e4dc37ca1d54a2a055356003449,0x5a57183b748ba614d900f224fa55c5a96b7f7971,4.75,2026-03-04 22:31:23.000000 UTC,199,99,1352,0,0.07322485207100592
0xcadd3afdf0ebe359da1e371202754e7772f5293f73a74e283ebcb2efd927c9e4,0xafdc9729d35d7d8a0ec479841f55eb0c2690042a,0.4604175,2026-03-04 22:23:47.000000 UTC,0,0,1058,0,0.0
0x4be24c56f316caba8b21d4ec2ba91feb9b7696ac85d83d3d4dd6cf8e7c0540e2,0x17c3b0f9f97f54d8564d89225508e6a7d0f3f701,1.4249999999999998,2026-03-04 21:42:35.000000 UTC,29,33,1273,0,0.025923016496465043
0x4f63e37f72ea4d990d1d2325d25e5f621cd3934bc32145c1a64f5c2b8763165f,0x9ff2c0d897dd7fe204ea518370bd5f31121bb6e7,0.475,2026-03-04 21:30:11.000000 UTC,109,67,1061,0,0.06314797360980208
0xdd0875108235fda8d3e209afde3ce1599301da31b50fab66387bf9b7f22276de,0xcec22dbbe17d5f7fba23a76178acb0613211fb44,5.906587,2026-03-04 13:47:59.000000 UTC,0,0,1373,0,0.0
0xee9e036c4d97e4f9a2b7757c020beea3ac5b93b8b331d41883d5e866959f7aff,0x0281c6bb9748aba491dfa68ad505fc3fc16bf10e,0.0095,2026-03-04 08:34:11.000000 UTC,101,64,141,0,0.45390070921985815
0x37a40a62496f62c642b610afc96243870e49c27956e72cb96a391e58b3af968a,0xab97e97216cf678bfc4c3c22b2bae63e2b6281e9,0.95,2026-03-04 05:41:11.000000 UTC,750,204,1148,0,0.17770034843205576
0x714ef9a44f25a75f732f680daa35f6637141a71ebf00daa6e5f3690055558c5c,0xcec22dbbe17d5f7fba23a76178acb0613211fb44,2.85,2026-03-03 21:32:23.000000 UTC,20,23,1340,0,0.017164179104477612
0x2f190c5da6d4d2d3bf79e0b5e658821e4808c8f0c3927b63eda19a6cb7663a11,0x31500a5975d6defa31912ecdd8b84f9ac3bdf72e,14.3925,2026-03-03 16:50:35.000000 UTC,0,0,1404,0,0.0
0xe80739b1f1b66ef29a5dd2d190251d047deb59bc60442c886ab8d20e9fe08b36,0x579fd149e61ac77ccbad9bdd4a66c6139ffce185,0.0095,2026-03-03 16:19:11.000000 UTC,101,64,141,0,0.45390070921985815
0xd187bc0ab4a43d345968d3f9bf391c81dad3728693e39bdbf8b7f581bcd3c9eb,0x31500a5975d6defa31912ecdd8b84f9ac3bdf72e,23.86875,2026-03-03 09:55:11.000000 UTC,0,0,1410,0,0.0
0xdb8484bd2a5c66c88954e058b522abf222860bd9a4bc4ef85fe4c5cd2cad774f,0xd4fa36def1a01795a45860f9b4c057c739cedfcc,1.383314,2026-03-02 23:59:59.000000 UTC,0,0,1285,0,0.0
0x371e44c9a39d3ab59ef424e766f2ef4d386de8474f5ab07b24c5eaca184dc688,0xafc09e216b2e0bcee79f2a4cbbd72852848e29e1,1.024195,2026-03-02 20:24:59.000000 UTC,0,0,1268,0,0.0
0x25d12c35dc71455869d4bd91d0a516fda274915a580115b6dbd1f730b5e092f6,0xe05735299c38825ac3f3f742ea8752e70ee11e74,0.475,2026-03-02 20:03:11.000000 UTC,109,67,1071,0,0.06255835667600373
0x8d4f772237c5229f1695f2abf10e23e554a65efdb6ce49d17a644405d98934d2,0xe05735299c38825ac3f3f742ea8752e70ee11e74,8.35525,2026-03-02 20:00:11.000000 UTC,0,0,1398,0,0.0
0x148c904f3df3565fbb7d7cafe864be876f20671bbf73407dc2b8610fa1fb9569,0xe05735299c38825ac3f3f742ea8752e70ee11e74,0.95,2026-03-02 17:57:47.000000 UTC,750,204,1152,0,0.17708333333333334
0x0e23400468a3519a47a2252f7c78def3788555ecfeb2f9d4bbe4f9127673a28b,0x2151e5d895ed378f28ff29bf74bb0e9b5a556f50,4.350012,2026-03-02 16:38:59.000000 UTC,0,0,1369,0,0.0
0x08d8877ee8edc8151a6b717a7cf748e74887a7a929035e2d542781885d53b305,0xe05735299c38825ac3f3f742ea8752e70ee11e74,0.475,2026-03-02 16:37:47.000000 UTC,109,67,1071,0,0.06255835667600373
0x0d73ac9b77c7a9ec7415770fbb61142ad7bb305853e61a234920e94e78f2bb43,0x2151e5d895ed378f28ff29bf74bb0e9b5a556f50,0.3135,2026-03-02 16:06:35.000000 UTC,2,4,1040,0,0.0038461538461538464
0x69c9526d0b111fb8678b7d02c92187bc70402668d8f8b3e139778b9f949c7bee,0xafc09e216b2e0bcee79f2a4cbbd72852848e29e1,8.3135545,2026-03-02 15:51:59.000000 UTC,0,0,1398,0,0.0
0x46ea3ea3b986745b53177bc9e7af61c4edf038e601245e525ff4e85d3df7579d,0xcec22dbbe17d5f7fba23a76178acb0613211fb44,0.95,2026-03-02 13:06:35.000000 UTC,750,204,1152,0,0.17708333333333334
0x76a8da3efcdc1ed491f087327eb988eeee46504007d4e9525e7df765488eb9da,0x94dcda1a9de41f599f22b5d80a84b842bad346b0,0.4559999999999999,2026-03-02 12:48:11.000000 UTC,39,35,1069,0,0.03274087932647334
0x406dffaab38d98598d0d08836dc40671aa3c7bbb1b4388a09c11245a7220e602,0xb09056ecd83db0c285a47564220a8c236d9f3ee9,0.033725,2026-03-02 12:47:47.000000 UTC,0,0,471,0,0.0
0xe7bfa80d51d84c4477b1a46ccc970281a970e5307bd25c805e6e7f35219b7e4f,0xd58f714ed6de482349d7badacacd6f7e08c713fd,0.01615,2026-03-02 12:46:59.000000 UTC,0,0,365,0,0.0
0x3e1d4612a704d47480edb569932e42757ac56071bfde4e3075de150e4db8cf0c,0xd871d402050bab512dcc3f1b2cd781d1c8134863,0.02755,2026-03-02 12:46:23.000000 UTC,11,12,453,0,0.026490066225165563
0x62aeb6a3a5c8f880ce8a04be1365a1952e503a2654e291d4b64b07dcf222baf2,0xc483305eb494a2bad5108f97bb5efa663c6157ff,0.034238,2026-03-02 12:45:23.000000 UTC,0,0,472,0,0.0
0x6c09fdd3d6501567449e286076ab463cb402029981672d948ed4339feedd6aaf,0xed56d9723e2a2e9cc989a803aafec2189b67efa0,0.4440584999999999,2026-03-02 12:44:47.000000 UTC,0,0,1063,0,0.0
0xca94b76c465ae15deea462d1e2c84c8b936779ea373d6c24843c97341d1903b4,0xbc5b552641e5d203f0a6c230aa9dc14da7450053,0.0095,2026-03-02 01:45:35.000000 UTC,101,64,141,0,0.45390070921985815
0x3eae964ce0ea519e546484c1857314e9be45a186f55d548c6dee9a3a174d8811,0xd4511228019120eff7a2b1aa197258bf2ff415c4,0.0246999999999999,2026-03-01 22:54:35.000000 UTC,140,143,437,0,0.32723112128146453
0xab73fa12409e5776ae2d1de82b41366c23b3166e5aefe0a56625fa4e929aa629,0xba69674066bbd3799d65794866b79916c092e062,0.095,2026-03-01 18:29:11.000000 UTC,461,329,715,0,0.46013986013986014
0x65f82d3b346575d5a97ef06b526d0914d875151c1ada36b14bf7c8e5c6a0ec0b,0xafc09e216b2e0bcee79f2a4cbbd72852848e29e1,0.95,2026-03-01 16:03:23.000000 UTC,756,206,1158,0,0.17789291882556132
0x2c3d0853bf711b99c44388825ea0ce2751567ade3fea3f387f18950af7e3604a,0x64482a3c7a2bdb509456e42e94b58b8495db4e73,0.0095,2026-03-01 14:31:47.000000 UTC,101,64,141,0,0.45390070921985815
0xf63f95c5749039dafc892aefd16bf6171e85420ad4cb327958c36f86b958fdc2,0xb14fa11230e7481065715031121543db723cc45e,0.0475,2026-02-28 21:20:59.000000 UTC,67,56,501,0,0.11177644710578842
0x8afb9a9448766b226a676f94184a1c8de01c93544d4036d3ad64cbfca8d3577f,0x6bec2249d4e72363f509de721c2b43f8f86c67b4,0.095,2026-02-28 07:33:11.000000 UTC,466,334,720,0,0.4638888888888889
0x36cefd60557fdf240fcebb5bb6a54e7235d25149a6caaf7b2f47260b59e7f960,0x815956eb77b37401450aa332edeb51db8c4f31eb,0.076,2026-02-28 06:03:35.000000 UTC,265,164,659,0,0.2488619119878604
0xe675dd257332cd2dcd4acb83e5625e2719e928949874144a5d2a8fc218da0e2f,0xf4f7f1bd0905efe61382de895ec3c1ed321b995b,0.0094525,2026-02-28 04:44:35.000000 UTC,0,0,141,0,0.0
0x58ead0226abd543b13aa150dfca21f9816ebdea413636911d639f978f2831a20,0x3fa6093e7a55a1bd0e54b9f7ea0beca861f15724,0.0095,2026-02-28 03:09:23.000000 UTC,101,64,141,0,0.45390070921985815
0x2868e1de525d0d3655abf410534756f08c9e0d56ab6d4fd83a5de039e6e69c52,0x136d8211f17cfe11873f467b63d91540a7f564b5,0.0854999999999999,2026-02-27 10:55:35.000000 UTC,102,108,704,0,0.1534090909090909
0x4781f69216be8693f536df0b80873ed7c3cc741a8f4d4f35cfb91ff55ffe93ed,0x8b25f43d351c2b21129a556838ff1441dbc6234b,0.0095,2026-02-26 22:24:11.000000 UTC,107,66,143,0,0.46153846153846156
0xa576fbede48a0e98909e5e6d7a6b7f464a3e647a2f6a9dde52b5b8faf356dd78,0x41f6fce78dce05fcdd597cc1ce12ba1ba4898c57,0.0095,2026-02-26 19:22:23.000000 UTC,107,66,143,0,0.46153846153846156
0x952108ead83a889b4028bed8ffef6057d75f819b3111d424b916c373aeb0b573,0xa62c4b140d11a43234e8e33e1d50cc2d3a27fa24,0.5605,2026-02-26 19:14:23.000000 UTC,4,7,1162,0,0.006024096385542169
0xecf1da97982d3f7496cdb2cbc12c032bcebf8c32ec9933154c89b0fd222e1c28,0xa62c4b140d11a43234e8e33e1d50cc2d3a27fa24,0.095,2026-02-26 19:10:11.000000 UTC,480,347,734,0,0.47275204359673023
0x3f7d58f26941a2e61f3bde7036467306c3e66fd886233ea67e21bc488a2c34f8,0x5dc983f01dc3691054755e0540e6c669a27e0793,0.0246999999999999,2026-02-26 18:33:11.000000 UTC,151,154,453,0,0.33995584988962474
0xc5132dda15159e2a53667d1a9a570bd2c105a2259549d6171adb75489e1ae8eb,0x27b981579f1bf9326a08c954327e6f876aeba3e8,0.0484499999999999,2026-02-26 18:28:23.000000 UTC,1,2,513,0,0.003898635477582846
0xfd238e7735332705c2d759a043b5ebb9bd0a2b3e7e7d63a940c268d21e28f35a,0xa3dce08c0d4723a42d44c5926c7efafbe4479118,1.14,2026-02-26 04:34:23.000000 UTC,277,285,1330,0,0.21428571428571427
0xcf8bbc2631920bb9f393b61f4d40f534d104882d6e2e78ff9ee59eb61d1840d0,0x37219a6e8c58415dcc6d78bbac5e27f616d3a3fd,0.0095,2026-02-26 04:19:35.000000 UTC,107,66,143,0,0.46153846153846156
0x4882dfc1e52a14ae6d711fd612fc020a77fce9d9901df8546178cf0ec0a2d047,0xe23b618a6eac9f31d043c220b5f924d80a2c60e4,0.095665,2026-02-26 01:28:23.000000 UTC,0,0,736,0,0.0
0xd3ce75f0e612359f5b8789ef27d37b6b742f759efa5d37e1c7f0d4cbe6b9d843,0x3f88179bdf139c56d19d04fb731ceaa007c9f9dd,4.75,2026-02-25 13:55:59.000000 UTC,207,103,1433,0,0.0718771807397069
0xcd59c9f8e535584266d338cfdcea004ed89f2f876438da0acc0c95f98fca29f8,0xd033670964d886403b306e7ade36dbc5880af883,0.285,2026-02-24 21:42:35.000000 UTC,263,274,1079,0,0.25393883225208524
0x100d4d9008077349f740b8a4502bf9cdd1eb5b7f6d008e0e88cae03ee573e513,0x22b4a5ef59b1c6dde5823028d177ae79a764bd76,0.0925205,2026-02-24 18:16:59.000000 UTC,0,0,733,0,0.0
0x8bc7353e716de964ccb809bc9ec55050b7e5fddcf95dfbea3011b05a271ebc72,0x5db5286cec9a28d76feb4ee22e0722e6a6912b22,4.75,2026-02-24 13:50:35.000000 UTC,207,103,1439,0,0.07157748436414177
0x6540645810411a5f700be1a2b30a05b63f9904101343db5e00e64705b8381e1d,0x13e73d568dbceaf6b4933069f6f7edd2d83f6aa1,0.0095,2026-02-24 06:15:59.000000 UTC,107,66,143,0,0.46153846153846156
0x69617cd57be141860c9feca542c52d29f3576fd3d301b66478dfdac02a3f5f76,0x98addcc75931795eb66c52ca954541c18535e3c0,0.0095,2026-02-24 01:34:47.000000 UTC,107,66,143,0,0.46153846153846156
0x0b0e58afd90479a9c5af560e29c5d7accb0f3ab73c977b0ad67cc4911a1d3454,0xd7a9922fdf27fc9f6c1e65f1d3a1381960e2a9f4,0.0095,2026-02-23 19:08:35.000000 UTC,107,66,143,0,0.46153846153846156
0x2905d754e2f60935f3a61d7eeedc63871e4b05d4303be837251812f883ec9ff8,0xf271ac8322e635dc7cca3b7fafd788d321269ee3,0.8075,2026-02-23 12:10:23.000000 UTC,32,12,1221,0,0.009828009828009828
0x970b35528b01deb35b3d2209b112c9171ff8f4871006fcbf009e8b85c1e3158c,0x0cb980ac19f042555618bc112b485d84cbc05b35,0.2275725,2026-02-22 15:07:59.000000 UTC,0,0,1084,0,0.0
0xb71811e1a833d4ecada39acb0bdb8bea9d73b4e038e51c1a7f88092beec32206,0x10da19c14a019913221ea36914153822d1d01037,0.9025,2026-02-22 13:55:59.000000 UTC,30,13,1239,0,0.010492332526230832
0x0cf0b1ba0dde0d6701a116f64f4fcd2f839b8c93ec04365d3bc537da70ddd6f1,0x4fbd9f97e8be48751885799e76d148c7ff320b28,0.1425,2026-02-22 11:11:35.000000 UTC,20,23,1004,0,0.022908366533864542
0x7110a39fd6f9b141c05dbf0ffb285e961fadb50853dc34fe172ec8c6c590aa30,0x4843214523fbfcf203275b6418de7341f6135b42,0.0284999999999999,2026-02-22 07:22:11.000000 UTC,109,82,485,0,0.16907216494845362
0xa5b6f2c371a1cfbae43b73757faf1b8af885703ddc8019eb3bfd47f0feab362d,0x726f9fb03cf18d247decbd4e91f5657908c786b4,33.25,2026-02-22 02:31:11.000000 UTC,0,0,1518,0,0.0
0x5624692abcd328f71fbe44a24f112c8d63472d1093e08fc972f97af8185b8e21,0x726f9fb03cf18d247decbd4e91f5657908c786b4,0.0095,2026-02-22 01:56:47.000000 UTC,107,66,144,0,0.4583333333333333
0x7119e12778b788d492331e221e39590b5a6fa2ab39b867711d1980684577d992,0x251f21ad94980dcc00215c943015d8d0c748d132,0.06745,2026-02-21 18:51:23.000000 UTC,2,3,666,0,0.0045045045045045045
0x98d2a652601b39f777a1cf3e9da10eba407d0c43ad70b014123c69950ded7327,0x4411ecf713647a417ddaf3d33639199b306ac04f,0.1425,2026-02-21 18:48:35.000000 UTC,20,23,1009,0,0.022794846382556987
0x748a40cf36b58e295d96a5940fa13016fd418518948bfad6f6d72065158b7d5f,0x50267dbda0c20652262d9fb38335656ca7fc6499,0.20995,2026-02-21 17:58:35.000000 UTC,78,41,1085,0,0.03778801843317972
0xa821091bd8abdd69f4a1af4bd3cb3cb5d25229ea146a575e2f69ebce2cab52d8,0x4bb5d0ea619fb5ed3d5472866115409377682199,0.20045,2026-02-21 17:47:35.000000 UTC,0,0,1082,0,0.0
0xee2532aaff7edbd4bbb71fb8ebe35e3349e72a694f28c812616d9842bebe17c5,0x0b4ead9adb79457816d446deb57d7a22f88c644c,0.0095,2026-02-21 13:00:23.000000 UTC,107,66,144,0,0.4583333333333333
0x852e0835789658ac09855371950ffbdfcd9762e5cb5061b1c59e5531e4e3460e,0x1c0aa8ccd568d90d61659f060d1bfb1e6f855a20,0.0094525,2026-02-21 02:57:59.000000 UTC,0,0,145,0,0.0
0x541eccfe81ad29cc08b4162b31c8d5d3f5901becdd834836b0cccb4e9cbd0390,0x327d9ce46df6c6c53c1c0d7a5188f52047fbfb12,3.0211995000000003,2026-02-20 21:27:47.000000 UTC,0,0,1479,0,0.0
0xeebd992b41e13c8a7e65775879e4598a555df46b637c5e4e6211716536bd4150,0xde9597756a6bb79af11fde990e62d3203d1172f2,2.23972,2026-02-20 20:55:47.000000 UTC,0,0,1453,0,0.0
0xb425f84689944e079f8db7e8b5e20ae82c01ae08e8c1696dda70664e0561bfdf,0x67f5a11abcfbfdf446b5cb75d0d9baa5315246ad,0.0950949999999999,2026-02-20 20:35:23.000000 UTC,1,2,768,0,0.0026041666666666665
0xe09a7461416a59917f3cb803b8f83f9c992c4d4febf7c69862f91ba3030333c3,0x7f53159aeb1f448941c0188e0225ad853393cf94,0.475,2026-02-20 19:22:35.000000 UTC,121,76,1173,0,0.06479113384484228
0x6d71edb8a7ae95239198a5762f93f63d675f1576f4f070ece33984ee9de7e990,0xac6f351fe9966e00ce8b853b10e7f45b1a711aaf,0.1339499999999999,2026-02-20 19:01:35.000000 UTC,0,0,1014,0,0.0
0xf35e802dfb5f85c6312d5cafe80974902fb3b0788e8ff662c5029df695138eef,0x411fb66ade0b9d540d51fd03dc83d78fc20b3c3d,0.4654999999999999,2026-02-20 13:50:59.000000 UTC,2,4,1173,0,0.0034100596760443308
0x5f2473fe9087fc76770f340548600f09103aed10b8fe087501fc2f19fb679ec9,0x37219a6e8c58415dcc6d78bbac5e27f616d3a3fd,0.0095,2026-02-20 08:30:11.000000 UTC,107,66,146,0,0.4520547945205479
0x9e88f9f4a4bd7536a110443c65344b40e051ce04f02fcd384450a9695f6f27fc,0xcbff9f7cd136a27cd2a3d31c86e6bc29957da79c,0.0095,2026-02-20 08:25:59.000000 UTC,107,66,146,0,0.4520547945205479
0x1630bf63192e8e1437b4c40eb4803fe7eb29219132807ca5415954803cccaa13,0xcc717037652940f319272b0bf57591e41d157f95,0.19,2026-02-19 22:11:59.000000 UTC,1021,517,1060,0,0.4877358490566038
0xf3ab51bcb8254bc2216628958d157c5ce3567a9d97a6602fd3443e6d47df8be4,0xd9e890e2038496101622c521414dae56f24e27d2,0.0094905,2026-02-19 20:33:59.000000 UTC,0,0,146,0,0.0
0xb6b89ab6d7684521102d2d92b6e265277c1e4f30862eca3a93b78176b713aba8,0xfc1bc3ecbf9b3a24adc65aa9acd44626c0167d56,0.0665,2026-02-19 20:26:47.000000 UTC,14,22,683,0,0.032210834553440704
0x959029fc94585984d0a4ff40a813318679d2e4776f2ba50b5528fcd1fb8163c9,0xc126ec67c06d2ec618663bdd9e65b195bedd1d3d,0.0113429999999999,2026-02-19 16:16:47.000000 UTC,0,0,360,0,0.0
0xdda0a0ca52689d6e15bdc6b2d6a4e717bfc8c60f6cab9fa9e74a55cfce5a421c,0xd8993674323d67b7a2fa4cc6a34960d67d363db6,0.1425,2026-02-19 16:10:47.000000 UTC,22,24,1032,0,0.023255813953488372
0x4a52a702870faabdfbdb3cc7b99c8af5f8b33e14d3c5a2254a4fbd21de61106a,0xfd32efe40fbdadf2c16392a3bd9ff498137167c1,0.0147249999999999,2026-02-19 14:19:59.000000 UTC,0,0,394,0,0.0
0x001185872980b1d345da822ae65fa387107974c894aa1d41fd987b64a28dcc82,0x000000000000fb114709235f1ccbffb925f600e4,0.0114991483066529,2026-02-19 12:44:47.000000 UTC,0,0,362,0,0.0
0xf7383269cddcc5e7912e10597d5f5e76f648c0f8d8b8a69719eac2a523b18108,0x1c0aa8ccd568d90d61659f060d1bfb1e6f855a20,0.0094525,2026-02-19 12:27:59.000000 UTC,0,0,149,0,0.0
0x361acc834a458ece2f405e3d50ed86f9d6b7dff66a98612620155d71e8017840,0x37219a6e8c58415dcc6d78bbac5e27f616d3a3fd,0.0095,2026-02-19 07:10:47.000000 UTC,108,67,149,0,0.44966442953020136
0x1e40d4a47f08ad2a103d8e49babfa4d116b667e5c4cd5990bfffcb77ef5e7fc6,0xcbff9f7cd136a27cd2a3d31c86e6bc29957da79c,0.0095,2026-02-19 07:06:47.000000 UTC,108,67,149,0,0.44966442953020136
0xbf4b3d623a21b34c6ea45594cbb4399c70b6366c422300d2b89ad6920f45c4bb,0xcbff9f7cd136a27cd2a3d31c86e6bc29957da79c,0.0095,2026-02-19 05:46:23.000000 UTC,108,67,149,0,0.44966442953020136
0x662bc7af5eb7da41bff2ab4c638747646b86cee26e6d5b4e418a1ebaf9497d47,0x37219a6e8c58415dcc6d78bbac5e27f616d3a3fd,0.0095,2026-02-19 04:47:11.000000 UTC,108,67,149,0,0.44966442953020136
0x4cbe59ebe68b622f6f605701bdea478d797dfcd3f50f33b6785e52a037cf680b,0xcbff9f7cd136a27cd2a3d31c86e6bc29957da79c,0.0095,2026-02-19 04:42:59.000000 UTC,108,67,149,0,0.44966442953020136
0x6e993b466abfee39ea8c4dae7c50c94a47b2f0dec9ed248ec8f36af755fcb829,0x000000000000fb114709235f1ccbffb925f600e4,0.0142228480045016,2026-02-19 04:13:47.000000 UTC,0,0,400,0,0.0
0xd255c381f7b3c653591039d625ea56f0299a39f6692f05b5cd31523ebe6fdaa6,0xe8aa2a48472ea73444012a038865b5b373094550,0.095,2026-02-18 22:12:11.000000 UTC,543,389,789,0,0.49302915082382764
0x5702304a1016971f3f4140f5f7dac547fad1076171c611ee46685766a8343165,0x000000000000fb114709235f1ccbffb925f600e4,0.0124527373318095,2026-02-18 21:04:11.000000 UTC,0,0,384,0,0.0
0x607a726eefe4cbbca4555cb6fe3a80270b2282c3f3596d6cbbbf490b6be3b1ca,0xeb6bea6f917124233dcc2b046d8bd64897ce0ced,4.75,2026-02-18 18:08:35.000000 UTC,217,108,1522,0,0.07095926412614981
0xfdccba1a6a2926445676feec6e59a03c1912c70e57290a12d9332b36dd17eaf4,0xe6820e5e57bed63ca73723627c05f4903bc526ab,0.0095,2026-02-18 13:46:11.000000 UTC,109,68,152,0,0.4473684210526316
0x2c8293f2b9247abf2592775da0988e59ac13ce737c1202f2587a0255c71ea57c,0xa05ee11735d861afa66bf06004cb61f7370b1d2e,0.475,2026-02-18 12:47:35.000000 UTC,131,78,1199,0,0.06505421184320268
0x52aa52282c5f3bc7aceab00d2b33419d9d79aafc189a395e9a5bbae7be12b8e5,0x9886fd1897ebdcbf8c39c4f9fc8e3167fc5c7e85,5.823499999999999,2026-02-18 05:57:23.000000 UTC,0,0,1540,0,0.0
0xdbd5aa600e5f4aba355bb4506ab9d91a86e697c1848d5b1635105521cb703379,0x6011e643b8ba18d161c62a9408b5db018b50ca03,0.11875,2026-02-17 22:08:59.000000 UTC,169,171,1018,0,0.16797642436149313
0x8335a408d30183e753d41ca51dbc6c9d884a1fad4c75a2a22094fb37b4093317,0x7f53159aeb1f448941c0188e0225ad853393cf94,0.19,2026-02-17 02:35:59.000000 UTC,1072,542,1091,0,0.49679193400549954
0x6c99fb00fbeb43fa3272a77bc070976864e62ba4a8aa7ae7cd995c1396517a84,0xe39b916a35d28d27741b46e1b49614ac6e966d33,10.45,2026-02-16 21:17:47.000000 UTC,27,13,1574,0,0.008259212198221092
0x87320aaae4868c6f5b7c8b31ba2fc82005bdd7522fdf85f9eb8dcc93a34cb475,0x265e7bf9f12a708045ba3188235d817b0bc5e276,0.0209,2026-02-16 17:01:35.000000 UTC,56,25,485,0,0.05154639175257732
0xeee6af36283afdbe34c08668a6ed58278f3ded2816311c3266fad61bfce82594,0x609fb8f19b28a76f12557a235c3e88f621267c36,0.095,2026-02-16 12:59:23.000000 UTC,553,392,796,0,0.49246231155778897
0x24484ac697dc48443b509879cb5dbbc201f00d1b614430c923dd1f6267822ce9,0xfe26421851be7d7ca50c941f7408981c403bda64,0.285,2026-02-15 21:29:23.000000 UTC,289,300,1164,0,0.25773195876288657
0xf58c41686130e5c2d0e3b7de35fee6e27791b8eb1160877a8a82357928904ff7,0xa5479c21f8375c68a903d505bbcc860921565217,0.0266,2026-02-15 21:22:59.000000 UTC,10,13,519,0,0.025048169556840076
0xe3e1f473449592ec962ca94dcbe73df267c79a7814d3e205a71199cd2253a6ce,0x9c49b724c6079aafd5a0475e4591f0c7a8bd2802,0.095,2026-02-15 19:15:47.000000 UTC,553,392,798,0,0.49122807017543857
0x0db4233e744eb2304589777c489b6438c4ebe8f618115e5f3959db83c24ee11b,0x8d90a4fe233c2e5f59ee8180ac497a6c1749d0f7,0.0284999999999999,2026-02-14 04:41:23.000000 UTC,121,92,526,0,0.17490494296577946
0xc606a4ff1323a8f81dbe489d1414ca0727e801ee674d993fba1ef91f81274951,0x9a344679a0bcc11fcd5dd63d75f15bfea0461a27,3.8651795,2026-02-13 22:03:23.000000 UTC,0,0,1546,0,0.0
0x7b38d6b695635ced1cc917727eddbbe941ad69b26d2c955ac2e8e24cba2ebfb1,0x9a344679a0bcc11fcd5dd63d75f15bfea0461a27,2.85,2026-02-13 19:54:23.000000 UTC,28,32,1533,0,0.020874103065883887
0x0c89fafcedf16f28e1017f4447b10ea3acdd302247dbab49bdd02795dc0820f0,0x16c0a9c9967d8e860bf84596769ef513dd6f2094,2.8218895,2026-02-13 19:49:11.000000 UTC,0,0,1534,0,0.0
0x0ff377bb076d3608ba177fbdf83b454af6bb74badf93334967e6e0e1daadba5f,0x9a344679a0bcc11fcd5dd63d75f15bfea0461a27,0.95,2026-02-13 18:53:11.000000 UTC,878,234,1318,0,0.17754172989377845
0x519a3f276c87b1184a8e63e9773fa8a8a88bdbbbf58e87a35e3dc7023178ddbf,0x7bdb96ff4c314e716ca5d4283177862c4708046c,0.0987999999999999,2026-02-13 18:06:47.000000 UTC,0,0,813,0,0.0
0x8a2ed3de2cdfd77fca0d2aa04fb78fa6675534583651ff1c9b7680a2cc796d07,0xa53c36ee78333f3bd6b509adae5b6dc1f4a936e8,0.0095,2026-02-13 14:54:11.000000 UTC,110,69,155,0,0.44516129032258067
0x14aa1fbfd76cabc3959ec7fee6a8e1b5cc6595500f02d2aac2aa26a073815147,0x9a344679a0bcc11fcd5dd63d75f15bfea0461a27,0.095,2026-02-13 14:52:59.000000 UTC,559,395,806,0,0.49007444168734493
0x8dd8f5c267d47daf813af632757488d2913738163dfa1c23a95bae12a28c738f,0xd7fb18a5ea54604e3fc5299daea4373de898203b,0.0992749999999999,2026-02-13 14:32:23.000000 UTC,0,0,817,0,0.0
0x2ab440faa4ee132db6b5a02cc0d2484862ab5a84c9788fe60e428c90a1e7ecbd,0xd7fb18a5ea54604e3fc5299daea4373de898203b,0.554553,2026-02-13 13:52:11.000000 UTC,0,0,1284,0,0.0
0x9b56a773b237fb79ad56ad410ab3a323f78845292b9a8157cc093e1e46d7f5b7,0xe39b916a35d28d27741b46e1b49614ac6e966d33,0.95,2026-02-13 13:47:35.000000 UTC,895,237,1324,0,0.17900302114803626
0x26aa75b45ed3b63d1da5ec1d171b0adbd5d3bab4ffc950d3b7edba6c5b5c4f10,0x8d19d3ba6d68f5f8bcb7660ba644c93c932f13ee,0.19,2026-02-13 10:47:23.000000 UTC,1092,551,1110,0,0.4963963963963964
0xf216c05bcf2022b3d822b48047196d9830fe6bdb87f699f51fd07dff350c3ed0,0xa31463942c8b79af930e9f3c8e932d49fdaa8fbc,0.3903454999999999,2026-02-13 10:46:23.000000 UTC,0,0,1213,0,0.0
0xc6675c90b872214f2f6433e364cf4e37898afe827aa6a4cae372380bd18d033e,0x8e06fb3b9177ef9141f7d4cb5fe14019cabce38c,0.6686099999999999,2026-02-13 09:54:35.000000 UTC,0,0,1292,0,0.0
0xa9aa84bcef1712c3dd704f67c0f082a4276896b18c938a181ff860f5157610f5,0x785bd6e9f87fff9c88edb4041cfffe7299d636e1,4.75,2026-02-13 07:59:23.000000 UTC,221,111,1588,0,0.0698992443324937
0x98bbeec09cf543cfe7edb6c6c7ad9e3ce12de21e9944fc38b8eb6b99eb9c829d,0x785bd6e9f87fff9c88edb4041cfffe7299d636e1,4.75,2026-02-13 07:56:59.000000 UTC,221,111,1588,0,0.0698992443324937
0xc5d687f363de8b751565063117efe9e242ce74993551d021904263b577b727f3,0x785bd6e9f87fff9c88edb4041cfffe7299d636e1,4.75,2026-02-13 07:56:23.000000 UTC,221,111,1588,0,0.0698992443324937
0xa67e8970a145395508f2f8d30aa88b84805f29a312a21c9dd15070cf7cf8edbb,0xfd80a14a7d87a7431a036e4e12978d99f1671220,0.0556795,2026-02-13 07:45:35.000000 UTC,0,0,689,0,0.0
0x53e88fbf09b7719b30d448fad1407682d1797f66602ab475e0b9e7f436d014fb,0x728091246dbbba7c8fc51ea45a49c08a87dee66c,0.0095,2026-02-13 05:55:23.000000 UTC,110,69,156,0,0.4423076923076923
0xb6ade5d15af9c652cbcc8ba3cf0910c42b1e8bf25219a72fbae1948c728b1130,0x3f88179bdf139c56d19d04fb731ceaa007c9f9dd,0.019,2026-02-12 17:58:47.000000 UTC,596,303,449,0,0.6748329621380846
0x8aa3c754307981516f3f8591b3dd4a36977eecae29d96d22b26c4a4337681da0,0x3f88179bdf139c56d19d04fb731ceaa007c9f9dd,1.9905255,2026-02-12 17:58:23.000000 UTC,0,0,1515,0,0.0
0xd57e8bff3544c89a6244995b077a1f35d74f12ce44b12e9f6638364005ee4be7,0x3f88179bdf139c56d19d04fb731ceaa007c9f9dd,4.75,2026-02-12 17:57:11.000000 UTC,222,112,1602,0,0.06991260923845194
0xee2aa6006282d870ca728a8e19ffc5a1803d87efaf0235dda3a8a6abfab8cb81,0x3f88179bdf139c56d19d04fb731ceaa007c9f9dd,2.85,2026-02-12 17:56:47.000000 UTC,32,34,1568,0,0.021683673469387755
0x68094370c71b54c24318d491ff542e98ee9fc6f0f66266914fd9c3b18502d2e5,0x3f88179bdf139c56d19d04fb731ceaa007c9f9dd,2.85,2026-02-12 17:55:47.000000 UTC,32,34,1568,0,0.021683673469387755
0x5578c6fe9ca7477d2f96fcdfa43795991f861e58cff949334f7a9699c2564e53,0x3f88179bdf139c56d19d04fb731ceaa007c9f9dd,2.85,2026-02-12 17:55:23.000000 UTC,32,34,1568,0,0.021683673469387755
0xa0d0dcee5bcc09b6e0036d39afe6b65234417831c5f2aa94bf5621f8cae7cd80,0x3f88179bdf139c56d19d04fb731ceaa007c9f9dd,2.85,2026-02-12 17:54:59.000000 UTC,32,34,1568,0,0.021683673469387755
0x8ac22c9c9235bd1375f0d8d888a631eb66749eb247a8d8647242d09e599d908e,0xed25777635ee1f547b3ced38daea6070ce4aec2e,0.095,2026-02-12 17:01:35.000000 UTC,581,403,816,0,0.49387254901960786
0xd914a0723aabab8ee1d8635f79fe568b308b81b7124cf47512e101512d495933,0xa31463942c8b79af930e9f3c8e932d49fdaa8fbc,0.095,2026-02-12 14:59:23.000000 UTC,581,403,816,0,0.49387254901960786
0x52f87278ec4fe31932c542eb2c90052f811b62bb8dc64a185d39c423e2ee04c1,0x3f88179bdf139c56d19d04fb731ceaa007c9f9dd,0.95,2026-02-12 11:42:23.000000 UTC,907,239,1342,0,0.1780923994038748
0x208e0551829d8ee4959ccdb7e5d90ca605651899307829c9a3c0d81901073df9,0x3f88179bdf139c56d19d04fb731ceaa007c9f9dd,0.95,2026-02-12 11:41:47.000000 UTC,907,239,1342,0,0.1780923994038748
0xf23214d6ed43bca53377647d14f2ec8db6b13ea219a3ffa30a8e0ad5d5f6d760,0x3f88179bdf139c56d19d04fb731ceaa007c9f9dd,0.95,2026-02-12 11:40:59.000000 UTC,907,239,1342,0,0.1780923994038748
0xd749841978969125adc2d0cfb5bd8db62ad78ff419b665612304bcb0ff903cbd,0x785bd6e9f87fff9c88edb4041cfffe7299d636e1,4.75,2026-02-12 11:15:11.000000 UTC,222,112,1604,0,0.06982543640897755
0x803064aa6b16c5ee26b145a4bfabc5479577e5cfa0d84dac266828588374df1d,0x785bd6e9f87fff9c88edb4041cfffe7299d636e1,4.75,2026-02-12 11:14:11.000000 UTC,222,112,1604,0,0.06982543640897755
0x5e24d8570dc699e897332153fd4ea2cde4f732ca00a9ceb99c853f943411a33d,0x8103e115deac098104c40c0a669d626830158304,0.0095,2026-02-12 10:37:23.000000 UTC,114,73,161,0,0.453416149068323
0xa09bd476bf20867bd0024e7418adea7c338a54313e1ba8ba417ef59af2103921,0x055c55d68781127a25c5bc5c909790d3c0ba49b9,0.95,2026-02-12 08:08:23.000000 UTC,912,240,1344,0,0.17857142857142858
0xe3661807b40989fd69c700f17e73c2df9e45917d08b274eca0865a899c281a5c,0x136d8211f17cfe11873f467b63d91540a7f564b5,0.0095,2026-02-12 04:36:47.000000 UTC,114,73,161,0,0.453416149068323
0x55626e7a38a3be06ea5aa0d5902279f5a5891a28e118cdeccda73c1c2e556490,0x7f53159aeb1f448941c0188e0225ad853393cf94,0.095,2026-02-11 15:30:59.000000 UTC,583,405,818,0,0.49511002444987773
0x90e78be64ee496bd33dafd97ded80006321cb910fd96329f32eb1c9de2333f40,0x27b981579f1bf9326a08c954327e6f876aeba3e8,0.0475,2026-02-11 11:51:23.000000 UTC,83,72,585,0,0.12307692307692308
0xf130dc2ce927ac3f81d0c86a48d5a8a6933f8f6b304cb77e31404f43d2b50b72,0xf0074cde36b7e29e2aec49ecfb883543cef57a3d,0.0569999999999999,2026-02-11 11:04:11.000000 UTC,480,389,703,0,0.5533428165007113
0x485b66a6792d16ea4ee35a3b361e7597db7071c9ef72bd85f0fd3125df2180fd,0x8cbc6408b3a7990e6ace9ed541af3c4ce3f9991d,0.95,2026-02-11 07:37:23.000000 UTC,922,242,1350,0,0.17925925925925926
0xd030e08b02e66fbaa4fe4f99899a7d62a504f980e9e7724eb9724813d8a71575,0xd54c9326489c7bc6955e33a7d6f8c7a808d746dd,0.0095,2026-02-11 06:11:59.000000 UTC,114,73,161,0,0.453416149068323
0x5b035428690dbbc85909cf6899dd9851cd46ad2979219d2ece0cfd2bb43c9782,0xfc614b8570662b9a824bd4148e4d21b9d3fa5589,0.0095,2026-02-10 17:52:59.000000 UTC,114,73,161,0,0.453416149068323
0xe6bd5401de5dfded264d30874e63bc1fc4ef0b155326a5fe601aec27eae62e46,0xfc614b8570662b9a824bd4148e4d21b9d3fa5589,0.0284999999999999,2026-02-10 16:05:35.000000 UTC,131,97,540,0,0.17962962962962964
0x014d9515653026532f579cf9d5531bf45491a29eae9b4ae098232ad22602bcb9,0x9e2e5fb96a8e19832aa948dfc46f1b5d9a96de7e,0.0475,2026-02-10 12:07:59.000000 UTC,86,74,587,0,0.1260647359454855
0x1aec8545f2cf2e31236e2044807e58ecf5ecd46521375adc884ebce363c79727,0x8d19d3ba6d68f5f8bcb7660ba644c93c932f13ee,0.19,2026-02-10 09:10:11.000000 UTC,1142,573,1135,0,0.5048458149779735
0xb62e6b0d58da26eb66524c484d6ce6020345fd35819e4310a8882b0e9cd4d79f,0xf271ac8322e635dc7cca3b7fafd788d321269ee3,0.19,2026-02-09 19:51:47.000000 UTC,1147,575,1139,0,0.504828797190518
0x2751824bb95749649f61fabc32a738a3fac4c96af9b6c9fd53e2696c9cf955d7,0xe67c860e2595f1549400b9d380aa2a0ffacca19f,0.218918,2026-02-09 19:24:23.000000 UTC,0,0,1192,0,0.0
0x7a8fdc915c3fa4925d0ae70b2dde1e817db61fec584488490fb03d94c0037aa2,0xf271ac8322e635dc7cca3b7fafd788d321269ee3,0.19,2026-02-09 19:08:23.000000 UTC,1147,575,1139,0,0.504828797190518
0x3e89d65576d365aae73c892c0bdb9f41c406b8bca34b5152f70cca3259153ce0,0xf50d01e5e31cb042c32885ce8b58d330ff40159a,0.4104854999999999,2026-02-09 11:56:23.000000 UTC,0,0,1263,0,0.0
0xf8113a799eb9c3c460c7e40d91048532099333421b926a67581f219806664928,0x1821bd18cbdd267ce4e389f893ddfe7beb333ab6,0.0095,2026-02-09 10:48:47.000000 UTC,120,75,164,0,0.4573170731707317
0x978c9bed7f1fc0367aa2337056ed8fa7aaf4d1e2447a3107a11d8dcb4766dec8,0x03b9738da2eb45180ca4d15c4ada95a1f24c70f2,0.059451,2026-02-09 10:30:59.000000 UTC,0,0,726,0,0.0
0x158783eea55cb3b397f934ff2f0ba6b46714666fcc080d6fe834ccd3b0453ff2,0x03b9738da2eb45180ca4d15c4ada95a1f24c70f2,0.0095,2026-02-09 10:03:59.000000 UTC,120,75,164,0,0.4573170731707317
0x5b4fb6bdbb62ca93afb60219f6eef0eb65cd78c4236ed6fd749bf4279f66401b,0x9d814bbf307ca88a268c48d42507c1f9a7987bef,0.0095,2026-02-09 07:57:47.000000 UTC,120,75,164,0,0.4573170731707317
0xc29ddc22b12ae6a898478e3ec7c3ced139231e5c4587cd1dfdd006fa58572bec,0x3c5d2853c3d349829bd5f5f69182e0cc348506b3,0.0095,2026-02-09 07:48:23.000000 UTC,120,75,164,0,0.4573170731707317
0x9a09330ade8942381dd58fd777b89df10f21ab3d190b3772b00e30944cb7f692,0xd87de5ece27c551358688777fab9d2c21afb6aba,0.0095,2026-02-09 03:21:23.000000 UTC,120,75,164,0,0.4573170731707317
0x076cee487f7a9eafb8c7efb82f500db8506132f1bdcdd9d624fea50447df264d,0xda238218e8180df6083b7fd511f23c05c2b1d609,4.75,2026-02-09 01:10:23.000000 UTC,226,114,1649,0,0.06913280776228017
0x61e8785b36831b2edc3281367d2daa4e36e3356322a7295f0bf027f24b8a2497,0x7f955a67edbad58547eb4ed729f64c5aa70cc349,0.0095,2026-02-08 23:32:59.000000 UTC,120,75,164,0,0.4573170731707317
0x10fe1c40623c94edf4cc7bfd80bdce25dcac2d60063550643c69e14dcc396285,0x1d91d6e64f1893d4f1d67c6e17e8327d3c0cbf48,0.02375,2026-02-08 23:26:59.000000 UTC,74,78,537,0,0.1452513966480447
0xcf1e477ac6fb56e53775036c015f64dedc6d11aba32b51251dc92336eaf55012,0xae14a2ceb9bfb3fe5c7c19f4276c51b0b07b20a4,0.0284999999999999,2026-02-08 21:32:47.000000 UTC,132,98,562,0,0.17437722419928825
0x84b3672982109dc35bea7b613165ac77e76624c2281dcf3af469f83420d1d395,0x84f67d8648d011aa0864a5ff182ada141b4d3b5e,0.19,2026-02-08 20:45:47.000000 UTC,1161,589,1158,0,0.5086355785837651
0xa8415b0dd783240bf2eedb52eeeef23a81fbe59315e425f9dd0f6768ca74df1b,0x84f67d8648d011aa0864a5ff182ada141b4d3b5e,0.475,2026-02-08 20:42:35.000000 UTC,147,84,1287,0,0.06526806526806526
0xe33fe385d5ef751ff314b3adccdd09968ce7429832e2443fd6e163b55a116112,0x2061a73fc90c3efa8d7ec449fa8c256879cffcf6,0.0095,2026-02-08 12:19:59.000000 UTC,120,75,164,0,0.4573170731707317
0x76585e6936ac3b5b899e17c4c7ed7820916a6a1ed251ef33deb8cd09b7c08203,0x7a22e9f2cc7c6aff8b9c6b6ed7c34cc46fa0f907,0.0095,2026-02-08 12:19:23.000000 UTC,120,75,164,0,0.4573170731707317
0xde93b176fdd9049d6d28f8576e46f1651e883ad4ac6fc3548a87e73cc82c1e2c,0x3c5d2853c3d349829bd5f5f69182e0cc348506b3,0.0095,2026-02-08 12:11:59.000000 UTC,120,75,164,0,0.4573170731707317
0x2dd6f067c976d8713da1aec0f15cb7805a1a5cccbbab2590d08f7acce14e0262,0x0b79d076fa83cfc9a66f69231e6b8a5b30bda64c,0.0095,2026-02-08 12:05:23.000000 UTC,120,75,164,0,0.4573170731707317
0xee8ca9374b44aeb53b4d87d2cf7df32865c0aedec98631f6a530a1a6dd224a02,0xcbff9f7cd136a27cd2a3d31c86e6bc29957da79c,0.0095,2026-02-08 12:02:47.000000 UTC,120,75,164,0,0.4573170731707317
0x02758797d9e1a243c3ac04247f29721d8218ceb8d5566882cf68523b39e9eb50,0x9d814bbf307ca88a268c48d42507c1f9a7987bef,0.0095,2026-02-08 11:59:59.000000 UTC,120,75,164,0,0.4573170731707317
0x5b915a208b0ea9f8eebd23bfce47447002a1904118cc9c22f5f267a04782c302,0x5cd6eb97dea47ab560e0884f6023b2e06da0b6a2,0.0095,2026-02-08 11:59:59.000000 UTC,120,75,164,0,0.4573170731707317
0x14108f7f85cb7de40b07ba45ba81792c86c50596aae08a6b3c7de3d1e46f26e2,0xdac78f75d35dbfd802868746904ad85c12ef325a,0.24225,2026-02-08 02:42:23.000000 UTC,0,0,1221,0,0.0
0x6f609c561b88b513e87a04f4e98fb87b1d34756b2b2349245acf9a5769c537c0,0x9e2f4c2472f6385212fedeb89c86d9e8abb1afd1,0.01045,2026-02-07 23:37:11.000000 UTC,0,0,395,0,0.0
0x3ff860383390012d86e5f7ec20bdd2dc64fb2b699e2cf642146c2d250def6f41,0x9eeeaa6b00e69be68f32a5a78f2cc8a872a0df57,0.0475,2026-02-07 14:49:47.000000 UTC,88,75,610,0,0.12295081967213115
0x10c24636e98565bdb51a64a53146283f61bb60a3a70ec8de525990ec687527d7,0x1b56cb5e6a36da42968869d0f2aca8499bff83fe,0.095,2026-02-07 14:05:35.000000 UTC,806,427,848,0,0.5035377358490566
0x06e3a683a26d715b943a85576ed51079288f9bafd536d853d2bcaca9ceb29c38,0x69bea6ab71f076839f427daaa1c639f5e4d36ab5,0.2565,2026-02-06 22:14:35.000000 UTC,16,20,1242,0,0.01610305958132045
0x90421f5777e7f9b033f58dc14532d1f67cc6efff1effb69824adbfcd258e409c,0x68a837bde49263e4c0dec64e106e4e4f8a673d43,0.02375,2026-02-06 17:06:47.000000 UTC,78,83,540,0,0.1537037037037037
0x9080f79bbc018952f389a8d925326aabe7eaee7bde92b1504ec07ab4e2c50cac,0xb276fa582e4f9b2c575889b9c06c026f54f1d74b,0.0206149999999999,2026-02-06 16:50:59.000000 UTC,0,0,524,0,0.0
0x81b017307f3e922025a9f2908d7c1d895e321523a691a888eb7284840be965c7,0x7bdb96ff4c314e716ca5d4283177862c4708046c,0.2945,2026-02-06 16:31:35.000000 UTC,6,11,1253,0,0.008778930566640064
0x5142bb7312508ae6b538a5b737478585a1155da77a5c07e883b13fcd4946c919,0x7bdb96ff4c314e716ca5d4283177862c4708046c,0.572641,2026-02-06 15:50:35.000000 UTC,0,0,1362,0,0.0
0x842ef2f0160192740c06ded59b47333fd3ac8246518bea160fe8867e2c25dc0f,0xfd0cbcd05b9e79d8a4ac6a3bd692ba8bfd1a35d2,0.102581,2026-02-06 15:32:47.000000 UTC,0,0,1068,0,0.0
0xafb4cf8f4cd8cb1ec3684b00ed5cf133dc99b194fcf3adcf1d1a53f36edbe5cc,0x69bea6ab71f076839f427daaa1c639f5e4d36ab5,0.0665,2026-02-06 07:38:11.000000 UTC,106,117,763,0,0.15334207077326342
0x4a9e5cfa44ab4d738601c8e1ea25bcfa32ad551e5f3ab478be4c53eb20a94733,0xeffe71cb9d14d6ad60b35902abc287424a6186c7,0.57,2026-02-05 20:07:23.000000 UTC,307,193,1367,0,0.14118507681053402
0x942a1859a877a1b46925f5d49e61fc7f664ce629587054d3b7e4a3a7c5a3025d,0x147037f0d4805a7582c381424e1705b2f45cda89,0.019,2026-02-05 16:39:11.000000 UTC,664,332,477,0,0.6960167714884696
0xb1be0ccca33869707683392ecc31140cbf3f186af54b9511630482ba9f251199,0x3801217f8d0901cef6855b7d9d5b4669abc2bb49,0.01045,2026-02-05 14:49:11.000000 UTC,0,0,400,0,0.0
0x82c8f56997aa33de203abe3f62c01a1f798db07526cd4649dcb524bb5cdb14b0,0xda238218e8180df6083b7fd511f23c05c2b1d609,4.75,2026-02-04 23:08:11.000000 UTC,236,118,1693,0,0.06969875959834614
0x341349d43fd0f9b5883793830ca85b4afa2d69b4b6c9658318db21c86b6e5849,0xd9486ad8b64368b788d63dcd85a9967b71a912d7,9.025,2026-02-04 20:32:35.000000 UTC,30,17,1727,0,0.009843659525188187
0xdb8363f426fdf47d5a64a766370e92a35d7632c67c071ff4e36ca1423e825207,0x61d3f5f3b51b386a8d3c7de7b90c2df3ed1234c2,0.0436999999999999,2026-02-04 17:44:11.000000 UTC,2,3,611,0,0.004909983633387889
0x967067fe439c83203ac9c85f686513649d36c7e71b5c43dc775bd8bfae6b005e,0x3c5aac016ef2f178e8699d6208796a2d67557fe2,0.0095,2026-02-04 17:34:59.000000 UTC,121,76,167,0,0.4550898203592814
0x9b94c6126eaa143fd1fb4b88dc04acb16c8c013802277a4df3e8a112a4d2490e,0x6b6e87c037aa8c3a50a5010d8704bc5ea5c3d3ad,0.1709999999999999,2026-02-04 09:55:23.000000 UTC,280,259,1183,0,0.21893491124260356
0xd2cc548754ce30c5c44ee53d7456c6f3224d218251f96c06ac279431e5821358,0x6b6e87c037aa8c3a50a5010d8704bc5ea5c3d3ad,0.0284999999999999,2026-02-04 09:22:47.000000 UTC,134,99,573,0,0.17277486910994763
0xa2d0f7c59dcc9652dc22311b3d37b9321dc6aed393487612542e7f863174a98f,0x6b6e87c037aa8c3a50a5010d8704bc5ea5c3d3ad,0.19,2026-02-04 09:21:59.000000 UTC,1426,612,1190,0,0.5142857142857142
0x97c2f9a5b584ae56dcbad133fc88e47b6a5ba8cc3fbbb3346f0e05f5b99a458e,0xcdae65ab5a5a50ddcecb42722d87a99c1d9d9889,0.3023185,2026-02-04 06:19:59.000000 UTC,0,0,1283,0,0.0
0x3482d91e60093895144d58ab3b95e12f0bf8a51bce220ab8c1eba437db1c7852,0xdeafd11fd890f655c7bf909e2f1511a606ddc4ef,0.95,2026-02-03 23:48:59.000000 UTC,977,260,1423,0,0.18271257905832747
0xb87d95318fb3b700b7f980c4df1a30bb5d37ccc73126df62fbb719111ae49918,0xa05ee11735d861afa66bf06004cb61f7370b1d2e,0.095,2026-02-03 20:09:11.000000 UTC,834,433,861,0,0.502903600464576
0x931404585de6d976ee545607f380cfce66e7ca91fa6e49be708358fff8abe81e,0x5de1b796fe481e0e3771fea353798384d38258a1,0.0113429999999999,2026-02-03 14:47:11.000000 UTC,0,0,415,0,0.0
0xe3728495fdde4cea309dedb50a7bb3d3e19e396fc6970aa0f4d51b08e02f96db,0x5de1b796fe481e0e3771fea353798384d38258a1,0.0113429999999999,2026-02-03 14:37:59.000000 UTC,0,0,415,0,0.0
0x14667541ca7a280b401135c39314cf5643b9431a7db6b528255eebb6e5c7d37c,0x5de1b796fe481e0e3771fea353798384d38258a1,0.0113429999999999,2026-02-03 14:26:35.000000 UTC,0,0,415,0,0.0
0xd0c73601a446b84019e5c4264c9e5e13d193b0ebcf4c5be6c3b320a94ff1b033,0xfb8429acbe7854b27ad20100da2157af0d76e7cd,0.475,2026-02-03 01:46:11.000000 UTC,150,87,1329,0,0.0654627539503386
0xf123ffd967fb77e8ae1ec558e5120314a2686849bb7240c8ddfd73725ef35749,0x0afb1331cb6c5a97b200f8bbfdbf491619336b5f,0.0284999999999999,2026-02-02 18:46:47.000000 UTC,136,100,579,0,0.17271157167530224
0xd71f922973e66a9317d9ba352af2214e27dd8e4e17e1ff3fc2616ab0830fc64e,0x9886fd1897ebdcbf8c39c4f9fc8e3167fc5c7e85,18.24,2026-02-02 16:38:47.000000 UTC,0,0,1774,0,0.0
0x8bab10a68055988b317c8c7bcc02b834eb0d97c04a810d5bacfec4d441e87bdd,0x44c466f3c93c0890e9f3baf33265976a9096b9a3,0.38,2026-02-02 09:59:11.000000 UTC,493,415,1320,0,0.3143939393939394
0xd10d6cfa584d1781f126a4cd9824266458cd50045956995d82e230f56eadeda0,0xdeafd11fd890f655c7bf909e2f1511a606ddc4ef,0.5471999999999999,2026-02-02 01:13:11.000000 UTC,2,4,1401,0,0.0028551034975017845
0x5e18d40c3a9178ba373411b21d5f901734aae06fdcd6f28102013dc1e1372a3c,0x74dc84ed9d4184379168ea16dee8603310352185,0.030077,2026-02-01 20:07:11.000000 UTC,0,0,600,0,0.0
0x67565d20bb52d89747c527f00b9426b49074403fbada49eafd05bd4636613f06,0x2c4971f49a8d1f248a4c0334f30d8288a83903dd,0.0766174999999999,2026-02-01 06:54:59.000000 UTC,0,0,817,0,0.0
0x59fb7dc8a5c37ef70e447cc0edbd4da3a2b54d030a21c3bd838c38fcb2760634,0x9886fd1897ebdcbf8c39c4f9fc8e3167fc5c7e85,4.18,2026-02-01 05:57:11.000000 UTC,27,25,1742,0,0.014351320321469576
0xf14f704a1aa6e8907c54854c3a90560fdbc986b2fbd402410168507fbba587fe,0xe2ec44f28989253d621547b1216a8a07a2b0264d,0.01045,2026-02-01 02:48:23.000000 UTC,0,0,409,0,0.0
0x61993f71cd8303e58af4c574949265c56f414ccce57a7b05e75e65bd10a0741c,0x69aa4b1c616c9f2a08d57bc8809a199d07c978c0,0.437,2026-02-01 01:32:59.000000 UTC,15,19,1345,0,0.01412639405204461
0x3650ee32fa824886041fa9d3d02de5156b3ecda235b0acc4c416f10525953282,0xba69674066bbd3799d65794866b79916c092e062,0.095,2026-01-31 15:42:47.000000 UTC,860,448,882,0,0.5079365079365079
0x68ae8ae28220aec811e18bfb06fc20e10af6896d97d94c3315efa975877ba773,0x199a048ef3aca06811836c55da107e069cad85c8,0.3705,2026-01-30 23:49:47.000000 UTC,1,2,1340,0,0.0014925373134328358
0x0ba809972b0b8079f3ad1e163c2ff4b6155cc303801365053402c0c94ba48b9f,0xff5a6d0f1bc742207a4e83634a1cb9522f4b1dc0,0.0095,2026-01-30 22:03:23.000000 UTC,122,77,169,0,0.4556213017751479
0x01116ac0b00068eb6950e5358e17b56dcff1c71729d97594c57473ffbaf812a5,0xc7b438bdcb4bccfd66021e4c37ba9a55139bc509,0.0665,2026-01-30 18:39:11.000000 UTC,109,120,791,0,0.15170670037926676
0x1f73c2120f9d3a6b25024b2f1c71e459e6f36366c1ba203d837fa5b111b461b3,0x20a690167060542efff10a947958286c31c7ff41,0.0731214999999999,2026-01-30 17:02:59.000000 UTC,0,0,815,0,0.0
0xebdb19ec8becc233448460cde7770b56289cfbd3e1500dad6a4f36514dbd28dd,0x3f88179bdf139c56d19d04fb731ceaa007c9f9dd,0.19,2026-01-30 16:05:23.000000 UTC,1515,644,1233,0,0.5223033252230332
0x08c8755664dbff25be967d015de03ce56cd5411e167b31f8c3d2a1911bddd964,0x6b6e87c037aa8c3a50a5010d8704bc5ea5c3d3ad,0.0095,2026-01-30 13:06:47.000000 UTC,122,77,170,0,0.45294117647058824
0x9b82188c06facc87f846696fce6fdb43f2a514e99829b4370758b31644fa6fd3,0x6b6e87c037aa8c3a50a5010d8704bc5ea5c3d3ad,0.0095,2026-01-30 13:05:59.000000 UTC,122,77,170,0,0.45294117647058824
0xa0515e5669310aac5c85cf628652cb51d9b8370ee865288f3077ef2db1828edb,0x6b6e87c037aa8c3a50a5010d8704bc5ea5c3d3ad,0.0095,2026-01-30 13:05:23.000000 UTC,122,77,170,0,0.45294117647058824
0x7d5f609c7c2eedbe38d9a969f433665ceceeff6890fee30ec7f04f6ad5c82c26,0x6b6e87c037aa8c3a50a5010d8704bc5ea5c3d3ad,0.1425,2026-01-30 13:04:35.000000 UTC,28,28,1199,0,0.02335279399499583
0x1c2a7cd1152c9c4906cb32d2bc2cb3fe6e2f60cd04f696dbdeb5514898b50aa8,0x6695781be146c93383e6b911e0b68d2d7a053532,0.0095,2026-01-30 12:19:23.000000 UTC,122,77,170,0,0.45294117647058824
0x7bec43c5dea3e289eb618ee6916afaa1cf87b38c17b05bac18459f87bbdfb8ec,0x20a690167060542efff10a947958286c31c7ff41,0.6373264999999999,2026-01-30 02:16:47.000000 UTC,0,0,1434,0,0.0
0xb156dd99205fcc3459392800992444d5a05f111fc6f2175a3d131efb17f21eb7,0x417fed6f9034a166b05e493bde74fb99ab1c9fb2,0.9595,2026-01-30 01:01:11.000000 UTC,0,0,1473,0,0.0
0x4992d475ff1164bcf048114060511ca37091c00f580caf6b7a7dd6a9292f2a45,0x20a690167060542efff10a947958286c31c7ff41,0.0750499999999999,2026-01-30 00:37:11.000000 UTC,2,4,821,0,0.0048721071863581
0xbb92f31cae7c3b56826ed55977f3eca843cca7244b80ac7352173cbe37fb37b6,0x417fed6f9034a166b05e493bde74fb99ab1c9fb2,0.0095,2026-01-29 20:10:23.000000 UTC,122,77,170,0,0.45294117647058824
0x8479b86889a8654ff8a4ab90f9d62804690d9c5d7ddebf67a15816ada870de75,0x6310b2251db6133e18345d4c7363ef775046855c,0.010051,2026-01-29 05:13:23.000000 UTC,0,0,397,0,0.0
0x3a24ac2fed2545b0cd0d2e31137410be9ac84a14b151ccfd8467e9e079d2eb6f,0xf2de7127320a5d1a1cf97212a5c100a55089dc6f,0.009595,2026-01-29 04:17:47.000000 UTC,0,0,170,0,0.0
0xa058b3ede558b298c80d93682daf89f59c951cd9369245ce645400236eaddf7a,0x789fd5c0a57eab700ce4f26c3003da6031af7d86,0.0111624999999999,2026-01-28 21:37:11.000000 UTC,0,0,426,0,0.0
0x75f95e7e5450bced3fa5e18aa4038cb12722520ab1a605a88aef1f8b42b2ae5b,0x57ad3462be381a0a1913f1dfd1564a9a1c9907ff,0.010716,2026-01-28 21:16:35.000000 UTC,0,0,415,0,0.0
0xae5285158e58a78340c57863078b0703f6ccf65de951815c80b6fd7adb69c616,0x75c3bd15d22f8a1d31ed3be3498bb8fb6c0ceb09,2.85,2026-01-28 17:44:11.000000 UTC,44,48,1740,0,0.027586206896551724
0x3f20a871484f3dffbff6752ffec8baa8a198a62e04051d25175e08e947bf527c,0xc579b72fe7986b64a84948f8a41c4bee396835b5,0.95,2026-01-28 07:04:47.000000 UTC,1105,270,1488,0,0.1814516129032258
0x2f72c9a0f93a41be7cf11f8d6a95bf021de8df6e43d28810a2d284c95b2b9b33,0xc579b72fe7986b64a84948f8a41c4bee396835b5,0.095,2026-01-28 04:52:35.000000 UTC,871,454,896,0,0.5066964285714286
0xa1bc422560c2da661282c6211ce281a1d8cd1b2090cdc451360989fd4a5a43d1,0x6695781be146c93383e6b911e0b68d2d7a053532,0.239514,2026-01-28 03:56:11.000000 UTC,0,0,1308,0,0.0
0x1e83a3f708fefa56807f4cbc0fa01e6defe0ce6ee4856495bf031834a8a03a45,0x7434672e89b055fd02deebef203738cf0802c01b,0.1425,2026-01-27 23:49:47.000000 UTC,31,29,1213,0,0.023907666941467436
0x4415b2f8802df137f5f20938152be887cb404092764f9a4e2acab2b5cbc8d698,0x48c19eaad056b700ca5c4e2338e174a01bc35e78,0.4523804999999999,2026-01-27 22:47:47.000000 UTC,0,0,1385,0,0.0
0xfcc600a841faf1c896d04e646191332630a11e1ddcbf8edc8a3aecf16e699210,0xd450f7fd88a6091b0e86bafa694f6a6c14c45dc9,0.0095,2026-01-27 18:59:35.000000 UTC,125,80,174,0,0.45977011494252873
0xb3bf004ee65442f34017c4aa1e8a4918f6416e52bb0cd9c33a5775dc0a420538,0x609fb8f19b28a76f12557a235c3e88f621267c36,0.019,2026-01-27 17:27:59.000000 UTC,701,350,501,0,0.6986027944111777
0xe87d2542e1c98249054b80f117238ddd225ab0ff49d771760201bff456314f7e,0x40c59cfaf8aa17a43eb2f1d50384c95ff50adef9,0.0475,2026-01-27 16:36:47.000000 UTC,89,76,648,0,0.11728395061728394
0x69d2682ac1af6042fb71011fd79b262d8c968e3c66fccbc9c739ee0d7926465a,0xcebcfdac0291fe33374783fa4c422ef85599a446,0.011875,2026-01-27 10:52:35.000000 UTC,634,217,436,0,0.49770642201834864
0x2f58b9c94cadcfa9e871dc20c2bdcb60f26984d4dfd840139eb7890640dd698b,0xb9b53b225c5225223dd58dcef0d7a39230c426ec,0.0123499999999999,2026-01-27 10:49:35.000000 UTC,7,10,449,0,0.022271714922048998
0x567525fa56bac40885a4d04c715639ea5c56fb43dd0f0f80e01a9c87d5550720,0x6695781be146c93383e6b911e0b68d2d7a053532,0.0095,2026-01-27 10:07:59.000000 UTC,125,80,174,0,0.45977011494252873
0x8e65345c053db24184c6141188d1cadf16d2aa384c0621cd76274ec6c089d4dc,0x5c74387a769c8f7c8cea3b97e92025fb125ccf30,0.1994999999999999,2026-01-27 09:17:59.000000 UTC,14,18,1262,0,0.014263074484944533
0x8011cbc0f90f7b9102af449c1013b83e0ee0f75679891f7ebe97c5040c7c3d65,0xfb7c1d49e006eaddff2385c7ef8b0c5cf49d038a,0.0854999999999999,2026-01-27 06:30:47.000000 UTC,117,124,873,0,0.1420389461626575
0xf5e20bc9e245bbfed60d707f84447079a3886095f0afd3a4365fbe29ab68560c,0x5c74387a769c8f7c8cea3b97e92025fb125ccf30,0.0095,2026-01-26 23:24:35.000000 UTC,125,80,174,0,0.45977011494252873
0xdc50227d787fdba59fc979132a3497c598fee997a8bc55ae04e1fcc2e0a0c0e9,0xbcd00ac6954a9e5c2c2913de5f52139fa07020f6,0.095,2026-01-26 21:43:35.000000 UTC,919,461,903,0,0.5105204872646734
0xbbf587319e9a9db44b2888a7075763e5a6dc3dcb50f3425901bb732e52fbf8fc,0xa38496a921e35ceab311270ccbdf514dc4976651,1.311,2026-01-26 20:47:59.000000 UTC,32,30,1676,0,0.017899761336515514
0xacaaed2d47311e34a3f09b0769bc628e92353336cfdf24ebc9bd577682ad2881,0xdb6efc45d5856ade3f0764e9d5cf652b8fc70501,0.3500749999999999,2026-01-26 17:57:59.000000 UTC,0,0,1374,0,0.0
0xf1756a8517e659239b4258c4913f8bc85dfd116018b0c16de5f0491624e990ce,0xb692784113e929aa29710504c8f8ea8427af7cf9,0.38,2026-01-26 16:43:47.000000 UTC,516,435,1381,0,0.3149891383055757
0xc915c7f1fed570577bf6ff9ac32979c6c16f04c188388c616c122c2ff889d59e,0xb941c7aad899b5f7a575a566c85f5132c8a9e4aa,0.475,2026-01-26 13:56:59.000000 UTC,157,90,1408,0,0.06392045454545454
0x049de11eddba8c5174c18c0fc8cc7dc1fa0957fc70b6ac7d1e69b878dbaa3f52,0x9f61c9c69569346c897ef75d8a472d08a4dfb4f4,0.019,2026-01-26 13:48:35.000000 UTC,707,353,505,0,0.699009900990099
0x8181cda1806f3b0177ecb7bc0ce063f0b4c1e22801d658dd6ae5a3db15ff8f1d,0x3f88179bdf139c56d19d04fb731ceaa007c9f9dd,0.095,2026-01-26 13:14:11.000000 UTC,921,462,905,0,0.5104972375690607
0x42215832697b3a738dbf23ed5db352a28c887fe1f36cdb8c44f109c288c3e0d9,0x90eb1303e87e824db55fd53e00816796d281a51d,0.2118499999999999,2026-01-25 10:04:11.000000 UTC,0,0,1330,0,0.0
0x1c9d31aeeeacd4415864a1e5348dc5a3910f726a1a68b24384077cdbe3f638f6,0xb1885d6e2a71b9d7318288ae2e773a37d43d9dc5,0.081415,2026-01-25 03:38:47.000000 UTC,0,0,868,0,0.0
0x8631ed487756431c051d685ef30b25a1089cdb9a31b18072996225ac100f1760,0x946e28227263571041ea6f5e215599cbbb257569,0.327408,2026-01-24 11:15:47.000000 UTC,0,0,1387,0,0.0
0x3fe96685374612fc1ddaa377c856b157712063153d7d844920a00f3f441d9db4,0x4595040d49706801fc88450433db487b6c1f5452,0.0475,2026-01-24 09:35:35.000000 UTC,101,79,660,0,0.11969696969696969
0xfd34fcb1dfd15f68c9b55db0a14b98ca8e3777e3eb9c895f9009d8b5b6255058,0x44c466f3c93c0890e9f3baf33265976a9096b9a3,0.95,2026-01-24 03:52:23.000000 UTC,1133,276,1534,0,0.17992177314211213
0x07ee3cff93b9e5ed0c898d694ad1a0e0cc5b72e18c3929ad41e6870b17bf6a4f,0x44c466f3c93c0890e9f3baf33265976a9096b9a3,0.095,2026-01-23 19:35:23.000000 UTC,975,469,918,0,0.5108932461873639
0xb8b24d196c9b10c0b12fffb74d3aab6b255a5d245a9de47ca90449beed7f3383,0x8c3e53d3b31a222d9af761513ddb9635206de815,6.84,2026-01-23 16:42:23.000000 UTC,2,3,1876,0,0.0015991471215351812
0xdb023202d5598ddf092e09fb7edc9e50c2b64f66da513de43da224ec36c0a95a,0x35dc867d91e32bdf6b6034fe4f131f6fc2069397,0.0149149999999999,2026-01-23 10:09:35.000000 UTC,0,0,482,0,0.0
0x824372d3f9c03b5390efa69f03aeb8aa979389f64509586b581cb57d5ee114bc,0x644b6df7cf6888d26fc6adfaf1ee007533c646c5,0.2410814999999999,2026-01-23 09:02:11.000000 UTC,0,0,1363,0,0.0
0x62a788a49e3d5c7045f8158b933ad4ec822ab4f346926f5e218e9a574f7c50b3,0x65f01844ae141d48ca364f13d5bb9a99be8e70d3,0.038,2026-01-23 07:36:59.000000 UTC,674,421,640,0,0.6578125
0x4435b07cba62be14c7bd0c6cce860b12d086e64e91867f426f4526529b120537,0x65f01844ae141d48ca364f13d5bb9a99be8e70d3,1.235,2026-01-23 07:35:23.000000 UTC,36,43,1723,0,0.024956471271038887
0x2f88eeee7726e861053782e487653a679eb937c0f430580204a510398b8e989e,0x65f01844ae141d48ca364f13d5bb9a99be8e70d3,2.85,2026-01-23 07:34:35.000000 UTC,46,50,1833,0,0.027277686852154936
0x589f6935d3b74893be5a2a65e61c0fd976af069291be30f29d979bd4c42360fb,0x65f01844ae141d48ca364f13d5bb9a99be8e70d3,2.85,2026-01-23 07:24:35.000000 UTC,46,50,1833,0,0.027277686852154936
0x1b4b256c23e3bdda117b9219d08f0bf2b5a6977ecdaccbd88faa1fd0c7a2fd43,0x65f01844ae141d48ca364f13d5bb9a99be8e70d3,2.85,2026-01-23 07:23:23.000000 UTC,46,50,1833,0,0.027277686852154936
0x83cc66482303001f11d7fbc26b8542eb7caaca58e431bbd38fb62cc28d7fb23f,0x65f01844ae141d48ca364f13d5bb9a99be8e70d3,2.85,2026-01-23 07:22:59.000000 UTC,46,50,1833,0,0.027277686852154936
0xd5d2c9d85d498d0bb8cda36f8dd81905ec69b503330594a734f7b3f635a588c6,0x2ac9c973189f42a3f1bb854f031a7fca9d9cb69d,0.95,2026-01-23 07:10:35.000000 UTC,1184,290,1558,0,0.18613607188703465
0x0c566954c3a80442551a5fc327704f418077c4bc4ce9c543a6ecf82f27642abd,0x3f88179bdf139c56d19d04fb731ceaa007c9f9dd,1.4249999999999998,2026-01-23 06:37:35.000000 UTC,43,51,1735,0,0.029394812680115272
0x9a5afe8b5095f21c5921ed75b8df16581e0d5204d99e16fee1d1d0bdc36d5459,0xa0ec2ed88edb80ee543b1ca7170488fe8884cc09,0.095,2026-01-23 06:06:23.000000 UTC,985,475,926,0,0.5129589632829373
0x22b5bac7155471de0681a5e0ab6d4ee9e10553b661d0d15ca9c72e47da8e9bd4,0x3f88179bdf139c56d19d04fb731ceaa007c9f9dd,4.75,2026-01-23 05:57:11.000000 UTC,261,130,1876,0,0.06929637526652452
0x9616ca33e84dcf526a79c53faa276a8e5e9fa1a8347856ca4f3561159c4531f5,0xb7a1580b5603b61393d068faf04759d341ec6521,0.0602585,2026-01-22 19:14:11.000000 UTC,0,0,813,0,0.0
0x262c069d6359e138be59fe41c107f1984c4b4250d91afa3584cb0c284f585ce9,0xe6cc8516d796051931ce985326db04e3a5457afa,0.0095,2026-01-22 18:34:47.000000 UTC,136,81,177,0,0.4576271186440678
0xd61a285f36b12669d2f92c3905ff28a8a38047a51f2784787b0b5050448f9970,0x644b6df7cf6888d26fc6adfaf1ee007533c646c5,0.0869154999999999,2026-01-22 16:52:35.000000 UTC,0,0,907,0,0.0
0xbc03040548b98714aa9b6f9f485b710c0e23f8f769fa9578597a4b88b839daa1,0x30b91b21dda095972813d4d7a7a4e9cd6ddc352c,0.285,2026-01-21 22:47:47.000000 UTC,444,405,1406,0,0.2880512091038407
0x02eda7a738171d2c87aca7b08f82fcebc3ba5f1015278a07b0858d10ee0da8e1,0x63b1a04932879fbd18f8e7f7576b2490f1e0ac4e,0.1558,2026-01-21 21:41:59.000000 UTC,0,0,1317,0,0.0
0x1008d7faf70571437f745797ea76fbe32d397f28092c47662139e5edefa42f2f,0x644b6df7cf6888d26fc6adfaf1ee007533c646c5,0.095,2026-01-21 11:21:35.000000 UTC,1020,486,943,0,0.5153764581124072
0xbc426000defaf6486ca00fa5b4f6ec3f71f6ebc0bb2b2807854fbf399cad62b5,0x63b1a04932879fbd18f8e7f7576b2490f1e0ac4e,0.19,2026-01-21 10:36:23.000000 UTC,2001,720,1331,0,0.540946656649136
0x03d988f0a86f161b9ce00e04b74436c2a80e204f32a246a419e708286db53f8f,0x8c0c9b3164aff16be9fa122f51dbfdb369400de3,0.7789999999999999,2026-01-20 22:39:11.000000 UTC,22,21,1571,0,0.01336728198599618
0x45a7b50e0db446e46fd827b3196dee07dd91190b290a5ec02282470400982280,0x63b1a04932879fbd18f8e7f7576b2490f1e0ac4e,0.3135,2026-01-20 21:52:59.000000 UTC,16,19,1442,0,0.013176144244105409
0x6ec4f621ca6c75a088dcbdc496d9ff74fb57b63614f5bb84a2aa52038ec7cf99,0x00f63453b2095a1401869949a45f626f572437c6,0.0095,2026-01-20 21:51:47.000000 UTC,141,85,182,0,0.46703296703296704
0x401a5daeaf1b3ad595320e07113e6ed8375881f8d5ca0e01a859762fae7df95a,0x7954024dd845361f5ee49856cdf02c502ef6b6d7,1.1438,2026-01-20 15:36:59.000000 UTC,1,2,1783,0,0.0011217049915872126
0xb2f380673d4ba83367a7dc68d4954bf475ebaa80639140c2497ccefdd49e1842,0x63b1a04932879fbd18f8e7f7576b2490f1e0ac4e,0.2892654999999999,2026-01-20 10:36:59.000000 UTC,0,0,1439,0,0.0
0x8593b516f7e5e77e59e8f53d4b120f759bc9c1cd451ee42b512ebbdd89fc17b5,0x5e60514a1ab19fa5902d271842e8a959441241a8,0.95,2026-01-20 02:02:23.000000 UTC,1243,301,1617,0,0.18614718614718614
0x52f2c3e167487214e6f2201eb0ab14df2971a035eef7851ccf067fb3957cbf6c,0xcd7c8ea0aa06dd6e7f06b5daaeb35029f12dc2a7,3.7652015,2026-01-19 20:24:59.000000 UTC,0,0,1938,0,0.0
0xb6828a7c6e96c5a0169a73926904ede39bba0ec99cd9b38cfc562b646b18653e,0xc240272c76e69a0d9ada5a0ef95adacc077dc6a4,0.1994999999999999,2026-01-19 18:28:47.000000 UTC,16,20,1361,0,0.014695077149155033
0xa18d9dd0bc863e7eaefaa03768ce197a309aae883f8fac10d6ffd3823502fe39,0xcd7c8ea0aa06dd6e7f06b5daaeb35029f12dc2a7,2.3473645,2026-01-19 17:52:35.000000 UTC,0,0,1894,0,0.0
0xce0bff76127b3df3e06730ad5756c76a5273e882d1ff53183530f553e741780f,0xcd7c8ea0aa06dd6e7f06b5daaeb35029f12dc2a7,0.933907,2026-01-19 16:50:23.000000 UTC,0,0,1625,0,0.0
0xf111d5f3795f7066518a3c765cab8e789f20f5ebbaa40e0553120557f84d5846,0xc594e964fb4b9414da66c5f2063bc9f07d57e955,0.0228,2026-01-19 16:42:47.000000 UTC,5,7,600,0,0.011666666666666667
0xe943facb8a4457c78e92d1bb3af0624de265df884c16b5c7d353d9c642d35427,0xc594e964fb4b9414da66c5f2063bc9f07d57e955,2.0022960000000003,2026-01-19 16:38:11.000000 UTC,0,0,1886,0,0.0
0xc457a274b375391c93c899c397858c4a5e3fe4d7bc6136cda3cf76debfd65dc7,0xc240272c76e69a0d9ada5a0ef95adacc077dc6a4,0.6526500000000001,2026-01-19 13:49:47.000000 UTC,0,0,1591,0,0.0
0x7070ea95008b58c5c8c3653fb34432192c0a6a1a604513519866dfc46269a0a1,0x9a0f21b00d45856bf67be52d822fa3d4f8888de8,0.009595,2026-01-19 13:26:47.000000 UTC,0,0,191,0,0.0
0x0898793389fb2424072218d1d5a0cc39464d4896085de5333179365cb7cff8bb,0xe39b916a35d28d27741b46e1b49614ac6e966d33,2.85,2026-01-19 13:13:59.000000 UTC,60,53,1925,0,0.027532467532467533
0x700112ef342f1b256c72e7a650577eefd30fffd8d1d258b64dab7be98b807c8d,0xc81fab87fc197c5e49aeee899710b22d243e2cae,0.139726,2026-01-19 12:24:11.000000 UTC,0,0,1328,0,0.0
0xdfcf408d583a17180b5a7f37f5ebabfb642df9cb18d6558b880224f884e9ce46,0x6975abc45eae5186c0ae4d75cdb82fa8b2ef3bab,0.0435479999999999,2026-01-19 12:20:47.000000 UTC,0,0,684,0,0.0
0xe7398d120645944d3e61a5073401d58836350a2ec0002e97daa99a48d7200c89,0x61ff9cbe2d6ce98f4c8ecf3807339474f4c09630,0.009595,2026-01-19 12:10:23.000000 UTC,0,0,191,0,0.0
0x9ad05c42a41955499252471dea4d6ad107aa7ee92ec8aa16a5d13f13c957d24d,0xc6d7208dadee4f431bd0f3f11e7d4c91ff51bfb2,0.009595,2026-01-19 11:58:11.000000 UTC,0,0,192,0,0.0
0x22394e36e3ed1f610213714bf246bcd135db117b525902a9dbc926a1850293cf,0xd0f08d8dcb6432c563c653ee478267cb772c742f,0.95,2026-01-19 10:34:47.000000 UTC,1278,307,1641,0,0.18708104814137722
0x71cc0e044a276ec89ecd29646e764c04206e923fcdc1155f924c20a220d59bf2,0xeef1df20b597de3f9127664f4b24732248128413,0.4647875,2026-01-19 10:26:11.000000 UTC,0,0,1531,0,0.0
0x673b83ce507ac2189ceb65bd50e0ab85e9aa8b65adb298a07a3e2bd80f2103c6,0x16a6f0827ad3b4ccb35c13f65a5e149571b9699a,0.01045,2026-01-19 09:52:59.000000 UTC,0,0,453,0,0.0
0x7b603f131bb68bc09e8f305c704ce2cc7fcd74fcd449d011444b017546d4cb61,0xb336bf27c82584023cc1f608bd33e29011357b77,0.0095,2026-01-19 06:45:11.000000 UTC,169,94,194,0,0.4845360824742268
0xe789c08b115703abb081d017f95d22f3b6f9ea6f9b6c96fa93559755ed19b66b,0x2df20a817a833082b7cf92fc3f20c75abfb5130e,0.0095094999999999,2026-01-19 05:07:59.000000 UTC,0,0,194,0,0.0
0x5bdcd7ae1a9f328cc3447b05d44b8a858748e6add2cbbc4c66bca52743681063,0x797e2cd952df539ccfea5554911afeb2a77fb760,0.0997499999999999,2026-01-19 00:39:23.000000 UTC,2,4,986,0,0.004056795131845842
0xcd94ed94776884c881998064ea337708b310ccf1df1c4ec83d8ea4bb18c855a6,0x2fb2c27516ed997d0af627ada6934ee84c3ee59f,0.03135,2026-01-18 23:47:59.000000 UTC,1,2,667,0,0.0029985007496251873
0x75c7d0075bd2314e2541c8e1f05c92d34976884653253de65c118604dffc1b29,0xc240272c76e69a0d9ada5a0ef95adacc077dc6a4,0.266,2026-01-18 23:31:35.000000 UTC,126,127,1475,0,0.08610169491525424
0xb952cb08be4ab125a67f50a5283bd5627858cfdb352220fd48d79bbb5770c469,0xc240272c76e69a0d9ada5a0ef95adacc077dc6a4,0.1139999999999999,2026-01-18 22:52:47.000000 UTC,750,430,1292,0,0.3328173374613003
0x7bae1c72a7d6eb718af23d011966475b65f3aaff5c3076ee9c6b645111212e3a,0xafdc9729d35d7d8a0ec479841f55eb0c2690042a,0.475,2026-01-18 21:46:35.000000 UTC,206,115,1553,0,0.07405022537025113
0x1393bd2b356448728081fb8861e7fcc09479debad07e968e09c6992b7d334e9a,0xd3c6e57aabd189fb208529d367e927fee74d55ea,0.0683999999999999,2026-01-18 21:28:59.000000 UTC,2,3,876,0,0.003424657534246575
0x612ead954e97c84bc34ffd7cdc4c2bc3d95a3817f88641808a39113058629d6b,0x5335011c5a7d87f23dfdb025e99c7c3af5902261,0.0826499999999999,2026-01-18 21:28:11.000000 UTC,2,3,937,0,0.0032017075773745998
0xe8f65cdee0fcba6a0485d768d2f3d89472a99387bd02156bafb8da659f1c28b0,0x4d30f34db664cb5e016771bbcc1c3730174a4830,0.0912,2026-01-18 21:26:47.000000 UTC,0,0,970,0,0.0
0xe48b94b432eaf75574df148e14c79a03bc3f2fc8917909f781327e7281670c9a,0x10da19c14a019913221ea36914153822d1d01037,4.75,2026-01-18 20:52:35.000000 UTC,271,135,1997,0,0.06760140210315473
0xa0faafa95d0e515b5f96b6c3a874e49439584cc3ef2dbc971b8ca71ba9ec1fb2,0x1af6e886e7bf353dc989e6666cf6e7ad8dface5c,0.7377319999999999,2026-01-18 14:19:35.000000 UTC,0,0,1636,0,0.0
0xf68f6fc99621dcc5bfa91aeb186d76e42337187485f4e83bc1f6f95b4d2dd3d9,0xc240272c76e69a0d9ada5a0ef95adacc077dc6a4,0.475,2026-01-18 10:39:47.000000 UTC,206,115,1560,0,0.07371794871794872
0xe2f70686d9fdf6e659303c3f628ac05418cca0cc1b51fdb6087d10419eb74058,0x7760a562254bf400e32a214fc0e099d79bc7d754,0.0095,2026-01-18 04:54:23.000000 UTC,169,94,195,0,0.48205128205128206
0xb0e5bfceee0a3bf25d6ec3f41afa91b6b6cfd00786db7e291e7ad0628270557d,0xf44f97f4113759e0a57756be49c0655d490cf19f,2.85,2026-01-18 04:17:11.000000 UTC,60,53,1966,0,0.02695829094608342
0x5c29c86d772548534ec32349da009a2b1877217561ecf2561640f944616aafbe,0x24be4606919cfad21a3b973036f26f7b4a3a7c88,0.9595,2026-01-17 21:57:59.000000 UTC,0,0,1683,0,0.0
0xd70d1ac71eca5dd76d4a1bf43cc9243e91144e0364f90857ce0d54c5b29246c8,0xbbdb3df52c5742bf5dc5afb2e0b11c0dcc38cefa,0.031825,2026-01-17 17:31:23.000000 UTC,0,0,671,0,0.0
0xc6a92034f5d0449f283aae2eb51b8bb7ffd93725606380750c1a835474b7ebec,0xbbdb3df52c5742bf5dc5afb2e0b11c0dcc38cefa,2.82815,2026-01-17 17:30:47.000000 UTC,0,0,1982,0,0.0
0x08c0d8cadfeb967bd606eda2698c9cb60903cb76b6f6b4ccfacb81be44b65659,0xbbdb3df52c5742bf5dc5afb2e0b11c0dcc38cefa,2.85,2026-01-17 17:26:11.000000 UTC,61,54,1982,0,0.027245206861755803
0x2f5eec8d56c5ce00d9fcac00a6213a4e48696e851d3750f94c818d5392fc1a6e,0xbbdb3df52c5742bf5dc5afb2e0b11c0dcc38cefa,4.86685,2026-01-17 17:25:35.000000 UTC,0,0,2027,0,0.0
0x4f5391eade13e3c8f4e333d1d152b1cb0e5b03c16b6c9d793e3021b24e270a19,0xbbdb3df52c5742bf5dc5afb2e0b11c0dcc38cefa,4.5467,2026-01-17 17:23:47.000000 UTC,0,0,2025,0,0.0
0xf8c0d0e668860efa22045ae41d7732323a7bdcb4ad67316dd0b8f92fd51d6183,0xbbdb3df52c5742bf5dc5afb2e0b11c0dcc38cefa,7.0775,2026-01-17 17:22:35.000000 UTC,0,0,2054,0,0.0
0x56eeaa4894796692d358b1a96ae636f33fa019a3da4354fa3b35fa410c70c1f7,0xbbdb3df52c5742bf5dc5afb2e0b11c0dcc38cefa,0.38,2026-01-17 15:09:23.000000 UTC,1105,492,1542,0,0.31906614785992216
0xf11f9445a7209d3c5f6573015238c91cde1c8e9a67548e3302e3ea920b602245,0xc240272c76e69a0d9ada5a0ef95adacc077dc6a4,1.14,2026-01-17 14:47:47.000000 UTC,442,455,1865,0,0.24396782841823056
0x4c73a63185e88b361a333ef96ff27fa5664b24d0b3bad9c860db05713eb41b5f,0x10da19c14a019913221ea36914153822d1d01037,2.85,2026-01-17 13:46:11.000000 UTC,63,55,1985,0,0.027707808564231738
0x35bad66faa8e3c5fc256857b084ed574b13f72dbe29690940fd774d633160eb6,0x2ac9c973189f42a3f1bb854f031a7fca9d9cb69d,0.4026289999999999,2026-01-17 10:57:47.000000 UTC,0,0,1561,0,0.0
0xf9eda47401293aec68ab21ac907ca98af81e58d64bb49f446e937a4ade0e8e57,0xd77c3cf977df605cac7c191f106898f318019033,0.0095,2026-01-17 08:57:59.000000 UTC,169,94,195,0,0.48205128205128206
0x0b834ac81f70005e780f474650ac5a11881e6ed482b33ab905a7b5f7445ea4da,0x163e284dd220d8624322553e7ec872e896de4f18,0.05225,2026-01-17 00:49:47.000000 UTC,6,11,832,0,0.013221153846153846
0x2e6994ef1e5e433a43c235e98492c696e32b774c69b1c850c21417e292c7359c,0xd91e76924843cb62a5339520a6d7d62bee01fbb6,0.0095,2026-01-16 23:33:59.000000 UTC,169,94,195,0,0.48205128205128206
0xb11e5cc8870c3a8afdaf48024e06fbbe2bd3b69138307c8548f51ba51261b255,0xc240272c76e69a0d9ada5a0ef95adacc077dc6a4,0.4654999999999999,2026-01-16 20:32:23.000000 UTC,2,4,1582,0,0.0025284450063211127
0xca45786f4c27f142200d4d180546067bb4bec8883259d29b4f443c997ba0aef2,0x85b7bd0edea4994e87ea1ce792de61d144f427b6,0.0095,2026-01-16 12:18:23.000000 UTC,169,94,195,0,0.48205128205128206
0x3c4fd9b9ae8d71860f52a4f275a1cfc370041f7a09525961d380e28381f9b3f3,0xe6848f956b659ceb3d1af013e9bdba8b3c437c44,3.135,2026-01-16 11:34:35.000000 UTC,3,5,2026,0,0.0024679170779861796
0x74a71b1f3018f4a6228e5ac4f38e1ad3d4753f19827c272feb1113e0b6d82f97,0x9d8d7220d060fd12ca33336b7239688e366327de,0.0095,2026-01-16 10:27:23.000000 UTC,169,94,195,0,0.48205128205128206
0x84e497c11e16edc46dbda317729806c08a8fc3a823f9166885e1e819385f9a08,0xeef1df20b597de3f9127664f4b24732248128413,1.4249999999999998,2026-01-16 08:17:47.000000 UTC,45,53,1902,0,0.02786540483701367
0xe9518634826b7550a8b7bf4fe258327f835f5ac427565cca8cc2d3cecb1925f7,0x5b32ea1bcee29fde609d777dd04b61b4da8a0ed1,0.009595,2026-01-16 07:42:23.000000 UTC,0,0,195,0,0.0
0xb4b33ebde061f8d00469971193975a92c59555211e1481ad456b743bf52f9e77,0x2ac9c973189f42a3f1bb854f031a7fca9d9cb69d,0.95,2026-01-15 18:21:59.000000 UTC,1412,329,1715,0,0.19183673469387755
0xfbeb6696158828a2119ff2c36093fa0a7d7cab1e9f6ff40b986719e9d08a6539,0x96ba6c16afe68b067c1f63b6ab1b21556096b431,0.95,2026-01-15 16:37:59.000000 UTC,1412,329,1715,0,0.19183673469387755
0x4dae0bdc248992f954cfede9e6049528ea0d6cab2077aefa270f237b6800a819,0x835682d3fb952c0e56811a9e9b7ee0d6926c58ed,0.0095,2026-01-15 15:50:11.000000 UTC,170,95,196,0,0.4846938775510204
0x13c6c751eac3abee174c5de3bdfa79367c9a9e0cf1574facdab23ae24c4b0892,0xcfad0c4debd28dad5098940b66281c8098458dc4,0.0095,2026-01-15 15:45:35.000000 UTC,170,95,196,0,0.4846938775510204
0xad646cc76e382aa8b5b20024ac35daa178357bed8f604aa44a621e8098d4d48e,0x11ed089a9715adb1e294a73f4e8c40a7a455b6d3,0.0095,2026-01-15 15:06:23.000000 UTC,170,95,196,0,0.4846938775510204
0xe037d9eb893333685738dd78d173ffe34d9e5603e198c3eb932bd6b98b87e52f,0x11ed089a9715adb1e294a73f4e8c40a7a455b6d3,0.0095,2026-01-15 14:51:35.000000 UTC,170,95,196,0,0.4846938775510204
0x504466a2685e2e18ab2ab3b70256cddd700bb05998133196342d3920d29c5664,0x438615976c27b2b44f57ced3ac73b5ac113b8730,0.0095,2026-01-15 12:13:23.000000 UTC,170,95,196,0,0.4846938775510204
0xdf5b50262575c9a23ae229f96b5c1d267fbe24a1defab4b0980ec60b55e6dc13,0x9886fd1897ebdcbf8c39c4f9fc8e3167fc5c7e85,3.1115825,2026-01-15 12:01:11.000000 UTC,0,0,2041,0,0.0
0x734d9a4514b4f8b7f7aaa9891f37842b626c738909a6dbaf1f4375bf858f0850,0x336d0e2d18ae1822b3d607ee3c0c684d9c35e4a5,0.03325,2026-01-15 02:26:23.000000 UTC,7,10,683,0,0.014641288433382138
0x2d289261f0f8307b9b4ec418ea4cdc4143e9905d3740234ff42b646ddb14b472,0x69aa4b1c616c9f2a08d57bc8809a199d07c978c0,0.285,2026-01-15 01:30:35.000000 UTC,525,476,1532,0,0.31070496083550914
0x5c68e8de8cd52f0497438497275339d718b6fe7e1133249403d8f281ac10fa7b,0xcc5128db7f326b20b261e50edbc164beaf344cad,0.0284999999999999,2026-01-14 20:43:23.000000 UTC,165,115,660,0,0.17424242424242425
0xccf97e456b8d9425169115548655b3720a3461a76b48f973ea7d8d35b2e1ac1e,0xee355e1ea27ff2ce850756e0fbcbb441bbfe229f,0.6967205,2026-01-14 20:34:47.000000 UTC,0,0,1682,0,0.0
0x3ea886d83a682f5a23e1309ea1297f08a5fe14164b85ff48b193a55be82b7c49,0x835682d3fb952c0e56811a9e9b7ee0d6926c58ed,0.0094525,2026-01-14 14:51:59.000000 UTC,0,0,197,0,0.0
0x42311954a987283eddd8934f45d42361b74d78a21f774897db428af3ca58dd4b,0xcb989f08b6cdb0fa8da01ef5a474fb2cc020b35b,0.19,2026-01-14 09:29:35.000000 UTC,2818,802,1440,0,0.5569444444444445
0x51536975c149ec1df9b59678aba37f89d355d0f700e7fedc7f4b907d17248c9d,0xc579b72fe7986b64a84948f8a41c4bee396835b5,0.0095,2026-01-14 07:00:35.000000 UTC,175,96,197,0,0.4873096446700508
0x1a47275bd7410b43de956a264624d17aa971a0f75a115c89df39a7eb96034370,0x69aa4b1c616c9f2a08d57bc8809a199d07c978c0,0.475,2026-01-14 02:54:11.000000 UTC,223,117,1618,0,0.0723114956736712
0xebc9fd428f0883a9c43d8adfa677101ab25590929e4c71a597cf541303f5f1c4,0xaa30936791b749a2b7e0e82a987b265f7d74cb79,0.095,2026-01-13 22:41:47.000000 UTC,1178,552,1004,0,0.549800796812749
0x37122e092c7e4dcbe10a3b8ede5ca279b0a9ab95a7175db7a51ab2adb53bfb65,0xd0f08d8dcb6432c563c653ee478267cb772c742f,1.881,2026-01-13 21:00:11.000000 UTC,4,8,1958,0,0.0040858018386108275
0x5fca6d6d29cd771c082ea35e61b22481774e2a4e3ec38a5ca7a7ab03fd451c20,0x839395e20bbb182fa440d08f850e6c7a8f6f0780,0.285,2026-01-13 18:01:59.000000 UTC,532,482,1547,0,0.31157078215901746
0x9c7c4394abfb7a09e016ee4d5be24336d0033cbae9efbbae521ffe74c744fec0,0x981e7512e87d2f7228d3f03b65950eb6a1b21bac,0.0095,2026-01-13 17:38:47.000000 UTC,175,96,198,0,0.48484848484848486
0x0582750bd0a8c47db691e82a12569958e078e8f9f9df720966335d1673e08d4a,0x500a3a68a1638833b6420de9ec4e6b9c945bb3a3,0.0284999999999999,2026-01-13 14:23:35.000000 UTC,165,115,665,0,0.17293233082706766
0x0262320229598e0a8ea64b0ed0c8a2467aac22d7d878ea078bf3718fbe5f80fa,0x9173d354582a803ce104ba181db38ef8baf5a73d,0.011799,2026-01-13 12:28:11.000000 UTC,0,0,493,0,0.0
0x61fd2273aea88cc7b33a04d9925ddae0d86e6266d3afda354a36546e1d6422c7,0x0cbe6434b754469ef89f7e3763fc2991979b8316,0.019,2026-01-13 08:06:11.000000 UTC,1042,403,561,0,0.7183600713012478
0x3f10cff7f7dcc6d580e5dfbec1467ce3ae40f98cb2b823a9de81c09efa9917d4,0x487bf8912b3737422f06a8c6601c3420a0a0dac5,0.038,2026-01-12 21:40:11.000000 UTC,762,482,702,0,0.6866096866096866
0x839a558cfa032aeb09d3b7e18267f4798daacc9f8ad1acfe40f71961a7283da0,0x5d4c08615d56ce3afad38a73b8f006a939452050,0.0095,2026-01-12 15:21:23.000000 UTC,175,96,198,0,0.48484848484848486
0x3ab780deb182602b27de56120fef6c96da582d44762de8e2286229383631d7ff,0x8e5845128e29b90d92080ce61d4c52dc312c689f,0.0427499999999999,2026-01-11 21:30:47.000000 UTC,12,15,719,0,0.02086230876216968
0x7247e7507d4e1b25c5ceb4d5b0c35dc47eea4fe85f359e2c55d62021d12eda43,0x643e64de122cd40dc9ab4e92ce0d3f39aeec5696,0.0997499999999999,2026-01-11 13:56:11.000000 UTC,3,6,1024,0,0.005859375
0x626653af56b50afe287e503a7cc96c3ffa9f907bdc247ecb844b6d50325ed6dd,0xc3a139b47dd4e4978822b347930c47c8a9e99d2f,0.38,2026-01-11 07:08:59.000000 UTC,1157,515,1599,0,0.3220762976860538
0x3c319698a4e0d8366027d4aebbfd86bd27214455d87b520ed785176ab0badbf5,0xf784d019ec1c68301e5f2cbe92dbf18df8031a7c,0.03325,2026-01-10 14:47:11.000000 UTC,7,10,695,0,0.014388489208633094
0xf3ebb016dbd8f890fbcefc30567d72ddf230d1ae8fff31d8d6f5407e9fcae0f2,0xaf0f557a9a7e84bdd02adbc14962df2789d95d4e,0.019,2026-01-10 12:36:35.000000 UTC,1050,406,565,0,0.7185840707964601
0x197be48ffb4cc914add4d93e5f3cf5762a97cbc1681ac8c601b86c185de83ac6,0x7b1906017f42ea75cdc7002645735e8dc21dc021,0.0095,2026-01-10 07:16:59.000000 UTC,176,97,200,0,0.485
0x04e58cc4fe20b006f5a94ea8f25cc126e84534e6d032fee7b91ea29c8dca3203,0x07b3fa83c50a56a8d396c547f952932d045a43c3,0.209836,2026-01-10 00:49:47.000000 UTC,0,0,1527,0,0.0
0xb669a796904db37f57f62ad9640224dc6b88c1ee56132e1ee1101a847a104e53,0x7b759eff7976aa5757eea2b0e5eb94a19316b2a5,0.228019,2026-01-10 00:48:35.000000 UTC,0,0,1536,0,0.0
0xd1395eeed7b2a4d2f889326507368468bfe1df794dfa9f01e0fd83ef878c371e,0xf394654700e1ffc93a8a09ce87d4b3a34b9cccc9,19.2850475,2026-01-10 00:47:47.000000 UTC,0,0,2154,0,0.0
0xfb4d4398b635d1a1b05f353977ecb17ee9c77e914e978f0464e5b987df0f1104,0x1441be80efa45553713cd363a700ff3da3cd37db,19.275329,2026-01-10 00:46:23.000000 UTC,0,0,2154,0,0.0
0xed5ae0d866a788e79e5cc0171755ef6c5aabfe6d1e341a3177de5d6aad39fe05,0x07b3fa83c50a56a8d396c547f952932d045a43c3,19.076969,2026-01-10 00:44:35.000000 UTC,0,0,2154,0,0.0
0x3d585aa866da4194a11461e018b9b07e204e87216eee07ea7e14b234770fd449,0x7b759eff7976aa5757eea2b0e5eb94a19316b2a5,20.7299215,2026-01-10 00:42:23.000000 UTC,0,0,2155,0,0.0
0x47bad05b51508ea50494bddd85446eb69d61adf803c296909ff94262881d244a,0xf784d019ec1c68301e5f2cbe92dbf18df8031a7c,0.0284999999999999,2026-01-09 23:05:59.000000 UTC,168,117,671,0,0.17436661698956782
0xe2b05a2a3133647ec67603da42244253e2f4a9dfd239851935f8140a81905c08,0xdf117cff30404e85c5dce983b972ef2fb9523345,0.038,2026-01-08 20:33:35.000000 UTC,770,487,708,0,0.6878531073446328
0x626df47245843c36472664bfd9d0d56aa7c8ff4e8e9d8d76790c84b9fbd76de6,0xbda88b183468ee37ec7c9a27a52fca5859bb9d53,0.038,2026-01-08 16:55:11.000000 UTC,770,487,708,0,0.6878531073446328
0x8382022f367f7d6c98b714b9e325484ea1836de58816e92b9c9e88f11a114a02,0x7c16ece9f1a4de5a3afa455492e3afd9c98f36be,0.0475,2026-01-08 16:40:47.000000 UTC,147,100,738,0,0.13550135501355012
0xef586c07dfc6a3ef50c5379689f794a69e996c151fe5cb92f36f25faeccfe9d5,0xc81eac1de9491826dc112d32f826725111366bc8,0.0312074999999999,2026-01-08 14:59:47.000000 UTC,0,0,697,0,0.0
0x0976675f0c4a88a6097be2bd6f53dae8d66231fff92c40d596ef37c29e6fcd12,0x861fe1a83bd48600bc376b101f4a6d92b5801a73,0.285,2026-01-08 03:09:23.000000 UTC,548,498,1570,0,0.31719745222929935
0x4cfb1ad8983cdee8eca51ce64625320addef086ec3018f6db7fd362c587a8fd5,0x69aa4b1c616c9f2a08d57bc8809a199d07c978c0,0.285,2026-01-08 02:14:59.000000 UTC,548,498,1572,0,0.31679389312977096
0x24ccaae125a25ba39ac746fe72be64ae1f3e37ea353cadfd257b509eebe4d4ba,0x866f19803cfa22aa7043d744edf7e281b69e693a,0.0475,2026-01-07 23:38:35.000000 UTC,147,100,738,0,0.13550135501355012
0x3a30c1caa61541f0b9c8c6cbe1b9480bd9a5513252563084e056897d4f94a1c4,0x6b6e87c037aa8c3a50a5010d8704bc5ea5c3d3ad,0.1408944999999999,2026-01-07 18:17:23.000000 UTC,0,0,1424,0,0.0
0x33ec0e0136cc76d762b1b7cec3d78e8564e17d985e8866223c06e5408d83a24e,0x147037f0d4805a7582c381424e1705b2f45cda89,0.0284999999999999,2026-01-07 17:36:23.000000 UTC,168,117,672,0,0.17410714285714285
0x235b23dacba2e7c405698db9db066eef8baa56a13e93a163b2bd8c254b17b519,0x759e2aff11ddccf572992847ce41b852dbf209de,0.4410185,2026-01-07 14:08:35.000000 UTC,0,0,1639,0,0.0
0x2601a6e17d8c78795026987bf389e685b0b8984683733fbf63567020542bec4d,0xf6f9d089ca37f510fdd5ce57b3dcb9311b3c787f,0.3899655,2026-01-07 13:22:11.000000 UTC,0,0,1618,0,0.0
0x6dd745e54b7913cbfbd9c792cbf8212b2ee56149ca00ab134756d94b52c48f5e,0x6b6e87c037aa8c3a50a5010d8704bc5ea5c3d3ad,0.1481714999999999,2026-01-07 11:16:23.000000 UTC,0,0,1436,0,0.0
0x466f8e3f27915776502fc35817b7a7ce9ff44429175c1544835620538556d5e3,0xd71c4ae92a7ea2242beb69bf0a6f26a578fc09c3,0.0147249999999999,2026-01-07 08:32:11.000000 UTC,0,0,537,0,0.0
0x94ad8674a57361292e42a9920654e95eaec1509ce8c7d0b5de9b7be4bcc6a3c5,0xfe26421851be7d7ca50c941f7408981c403bda64,2.3085,2026-01-07 08:17:35.000000 UTC,0,0,2061,0,0.0
0xbd71b897a6acdf68c44dc3eda9f3821489acd8239e4cdbe2be2070eb66e56cba,0xc8d5e99b361deec9cf26af0954c365ef65ab7069,0.38,2026-01-07 04:05:59.000000 UTC,1170,521,1621,0,0.32140653917334977
0xde5451ed0d80b5bd1e0360d34e2cb1501649bfbe5f2d5283b2ebe9609ce4129b,0xc8d5e99b361deec9cf26af0954c365ef65ab7069,0.95,2026-01-07 04:02:23.000000 UTC,1605,341,1774,0,0.19222096956031567
0x3a1e40c4041a30b5e32a698e37740dd2887113b618d61d34edb725f09e1db314,0x9388a7724a7bca83a67234ab6fa42398f52dc1e1,0.475,2026-01-06 16:17:59.000000 UTC,228,124,1652,0,0.07506053268765134
0x52aae90bd3276c699bb6bd238312c7c08b2c30be10934de048af5742b243d019,0xe87c851a79d6b0ce84df3e7b65c00545de5d018e,0.95,2026-01-05 21:03:11.000000 UTC,1610,342,1779,0,0.19224283305227655
0x7ecc2b24a4f64d7a9f4daee521c359af9bfb56ba5ca8129d8ea91d0f9ba55065,0xc7b438bdcb4bccfd66021e4c37ba9a55139bc509,0.76,2026-01-05 18:40:23.000000 UTC,1819,351,1751,0,0.20045688178183896
0x37916098abcdd70e3ecc1669633e5ce9a579aa37c7bc06ea03d33f0a0e8f801a,0xc7b438bdcb4bccfd66021e4c37ba9a55139bc509,0.19,2026-01-05 17:19:47.000000 UTC,2929,829,1476,0,0.5616531165311653
0xb26ecb3d5cf3a3ed641d9ab41e623c4a662cf742217e69b60117defa8eb71bd5,0x9388a7724a7bca83a67234ab6fa42398f52dc1e1,8.549999999999999,2026-01-05 14:18:11.000000 UTC,5,6,2172,0,0.0027624309392265192
0xf0567ab8d9aeadd74c4613a16b01581c22b06e107950df22ade9e4c847d736a3,0x9388a7724a7bca83a67234ab6fa42398f52dc1e1,0.95,2026-01-05 13:03:23.000000 UTC,1634,345,1783,0,0.19349411104879416
0x89a8209f727c2adde571408b9716386891617b63b16ea744d61c791ffb8649ea,0x809eb4328d9c36e8e6f14e80c716b9874e0b2017,1.20175,2026-01-05 09:44:47.000000 UTC,0,0,1974,0,0.0
0x3724e15c73bbd64e24c032e525a6bd632d8fd0654519c752a1da97de1895950f,0x44c466f3c93c0890e9f3baf33265976a9096b9a3,0.475,2026-01-05 05:47:23.000000 UTC,228,124,1659,0,0.07474382157926461
0xf4fe7eb0a602a2ea7c6c83001273c8ee54f6563bdbbfa3a34afc6657103b4ece,0xf28a3dd854d9b583cb98ef20378899150d106c74,0.05225,2026-01-04 21:52:11.000000 UTC,6,11,866,0,0.012702078521939953
0x7f368e326d5a3971d31249871c9901316f49c3ff3e912562ca9a4d6824b8af1a,0x34b8028d3917a74059b328f3e99662181a283084,0.2450999999999999,2026-01-04 20:54:11.000000 UTC,0,0,1564,0,0.0
0xdfe386908205f1aa9735de883960d40a3be2d4a9d420238971954af1f0b7a57b,0x809eb4328d9c36e8e6f14e80c716b9874e0b2017,0.0095,2026-01-04 12:56:35.000000 UTC,177,98,201,0,0.48756218905472637
0xe35fdd660968b4324104051b98d77e637c9d83df0f61b248bc8d1ec640d6821e,0xe0fc323e27383142c7b5aa6ff643e7fdad28b093,0.095,2026-01-04 10:52:35.000000 UTC,1327,578,1028,0,0.5622568093385214
0xf1d67e959175c2f0999822981da78ff90224d7b8caf8b1fdab209017dc26df61,0xeef1df20b597de3f9127664f4b24732248128413,2.6897065,2026-01-04 08:50:11.000000 UTC,0,0,2106,0,0.0
0x1e00cad2069abf2a98b057b5aa89d7f4459109c4d987aa7d06af9d9f55d85174,0xf94e5cdf41247e268d4847c30a0dc2893b33e85d,0.285,2026-01-04 01:18:35.000000 UTC,557,507,1592,0,0.3184673366834171
0xb63f2b4dc730f077fdd6e9389ec2702eef244746366bc1cab81422de384201ea,0xd0f08d8dcb6432c563c653ee478267cb772c742f,0.027094,2026-01-03 22:33:47.000000 UTC,0,0,675,0,0.0
0x7ff85aa5188372c4876cecdb31028ef26d7b220dcd67f0495ac8e7743a382085,0xeae1a9aa70799e14bf215b0ce2ff01eba7338bea,0.095,2026-01-03 19:08:23.000000 UTC,1327,578,1029,0,0.5617103984450923
0x205cf3c45fdfb216b29ce60e66d5eecff588874992d34e86f05203bc0a207e24,0xc2d2cbcd2f0a04b89283cd4a40301ab55a2393ab,0.17195,2026-01-03 17:20:59.000000 UTC,0,0,1477,0,0.0
0x511a2d51ac26085a02bbcdf7e5db80ef482e9b0e03bb4f346d64d37b089e0df1,0x2ac9c973189f42a3f1bb854f031a7fca9d9cb69d,1.6156365,2026-01-03 15:59:11.000000 UTC,0,0,2021,0,0.0
0x4c51455a699b015fb421f75b7e2f2ea91527f84f9c30e2cf72f62b3cff4ecd36,0xd0f08d8dcb6432c563c653ee478267cb772c742f,2.4650600000000003,2026-01-03 12:03:59.000000 UTC,1,2,2102,0,0.0009514747859181732
0x56e5433308fc06257b42bd7d79e2cab2e071c257236ebe62b951cf92940ee321,0x2b0d0023aa822a35943738c5dcc1061977ac020b,0.658654,2026-01-03 10:52:47.000000 UTC,0,0,1744,0,0.0
0x98b8f20c5b3c7ccbae6e665ea5622abb47b0ffc3cf0a767084d0cb905a0994f8,0xeb6bea6f917124233dcc2b046d8bd64897ce0ced,0.95,2026-01-03 09:39:47.000000 UTC,1642,350,1801,0,0.1943364797334814
0x039102c1c27f28ca6a168f43551954e05ee31ac664ad2927270e97352fdb5fab,0x572952fb4de93caae266520136ca2549398ccf58,0.0697204999999999,2026-01-03 07:29:59.000000 UTC,0,0,930,0,0.0
0xca8357b1c001ef8988761dc64e7a473a81c99831f5e9af662635f4d05a51140a,0x37c8b4eb63de633ad36ee0d98c7bf7932dc2789f,0.0095,2026-01-03 01:34:11.000000 UTC,177,98,201,0,0.48756218905472637
0x4dd93b4c7a7c69186543355a548f3fd74444f012b4d3156e4716542cdce9e8e1,0xbe440d2ec05c4a66b1cc5a4b6ee29ebe945a72e4,1.7385,2026-01-02 22:42:59.000000 UTC,0,0,2031,0,0.0
0x3464ec493be1aa059038e03d1b05dbf35ef898ab4add42659f5a228d3f6c0c7e,0x2b0d0023aa822a35943738c5dcc1061977ac020b,0.1027044999999999,2026-01-02 17:42:11.000000 UTC,0,0,1360,0,0.0
0x9b8551b01f8c9e032c7cb4863a3f046e5a6c0e5324cd234320dd88ee73e37d78,0x2b0d0023aa822a35943738c5dcc1061977ac020b,0.0095,2026-01-02 17:05:35.000000 UTC,177,98,201,0,0.48756218905472637
0xfa2eb7519d21dbb9493438d5d54127a7544738807c0e9aca920f1b6c1728d346,0xa556a5a50d2c786617263414878214a9159d1433,0.095,2026-01-02 16:35:59.000000 UTC,1331,580,1031,0,0.562560620756547
0x123f241f32a82a3c83f28396a7774c56d44dda9c7a65541d503cd45ebc63852d,0xfeb5a1279abad1cbd4b9f4118b3ecfb9dda9c59e,0.0114,2026-01-02 16:05:23.000000 UTC,35,43,499,0,0.08617234468937876
0x927c2d95f62290e2e9c3085a2995d5ea6c750c42c319f2dcb01e8a4fc2f3f5f2,0x6152cf1b5f3e61b1aa956ff64efa1453b30b4c6b,0.1833879999999999,2026-01-01 16:36:47.000000 UTC,0,0,1493,0,0.0
0x3bf233aee18c0f6fb25daba41ab2f3d6a4d8adff1c22ad412a6cbd72361a6fc4,0x71b62f151ab50782a61eccc1afdc2d673d6652ca,0.0095,2026-01-01 15:34:35.000000 UTC,177,98,201,0,0.48756218905472637
0x1f682bb45397fcfeb4468d1b26d42257b2db98cce2c372a5504dcef6ed901327,0xedb95c4cb1e51b8b75f5100ee37d729cfd3eff35,0.7742499999999999,2026-01-01 12:04:47.000000 UTC,0,0,1781,0,0.0
0x88d37383ed57d38fedd53f735ed336c96fd1babbc77b13d036bf2ca5934fe984,0xb700295c5221eff055ea2e254ab5a44005166fbb,0.0427879999999999,2025-12-31 20:43:35.000000 UTC,0,0,736,0,0.0
0x734fca0945c2fa352d8ec29329625a8329239dec5c46a597979a6524a6e16109,0x6d79ade3f835cf7b24b74af9fda542fc941c0579,0.03325,2025-12-31 19:17:35.000000 UTC,9,12,709,0,0.01692524682651622
0x99a27bd500d5c9aa49820753b0222b1a1eb990964c727680a046f8032a5d31ae,0x3107c8c74077243bbc030326d0826b461a3c2a2a,0.59565,2025-12-31 17:29:47.000000 UTC,0,0,1752,0,0.0
0x04ce033062fe8d73ee67c2bd736c231aa5a79d2ed403f0e69d4ff37b0e67a133,0xee355e1ea27ff2ce850756e0fbcbb441bbfe229f,0.2375,2025-12-31 17:10:23.000000 UTC,270,272,1583,0,0.17182564750473783
0xc4258b9ae3af2b29aba9e4cd686bf6a8e6f66ae5fff3c885f8405946643df6ff,0x1f22a0dfb910ea82afb860e14408e9837f364a68,0.3324999999999999,2025-12-31 16:56:35.000000 UTC,43,25,1638,0,0.015262515262515262
0xd1c7c950082709e9d99ba5eaae77fdb3d51ae58d16d046816eabe910dcf5e77b,0x246b505f35eeadf3137bf99ba7936e7a386e2026,0.7885475,2025-12-31 15:20:35.000000 UTC,0,0,1785,0,0.0
0x3b3ba6443488a4c4070799aa0bdf147b5ff669d55d8dcfe5085a3371f3685c60,0x6b6e87c037aa8c3a50a5010d8704bc5ea5c3d3ad,0.10925,2025-12-31 13:10:47.000000 UTC,3,5,1385,0,0.0036101083032490976
0xc1ed6a96f835b30cab8150b73a768fe77d83a484099bd7e053dddac30e5b1dea,0xe0fc323e27383142c7b5aa6ff643e7fdad28b093,0.019,2025-12-31 12:54:11.000000 UTC,1068,413,573,0,0.7207678883071553
0xf9b2ac5225faf2e2de98357f54b658a30450fab8c090fd3cc3929f91f3d4f4e3,0x8ae4c29c97a9dfba7a4440c6336a7d37eba0e12c,0.95,2025-12-31 06:15:23.000000 UTC,1650,352,1817,0,0.19372592184920198
0xc5c0c0f504c7d0c551a913dea73f819f626eb7c8807ebcee6cafeaff67bb029f,0x3107c8c74077243bbc030326d0826b461a3c2a2a,0.095,2025-12-30 13:20:35.000000 UTC,1342,585,1041,0,0.5619596541786743
0x848ce9689152debae6c57d988b9d16d00ea58c0a5b01e1260dd61538f05b45d1,0x73c9d6a8df43b49d2a4bd3cb941bf2ecffe54f77,0.1214289999999999,2025-12-30 13:03:47.000000 UTC,0,0,1425,0,0.0
0x4cb02e542e00692f176dd384170ecb41024292ccd88f1b43e6bb6a819dadf68e,0x3107c8c74077243bbc030326d0826b461a3c2a2a,0.095,2025-12-30 12:44:11.000000 UTC,1342,585,1041,0,0.5619596541786743
0x7d98b64ee7c030eeaac2ca32d138e1851d350102a6edeb2ebcce1ffa4cf197ae,0xae562fd4fdd1e5b09bb15c8bb35bb5a25d3b06e9,0.076,2025-12-30 10:09:47.000000 UTC,492,320,967,0,0.3309203722854188
0x5073f32a19dbbac925443975e1914085ec5bad64a1cf1da9e448c5573c129c2d,0x9886fd1897ebdcbf8c39c4f9fc8e3167fc5c7e85,0.38,2025-12-30 07:35:59.000000 UTC,1242,539,1662,0,0.3243080625752106
0xfae3215fb76211c11c798755e7ce8904f22bbc1a3c0a4da710515396a6d951ac,0x84c40718ec7afa0a4df9b3bfec25f5eb16512f19,1.9228,2025-12-30 05:46:59.000000 UTC,0,0,2064,0,0.0
0x99cadf58b64401f18de33ba907134bb25413dc97cd07708ab326e8d27d2d9716,0x04d56f98c953acbc5d3202642b3c9b9c64f0b225,0.01045,2025-12-30 05:11:35.000000 UTC,0,0,484,0,0.0
0xb0fb76eb038ef13cd15a2349215a499852ce59d9213284bc169d3a433e2ecb49,0xd7c3e89f7a42216a187effa0ee26c1492493b705,1.9475,2025-12-30 04:47:11.000000 UTC,0,0,2064,0,0.0
0xb8850da334b3d192583f966ee9eba2f2d255572815157c363217447971dcb94d,0xbacf93aa8a67d8f046a0601dee24a5cb4d49ada5,0.0095,2025-12-30 03:56:59.000000 UTC,177,98,201,0,0.48756218905472637
0x269305049bae05eefb094a0c2b9453b12af9251c468596ce3acbe52889655afa,0x6b6e87c037aa8c3a50a5010d8704bc5ea5c3d3ad,0.0475,2025-12-29 23:38:23.000000 UTC,169,105,753,0,0.1394422310756972
0xf40498d1e48a383efe2f1c742f54baf64f31f4c842e786a29404c872f762a043,0x6b6e87c037aa8c3a50a5010d8704bc5ea5c3d3ad,0.095,2025-12-29 23:34:47.000000 UTC,1346,587,1044,0,0.5622605363984674
0x2521ab159e1e895726c6003e8cf9408863daa194f38e90c2d0d7b06ed9b61c73,0x5828fc02004d9d608480fa8221fa16cbe1e48b49,0.095,2025-12-29 19:13:11.000000 UTC,1348,588,1046,0,0.5621414913957935
0xb68c06ac8b44710c3f1c7a44de961b60896bf1af51b1bf1feee35aec75e1c1e2,0x5828fc02004d9d608480fa8221fa16cbe1e48b49,0.095,2025-12-29 19:11:35.000000 UTC,1348,588,1046,0,0.5621414913957935
0x1b435f5261d85284046b3b9244b1a8181dcfc8b5d75d2c2025dce351fbb5da02,0x0cebc523d6399df26bec5724851677ba1ce723a5,0.095,2025-12-27 18:04:11.000000 UTC,1352,589,1047,0,0.562559694364852
0xdef9356a2ee6c4d4fd2fe6bb4fc6ba08bf71aa9b80e61c8f2b445908c148e7c6,0x93e1308337f667056029702334a73f1d1183a36d,0.7092605,2025-12-27 15:07:47.000000 UTC,0,0,1792,0,0.0
0xd8b39c98cd8a640e6c8d3d5a4e5ec14c4e7ff4f04f21a5d69f6e7bb8afcfbbf0,0xd664637671a42a9b7248af9bb6c6346defc44032,0.095,2025-12-27 13:47:59.000000 UTC,1362,594,1052,0,0.564638783269962
0xc2025939f62b6b1a57d4ef3f59e4813f436fd941400d387fc906789e3cc68a21,0x6b6e87c037aa8c3a50a5010d8704bc5ea5c3d3ad,0.019,2025-12-27 10:09:59.000000 UTC,1069,414,575,0,0.72
0xc0db11e13d15fc7cdcea74aeb06fbfc88a7feda023bd59919d0dd7b6d7dbada9,0x9d5858fcf5b121aa42b4d6c21f6d104e08f06c5c,0.0284999999999999,2025-12-26 13:44:35.000000 UTC,178,121,689,0,0.17561683599419448
0x1a4a2f43cc7ebcc0efddaf7d15752af466c2469184bafa679e31a5dfa92b766a,0xd13cf36b646adcad473523f7b32baa74f4f8f502,0.0095,2025-12-26 11:41:23.000000 UTC,177,98,202,0,0.48514851485148514
0x8be1c85d2e9740896ad42a110ac1f127a1b13380d119d985189ee99a8303be8e,0x6b6e87c037aa8c3a50a5010d8704bc5ea5c3d3ad,0.0095,2025-12-26 09:56:23.000000 UTC,177,98,202,0,0.48514851485148514
0xe653ee06aff7fc5294c1ab63022643cbd01c0a7b3825d45dd2cfc84c181673d7,0xabc9ca6802dd9427713efac78914368a1f5b7f10,0.0569999999999999,2025-12-26 04:43:59.000000 UTC,945,559,912,0,0.6129385964912281
0x7938456c288203cc6b35f3316f521ff0eac5de31d72670a8a3f5b1b0d4df8e93,0x1d90899e3b283a51ed825dd388a6f825a89f70c3,0.3324999999999999,2025-12-25 23:47:47.000000 UTC,43,25,1665,0,0.015015015015015015
0x89f5b402b3ff5bdc054e47fa82cc449f89fb5da08310a7962ef60a12fb61f8b9,0xd56fc76b37e0086998a6690841d893e508552250,0.4826,2025-12-25 22:34:35.000000 UTC,2,4,1714,0,0.002333722287047841
0x2046bad5e22be639cf3bb5c0534d6cca0ddebff3bba68935505ff55c0df52d3a,0xb14fa11230e7481065715031121543db723cc45e,0.0475,2025-12-25 21:31:59.000000 UTC,169,105,758,0,0.13852242744063326
0x82022b2b5857f13d388a40bf2b760184d5e1f3ef2085487225a469e66d7c93ab,0x93e1308337f667056029702334a73f1d1183a36d,3.895,2025-12-25 13:37:23.000000 UTC,4,6,2210,0,0.0027149321266968325
0xe432142314a8144d52ab2941ba916b97ba2452e7fa71becd575287360fc2aae9,0x1d90899e3b283a51ed825dd388a6f825a89f70c3,0.285,2025-12-24 17:14:23.000000 UTC,583,531,1644,0,0.32299270072992703
0xe459ee2ced5b5189bc3c62d7b37f819f3cffab087de7aaf6960be52612b34511,0x8922e633a83c01d7df56c1863e1027db8c705755,0.340005,2025-12-24 15:15:23.000000 UTC,0,0,1680,0,0.0
0xbfed87aa421afa3bbd13488f4a116673d8872dd2efda9d3b98b778c99b143c1e,0xf49559a962d46b02b49a70320cbbdf2cc7ba40a7,8.549999999999999,2025-12-24 08:36:47.000000 UTC,5,6,2269,0,0.002644336712208021
0xdbe91ca6531b7f9eb85c82d407cf0f882133542e479a6be48694a84d6d480e11,0xb26cd7e2164723f31fd381d18242da0897c1e205,0.0095,2025-12-23 15:12:11.000000 UTC,177,98,203,0,0.4827586206896552
0x29afa484c1aefc28d235b9c767a4eb5d974350429bc14cd0a5a3bfbde58041fb,0x46f2ade9d359e19c7edfdf99289f2d8f16f66872,0.19,2025-12-23 14:34:11.000000 UTC,3115,880,1545,0,0.56957928802589
0xc672781589d09fddbad1630ed8f322a45f5e7fd75730ac803aa7001974e795c6,0xf49559a962d46b02b49a70320cbbdf2cc7ba40a7,0.95,2025-12-23 12:22:59.000000 UTC,1771,373,1866,0,0.19989281886387997
0x13e2288ca4f6f15a15857c3f50087b26c1cdb41436987a2d737791ab7dc1e317,0x51adf197a091afcd2af5e73a4828257988fbb65d,0.018905,2025-12-23 11:28:23.000000 UTC,0,0,582,0,0.0
0xd408b57ef514cb4c053b3799faf5da4b28895881114d60b79340ce1153f124f4,0x9d5858fcf5b121aa42b4d6c21f6d104e08f06c5c,0.0095,2025-12-23 02:55:23.000000 UTC,179,99,204,0,0.4852941176470588
0x620d7a7cd064ff494ac14c338fdeb67b9b803c315e7ed2748f2195a5c07e05bc,0x1d3fa7a111cfe0921ccecfb0afbdaa8496cfee7f,0.0178219999999999,2025-12-22 20:32:47.000000 UTC,0,0,580,0,0.0
0x1325ad07f614c88a0a4d8aaa625f7e760b2cd621f52462eaa725c489130a6088,0xfb5e8a587733e1a8700e1d448f97a12bab4ad4ea,0.285,2025-12-22 18:00:59.000000 UTC,592,540,1665,0,0.32432432432432434
0xc9b312802105f9c93616781808547e86dac7c4c032cda245e094ee5fa7167861,0xfe584841ef1fc630b1495e945d339c30637bede9,0.0900219999999999,2025-12-22 17:19:23.000000 UTC,0,0,1058,0,0.0
0x8b065a538d6b2941bd8513c5b244aed5a69816b351b1d1cf53af84e940efdae4,0x3adb4815dc8e8f41183f13e131a91583a0b4a81f,0.06175,2025-12-22 09:22:35.000000 UTC,126,128,948,0,0.1350210970464135
0x5cb210a0f4d2c5645689faf3d2b885afa60082bc5d604004c889d27164a14483,0x6b6e87c037aa8c3a50a5010d8704bc5ea5c3d3ad,0.95,2025-12-22 09:00:35.000000 UTC,1796,377,1879,0,0.2006386375731772
0xd4ca39fdf724bfc98b9db7e8d8f40d702016c6cdbce60f540d9f6fe8edc288fc,0x500a3a68a1638833b6420de9ec4e6b9c945bb3a3,0.0114,2025-12-21 13:37:47.000000 UTC,35,43,510,0,0.08431372549019608
0xdc9c02aafa4edcd32f7f92a3bc5408f7022518e867c6b0bc8bc4bbd781e8ba3f,0x7799cddc48f14b0c884a99c9cf2d90af820cdad0,0.506312,2025-12-19 19:12:35.000000 UTC,0,0,1808,0,0.0
0xf815b33564410ad881cec62195ced3e20f845224b189e64f813f491b2c32fbc3,0x7d7b8c8ea0a0ab66ab74f606035f253c6ab48b50,0.0095,2025-12-19 11:16:47.000000 UTC,181,100,206,0,0.4854368932038835
0xc63b78bc7132a72adfbc3aaef7183beb0db93bb7ea03dbcad3b30247707ae608,0xb6968410575b7742bea3bb0d848296cb9d925a4e,0.095,2025-12-19 04:43:11.000000 UTC,1450,632,1079,0,0.5857275254865616
0x5debceab270c44a57533c2008623473d1c9574eb421402fc095916e9690b48d6,0x69aa4b1c616c9f2a08d57bc8809a199d07c978c0,0.418,2025-12-19 01:39:11.000000 UTC,29,37,1746,0,0.021191294387170677
0x3e2f1816d73e85ae264c03be11fa19990db6cfa5a73d213329354babeb084990,0x6b6e87c037aa8c3a50a5010d8704bc5ea5c3d3ad,0.0697395,2025-12-18 18:49:47.000000 UTC,0,0,975,0,0.0
0xe63e0ca2246e285cd70eb898b65dd04f2224623673141a6c9f4052527bdbc55c,0x5dcb5f4f39caa6ca25380cfc42280330b49d3c93,0.095,2025-12-18 17:26:35.000000 UTC,1450,632,1079,0,0.5857275254865616
0x0430f1473beea42ecb882b0761628724611c72d266bd757b16ebc308aa804787,0xbcd00ac6954a9e5c2c2913de5f52139fa07020f6,0.2375,2025-12-18 17:03:35.000000 UTC,278,280,1656,0,0.16908212560386474
0x69562e4e8dd4403fb4738782afd74b4783f274c67737eb8dd0a542b08aeb7438,0x14b9ebe357ccdce556d685a5a29a1c48b0ff1d2d,0.0987999999999999,2025-12-18 11:12:11.000000 UTC,3,6,1088,0,0.0055147058823529415
0x893cf3f87370947b64faf8e131e6fdc1434945c99cd8bb19dfaa9eecd7f6ab9a,0xbcd00ac6954a9e5c2c2913de5f52139fa07020f6,0.11875,2025-12-18 06:39:59.000000 UTC,330,333,1475,0,0.22576271186440677
0x3d073e4691e3477f3aa7d64db2d36810eaba8ed9bc4efea58beb16d7b2b7664e,0x1ee601bc78834654d63ff93a76285430e6df535a,0.095,2025-12-18 05:03:23.000000 UTC,1452,633,1080,0,0.5861111111111111
0x121002cf2445205997a20df599622c9233c268e682e081c51fab2554bb65489f,0x8d90a4fe233c2e5f59ee8180ac497a6c1749d0f7,0.0095474999999999,2025-12-18 03:49:23.000000 UTC,0,0,208,0,0.0
0xa82f8cddc57acf4848e233398cfb22d02630126177d4bbbc80c16903e006bc0d,0xc8d5e99b361deec9cf26af0954c365ef65ab7069,2.28,2025-12-18 03:12:11.000000 UTC,97,92,2219,0,0.04146011716989635
0xa3795e832c729e0d5377024ec705d1725d482a17d758cbedb174cc0f649ae49f,0x4b06ae0053d3e7176becc5abfebcb53b4809cf5d,0.0095,2025-12-18 00:48:11.000000 UTC,187,102,208,0,0.49038461538461536
0x1f8a9d8fe2018460646d44a9f18d69a2df4fd90ec0cec2edc9ca5359137a3a1a,0xdcec0c39b74b14fb65674c27f917114cd80f3a66,0.076,2025-12-17 23:08:47.000000 UTC,536,346,1006,0,0.34393638170974156
0x3e84fda4f7eb3191bdb896bbd89ff3e8a471d7f2f2660b86a696a8693e946d91,0xbcd00ac6954a9e5c2c2913de5f52139fa07020f6,0.11875,2025-12-17 19:47:11.000000 UTC,331,334,1477,0,0.22613405551794177
0x7016ff4e65e7fed354166bd245184d55baeb85e2c302ceaf3e388bab9521aadd,0x9bb9f31abe979bb541a1d15cf48e9082845ef25d,0.06745,2025-12-17 17:51:23.000000 UTC,2,3,970,0,0.003092783505154639
0xa68299a643abd81c7e6993fe830a1d3ef1a2636550e43e525187588e669556cd,0xfb8429acbe7854b27ad20100da2157af0d76e7cd,0.475,2025-12-17 17:08:59.000000 UTC,588,468,1767,0,0.26485568760611206
0x9ca3d4237cd5dec04af951f0a3b1b760d9059c7cf309b2f67750acca68a587a1,0xac0e9e5c1f28a6bbcb717fd38d3f3e078ece2697,0.0095,2025-12-17 15:55:47.000000 UTC,187,102,208,0,0.49038461538461536
0xf2b5967acd5aa82d6214d22fe5d8cd5e457f08208b890755e592c641b6df831c,0xde5cbe25c58c49ee7635216de6998f8dacd63b96,0.0095,2025-12-17 13:58:11.000000 UTC,187,102,208,0,0.49038461538461536
0x258a50179b58d37005f4ecab6ba50ff05b901bef60596ae01e4b9146addb9512,0x02c84f1e9812c45a08ab8612989581a69541c1a4,0.0095,2025-12-17 11:22:47.000000 UTC,188,103,209,0,0.49282296650717705
0xef3947c39b8799aecb82ae96a4ab8a6b1e74f9ec8c6e059d9031cc2478f7a54e,0x39ebf36997fdbc2a74c97f360dfa4f8a2eb423f0,0.70775,2025-12-17 10:04:35.000000 UTC,0,0,1865,0,0.0
0xf2efdfa6a9f686926570ecd0fa4a20e83ee5f5dede94c7c4153704076c9b754d,0xa05ee11735d861afa66bf06004cb61f7370b1d2e,0.095,2025-12-17 10:02:35.000000 UTC,1461,635,1083,0,0.5863342566943675
0x612479a2d634973ce515fbc7a253fbf6c9139fe5f736b8e153fdfca4e4fe2c34,0x0ff9edad904cf7e241fb6336cd2cdbfe4219ef1a,0.095,2025-12-17 09:16:47.000000 UTC,1462,636,1084,0,0.5867158671586716
0xaaafcf21c11d5e53ccb16c5414a36478c648d7fedb3ec518887b7ae04fc2a140,0x39ebf36997fdbc2a74c97f360dfa4f8a2eb423f0,0.095,2025-12-17 09:14:59.000000 UTC,1462,636,1084,0,0.5867158671586716
0x388e2728c929b0a55550fa3a8d4c06044e50984aa43b637a35c4116cb5386249,0x42eefbc05794e71a0f7e7b63e5ecb52320345ebe,0.285,2025-12-16 04:44:23.000000 UTC,609,555,1696,0,0.3272405660377358
0x1352e3d51ccc7a57ad2e77df3e19a8da8b6f5153603454b880815d3e05db6700,0xac0e9e5c1f28a6bbcb717fd38d3f3e078ece2697,0.0142499999999999,2025-12-16 04:28:11.000000 UTC,19,24,556,0,0.04316546762589928
0x7e16191dfed437f53890a9a4cdafdd30130ea688441dbf2510ee4f07369e8edc,0xcf7d504212180d754e0bca03e21611be2b23b6ab,4.75,2025-12-16 00:20:23.000000 UTC,318,156,2304,0,0.06770833333333333
0x569f20232693e7b178fbe53be1b8bbe6da3fd995b896cfddd83fda5631bb9902,0xb66084e030ed88281e7b52e2e9bdb7d6caee1e87,0.1425,2025-12-15 15:09:59.000000 UTC,49,39,1535,0,0.025407166123778503
0x409d4aeffebd5650fe15d824068d31125a5106b93403de73fc3b6046e1ae419e,0x9bb9f31abe979bb541a1d15cf48e9082845ef25d,0.06175,2025-12-15 13:43:59.000000 UTC,126,128,959,0,0.1334723670490094
0x2bbfae3f388694f10c3e12b699c65121894f88da859f3a1319f1e8b854ac8c2c,0x617dc7a3a95a9d7ece0c99ca5f72d52b53309325,0.032642,2025-12-15 11:35:47.000000 UTC,0,0,740,0,0.0
0x65490f0c0802c9c65d2de9d7a1d149aee6a020886715cd885860b0a9b7be1905,0x61d3f5f3b51b386a8d3c7de7b90c2df3ed1234c2,0.1006715,2025-12-14 22:26:35.000000 UTC,0,0,1437,0,0.0
0x1e16385994bd8606a0fa33b4afdfffad703bc0e6c0a4b4c498f9e89ce50c6e85,0xb2d1d4d9bfdfaefe2e176895820d2c6969035a0b,0.067355,2025-12-14 21:51:23.000000 UTC,0,0,977,0,0.0
0x840c66025aae3902ab83ac7db125bcc607ccf185f1627a821b6c797dcc0bcdda,0xfc5c5ab8042e416869ea4d8b35a6182c9bf14f15,0.1045,2025-12-14 15:56:35.000000 UTC,385,387,1456,0,0.2657967032967033
0x300d0265ec442ba1043582824fc8d7052207ed3977e72105fb368d314229a1dd,0xd1e1b37b0001d2ac74de1bf0de3eec83082310e8,0.95,2025-12-13 14:20:11.000000 UTC,1891,415,1933,0,0.21469218830832903
0x0e3b394e68170ea08fe325adc80d78c60ac3576412677c20d699b2e712cf1ef2,0xd10446883908f1f2f27f2f519672e27bff4c3380,0.811623,2025-12-13 14:06:11.000000 UTC,0,0,1917,0,0.0
0xc796d318b955a68c51191be14e9da48ba5f8c4c7ab458536912745076e20ed0a,0xae27cdc71587ed382e402e5ffbfadba53bba24d8,0.0095,2025-12-13 02:17:59.000000 UTC,188,103,209,0,0.49282296650717705
0x3c1c0050232cac29323b0cf483e30461c12168906b12491c1e1c4b344d9d901b,0x03f3c0affb4e135dfa3b61247cb6c7f7d7dd0888,10.5545,2025-12-12 23:49:47.000000 UTC,0,0,2368,0,0.0
0x1c8c72d6b225f15b2ab7b98304c35eeeef71934d77c27d0860fdd760439d5b47,0x0ff9edad904cf7e241fb6336cd2cdbfe4219ef1a,0.0095,2025-12-12 11:06:11.000000 UTC,188,103,209,0,0.49282296650717705
0xda6cf4cf6b0aac223dc5b5b3d889c7581d255b4031d1bebe40bb625c94bd8290,0x617dc7a3a95a9d7ece0c99ca5f72d52b53309325,0.1235,2025-12-12 10:58:35.000000 UTC,720,394,1514,0,0.26023778071334214
0x96c49af16cc59c59363edff01a248d6a81f193833aa39a4d8fac3d42b18fbe98,0x6b6e87c037aa8c3a50a5010d8704bc5ea5c3d3ad,0.0095,2025-12-12 01:45:35.000000 UTC,188,103,209,0,0.49282296650717705
0xfdc4e0ea1c907d06f5d57d6b1a75d1792d4e028d68c00becc81d3d55a9abd645,0x6b6e87c037aa8c3a50a5010d8704bc5ea5c3d3ad,0.095,2025-12-12 01:44:35.000000 UTC,1621,645,1096,0,0.5885036496350365
0xd03030b4ef954abd6ef15cd1ea52bbc2feb86da229ee3b034645dcaa03537fa6,0x8c0c9b3164aff16be9fa122f51dbfdb369400de3,0.73625,2025-12-11 20:29:35.000000 UTC,0,0,1900,0,0.0
0x8ec2429eec95b90d8eeffa0b0fd3164f70eb076d50cff9285b12f4560be6d400,0x21bc7fbf89b07e318dce55676bff0c3ff5edb948,0.0146204999999999,2025-12-11 20:06:59.000000 UTC,0,0,564,0,0.0
0x0ba35d9d930820fae364f65a145cc73129090264610e44c2df006ca84c4ede41,0x000f4432a40560bbff1b581a8b7aded8dab80026,0.095,2025-12-11 15:24:47.000000 UTC,1622,647,1098,0,0.5892531876138434
0xa1c6104fca67d424ff5e421f035dcec54e589d424f8f64d701a0d5b91e195bfa,0xe18b3f9f635be661253c076aca15b517408c9b4c,0.02375,2025-12-11 12:32:47.000000 UTC,123,129,681,0,0.1894273127753304
0x3d561d11cec67e7d45dc2a0132e5b2509b1e2c55ebc2925c053825f09011803f,0xd10446883908f1f2f27f2f519672e27bff4c3380,0.3324999999999999,2025-12-11 11:21:59.000000 UTC,43,25,1759,0,0.014212620807276862
0x2435cfdb63b270606c7b8a17586aa4fc4ef01e8e392a96da48b13788e983fae4,0x0f48669b1681d41357eac232f516b77d0c10f0f1,0.2375,2025-12-11 10:29:11.000000 UTC,284,286,1700,0,0.16823529411764707
0xd4e0c9dc4db16c96191c6efcad6ad5873185e2e92a0959698d6ad920fdb63c45,0x147037f0d4805a7582c381424e1705b2f45cda89,0.0095,2025-12-11 09:13:23.000000 UTC,188,103,209,0,0.49282296650717705
0xfbf34e9c098f4e912fe399f91a4c487823851f0f11a4c9273dc2aff213795582,0x6bdbefdcf7ce75fd0a46d4fba56160bb2cfcb553,0.0095,2025-12-11 08:26:23.000000 UTC,188,103,209,0,0.49282296650717705
0x1405f7b6eec3a78767bcab20fe03d3c798eab73cc784648d2f11c9b10a8edbf9,0xf0f0e06e4c9c3ad4eb5f5a3eb5c9b2334a40c661,0.0854999999999999,2025-12-11 07:43:11.000000 UTC,159,168,1061,0,0.1583411875589067
0x0016e0a5d38a31c8f1d2d0d727f548e8193d73f16ca1c69aec449b8648c32722,0x0f48669b1681d41357eac232f516b77d0c10f0f1,0.2375,2025-12-11 07:35:11.000000 UTC,284,286,1700,0,0.16823529411764707
0x02b9af4d98b596eafb90368b7a4835aa2d1ec110cbeb78d40c80b6a7da2e4e22,0xa48ddceea52468e8b00030573d6a2033c2015ea2,0.1003199999999999,2025-12-10 22:53:23.000000 UTC,0,0,1452,0,0.0
0xb9f7a6336aed72521093f5a5db35c4e63b867135c1ef4f733474b534d4ddaba7,0x147037f0d4805a7582c381424e1705b2f45cda89,0.0095,2025-12-10 19:55:47.000000 UTC,188,103,209,0,0.49282296650717705
0x92d846e8223f948864c295f6632a37f1bcde1775b40e0acb9ca583157511bc6a,0xe8188617f1c2357a4ac2bd150b6a42d555264070,0.285,2025-12-10 09:21:23.000000 UTC,629,569,1727,0,0.3294730746960046
0x24ff7d21e7b12c2ad807f4dad139e79b890ca97e701d85655c76016abaa0d7f9,0xde05e62ec951d60e0b7906030a9e5abdd2cbec86,0.0095,2025-12-10 08:44:11.000000 UTC,188,103,209,0,0.49282296650717705
0x43fa0ff7aef042cad640c3fbeb3166aefee599be660b54a306f04d49e902e796,0x47fb2c0e737c28bcb7abec64956ef694e7328116,0.1580135,2025-12-10 05:34:59.000000 UTC,0,0,1597,0,0.0
0x3bd2270f3b46fb34ecfd4b215747b39994e85323142f726ccd48447b7e257ccd,0xae3137328911c50dc9baa9f329f1403a12c1e704,1.147353,2025-12-10 01:03:35.000000 UTC,0,0,2162,0,0.0
0x0b9832d8505ec73ec2388da6509fa6352ed4c820c555f7998ef91691e2c9d439,0x8452f039e833b68ef48fe137d57854fc1c2e3337,0.0095,2025-12-09 21:13:11.000000 UTC,188,103,209,0,0.49282296650717705
0x2f98dc6676a24d86689999421a88a34ff36f7d70327c1d775bd736bb81432765,0x84f2f5c42193b917ed0569393e90a7ff8f93a7a5,4.75,2025-12-09 18:42:59.000000 UTC,322,158,2346,0,0.06734867860187553
0xf83966795a6454985bbe1bd4fa1625c0fe6ecb898dc2d993235cd678e6632614,0x84f2f5c42193b917ed0569393e90a7ff8f93a7a5,4.75,2025-12-09 18:09:11.000000 UTC,322,158,2346,0,0.06734867860187553
0xc38406c60bf6f1462be3479872bc37d2e088ac05470a703cd9872900148f0785,0x84f2f5c42193b917ed0569393e90a7ff8f93a7a5,0.95,2025-12-09 17:17:47.000000 UTC,1916,422,1956,0,0.21574642126789367
0xddfd178061821c1ee038b40c0d8f99bf075fab2cccf831a1ff8cb2e8ef3e46a5,0x03bb4cda9ad6b741113f67db273015ed24bf718d,1.4249999999999998,2025-12-09 16:15:23.000000 UTC,57,67,2181,0,0.0307198532783127
0x7dcfcebc06127458a1493b21a2c2538889f00e26f5406afa72f56bf2f081b0d8,0x7b2ee663615934a4ae2fbed316e55847e9e2df04,0.095,2025-12-09 07:29:35.000000 UTC,1626,650,1103,0,0.5893019038984587
0x6f4e5414253c0c47dd4ee8a924986de8adc6179e003fb48c35407a6702c2fcf3,0x807aa4a4af16f7a354ebd52477a36aa6e55fd42f,0.0095,2025-12-09 07:11:11.000000 UTC,188,103,209,0,0.49282296650717705
0xb98d0ca569a2bc902d5b81dba43ecd6c1fda8458475d74ecf86faf3fc3b19115,0x2f7c3cd533652bd6a2dc7a3e4daa989e60295a40,0.01045,2025-12-09 05:58:47.000000 UTC,0,0,508,0,0.0
0xf47dbf64ab415e7dafd7061faa12de9b6ccff95829fc7bb12dee829a35f37995,0x26e00831d908d352c36390b01747895cd99b9569,0.0095,2025-12-09 02:24:23.000000 UTC,188,103,209,0,0.49282296650717705
0xa44966e6394dac83096386835f951ba201d4ae2953177bd011148dde14948941,0x03bb4cda9ad6b741113f67db273015ed24bf718d,0.0095,2025-12-08 22:07:59.000000 UTC,188,103,209,0,0.49282296650717705
0xae6ecd08a52795963db2b13a0ddc070eadc261e51b4f161dcfd67c75d85599da,0xbfec541d2780398423cdb7d27c1ec8e43f332050,0.95,2025-12-08 17:47:11.000000 UTC,1945,427,1968,0,0.21697154471544716
0xc9b36eefe5fe47e7a4bbd6c34f16c67d2b0147207c0119607a503a7bf7446d31,0xa05ee11735d861afa66bf06004cb61f7370b1d2e,0.095,2025-12-08 13:40:47.000000 UTC,1632,653,1106,0,0.5904159132007233
0x2a006bf41b77cdc46bf53bd8dd31d92b06326f7e78b52d8b92e84d7e64d93f54,0x23776e53ac37883f4128ab0a0dd075427d1b097a,0.4733944999999999,2025-12-08 12:08:11.000000 UTC,0,0,1828,0,0.0
0xef78fca5858a4c6526df2c9d4304cfa37a17e0e3745d303aece21676cbe8ac48,0x14db914aec49981153c7b16bf85d2ac997c34133,0.095,2025-12-07 23:28:35.000000 UTC,1634,654,1107,0,0.5907859078590786
0x73b01158dc63ba768c66fa8861814b434f100e18eb6234913d04b1989fedb057,0x3e5b0b828181b94387b8f95b3b019ae60565b192,0.0095,2025-12-07 15:48:59.000000 UTC,188,103,209,0,0.49282296650717705
0xa2dd7dad42141f6c8cec1b7ba350c869ad7d75c8254eb14aa0df0d027d7fc41b,0xc4747fb2c3c3a4555c65965c3d68332bc298ad62,0.095,2025-12-07 12:52:35.000000 UTC,1645,658,1111,0,0.5922592259225923
0x53399855024c447e3413f21a85190127d4a79aff0a9eabe8bf495e0c597715e3,0x6b6e87c037aa8c3a50a5010d8704bc5ea5c3d3ad,0.0095,2025-12-07 09:01:11.000000 UTC,188,103,209,0,0.49282296650717705
0x270ca08232766d38fcee588e3d41516a6c89a29acf0635e993d50d6ee7df9991,0x6b6e87c037aa8c3a50a5010d8704bc5ea5c3d3ad,0.0475,2025-12-07 09:00:35.000000 UTC,193,111,798,0,0.13909774436090225
0x8342f5fb82dcb20a9dbb5cb7bbb1915effa0ff4389fc4653e839859a46723023,0x6b6e87c037aa8c3a50a5010d8704bc5ea5c3d3ad,0.095,2025-12-07 08:59:11.000000 UTC,1645,658,1111,0,0.5922592259225923
0x51e89cf84b257a0ac37306cf1a1de9aec85eeded6ce026dd0d12b5b004c1ea22,0x6b6e87c037aa8c3a50a5010d8704bc5ea5c3d3ad,0.095,2025-12-07 08:58:35.000000 UTC,1645,658,1111,0,0.5922592259225923
0x367e720990803370c2a25d2a2dd77f453d22d0fd2869ae7a42faa5d3787771b1,0x6b6e87c037aa8c3a50a5010d8704bc5ea5c3d3ad,0.095,2025-12-07 08:57:59.000000 UTC,1645,658,1111,0,0.5922592259225923
0xf2dee6da75a4d21705e7a09d3cafc8c182a1bd2c0ac20f816928da194249f267,0x6b6e87c037aa8c3a50a5010d8704bc5ea5c3d3ad,0.475,2025-12-07 08:57:23.000000 UTC,612,486,1840,0,0.26413043478260867
0x82cba58a4c625f1a31095eae7a3e63a3ed3f5c4fb51da2e98e85e9e627abbd8d,0xda5930dc7c0022ecf9a084120df232c24e54ddab,0.0284999999999999,2025-12-06 21:34:35.000000 UTC,203,130,725,0,0.1793103448275862
0x6d37ce74a2779fe5460ea17e5ae0052dbd6bcb48c51ec42cb9770831c6422d8c,0xbe9ba50e097fb5a198369800b00e1f523ebaa069,0.037031,2025-12-06 19:59:59.000000 UTC,0,0,767,0,0.0
0x23d07d59f40805301198da44a394361ff54d5ec65877ed49ac767ad829285a1b,0x99ee664abbe926d7ef3ed66b490d296a30a706c2,0.0263909999999999,2025-12-06 19:34:35.000000 UTC,0,0,719,0,0.0
0x5ee331787160735440b793ed037fb35dfbf2b06129028338be83df386fc3f3f6,0x634f22ceb7f99fb507e14e7ec3a658b09e85e998,2.85,2025-12-06 18:37:11.000000 UTC,101,77,2334,0,0.03299057412167952
0x04017d45aa40a237de5f29072bbc8f3cf0ea048f9dbedfad642430e9b568ace9,0x84f2f5c42193b917ed0569393e90a7ff8f93a7a5,0.0095,2025-12-06 15:01:11.000000 UTC,188,103,210,0,0.49047619047619045
0x32ddae898327bf58ff008ab8db81f7002efb681b2cf29bac930eb2116d4658e9,0x9c303de078c7252964059cb252d0dce2bdaa568f,0.19,2025-12-06 14:12:23.000000 UTC,3547,950,1637,0,0.5803298717165547
0x862302eab4c0dccc7523b6a77c5a93cba3152b40a9508693d558489a2f31abd4,0x0a5e1db3671faccd146404925bda5c59929f66c3,0.0095,2025-12-05 05:25:35.000000 UTC,188,103,210,0,0.49047619047619045
0xaf202e1532559ed598015fa5a238688ec1df11082eda2e883f703ed1ff1cddda,0x6b6e87c037aa8c3a50a5010d8704bc5ea5c3d3ad,0.630154,2025-12-05 02:17:11.000000 UTC,0,0,1931,0,0.0
0x7bcb8ff917ed6de0abbf5666862d7cdbaaafe67493156ff90cb1238a2ded99c9,0x147037f0d4805a7582c381424e1705b2f45cda89,0.0475,2025-12-05 00:09:35.000000 UTC,196,113,805,0,0.14037267080745341
0x051f078e823dd32d0d778bc80aa1159fb6b33abe49a1a2dfe327bb29ed07b8de,0x57d35153f593b86dd9e35819350762d1a1b37a51,0.027094,2025-12-04 18:48:47.000000 UTC,0,0,726,0,0.0
0xd1065af06d556fa61ab799bdc093238c52e202113751bfa33782139469ee8fe2,0x147037f0d4805a7582c381424e1705b2f45cda89,0.0475,2025-12-04 17:35:11.000000 UTC,196,113,807,0,0.14002478314745972
0x265a3d132b1a4cb88a6019a475149587795e66aef5789b5ef90a802789bdda8e,0x8ea42a3334e2aab7d144990fda6afe67a85e2a5c,0.0095,2025-12-04 17:03:47.000000 UTC,188,103,210,0,0.49047619047619045
0x933c7a7d4427d379811f18d110f4d9cfb0f10e3bdb7595acc6b7703cb51bc252,0x7421241114845637171654742547783342785642,0.1425,2025-12-04 16:37:59.000000 UTC,56,43,1590,0,0.027044025157232705
0x44f33d992ec89c8dd02cc3f73062f2dd29828c8fe5596a3e541288017f6b5c7f,0x147037f0d4805a7582c381424e1705b2f45cda89,0.0475,2025-12-04 09:46:47.000000 UTC,196,113,810,0,0.13950617283950617
0x325be618496fd6d74a6045c93bce1ae2e47105523a628bcee43e33c19e1727e8,0x1f4fe25cf802a0605229e0dc497aaf653e86e187,0.0095,2025-12-03 23:41:47.000000 UTC,188,103,210,0,0.49047619047619045
0xe0c63ce7d333376d69433601e3895711bbe029bd896f779d35e4720d2b0e2a16,0x6b6e87c037aa8c3a50a5010d8704bc5ea5c3d3ad,0.0854999999999999,2025-12-03 21:02:11.000000 UTC,163,172,1092,0,0.1575091575091575
0x51d38608c3a031dbd8ea617cfe540ef97a1f6bfd53924f96a50d4d9c8f934059,0x47fb2c0e737c28bcb7abec64956ef694e7328116,0.0095,2025-12-03 19:42:11.000000 UTC,188,103,210,0,0.49047619047619045
0x3b00c38a1750fec61b7fe2a45477775580cc18e2d5fdfdd75f1b72f636faadef,0x929d0ef6c8f7a942f2efab0c1874f8d17b3825b8,0.0095,2025-12-03 17:34:59.000000 UTC,188,103,210,0,0.49047619047619045
0x3da2fb11663e5b8137c8a63bae6933e2d820e927f0f23f1fa49055772615a8d1,0x6b6e87c037aa8c3a50a5010d8704bc5ea5c3d3ad,0.0095,2025-12-03 15:18:35.000000 UTC,188,103,210,0,0.49047619047619045
0xd7ce71e8f7fc619244c725de7011316ce2fc69211eaab207d80ac2d5f2faf60b,0x6b6e87c037aa8c3a50a5010d8704bc5ea5c3d3ad,0.0095,2025-12-03 15:17:59.000000 UTC,188,103,210,0,0.49047619047619045
0x912abe9c2479812d42f0c69f9b16f0ac1deafe6627367355a773bddb406454f4,0x6b6e87c037aa8c3a50a5010d8704bc5ea5c3d3ad,0.0095,2025-12-03 15:17:35.000000 UTC,188,103,210,0,0.49047619047619045
0xb7e9d26c375fd5ca74ae36363aa10f2ac75df57fd52517b082165b6ffac3d8ad,0x6b6e87c037aa8c3a50a5010d8704bc5ea5c3d3ad,0.0095,2025-12-03 15:16:35.000000 UTC,188,103,210,0,0.49047619047619045
0xb8e66a904c1ad1a5d5c83bc848fcdd1a0fb86fd06ef3a3643e1dfb280195f776,0x6b6e87c037aa8c3a50a5010d8704bc5ea5c3d3ad,0.0475,2025-12-03 15:14:35.000000 UTC,196,113,813,0,0.13899138991389914
0x37c5bc08cb7664229753144529715cf740e1d01d808b2197eaa12c610ef1e35f,0xe86e325c60d1c69f6020bdf54cd17bd715db3156,0.095,2025-12-03 14:11:23.000000 UTC,1736,674,1130,0,0.5964601769911504
0x18061a809724fd3cc3c7e245d3cdea246d8efc810a829952f43f6c2b061ceb79,0x20309eb9080288e31ab1161366af6639f04d593e,0.0095,2025-12-03 11:30:59.000000 UTC,188,103,210,0,0.49047619047619045
0xf9afe96b27d54b45a9337774a90d8d2a9a80b7138b4a9feedfa30198626c34bd,0xe107cf800e4582eb239d7ffe6b476a202338b7e6,0.3523265,2025-12-03 05:27:59.000000 UTC,0,0,1818,0,0.0
0x00924e4e254f34ed9d148a6e2aed3f2987e19317b0f00b1ea3d107ddd87ac3b2,0x348ad36f7be4bf0c2972a1e1e610c71c59db91f8,0.072694,2025-12-03 05:00:59.000000 UTC,0,0,1043,0,0.0
0x68125946dddcba9b7c6ed142aead33482e2b3f9ffcbfeea4007aba962de9de4e,0x63520e14105bab5aa1b5f1c5d6d1f8330ef3f7ff,0.01045,2025-12-03 01:44:11.000000 UTC,0,0,523,0,0.0
0xdc43d98eee1a3fe1d2e69b0d5418bf33b13c08303586f92817bfc3ef5feca41d,0x5794d7b187cf3333555a3f5c3e9edfe1059dbb9d,0.0114,2025-12-03 01:30:23.000000 UTC,37,45,542,0,0.08302583025830258
0xecc8a84b8c89c425302fa218cf78ccf73c134c9294c60198ba1266adbbfd7ddc,0x61d3f5f3b51b386a8d3c7de7b90c2df3ed1234c2,0.0095,2025-12-02 23:40:23.000000 UTC,188,103,210,0,0.49047619047619045
0x554a49f8920ea33f3863590451a6c9a3cb0ff72bf287df31d145dc86c913f58b,0xec39be1abce3f9af3a6a5a738bcdf915e07fb4fe,1.9095,2025-12-02 21:37:23.000000 UTC,0,0,2265,0,0.0
0xd33dea521beff196ee16b17c2c781ffc52ed0d21f970d264d7fb88ffa7984a0b,0x800cc9a4ffb9757d1dcfd7a350c4ebcd147cf589,0.0475,2025-12-02 17:05:23.000000 UTC,196,113,813,0,0.13899138991389914
0x9693e690da794e522141312c83b1a0a95f1799d4a3b3a41ba210a29a389e5e72,0x7111825978ada813174b2adcd881a0b92b0145d1,0.0095,2025-12-02 16:39:11.000000 UTC,188,103,210,0,0.49047619047619045
0xee3a48c3330030ed789f2d3897843e075fd3d59829d0e9fe15a27725de97a68c,0x72756f239d3fb5041ff9ce821edc530bb04ae42a,0.01045,2025-12-02 16:16:11.000000 UTC,0,0,523,0,0.0
0x1988156c2bab57703645f0bb9e8114bdfbc6c1b053a686d47fbc032eaf365b61,0x9d6afd439c51e5229e0b5486541930c8f04c52d8,0.0095,2025-12-02 14:54:59.000000 UTC,188,103,210,0,0.49047619047619045
0x5375215f1d36f7320fffb9fb016a35c23344430ee004ec5287a12a4ad4e71a66,0x500a3a68a1638833b6420de9ec4e6b9c945bb3a3,0.0095,2025-12-02 11:37:23.000000 UTC,188,103,210,0,0.49047619047619045
0xe06806094c79bca0650b23e2455a872e14a8804f7db58e51c186706a458da920,0x42eefbc05794e71a0f7e7b63e5ecb52320345ebe,0.095,2025-12-02 10:47:59.000000 UTC,1738,675,1131,0,0.596816976127321
0xd624e1f0ff951eaef04cf8dc7e24d296e801f018b6b0ad4ef508bfd8a4e727e1,0x5073617d7fad626f14b74bee63f4b3c2afba0d7d,0.0095,2025-12-02 06:26:59.000000 UTC,188,103,210,0,0.49047619047619045
0xd9556b1f6ec30aa95ed89d0b8f3576dfd7c5de1bab5482c2119b5f8cd0335185,0x8b147c4db4e2616c0bacfb29f5c61589bc0de4dc,0.0095,2025-12-02 04:16:23.000000 UTC,188,103,210,0,0.49047619047619045
0xcb899ce60e8fbb181bc15e1de80f68e190365955f7b559bb21853a75a78b13eb,0xe3dc8eba0b46ff2a1e67b4d5c9584c60c2b38535,0.0791065,2025-12-01 22:40:11.000000 UTC,0,0,1069,0,0.0
0xd572e525faf3b5934e283ae235175ea46057bc213a91966967fe0d665dd99849,0xfdd74a62b2d405f70246a4ca6bfb3488c8e9a00b,0.6745,2025-12-01 21:57:47.000000 UTC,2,3,1957,0,0.0015329586101175269
0x31c196b23a6ee4a3a1b131fd6872429f1d57051e79141ed1f4424562c7b5bbd3,0x62ece183f6343332a8b7207e7ac16ba60bc86804,0.4845,2025-12-01 21:55:47.000000 UTC,3,6,1870,0,0.0032085561497326204
0xa98bf4280a5b054e5995f73ffcaab49a9d3d900ec07ba1bc99105e15dfc28de3,0xe0e9aaf27993f96735fc91a9d89c8207a4d2da6c,0.5795,2025-12-01 21:28:47.000000 UTC,7,11,1947,0,0.005649717514124294
0x62628ace1ca1ad2d6b3bf3e798ac29352235d09a2c84c5aeeb2f044bcd350997,0x63fd43a809087567646c76995700043b46c19625,0.5795,2025-12-01 21:17:23.000000 UTC,7,11,1947,0,0.005649717514124294
0xb50aefb275c7c6395b760dbcae33d96e2c595dc096dfbc140c0556c2f4271405,0x2c9715380fe5b6adaa26afc00681cd6ba3ec04c1,0.3894999999999999,2025-12-01 21:10:35.000000 UTC,7,10,1834,0,0.0054525627044711015
0x43f7b155787fc08707f81100de8bd22d983470b9decc547846bb171034a85b43,0x8c3e53d3b31a222d9af761513ddb9635206de815,0.95,2025-12-01 18:19:35.000000 UTC,2004,442,2017,0,0.21913733267228558
0x2bdb862e6d8b01c5990315ca8f380ffc282da57c64f2686e7c4b03457fa104fa,0x102913b942b33b55205cb5f1d91af18b4bfeae0a,0.095,2025-12-01 13:02:23.000000 UTC,1780,678,1134,0,0.5978835978835979
0xa4241e5e90101022aee10706ce67502945cd849ea65f5e08af006d464e0285ca,0x808a07b98aeb8af51087710b75aef427bc84ffd1,0.095,2025-12-01 12:32:59.000000 UTC,1780,678,1134,0,0.5978835978835979
0x0a727259bb9bc459648bc4ad326199c2e6651277b7cddbb062c8808dd1ce9423,0xf267a43c4447fcf603f02a3082fa41b5c4282625,0.0963869999999999,2025-12-01 11:34:59.000000 UTC,0,0,1138,0,0.0
0xe0ad31ee3482511338438b726d4296623969b088bd0512b85ce6bd599452f148,0x45c9a201e2937608905fef17de9a67f25f9f98e0,0.019,2025-12-01 02:46:23.000000 UTC,1243,459,624,0,0.7355769230769231
0x99fd16876eee19d4103df7a6860cafceb508735c825ffcabd26434a564a40516,0x63520e14105bab5aa1b5f1c5d6d1f8330ef3f7ff,0.01045,2025-12-01 02:44:11.000000 UTC,0,0,527,0,0.0
0x7c8ec3604e589f7fabe4ed86d3de0d7df963fc51f69b7b8d6c5bc13f7a41a2d6,0x8c03c14826aa7458b1417c02cfcbc3e4cc2eb232,0.019,2025-11-30 19:00:35.000000 UTC,1243,459,624,0,0.7355769230769231
0x17d0ce43406e2b98ef9513c9169e60f7abe30b218e40736149357cdacd835174,0x7b007e8c0f77b50bec8009f0e97f523dba6fe506,0.095,2025-11-30 16:07:47.000000 UTC,1790,682,1138,0,0.5992970123022847
0x71d02be99db0926427e4e253b81050f64259aef928390ceb31159b0f9a42f544,0xad8271d888d415aa01c02b49aab0d4d9c855de96,4.941596,2025-11-30 14:41:47.000000 UTC,0,0,2433,0,0.0
0x56b9e19394024b8bd7110af33257aace22f200ba7386c27a1884e34a3df57466,0xad8271d888d415aa01c02b49aab0d4d9c855de96,0.95,2025-11-30 13:20:47.000000 UTC,2017,455,2030,0,0.22413793103448276
0x7b3e66f76e85db2ffcb7fe7bf860688a8c21df9e762bcae0fa3de783b1e09ba5,0xc8d5e99b361deec9cf26af0954c365ef65ab7069,4.75,2025-11-30 08:49:23.000000 UTC,330,162,2435,0,0.06652977412731007
0x065147f86aec2488296394ace15bcc8c4899c2efb14722bf9b96ae88e77b5d48,0x9e02e1440c2e3b6578b4f902f0a4a1d537c17d55,0.0095,2025-11-30 03:22:47.000000 UTC,188,103,210,0,0.49047619047619045
0xa5bf9fc979d8361590dcb44dc56e05fc66313dff2836a8bb5a3b1ced43de6edb,0x8c03c14826aa7458b1417c02cfcbc3e4cc2eb232,0.038,2025-11-30 01:17:23.000000 UTC,946,552,789,0,0.6996197718631179
0x4ce0ee52158e20612c259e7a6808fd56eea7a34df8bae9afc989574d96c51417,0xac0e9e5c1f28a6bbcb717fd38d3f3e078ece2697,0.0095,2025-11-29 22:10:59.000000 UTC,188,103,210,0,0.49047619047619045
0xa1595dc3f2e743560952ea3ea21c80b16f5905f9de330411126c20e9d6e94d80,0xb49c12373edf3ead7694b0a1e84c1628cb6fec50,0.208924,2025-11-29 21:13:23.000000 UTC,0,0,1762,0,0.0
0xbf0c55fa0f5dc29541bfbe66a03a5e918d777ef08177a0abae964fe7897d539f,0x4f4d62767521f441a453d37fdbcc8de1c3915c8b,0.95,2025-11-29 16:38:47.000000 UTC,2029,456,2037,0,0.22385861561119294
0x82b882e643cff9a65544122e07a4609af985ad790a445d7a28bfe974960f1095,0x6b6e87c037aa8c3a50a5010d8704bc5ea5c3d3ad,0.0095,2025-11-29 15:16:35.000000 UTC,188,103,210,0,0.49047619047619045
0xfd75e4bf8bc951ccb4880f6c0fe50ffba0dd33e22347e96261f80f3f3354c82d,0x6b6e87c037aa8c3a50a5010d8704bc5ea5c3d3ad,0.095,2025-11-29 15:14:35.000000 UTC,1806,688,1144,0,0.6013986013986014
0x515dc2b2ca9a9eca6826a879975a7f0feace03e397f8d74e65c93b58510acb79,0xec386fe0136efc8821186183e217e448f0fa235e,0.095,2025-11-29 14:33:11.000000 UTC,1806,688,1144,0,0.6013986013986014
0x8985860d268656cd5131ca4adf6b7ddbb24865e826672e818346660f37274f78,0x667ac63c76dda80c59ea6d6d65c6179946e917c7,0.0095,2025-11-29 12:57:11.000000 UTC,188,103,210,0,0.49047619047619045
0x55f3d467b341bc9fe606b8ca44366c9f261cb86822fb5b11153b4ac5cc62842b,0x0bcf5db3a43413f85c49c512466383923f970841,0.0095,2025-11-29 10:10:47.000000 UTC,188,103,210,0,0.49047619047619045
0xc94a063795def130a25fef10103b2aab699382e8b4cb1357e93309bca95619df,0x4030bd81e3ed2691d5c1f886c79777558549ea7d,0.0095,2025-11-29 10:00:59.000000 UTC,188,103,210,0,0.49047619047619045
0xc9843776bc3d3df67bfff458f1778cc1a9c20d47b4542ac588b0c00e17f7c1d4,0x568352e1b7e7a6ef1b7121407701409ddd5b4ab7,0.0095,2025-11-29 09:56:59.000000 UTC,188,103,210,0,0.49047619047619045
0xc76ad20a110453a112dc785f61d4fc9e9a8f0295e98bf896a4456738369d5e2b,0x40591af14444785c35fa29b4ccd2610aa26e9930,0.0095,2025-11-29 09:50:59.000000 UTC,188,103,210,0,0.49047619047619045
0x220e002adbae45353c94708bf649ffcab037936ed42c3b3e02d7fcf4ee8d08ad,0x6309dac268ff8f19a1a073e24f4126b44ef5b76c,0.0095,2025-11-29 09:18:47.000000 UTC,188,103,210,0,0.49047619047619045
0x1f652d7114ac67c1df016780765c83a860b65a91af09d9cc8a6602b671fbdf08,0xc0a55b2ed78245b428a2321f4062d05512fd9a8b,0.0095,2025-11-29 08:43:59.000000 UTC,188,103,210,0,0.49047619047619045
0x8c193797460e696cc1a2b736c9e7843c5e15b4992ff4e19c7d09ae09e386f066,0xa4b24d30313c1de69312a593cc5f777a74056248,0.0095,2025-11-29 08:41:11.000000 UTC,188,103,210,0,0.49047619047619045
0xebe7ba63c1ea2a8620b70a2f685af417778a03e4aed67b5b6b94d1d32fe9b478,0x8222bc34e3d36d692f6aae7531fc64493652bf69,0.0095,2025-11-29 08:30:35.000000 UTC,188,103,210,0,0.49047619047619045
0x93c34513e0fcefda273f8e66f6407e49645248c1a3a1822fd10154af5ec2b270,0xe2776c1cd1cd9d724902fcef92fb0b767f14a1cd,0.0095,2025-11-29 08:23:23.000000 UTC,188,103,210,0,0.49047619047619045
0x5ff0ceeabae531310b89ffef93931dfbeef3489bb86ea6d50cab26fd67f3bf4b,0xbefe04020550a5bf9f850cfdf6cabab5be22dfcc,0.0095,2025-11-29 08:16:59.000000 UTC,188,103,210,0,0.49047619047619045
0xcd47d3608d2bca41fdfd2d42d30986addb5e7ef475ef31660be592f991734201,0x79d30a6d1c20caadec85a56f2e6331e0070cc372,0.0095,2025-11-29 08:00:11.000000 UTC,188,103,210,0,0.49047619047619045
0xd3eed28848a3adb2886ae3b7c7c8263cc4bc9b81f26092874f5b1fb963b852d2,0x5f939ab4b28b91919f2e86e7a48d01cabdcb29c8,0.0095,2025-11-29 07:10:11.000000 UTC,188,103,210,0,0.49047619047619045
0x8a523995ccc0425cb613c9fb02ce41f1bb8172e085d73d95808e558b84357065,0xb2494d1b25765f073293498acd7bcf9fcd82a5cf,0.0095,2025-11-29 07:04:47.000000 UTC,188,103,210,0,0.49047619047619045
0xd290787202a1702b29e482ee1408a6fde2e9da37bf3934a12494d1c3d1b601ba,0x1a6e194f3fb69a1f8ed0873525e9136c8c305481,0.0095,2025-11-29 06:56:11.000000 UTC,188,103,210,0,0.49047619047619045
0xdce1fe033940523204ea9bf920619de6728d5af43e4017d602610fe322804b97,0x3525e6adc5346f01e1872396e2e3df659add1a29,0.0095,2025-11-29 06:52:23.000000 UTC,188,103,210,0,0.49047619047619045
0xa445b904d0ba019a2adf57d5628098a95ff4d5b24115da60e3d6cbb97c5da03b,0xc26b198364e2e3d12aa055d6a11d2255752805a3,0.0095,2025-11-29 06:48:35.000000 UTC,188,103,210,0,0.49047619047619045
0xcbabbc8d90011fe6d3862b23a5fb97b0bcd10a8c2b858168aac32e183d5c9b14,0x1196a02239694cd125766d8a8a79ba8230987f60,0.0095,2025-11-29 06:16:35.000000 UTC,188,103,210,0,0.49047619047619045
0x885dc571e0a3c86186625c62a740eabd93895b396d2486857b0ce25901cc3ad2,0x199b0281fac282a983bd4b01be6c8efa9567ded0,0.0095,2025-11-29 06:11:47.000000 UTC,188,103,210,0,0.49047619047619045
0x2179147998deb3e9ee81557651eb7912fe0f884471da847da8fab9e351de05d8,0x8536bdf0cb616068ab3c59a90128ecd7eb526634,0.0095,2025-11-29 06:08:35.000000 UTC,188,103,210,0,0.49047619047619045
0x0b95321366f0ca94bc39caf28024bb92e426df84c05106a0f4d6aa694185a6fd,0xa6798f77c9094b2b94fa59478c90e35ca8eaa2d6,0.0095,2025-11-29 06:03:23.000000 UTC,188,103,210,0,0.49047619047619045
0xee5751215800457f1ea4154c642b71ceff02640d20d5e6f6793df84464617bfd,0x305032419af50a4d1b6514898a5417b7097fc024,0.0095,2025-11-29 05:59:47.000000 UTC,188,103,210,0,0.49047619047619045
0x389a6d387b1647207348e89b73826a679f895f57f59e6415620e46692b295d41,0xa3a95047c628ba3356c8c110fb9741d171193622,0.0095,2025-11-29 05:51:35.000000 UTC,188,103,210,0,0.49047619047619045
0x2d5b5ff077e4b5eb640abc12aecbe2a4405a0cacff1337655303c116cbf95008,0x9f7f7823d3393af41af9769b1d618ab884c2a2eb,0.0095,2025-11-29 05:26:47.000000 UTC,188,103,210,0,0.49047619047619045
0x99be6ce6a6f0d16d6bb100b0bf315b90a97146dcb595400a44700a44ce83e3b4,0x01004bea6919b67c1475756ea75019f3bdc40679,0.0095,2025-11-29 05:03:23.000000 UTC,188,103,210,0,0.49047619047619045
0x28b21504a4ecd4f76d5dc1c7aa18df765265a18c2d31bf7c36842e41560ad877,0xebdf3b5e96a092469d5424b091acdd14fd407781,0.0114,2025-11-28 21:25:11.000000 UTC,37,45,550,0,0.08181818181818182
0x1e2f65d40a5d8ffc31d8ec89b5352d9add954d19e0d248704918fea202319875,0xfe584841ef1fc630b1495e945d339c30637bede9,0.019,2025-11-28 16:59:35.000000 UTC,1255,463,628,0,0.7372611464968153
0x0ab1e786f7aac27f366f38533d438e96260bad69bf32d73c807e17e8d6e81330,0xf0b6cc63d18cee6a8cb896e28e044fe5ccd82045,0.0475,2025-11-28 16:35:23.000000 UTC,196,113,824,0,0.13713592233009708
0x08344d0e13fba78322b0d76f2228d8332e6def9580ee62812d93b2e0579ed313,0xf0b6cc63d18cee6a8cb896e28e044fe5ccd82045,0.0475,2025-11-28 16:33:35.000000 UTC,196,113,824,0,0.13713592233009708
0x79779d66e5a6a978f6f37212e7b50b1d06ac0ed8b838d241bdb78abee37b0534,0x7678298728816428dfa2bfe8e7c53ea494bd6aad,0.0095,2025-11-28 16:28:59.000000 UTC,188,103,210,0,0.49047619047619045
0xc45a8bae4a5652ff7b8e4d0d18eb7756070a660fca772849267529001811b6db,0x8c3e53d3b31a222d9af761513ddb9635206de815,0.095,2025-11-28 16:15:35.000000 UTC,1812,690,1146,0,0.6020942408376964
0x0cf9cc2fdf1fd4b431c8789eb3cf1c881ba58fcc7c0ed570fbbcda8e2686c84f,0x147037f0d4805a7582c381424e1705b2f45cda89,0.095,2025-11-28 15:57:35.000000 UTC,1812,690,1146,0,0.6020942408376964
0x555237b4c6786c4961e83d0fb9a7a87b06e9c24c37db7a7642f1004b7f4cd69e,0x9e24b3661450514e82be61fee8e274e33eb6e7a6,0.0095,2025-11-28 15:31:47.000000 UTC,188,103,210,0,0.49047619047619045
0x04b62717d799c5f5b7cc5e466775f8efbf0024c6ea7688d07c081009685afee3,0xa7dc8f1869abdcd87120fdcc3c9da2eb0804fbe8,0.0095,2025-11-28 15:27:47.000000 UTC,188,103,210,0,0.49047619047619045
0x69b1006a51478d1d4de6fa90c015525c3b351646e3e13abd2fb001d5ff91cb13,0x5a5775a4be4d493f111101a90dce3bc5f3523750,0.0095,2025-11-28 15:23:23.000000 UTC,188,103,210,0,0.49047619047619045
0xd5d17fa1bb32f15f08e73a97e4fdce1643cce71348105843e5eee707d249d506,0xff859f00c64b0d8518b8e6fcece07fa48032a3b3,0.0095,2025-11-28 15:18:35.000000 UTC,188,103,210,0,0.49047619047619045
0xe359e1385e55e374dfd0e36ca1f3cf3e91dbd27244c997013f513f0bfaccea64,0x5237542987e6554240247a0817c96af354171ae6,0.0095,2025-11-28 15:15:23.000000 UTC,188,103,210,0,0.49047619047619045
0x6fcbf439e295c80bdb6e9e6ea3b8d3c5e1431d7ab2f27297a3b51fa0488479eb,0xf4b3183eee20b3242eb4139959a51fe8dbc31ca0,0.0095,2025-11-28 15:11:35.000000 UTC,188,103,210,0,0.49047619047619045
0xd2104d0d79aefacc3f1abb75ad0c0b5e41b635f7ac48aac74c41de85be836215,0xb42f678e0a6becca83bc67288c994e01fbefcc88,0.0095,2025-11-28 15:07:35.000000 UTC,188,103,210,0,0.49047619047619045
0x85e2522f46b3fca4f851cae51062ce25c6d22ac821618389b42c4e76da0831c7,0xbaeebe376690c37515cf3b8bd50d5c314f723bbe,0.0095,2025-11-28 15:04:23.000000 UTC,188,103,210,0,0.49047619047619045
0x38809e50f1ccee1f5e874aa4370b0039b2b650924a6534f3ad1a984b3d443464,0x43f4fb17f92ea60ca6fac74ebf492ea6fe623c37,0.0095,2025-11-28 15:01:11.000000 UTC,188,103,210,0,0.49047619047619045
0xe88f4dde8c1fa7514d7f5e27d5c5f41a0783525fbab8f07c141d0aeaa10f0636,0x41c0829b16e6a39cc7da2c17140f6d246168f67d,0.0095,2025-11-28 14:56:47.000000 UTC,188,103,210,0,0.49047619047619045
0xd7d1db3dee027b3daebf40b50aa486e3d97418be8d0d5ac453c2618a4c2dc18d,0x124c4cd7c57027a2079a4e28c690b22a9e8b52a9,0.0095,2025-11-28 14:28:47.000000 UTC,188,103,210,0,0.49047619047619045
0xab9038b63036d4ebdec35d9be9249c64d0dde9e37a1419881f7c79335d4375bc,0x04ec77cd9aa42a740aca71a32ba3500483e290fe,0.0095,2025-11-28 14:24:23.000000 UTC,188,103,210,0,0.49047619047619045
0x657d3d88f4e4aecda90e83c9345c71e9cd99ef7a4606e82b74687d8ef061aa15,0x8344ded0349f1381c92e799d60971d7cc2fc467c,0.0095,2025-11-28 14:18:59.000000 UTC,188,103,210,0,0.49047619047619045
0x87f21633170c0b8d0481b340440997d9bca515a66568bf8bbd549b41745a8c5e,0x7c9709cf90fd198107dc09acfc5252f26ba23a70,0.0095,2025-11-28 14:14:23.000000 UTC,188,103,210,0,0.49047619047619045
0x8af7632f7adfbe010f2fe45480242e843b5c509dc9812d1f728b5c4f89a7d221,0x1b0b4867576707c80feea770de4ad2d64ebd00e2,0.0095,2025-11-28 14:09:47.000000 UTC,188,103,210,0,0.49047619047619045
0x21c127d7a0c69684064bb9034e4c1210b181b46b4b185831b945c3195d327a18,0x02d7e9d60422f0ec8c6f030f2f937b155921b9ae,0.0095,2025-11-28 14:05:59.000000 UTC,188,103,210,0,0.49047619047619045
0xdf30fae9ba03fdc396cb8f532f776dbfed65d81c028c35813e54a5e7576bfd49,0xe59f852c0e76fe1f96fbada2c4552dca3e8c9675,0.0095,2025-11-28 13:43:35.000000 UTC,188,103,210,0,0.49047619047619045
0x18524e45bec54a37e3c76ebeafe09554f24a98a9e2945b5ebb6e65fa24519b06,0xf76d3f4fde412028b3bb3ffedb72d24729fdf10c,0.0095,2025-11-28 13:38:59.000000 UTC,188,103,210,0,0.49047619047619045
0x69a3c8eed8b06d50bd8b0ed647ffa02bd77d1c021a28c89d22e72b08e636c39d,0xb73da0ca9a0f2033440a53caaaabd0aedd0d3eb1,0.0095,2025-11-28 13:06:35.000000 UTC,188,103,210,0,0.49047619047619045
0x114168199fae8c9f8ede3a91560331c10a1ab692c9f3ed3984bec0e4256a302f,0x23b5dff43249799dc444e72e461706a57a806025,0.0095,2025-11-28 13:03:11.000000 UTC,188,103,210,0,0.49047619047619045
0x6a470d8425f4f447919c5bcc943ea9f07933a71421abfa26b75b4e51f9a929ad,0x64999e50e728120a6bccea4db5b337c89e33bc2f,0.0968999999999999,2025-11-28 12:26:11.000000 UTC,28,34,1151,0,0.029539530842745437
0xf23a9b17dc14b83810cae78b2a02832d0567a128025ed7ee20559b7583aca8df,0x3a1bb9a434d4ce28ba39f5946112369315d88db6,0.1045,2025-11-28 05:43:59.000000 UTC,407,409,1536,0,0.2662760416666667
0xfb3277a44c324f59c2299202bad72fb90a6d43272f26af4149a59622eedb95a1,0xfa87eebfc43e71ee6a3353a746e63d8b4aa19a42,0.38,2025-11-28 03:21:47.000000 UTC,1544,669,1862,0,0.3592910848549946
0x11e420a51d3c300d12f64e70502a35ce0cae2ed79e47872a1edad8420ae42ae8,0x5db5286cec9a28d76feb4ee22e0722e6a6912b22,4.75,2025-11-28 02:15:11.000000 UTC,335,166,2449,0,0.06778276847692936
0xa6f4fd31e53a0d1cbf372d43d46edf11691c1ad11556345834437db46117d172,0xca40f0ad9d565a4c5bbf2e4581466da97b963f98,0.0095,2025-11-27 15:55:23.000000 UTC,202,105,212,0,0.49528301886792453
0x65202cfe54bc627ba649345ff582061f9e214f20eadc513f3ff3af2cc78657be,0xb5b47b2cd752617eb17a3b2cab31fe2686a3c680,0.0095,2025-11-27 12:52:59.000000 UTC,202,105,212,0,0.49528301886792453
0x3b738db6980ccffe0eb3b11c2ed350608c6e5ef7e883e7fa959e56c4e2883708,0xd9e9c5e07a5964e14777d366bb92f8d82cd09e4e,0.0095,2025-11-27 12:48:23.000000 UTC,202,105,212,0,0.49528301886792453
0x59eec8898b31cf2e8f567c424ec36063f29fb8f58c02f33427fa96836c8153cb,0xd7d3f47d54525eb6921aae988abcf4e72945ff1c,0.0095,2025-11-27 12:37:11.000000 UTC,202,105,212,0,0.49528301886792453
0x098670b6304d176cbe9584498879a1729b0331b09bf88e26678a9d2e54a55578,0xcab2fbbea3a18f4870a8962c8c1a1f3cf72e3623,0.0095,2025-11-27 12:32:35.000000 UTC,202,105,212,0,0.49528301886792453
0x72fa77a7b22a136870b48d3d5a9fcb52bdc918ed8cbf1cc414742920dfdaf200,0xf68c0d71b1fb49734341153485e9765f3bbdffb9,0.01045,2025-11-27 12:29:59.000000 UTC,0,0,537,0,0.0
0xedebf64ded9a15eee0ba37a7b3bdd93e263becc04ec212dadfaf6c2147a46d19,0xba8fc8ff6fc163419875fd832d583bc43dd9f347,0.0114,2025-11-27 12:24:23.000000 UTC,37,45,556,0,0.08093525179856115
0xe9e2730d3f6545468d57d26ab87445de7e39858c7ce0fd1cea3e662ab7a599fa,0xe600ee43af5c3e38111eb3fd8f0c07129a9f3ef4,0.0095,2025-11-27 12:23:47.000000 UTC,202,105,212,0,0.49528301886792453
0xe8166585b2ba83b641b435fae1fe24b805928f8de0bf3e4ca2c02bc2bdc54e8b,0x2c3f5f81ba2edc5ba7cacb45a825b991782a72fa,0.0114,2025-11-27 12:16:23.000000 UTC,37,45,556,0,0.08093525179856115
0x83741217cb53e70a0d2271f81d4320082f3bfb8a9cf7e44ddc9e383483f5106d,0x1e885a708e011f30406ebb6400d8dd3c51a80e32,0.01045,2025-11-27 12:13:35.000000 UTC,0,0,537,0,0.0
0x3d3db8c9ac75bfbf30dc8377607219c927e5c15e39c4c6bfb73e22a7e051666f,0x8e454cca2eaca45c63da54586988b20b2358d79b,0.0095,2025-11-27 12:10:59.000000 UTC,202,105,212,0,0.49528301886792453
0x8afe2d219f7c7dd34b6d53d57117be4909b114e27a0d507fc10e035c58346589,0x892e47c5b6edcf3af928915238ed041affc5a8c5,0.01045,2025-11-27 11:52:35.000000 UTC,0,0,537,0,0.0
0xdff82a8f04a77d350dc399599a606c99ed0d41c1c9c04b6470929da7869106a5,0x3f63188b0230458ddb6672aaf984d0d17213ae0b,0.0095,2025-11-27 11:39:23.000000 UTC,202,105,212,0,0.49528301886792453
0x18c33b86f89e037b2d298c42ab1cbb8f8ed7d6f520662ef7c838fb72609d6bb6,0x3871739f289810fa06d1ec05ccea888a421f4a0a,0.0095,2025-11-27 11:34:35.000000 UTC,202,105,212,0,0.49528301886792453
0xb74fca25d7222abe2feacf0dd55f763046e501e87cfc3f9c2158cec69226eb24,0x1627ad23c2937a04b3e13bed83c473cc87c70609,0.0095,2025-11-27 11:29:35.000000 UTC,202,105,212,0,0.49528301886792453
0x1ec66e0545aff1dccb9d37fa944fce45befbb30b044979f9152c073f8b004b65,0xde958b8cb6bf0df2626db35395ae64c2c3b90ec9,0.0095,2025-11-27 11:25:59.000000 UTC,202,105,212,0,0.49528301886792453
0x928703a68f0864d65dcc3581bbc4bbcadbb8d52639b68c87a1c25dba4f690683,0x5f371cc884fe067967ac2614e1885f09ec6c2f9d,0.0095,2025-11-27 09:14:47.000000 UTC,202,105,212,0,0.49528301886792453
0x669c70726384bd58fdef58877fc1dc3aca0dd343c125af69ce0265a7156c11d0,0xaa8c823dba6b966b93251a3b7013c100c213e899,0.0095,2025-11-27 09:09:35.000000 UTC,202,105,212,0,0.49528301886792453
0x106df45ddb5e92ff2962e276027f9a9c56027d0ef591a0cbcdaf97b3682eea99,0xde2b4c9be39401be984ba0dbf640627e27d68574,0.0095,2025-11-27 09:05:35.000000 UTC,202,105,212,0,0.49528301886792453
0xba28b2238352f77c5362702c31eede6ad31e826508e6a959b5fe61cf447e4c50,0xd2201c58b9d0ffaae37dffebfafb11408293e906,0.0095,2025-11-27 09:01:23.000000 UTC,202,105,212,0,0.49528301886792453
0x41528bff7807b6e8ce8e24b056cec2a142d909dda2ccdb839b9b50dfc4ae1b40,0x693cff34e464ea376146b8527e5e27638268e2e5,0.0095,2025-11-27 08:59:23.000000 UTC,202,105,212,0,0.49528301886792453
0xe3f487876a48f39354ab176ecdadd99ecc7375ea83abf046667eb11223964188,0xbd083132fd685abcba8e2963d6677f968ecd2dd1,0.0095,2025-11-27 08:55:59.000000 UTC,202,105,212,0,0.49528301886792453
0x9ad751412990fc67042159ff5ed6dc016b037660d94d6b38a2f65d12d4aed379,0x580d00f791e3c47764d3cc29797a7ca239030f8e,0.0095,2025-11-27 08:50:59.000000 UTC,202,105,212,0,0.49528301886792453
0xed52c99f13cc1367a600c2201cc0e6c86ea65cf622f635f8533d71f8cd56e45b,0xf47dbcea9ac6764a20ae46e3313fcb979e1095c4,0.0095,2025-11-27 08:47:35.000000 UTC,202,105,212,0,0.49528301886792453
0xb05bb4bc3057904527f6df72f218bc212b4be8aa84a39dda85345af06e430da6,0xa91739cf9b066516a02247473333f6fb65b558e3,0.0095,2025-11-27 08:44:11.000000 UTC,202,105,212,0,0.49528301886792453
0xfbbdc82cd01389b49885e601173a6424288a73ffab1de79df3ff26b9777202b3,0x9f341c395129616d7d1b190dcdf19d07c882385f,0.0095,2025-11-27 07:50:11.000000 UTC,202,105,212,0,0.49528301886792453
0x0b26311b66c5c424db0ec858f33212114ba7f1cfb45e1b65a1f11a9738da24c1,0x59694964676852ca6112628a70d457ded0082d5d,0.0095,2025-11-27 05:43:35.000000 UTC,202,105,212,0,0.49528301886792453
0xf96ca27695e5d7738ba6a30eef39ba7e8f1bd503603928f6e3718593e7d34fd1,0xfaf7a0e4eb5625e5743ebda3b462d40120a3e8b4,0.009025,2025-11-27 02:52:23.000000 UTC,2,3,212,0,0.014150943396226415
0x056e20ecc2b40247390a1aecc5bc581900b0db7a5d1e49f6d88541776681cde1,0xe029cabeb628539582a1e7379b2b13c1d4d83785,0.0095,2025-11-26 19:25:47.000000 UTC,202,105,212,0,0.49528301886792453
0xe620c206174a4e71a33af78cad5fef4145eaf8897b49726af6ee69e8394e0bb8,0x61d3f5f3b51b386a8d3c7de7b90c2df3ed1234c2,0.0987239999999999,2025-11-26 19:14:35.000000 UTC,0,0,1167,0,0.0
0xc44340e12f68f7f2148afea5383415d158b1756dd67a3c732688e4d6aeaec258,0x955a559496cf65f60fa6ca42188bb152ab301bf5,0.0099845,2025-11-26 18:07:23.000000 UTC,0,0,218,0,0.0
0x507e0d660bc8922ebf674ad7f23798820c2ab8618d1c2868359cd0b537b84299,0x73cc3baf8956d2f3dc93af153362fa2fe4f6c4f4,0.1425,2025-11-26 16:19:35.000000 UTC,59,46,1643,0,0.02799756542909312
0xe8af928b28ee2286a6f3f8e39013a940893b6cd3aa7050e034652b49a3435e34,0x73cc3baf8956d2f3dc93af153362fa2fe4f6c4f4,0.95,2025-11-26 16:18:47.000000 UTC,2419,815,2057,0,0.39620807000486147
0xe4ccb358275ef88fd27de9ee0f3c44c1e2357391ab9e4caff8744104dc049edc,0xa05ee11735d861afa66bf06004cb61f7370b1d2e,0.095,2025-11-26 15:02:35.000000 UTC,1836,700,1158,0,0.6044905008635578
0xc95698349936af62fa5f8e13869976c7e9feba609ba7b537f874003eb69d1545,0x6b6e87c037aa8c3a50a5010d8704bc5ea5c3d3ad,0.09804,2025-11-26 14:42:11.000000 UTC,8,10,1166,0,0.008576329331046312
0x4f8c0c2999bf23b9cad859d17435289c3764213490d695ce60666484a07a480b,0x1f53c704b7a5982cdc2e2ac17db8dfed9bf67b45,0.0095,2025-11-26 14:29:23.000000 UTC,202,105,212,0,0.49528301886792453
0x74de474c01e5ee458fb5331f46428fb77fbdb415d5c0db0bd88b672e90ab7cd1,0x0113acc03d26827178310131843e394dd5a43fb1,0.0095,2025-11-26 14:25:59.000000 UTC,202,105,212,0,0.49528301886792453
0x9a202ce10507ecf529e9f2153e6551a1d51ce154cc0c74fb7058411edbdc3cb2,0x3793920a6095b5664452e1cdff1039ede6f9d2af,0.0095,2025-11-26 14:21:23.000000 UTC,202,105,212,0,0.49528301886792453
0xd6692ad94ced7c924f6fd6068a4c96f6758091b9e8a3e014dfebda221ae7fe1f,0x5a2f13ef0aacad152627431ee274e154f4c2d3f1,0.0095,2025-11-26 14:17:23.000000 UTC,202,105,212,0,0.49528301886792453
0x2e8fda3a73178a34e215369416bf62b5796cca7ae94bc2c9b48f9cc6ae5a53a8,0xae52aa4bd0440f938138ccc8553af23e5a599b4c,0.0095,2025-11-26 14:13:23.000000 UTC,202,105,212,0,0.49528301886792453
0xab2d886d4b09979fc681a5a57a672f17b48c67e63f1e6c6f5579713234f794f8,0xe4e7a4eb47bcf3d970250336454191d21fbe833b,0.0095,2025-11-26 14:09:47.000000 UTC,202,105,212,0,0.49528301886792453
0xa4773cef9798a5f743ca57e28185cad9e105712d2d65a80518f32bd94bcc9f29,0x51a04e7b497956c8ad22af20ecd7bc5b6e868cd2,0.0095,2025-11-26 14:01:35.000000 UTC,202,105,212,0,0.49528301886792453
0xabe3765590907568a7589a481e56911cc86b0c43d2923f7120fcf06022430702,0xb503bd0dabdbb9f4dcce58df662e40ce1065b2e8,0.0095,2025-11-26 13:54:23.000000 UTC,202,105,212,0,0.49528301886792453
0x38af3e2f15fe647f17dfa9ae3e0bf5af672134bc20ec820f92fbb7ea00098889,0x2e8d4c639e2f4b08f09bbf837923affec3f50616,0.0095,2025-11-26 13:51:23.000000 UTC,202,105,212,0,0.49528301886792453
0x6817c6d36e979434a64b850acd05b727bc7641e6206faa1ea65c17d3e438aea8,0xafd39584003d97b8a358789a43178c735fd1607e,0.095,2025-11-26 13:50:11.000000 UTC,1836,700,1158,0,0.6044905008635578
0x6aa733de3e885d6a911730af7c8271f0f04aa9458aeccdbcab0698fbaa97a072,0x07a92341373213da577c7970351def1c69df8a74,0.0095,2025-11-26 13:49:11.000000 UTC,202,105,212,0,0.49528301886792453
0xab1e5917849be8fcb385fc2b8979a099a7a217f3f5d80337ff0a00ad4e596854,0x72257395ca8cff2a71a9a56a79ae191934e27456,0.0095,2025-11-26 12:39:23.000000 UTC,202,105,212,0,0.49528301886792453
0xfbe4de3f3e528d7cba762dea650feb8e1d7489e3f7ac72a4b09458c7fc1c5489,0x1d40c48649179209ca85ad9bf55d2435871dad09,0.0095,2025-11-26 12:37:35.000000 UTC,202,105,212,0,0.49528301886792453
0x767ce46242f2073b0e1aad9223f77d0217369548bae864f9caad7e4771427f84,0x80d6b7efb422e7dcbc3a3308ad6a8a5a38a997e0,0.0095,2025-11-26 12:35:59.000000 UTC,202,105,212,0,0.49528301886792453
0x14def59f4a108a3d896867ea4308c361270679d3d1217a45b416f07908ec61db,0xc91db8ee4ec775db9b85f213a2b2a76350c84c5d,0.0095,2025-11-26 12:34:35.000000 UTC,202,105,212,0,0.49528301886792453
0xa8e38d20725d2cea485294d798ec3b6e1556b6a8af7f4cf3127fddce67cdb1e5,0xfa1c60d77796a37b55175a072cb28808ec94dff8,0.0095,2025-11-26 12:32:59.000000 UTC,202,105,212,0,0.49528301886792453
0x1e75c5be4d7343dc7c9dbf26a5487c6f654334beaa319d57819a5ee0feca2b35,0xce4f3f916cd3c71e654a9be91ac51b2ccbb8a708,0.0095,2025-11-26 12:31:23.000000 UTC,202,105,212,0,0.49528301886792453
0x27397845f303416074b8fcc17eb742d076b163784cd9ff3238b43c42b46292e6,0xfe5d46a64b383268eb3657ab5f86a0c14241c1d4,0.0095,2025-11-26 12:29:47.000000 UTC,202,105,212,0,0.49528301886792453
0xb83c383e2ae7198cdea1e5cc9c3457c48bc795fcf67b32ed132a1df5c3900a14,0x706b375314efba21b553b1b4ef5be44a611c6719,0.0095,2025-11-26 12:27:59.000000 UTC,202,105,212,0,0.49528301886792453
0xa2fb62e4084e0d96c77396f477f2fa3b8d6a74c888e939b44ee7f9985b76fe3e,0x13f696d5d076d8d721a9e54bfcb065c85d07b292,0.0095,2025-11-26 12:24:59.000000 UTC,202,105,212,0,0.49528301886792453
0x6c2d1efc36b9a0d7ee308b56d06a51857c903acac5faac18f5c316f81a3567ca,0xea6f2a3f3ee6178887591f8d97c710d7456e46ea,0.0095,2025-11-26 12:22:23.000000 UTC,202,105,212,0,0.49528301886792453
0x4d3f067f63325c823b6157af5540c74bc9018ba7b37abab5ce59160c307579b6,0xeb62a4e1a10dcd929c9bb44d857bc7a6ab6a0d9f,0.0095,2025-11-26 07:50:47.000000 UTC,202,105,212,0,0.49528301886792453
0x6a2282683dd60662aa6447c001485964b45447034a1774173251b245d910139c,0x5b47ce248ea313841668a318afb9a5597d5efc23,0.0095,2025-11-26 05:29:59.000000 UTC,202,105,212,0,0.49528301886792453
0x77fb4eac5fba9bb497a54b855612395fdde4e955f8f36e915157fac62f1cbbb5,0xaa50b408f03dd3dc7d3e2c935e58aa6f32f82e81,0.1083,2025-11-25 19:32:59.000000 UTC,5,9,1562,0,0.005761843790012804
0xf597f343d623f8e78e26f419744ee494a4291eaafeca6df05a47a77854e9b72a,0x36de990133d36d7e3df9a820aa3ede5a2320de71,0.0095,2025-11-25 19:14:59.000000 UTC,202,105,212,0,0.49528301886792453
0xd67f86ff7c092e6d0549c186296f51eaca6fc12f3ef74c969e54cc4f5f624c74,0x1a8d6d5abd8948b647c51bb7b071b718fd90d6ff,0.0095,2025-11-25 17:15:23.000000 UTC,202,105,212,0,0.49528301886792453
0x6b65b9e3dc8551e3c903d2dffe5b98075637d3238f52d043577c9133658a4462,0x0cb27e883e207905ad2a94f9b6ef0c7a99223c37,0.019,2025-11-25 16:13:59.000000 UTC,1297,473,637,0,0.7425431711145997
0x013183c8a1729293f13f0e8fd2fad53270818069f4d7db51481402f8b1ba685c,0x7acc9245b530250bb777847e6477e1a896d270a7,0.019,2025-11-25 12:22:35.000000 UTC,1297,473,637,0,0.7425431711145997
0x718f4404b8119b1e72fe1e5046d6269b053f3fc65eeb5de3b85677b5fa4f6ff7,0xca40f0ad9d565a4c5bbf2e4581466da97b963f98,0.0095,2025-11-25 12:19:59.000000 UTC,202,105,212,0,0.49528301886792453
0x55233ee4c735388f5c7bbf6009b9f0c00e5d6dd52b36421fca7c9762a66ff1b9,0xa793faf7e4318d6b472b254451fa8aad514a5a9a,0.0095,2025-11-25 09:01:47.000000 UTC,202,105,212,0,0.49528301886792453
0xa7cc80ba85a85a427bbd67a18f15fde151054a2a5eec36a1c52e0ddc89f7076f,0x4ac358f7903fce140e270a853ea2482585899b4f,0.01045,2025-11-25 08:42:47.000000 UTC,0,0,547,0,0.0
0x21f9b9487ff6290ffda6c5abb1337511ae6dbd26377e2c9c73880d9ca81b0056,0x14252edecd2406a876948650518a6c2ee0c3fd7c,0.01045,2025-11-25 08:39:23.000000 UTC,0,0,547,0,0.0
0xc9a9c6919abdc3f99bff4123f5df29e5085fb2f70becf6476d7401cf2fb1b79d,0x0c7ec9608bd72be08d208df68274c6c46e17890f,0.01045,2025-11-25 08:35:35.000000 UTC,0,0,547,0,0.0
0x23e0961175cbd5c8f5f72f7b96219dcc8aa9a7a4e4310581e3a72a12544a373b,0xe51af89116374a07bee62bcce052c5e0029817ec,0.01045,2025-11-25 08:32:35.000000 UTC,0,0,547,0,0.0
0xe9ccb1d8609f9d99a705191a37b80e200d4a89323f598d82a7b944f75461a47c,0x80b9921e66f8668a4918d867809da014cf77d302,0.01045,2025-11-25 08:27:35.000000 UTC,0,0,547,0,0.0
0x8bef56789b3e4a90b000c9973c24465951749f1404081087b0abbce5c00830ea,0x45e7b19302726e8703071b233fad6659c8a04ba7,0.01045,2025-11-25 08:16:11.000000 UTC,0,0,547,0,0.0
0xf0e39356f8dfbce748ed8e24bf1a6dab0649cf13670fb4e395b1943a2d2bda92,0x25f8c06549a77fcbd37b4ad6e2cd4fed54575779,0.01045,2025-11-25 08:12:23.000000 UTC,0,0,547,0,0.0
0x5ab914b600d90ca250c80bbf497d2560624e8bdfa8f338264226ea55625c8451,0x3fa6dd1c0b90e03252a7be57720f05b9c3624dcb,0.01045,2025-11-25 08:08:23.000000 UTC,0,0,547,0,0.0
0x2cbedaffe8c570c8536e99c756238764a6fbcdbc8f48302f42db8cca33388f8a,0xab25f10dce739223cad7f1d5eb1463c8b053c3ec,0.01045,2025-11-25 08:03:59.000000 UTC,0,0,547,0,0.0
0x83d03f2a43cfc4a34f58ebc419ec7afbc2f3b2450cf66b856d1cc089ef7da02f,0xeffdeacb1156378fd105461c54b8e78e4856b5a2,0.0095,2025-11-25 04:45:35.000000 UTC,202,105,212,0,0.49528301886792453
0xd2741d279e46a2208bf784b2258769763712d8f31f4cdae166c7954f8da97175,0x7acc9245b530250bb777847e6477e1a896d270a7,0.0095,2025-11-25 04:04:35.000000 UTC,202,105,212,0,0.49528301886792453
0x7f352b5cc9673ae01b877de34dc835050c3054ef2d0a140c90df1fb651faf7c7,0x7acc9245b530250bb777847e6477e1a896d270a7,0.0095,2025-11-25 04:04:11.000000 UTC,202,105,212,0,0.49528301886792453
0xfc1fd5bd26f7f38b17bc3bc43fc63a768a7b4b549d94369639e58f07b73f51fe,0x30d89290a4460e577aa8297759abe6024a27125d,0.0095,2025-11-25 03:47:35.000000 UTC,202,105,212,0,0.49528301886792453
0x58c1c4ef77f3ff6c6749dc0e991dfc4dbf24be8e32ccc0e68a7df6b89541425f,0x3bbb5d51c6b52627154827af608c7f9941f9476d,0.019,2025-11-25 03:44:35.000000 UTC,1324,482,646,0,0.7461300309597523
0xe6fd23a11b8951cb0ff71eb3fdd7d8362f84281a4e386ac63f44850e147e7208,0x3bbb5d51c6b52627154827af608c7f9941f9476d,0.0095,2025-11-25 02:26:59.000000 UTC,202,105,212,0,0.49528301886792453
0x1d5733b5560b7af58228ca1ddd567a89a1b78099bf37f740694c0422b815850d,0xe919522e686d4e998e0434488273c7fa2ce153d8,0.0095,2025-11-25 02:02:11.000000 UTC,202,105,212,0,0.49528301886792453
0x4d2e89a3d107971444cc772b5fff5b66b94ed4b48a2b844b7c8ff33aad1b8fe1,0x662464b835c89d5db4c27eb0cfec82c8d6ebb3e8,0.0475,2025-11-25 01:49:11.000000 UTC,201,115,847,0,0.1357733175914994
0x0634f59468f4cfb9293c4b3eb8a01806709fc9c29f6856acf3f4102e022c7c3e,0x841ad0abab2d33520ca236a2f5d8b038addc12ba,0.0095,2025-11-24 23:25:23.000000 UTC,202,105,212,0,0.49528301886792453
0x1917967649f40ca831c7d3b39f03f32cb4383725d65f36333c7aa9344a8968bd,0x0e141cb714fa659be84a0dda886dd96866dc6a59,0.0095,2025-11-24 22:26:23.000000 UTC,202,105,212,0,0.49528301886792453
0x9fe985c59319498d41b38c640c5e96dd7716b3a292b1c1be7b5a347a90926f5f,0x147037f0d4805a7582c381424e1705b2f45cda89,0.0095,2025-11-24 16:49:23.000000 UTC,202,105,212,0,0.49528301886792453
0x2c60ca8098dcee10811b2e26299d7ee4464b1937e31173d91cb67cc39a8b3313,0x68c2fa88bf63758a0c437f92376d43fc8b00408c,0.19,2025-11-24 16:04:23.000000 UTC,4485,1015,1716,0,0.5914918414918415
0x4b2c512905b25ffde38b2144ba77729429d3796d17437e7e6d72ea7d3d9d3c79,0x22625205acd6af5656db4ce023f1a34f922605ba,0.0095,2025-11-24 15:09:47.000000 UTC,202,105,212,0,0.49528301886792453
0x15d9fc75487fd9f77a209e42d11b333366251669b5cae38fb4df324973163afb,0x55a16a377f1ad57f641c92c5c3b6307a86fcb8bf,0.1872924999999999,2025-11-24 12:38:59.000000 UTC,0,0,1715,0,0.0
0xbfdb3851e01abdfe3c4e9dda4934fc2ea833b605e2f48ab588ce992ec616bc0a,0x0e141cb714fa659be84a0dda886dd96866dc6a59,0.0095,2025-11-24 09:41:11.000000 UTC,202,105,212,0,0.49528301886792453
0x1bdc41985388b6961e74dc4b78b0dde116413e50b882864949968893fd42c2b2,0x464985b2e3e80f2f3152266e4b339cd4ca6670df,0.0095,2025-11-24 07:58:11.000000 UTC,202,105,212,0,0.49528301886792453
0x060077316004567c4ad01c57da87f6d9ef11d89c779b86bc2d6bec403e8f972d,0x892f6e6334b493ee288383bedd01122bbe507732,0.0095,2025-11-24 07:56:11.000000 UTC,202,105,212,0,0.49528301886792453
0x3fb1780c55fa9fc78b95d276fa28ec22dec78e42a66b324d8abcd6f433c598c2,0xdaed88ed03912312f32baf035b1ef63bc3f7e032,0.0095,2025-11-24 07:52:35.000000 UTC,202,105,212,0,0.49528301886792453
0x5db04727f6b9dfb038061b7a1a6455c8d80d2d6803c6c8c1e8153b980cf1c16b,0xbe67cc08cc927a53cf85cd1c6e8c28579e7a60c1,0.0095,2025-11-24 07:47:11.000000 UTC,202,105,212,0,0.49528301886792453
0x2d9a77b8042439ce674920d73d0f07d8f3e8af424f41b63a056ab99a5865cbff,0x0df58d7d446867137824975d95b2d3235f5d3955,0.0095,2025-11-24 07:41:11.000000 UTC,202,105,212,0,0.49528301886792453
0x2af1b6ea1f9315e5424af223032dbe2e183f57b035f94820eb3f5b987a81e246,0xeba5a44937596429d8a8fc117fb6e514783bd7e9,0.0095,2025-11-24 07:36:23.000000 UTC,202,105,212,0,0.49528301886792453
0xb24c61e6cc659327f481634d2c0a291700eae4e543f405e50825d3973dfbe9b9,0x05cd4623c48553a3070061f557bc38a1d00f716c,0.01045,2025-11-24 06:56:35.000000 UTC,0,0,551,0,0.0
0x5a4ab450b2e6a6df5fb3b34fb980ba19beda50b7afa5e5d8ac9c7d112e8370c7,0x10a4be2f610104a18dbd9888e4fef4374a9bbbe6,0.0095,2025-11-24 06:15:23.000000 UTC,202,105,212,0,0.49528301886792453
0xcb329a52ad3afa1b6a9f3bbd2e7055d0a89a5648ca4a78d061a0bc3770bd8078,0xb8ac952dcdfd1e77222213ae508ad8864dc391b4,0.095,2025-11-24 05:34:59.000000 UTC,1878,717,1175,0,0.6102127659574468
0x77248466f083a82174d3a7a9e8381a5d329ac3141d1e2372f6397b13e398dc7b,0xd796a3f19b342e3f9f4acedb689c17015141b41f,0.0186105,2025-11-23 23:57:35.000000 UTC,0,0,647,0,0.0
0xec38312336ab7d2ea1add6f67a8404e3557c51217997dbe1161d8733e7625e58,0xbf7f0485b9e94b0a69782c12fdd3942d7120b556,5.225,2025-11-23 20:21:11.000000 UTC,23,24,2515,0,0.009542743538767396
0xf050d413743a0401cd61170193f9af4deb4956dae48c3b4b979357347016b87b,0xbbb1133a7360c34614ea464399a6d2de1b5ee8e4,0.285,2025-11-23 19:25:47.000000 UTC,668,601,1841,0,0.3264530146659424
0x3092ece391402ec4fb570c46415c09446991f23d5fa8088d9bc9b2c2ec525901,0xabfd99a7da59e8b96f1cefa6e35fd03e6831bc10,0.0978499999999999,2025-11-23 13:01:35.000000 UTC,1,2,1182,0,0.001692047377326565
0x55f13cfd22e1c4cca63a0fdfc68f68b014d73d8908eee8f4c21108801c0de511,0x147037f0d4805a7582c381424e1705b2f45cda89,0.095,2025-11-22 20:09:23.000000 UTC,1878,717,1176,0,0.6096938775510204
0x97d51b1cc5d828652faa8d950c07005320cda15814a564a1f076ac7fed0f2c54,0xc23033cb8b24a5d8b2054737452855c9b9c75c15,0.95,2025-11-22 12:02:35.000000 UTC,2467,826,2086,0,0.3959731543624161
0xcf5ac206f2ffdafa3cb3737866771b6d0184e6517f9f704fa11a29705835df33,0xf1b997a165d088ef6fa1a0877081524a95f41ede,1.4249999999999998,2025-11-22 02:23:11.000000 UTC,63,75,2323,0,0.032285837279380114
0xdd2129d9b5b277c45d5725998320fb50e7d0b54a3d606a3bc3d3985e90b39554,0x6fbd9c30946a1829161f8deffbf7af1e9df2d987,0.95,2025-11-21 20:41:59.000000 UTC,2469,828,2088,0,0.39655172413793105
0xa5363863eb2e037a4d122e26148530b896ee44029baeaf83bd3da43f5e71b53c,0x1fb210e4d31107a890a4be6f51c637385fcd733a,0.095,2025-11-21 15:56:35.000000 UTC,1878,717,1176,0,0.6096938775510204
0x86ac30db3155f478c7457377cd1c72e6b15dc4b8c6ece0647f6869834d521637,0xa5ceb0ade432a9a34976b4b7542c78a0e78588e4,0.095,2025-11-21 15:54:11.000000 UTC,1878,717,1176,0,0.6096938775510204
0x211400372429f1224802bc82e4a99e8606fc75247ba18f4863428e04a9e13f0b,0xd5b84c4362a48e2a9d07c37ee0161180252d2a9d,0.095,2025-11-21 15:52:35.000000 UTC,1878,717,1176,0,0.6096938775510204
0x011704c53c9ffac32672831c9be51fdaf90bc706e8b15fe72a0dd24c2b9a1a54,0xd428531995a5e915f2e78fb889d84a1103ced200,0.095,2025-11-21 15:51:11.000000 UTC,1878,717,1176,0,0.6096938775510204
0xb80a5b2563ae1c245a7e53af2f86ee458e9bb87082a221c5eae5f0d9ddff5f9e,0xff4f722879deea588404101683465bfae618a6ab,0.095,2025-11-21 15:49:11.000000 UTC,1878,717,1176,0,0.6096938775510204
0x5c8c2a3b6c31bf9a8d76534b7ab92b786bfb736656f37db9f2526341b67bd985,0xa6f229218a98171fd9b69cfb2bf6e34c9fd69cf5,0.095,2025-11-21 15:46:35.000000 UTC,1878,717,1176,0,0.6096938775510204
0x45d323052593e7af06220e69e9af90289750a30e745c68908862b59b7e27c1c1,0x08d67e254b1c9384c241a65f7ee52834ea8b53dd,0.095,2025-11-21 15:45:11.000000 UTC,1878,717,1176,0,0.6096938775510204
0x3ff33094587e76ffbb5499f14ec650122c472ac1d0f93d756be70c609986e5ee,0x20d3ed9e808f53ca40480bce9229675b625997ff,0.095,2025-11-21 15:43:23.000000 UTC,1878,717,1176,0,0.6096938775510204
0x03e4b60d248a62f921b3d6e00602966c2ff5ee5e60feab5c75e904b7db6f4d5c,0x43d68e14638ca40a193453229c87e37f84257763,0.095,2025-11-21 14:13:23.000000 UTC,1884,719,1178,0,0.6103565365025467
0x25e81161ab303a5186221fdf4eb83a6726d59e0ca5225c8e1965ca72177a1982,0xe6eb2500437b036e3918d3eb7b7288e016b080e5,0.095,2025-11-21 14:10:47.000000 UTC,1884,719,1178,0,0.6103565365025467
0xf73682ea0df974d529b1e1669804760f6e4098958a3d548e7ce0d39566dbd0b7,0x147037f0d4805a7582c381424e1705b2f45cda89,0.095,2025-11-21 12:09:23.000000 UTC,1887,720,1179,0,0.6106870229007634
0x5dc9f8e5ad762b79e87d89286c8589c09c46464f4745e80ce6a8bc58935cafaa,0x11373fd96f9fc0350ea1d30303058276c366c168,0.095,2025-11-21 10:25:35.000000 UTC,1887,720,1179,0,0.6106870229007634
0xe0f4486b0aaa4fb7eb278de2c00b6f7fe32dcbfb992af79613856da55e89fa30,0xd9ff8caa5fdca73a714267d967b778373eb5219d,0.095,2025-11-21 10:09:35.000000 UTC,1887,720,1179,0,0.6106870229007634
0x789fd356859cc3b16ad1ec924694aa21dce4bbddee12475e0db8fe35f6f31c97,0x1cb6edb1f63c86df4921073d2e816ebdfc0079bb,0.095,2025-11-21 09:36:35.000000 UTC,1887,720,1179,0,0.6106870229007634
0x3ea4368fa0b6e2e5d95bbe6807fb396cc95754aa71a5139027e348e01abb8324,0x8d2f6dcacb7668f83e102fb1aec44ca19d40a130,0.095,2025-11-21 09:28:35.000000 UTC,1887,720,1179,0,0.6106870229007634
0x5dcb10880d4f149b8342233f5be4d14fdde3fa4f4049bdd0a8f1cf08fd17dca5,0x8724802e7cf0c592d9e941ae7d17fcb842b5c9a5,0.095,2025-11-21 09:25:59.000000 UTC,1887,720,1179,0,0.6106870229007634
0x82488d4700aa167973eff8e81114baf9d9c3ffe4e71834f3940204d30f1aae9c,0xddc545d0967d93cc813dd379182f034b67b7ce7d,0.095,2025-11-21 09:22:59.000000 UTC,1887,720,1179,0,0.6106870229007634
0xb75cf54e5032f120793132abbc34f8f5c79559591aad7aa9b2ccb5b357d194d9,0x8ae4c29c97a9dfba7a4440c6336a7d37eba0e12c,0.95,2025-11-21 09:17:23.000000 UTC,2484,831,2092,0,0.3972275334608031
0xd01ed071a0cf25defaca6f41e6c0496a6320c42aa68f86c79c33c8fd1e40082b,0xab094704a4430bd59683889aa249fd135060f270,0.095,2025-11-21 08:11:47.000000 UTC,1887,720,1179,0,0.6106870229007634
0x3b5d754760f68942d335b869f26e890f2fa16165076282073f621e6de7d103b2,0x6d3094417c2d74ea5797c1b5d1f13b0390360192,0.095,2025-11-21 07:28:35.000000 UTC,1887,720,1179,0,0.6106870229007634
0x70fc62aca26877f55922e2354c7923e83af0f1e39bb27270d9d4a29106dc1fef,0x89b862fae7fd4b3634bfadf1e071505ac6e9a462,0.095,2025-11-21 06:22:35.000000 UTC,1887,720,1179,0,0.6106870229007634
0x63bbda602088562c23e2c421e99678cbb981affdbd1dca673d188342c6675950,0x2dadfa008a22979c356a7df5f2b044bf269567d2,0.095,2025-11-21 05:10:35.000000 UTC,1887,720,1179,0,0.6106870229007634
0xd2ab798c6e3b5da984d2a9659056df60ded9f64914f60644f0147837e800f04c,0x293ab1e8523d352205eaf7d92414af4381b47942,0.095,2025-11-20 16:38:23.000000 UTC,1892,722,1182,0,0.61082910321489
0x9986855837f10dcfb480b0c233f070dba2db22cbe08ca64d8057ea7003a02497,0xd10446883908f1f2f27f2f519672e27bff4c3380,0.095,2025-11-20 14:47:11.000000 UTC,1892,722,1182,0,0.61082910321489
0x92c0988c4b69faae09340f52686c11a48fdd6a327681994c96cfd46af4dc146e,0x6b6e87c037aa8c3a50a5010d8704bc5ea5c3d3ad,0.1104755,2025-11-20 14:10:47.000000 UTC,0,0,1608,0,0.0
0x4ff1f609872d3f6c9fdbdb59fcc5ab02287e36d6b5d56f509149c887a6a7fb2e,0x8ae4c29c97a9dfba7a4440c6336a7d37eba0e12c,0.1045,2025-11-20 08:47:47.000000 UTC,419,422,1581,0,0.26691967109424414
0x657f299e24493899733aa6bd4ad0dcfde82b0d8a54c142b4a41f6b99bde52a10,0xcadf66193bfa9892d90886f7ada6cc4a0af86c9e,0.1837205,2025-11-20 03:25:47.000000 UTC,0,0,1731,0,0.0
0x8102de447b77fd3338c2b07f82ecb70d9c1e26d22bf84f4b215b1f1419cb7fd3,0xd39e7e9e42974ada1575ea135494d5deb480ca7a,0.95,2025-11-20 03:23:23.000000 UTC,2507,838,2101,0,0.398857686815802
0x9cb508119e2f3d2c4739a88f86357776f7b8b862a638c55fdb0806853da072f2,0x6b6e87c037aa8c3a50a5010d8704bc5ea5c3d3ad,0.179455,2025-11-19 14:22:47.000000 UTC,0,0,1728,0,0.0
0x3317fb8465e2ea7a8eca5bc1cab5b911a3606678744bf2ab8dc2fa930bdaad21,0x147037f0d4805a7582c381424e1705b2f45cda89,0.095,2025-11-19 13:55:11.000000 UTC,1898,724,1184,0,0.6114864864864865
0x2c5b95bf966c2b161c95af808c65e1c21c7675ddd3457e7668e545ad8a7e4b29,0x39b713b04269eece18ee3f9b4788380760a66cb9,0.095,2025-11-19 11:01:23.000000 UTC,1898,724,1184,0,0.6114864864864865
0x4e0018c9922b454c00d60cab3941a331e77f58dde9b2dbbfbdac836bfaa86eee,0x5d9c5c3192dbcc66c84908cb1677cee5ab2a1086,0.0997499999999999,2025-11-19 01:51:59.000000 UTC,6,11,1203,0,0.00914380714879468
0x9a4e69ba48d1d4849ab3647526229e4c213a50b693be57a5a9cbc5f39f788a25,0xcb53a818042db647cb01672751b0e4efca29cf55,0.1045,2025-11-19 01:19:23.000000 UTC,422,425,1591,0,0.26712759270898806
0x3917a3ad628907b4af84e7b63fcebcc5f6fe67339dceba72a56cad653d3ca566,0x69aa4b1c616c9f2a08d57bc8809a199d07c978c0,0.1425,2025-11-18 23:42:47.000000 UTC,59,46,1688,0,0.027251184834123223
0xaa3bbd717698b13f49e4b0f634494170f728ad26a1f11f06ebca2a683fe094dc,0x17c3b0f9f97f54d8564d89225508e6a7d0f3f701,0.095,2025-11-18 22:58:59.000000 UTC,1908,729,1189,0,0.6131202691337259
0x1839d9ad2cf245096cb68acb5cb6dc3aa48cd68bea4ac69444793f7e2219c43b,0x63fadf7c9c1ac99cba631e8b783038ec2745f340,0.095,2025-11-18 22:17:23.000000 UTC,1908,729,1189,0,0.6131202691337259
0xf4f3fe1d7dcb7bef579ccb81cf293c3caf935deaaec20f92cfcc2da079d99468,0x69aa4b1c616c9f2a08d57bc8809a199d07c978c0,0.095,2025-11-18 21:02:23.000000 UTC,1908,729,1189,0,0.6131202691337259
0x61037bc65bb05ae3fa99d7423816528f12ba203842e15ff0ec95a1cfa316a5ee,0x9c303de078c7252964059cb252d0dce2bdaa568f,0.1045,2025-11-18 20:41:23.000000 UTC,423,426,1593,0,0.2674199623352166
0xca9a6523230b3783477ac718c7438dbe26683cedbad9dc8b7c0c461c040e6e62,0x69aa4b1c616c9f2a08d57bc8809a199d07c978c0,0.095,2025-11-18 19:31:23.000000 UTC,1908,729,1189,0,0.6131202691337259
0xdedea18289138265ef9d432303ee3103b3d0b787af9ac8dfe6650502c5991707,0x147037f0d4805a7582c381424e1705b2f45cda89,0.095,2025-11-18 18:00:23.000000 UTC,1911,730,1190,0,0.6134453781512605
0x4eb3574af9783feebd04d76c84130e8075ec478aa643bf5db77d32a4a76cc039,0x147037f0d4805a7582c381424e1705b2f45cda89,0.095,2025-11-18 17:23:59.000000 UTC,1911,730,1190,0,0.6134453781512605
0x7c52af8251829e9bdfd140f30e60b712790c20e85742f387b488a6334a6b4905,0x3f4bd600d2c00d2c7daa436af2bade0542a85fe7,0.38,2025-11-18 16:58:23.000000 UTC,1647,717,1930,0,0.3715025906735751
0x71729576638166608a34398f3e068c5ad0d74a04dbe6d4f00f69c9e4012de40f,0x23776e53ac37883f4128ab0a0dd075427d1b097a,0.09595,2025-11-18 12:49:11.000000 UTC,4,5,1193,0,0.004191114836546521
0xda0dc1a6c356646456fc5e5f568db2660c355d9757b9cd4c0697a5e6d003261f,0xfaf7a0e4eb5625e5743ebda3b462d40120a3e8b4,0.094525,2025-11-18 10:39:23.000000 UTC,0,0,1188,0,0.0
0xbfed4fcaae874bacc5698064f94d945fd7682fccd728136eee0f7da2afdd0d7e,0x701b64892860ea8c84881be1e21c8b3ea635206d,0.095,2025-11-18 09:27:23.000000 UTC,1911,730,1190,0,0.6134453781512605
0x28385dadc56a5ac92a8030464620523f5359db5aa00e86cc7dc67e694049b6cf,0x17fdb0a2bd4d2dc452a99ce6188d5767835b2a5b,0.1442099999999999,2025-11-17 21:01:35.000000 UTC,3,6,1697,0,0.0035356511490866236
0x906819fc04389d82884d8c7daecda1c071d34cfed55e1577a695cbbf62c02474,0x23c8a45a8d7291a594c20e92addeaf05e913533d,0.095,2025-11-17 20:41:59.000000 UTC,1911,730,1190,0,0.6134453781512605
0x48c945c43b5e2605f5080a3e58c770bbf7f3ba6f8673b16548b10b976ebc6e36,0x6601bfb2bfebfe7858c551bc2b078c5cb3a178ef,0.095,2025-11-17 20:36:35.000000 UTC,1911,730,1190,0,0.6134453781512605
0x28659a1bfb14001be05fab73243d192dae8462e13c06b7e35822b39319ed65ce,0x9db850a236a4af48efc4b549e07ffbac8d5d6388,0.095,2025-11-17 14:17:47.000000 UTC,1911,730,1190,0,0.6134453781512605
0x0992ea1f77dbea7e4217c2c7a318d0142c4e309f46e19a06fac26508a56009f2,0x297bf847dcb01f3e870515628b36eabad491e5e8,0.95,2025-11-16 15:16:47.000000 UTC,2564,850,2122,0,0.4005655042412818
0x93ec8456ae3f81940aa6725ac515d0fd3f185d5aad720f1b57f3e95f32785c63,0x69aa4b1c616c9f2a08d57bc8809a199d07c978c0,0.095,2025-11-16 01:06:47.000000 UTC,1911,730,1191,0,0.6129303106633082
0xab9566fb8949ebd4a1278cb601b8e85219363c380d1a1c0c4427783337b15ae0,0x69aa4b1c616c9f2a08d57bc8809a199d07c978c0,0.475,2025-11-16 01:06:11.000000 UTC,655,524,1968,0,0.266260162601626
0x39d6b1cc035764abf3c9b477932c4ab564209ea894dea84c3ecbc38eac75601e,0x7d10cd28fd13e537f97a40a4f778e0d578df11ba,0.1860195,2025-11-15 12:36:47.000000 UTC,0,0,1751,0,0.0
0xcbe6d7c26155d465131c960f86b55a7ac463da31c7d710214a47cb791a0c2812,0x1b1c79b8e23ad042f84b57d252789a68f799de13,0.095,2025-11-14 17:14:59.000000 UTC,1914,731,1192,0,0.613255033557047
0x0fdee4e22e0e4f39abc049c7f51df3b19a905a1aedca062af0c09e1e3eeae3fd,0x0fb21490a878aa2af08117c96f897095797bd91c,2.8215,2025-11-14 04:04:59.000000 UTC,0,0,2493,0,0.0
0x5e5199881b4d407e0319da6179795dca10821ef20a04d5c50b713fd0501635e2,0x0fb21490a878aa2af08117c96f897095797bd91c,0.095,2025-11-13 15:53:59.000000 UTC,1914,731,1192,0,0.613255033557047
0x465d4c307db186202045a96acf17281edfaea73542c444393d8dba25529724d6,0x6b6e87c037aa8c3a50a5010d8704bc5ea5c3d3ad,0.0991515,2025-11-13 13:50:59.000000 UTC,0,0,1205,0,0.0
0xda72b5227147611775391d1023dad227bd6b48403d1595b71011533b7938ba74,0xe524d6514f5c6c91796d223c3310ce211bc749c0,1.976,2025-11-13 08:27:23.000000 UTC,5,8,2400,0,0.0033333333333333335
0xb9dea646c1143e7dc3fdc9b19721ab053a24c6e59d4329f4fe5c718ff70834fc,0xe524d6514f5c6c91796d223c3310ce211bc749c0,4.75,2025-11-13 08:24:35.000000 UTC,361,179,2547,0,0.07027875932469572
0x4612050e3f471e5762347d0987f4b487815219e22f66a6b3e530c06af09ecfdc,0xb94ed01e10fbb4ab012cdfa0e50fc65ea7008d4f,0.3851394999999999,2025-11-13 00:22:11.000000 UTC,0,0,1940,0,0.0
0xe2d8808c7895dc28d45812a1d7f234e14ec004b6b19a294d803aabb7ecf17dbb,0x76273dcc41356e5f0c49bb68e525175dc7e83417,0.19,2025-11-12 16:29:47.000000 UTC,4659,1051,1759,0,0.5974985787379192
0xc7b454d93ffce4c1f9fc04d1182fad3acdc0057c302c9f362a45c2669f3b24cd,0x6b6e87c037aa8c3a50a5010d8704bc5ea5c3d3ad,0.154508,2025-11-12 13:42:35.000000 UTC,0,0,1742,0,0.0
0xeeeda239c73aafb347439fbd0a036915f1d71f5c7ab3a630ffd8fedd65362b09,0xef800f215584e7ef018afa1c88ecf51c0a699674,0.1039775,2025-11-12 03:55:47.000000 UTC,0,0,1602,0,0.0
0x21f33f43fe948c4d47bd9797cb6a4c91bc3a98357f7488bda91b7d4fc1e94c50,0x147037f0d4805a7582c381424e1705b2f45cda89,0.095,2025-11-11 22:01:11.000000 UTC,1917,732,1193,0,0.6135792120704108
0xb74dd09bd445a8748a86007b4bab0ade90870f2b1670c54a3c314919f4b9b2b8,0x147037f0d4805a7582c381424e1705b2f45cda89,0.095,2025-11-11 21:49:35.000000 UTC,1917,732,1193,0,0.6135792120704108
0x3923707cd07d77c7a1bdf175fa24a846fd94596b68a4fcae0f415aee063ba599,0xfc69e7c9afc6454f0a074f4bd7e366a516ea8b67,0.95,2025-11-11 16:10:59.000000 UTC,2586,860,2137,0,0.40243331773514274
0xb48df675907e4dd1279e749b018f722c81c9b9aa44aeedc404c25dd689c71af9,0xcdae65ab5a5a50ddcecb42722d87a99c1d9d9889,11.1935555,2025-11-11 11:09:35.000000 UTC,0,0,2625,0,0.0
0x3e00f76abd1f013a9c9760f0c4c2e76d417b0f08e4f95db7bf2dfce8e03e122e,0xfd32efe40fbdadf2c16392a3bd9ff498137167c1,1.216,2025-11-11 09:24:47.000000 UTC,35,41,2378,0,0.017241379310344827
0x5f24809534be8ce8538ada3ac29c7109fa21d0983dadc7f9ab7e3e4273999508,0x0a0d752f90b7bf700e29379c7f512c87561e959a,0.2193264999999999,2025-11-11 03:33:47.000000 UTC,0,0,1872,0,0.0
0x367d95723256249af9e4feccc7e8ee08df709205797d3096fc46eac61ec3f231,0x1b16547e828bc3a3bad331d8dfc39d6097c6be5d,0.095,2025-11-10 23:46:47.000000 UTC,1920,733,1194,0,0.6139028475711893
0x2837a254b334fd0877f341390de121201b4d19424010cc8dc08e64acc20f0869,0xfd32efe40fbdadf2c16392a3bd9ff498137167c1,0.95,2025-11-10 17:47:59.000000 UTC,2588,862,2153,0,0.4003715745471435
0xa75c0effe62f63f9504a5c15c540ec0d3f98e9dd655e3d6048d960412eefae00,0x5db5286cec9a28d76feb4ee22e0722e6a6912b22,2.85,2025-11-10 02:51:23.000000 UTC,176,148,2521,0,0.05870686235620785
0x6d1f0399f5aa65374f29c8d1ec0e2674beab018cfc65cc18d8ece66396a61389,0xc790283f45499b5bd7da6bab42080ce88bb0f150,0.1022105,2025-11-10 01:46:23.000000 UTC,0,0,1614,0,0.0
0x9c1702cf203768d0176d80e4a2373607d4402aacbe5e0019f964d371dc866bb3,0x30154a20ab0d25eeae96c0baf8cca51ea6518586,0.1030655,2025-11-09 11:23:35.000000 UTC,0,0,1619,0,0.0
0x9b4cf1cf1b3e1dadc7b0b747994a191cb8836ab070c405631f3bebf50d8c8435,0x5fd6036d56baed4f37df99f93985764ff68d3e44,0.1289529999999999,2025-11-09 11:22:11.000000 UTC,0,0,1702,0,0.0
0x71ac7b5008467154e82a6938ffc984c8140086a5745c0a5c0455f9d2f8d88620,0x1bcadcd1b82f63919b6fd5e63434b03bd45ee58e,0.11875,2025-11-09 08:22:11.000000 UTC,377,380,1681,0,0.22605591909577633
0xc5b60edffd7d44398545794c17adab4e45d7e8221d1960e2f0b1e3692ffcd5af,0x36a18332c4a560d3c44caf8a21fca19adbb38f34,0.2375,2025-11-09 00:06:47.000000 UTC,332,334,1887,0,0.17700052994170642
0xf1da2465036b2470fd3efaae7a64801a997447250d87bb921ee2a2ad12f1c611,0x97454f63df8efdabf7ed6f634c7922035e899971,0.095,2025-11-08 10:05:47.000000 UTC,1920,733,1195,0,0.6133891213389121
0xa7819c3d9bb5a339a859e8e867e003514702fd7190850bc0adb9aab0846b07c0,0xff8fe929ef87f2c840ab9208175298c557ecd53b,0.1139999999999999,2025-11-07 07:39:11.000000 UTC,1293,622,1668,0,0.37290167865707435
0x8748352ff0e6250910b57a7d934048e786a9fa2622a5c873c2d1e718fd477789,0xe626e8ca82603e3b44751f8562b5ed126d345140,0.095,2025-11-06 23:54:35.000000 UTC,1920,733,1195,0,0.6133891213389121
0xe8865f7f574a6d3948b1f73e07da7c77dcb555de5821358446bf85f9f8fd192c,0x777a1c2111d8c28e3b410fef063db42e731585e4,0.95,2025-11-06 11:13:23.000000 UTC,2596,865,2164,0,0.39972273567467653
0xd3442fa05016a0e4f6af4864e367d53aedefd6e976ae67f3de7ab0c369d3f6ee,0x6b6e87c037aa8c3a50a5010d8704bc5ea5c3d3ad,0.215745,2025-11-05 13:26:59.000000 UTC,0,0,1885,0,0.0
0x429aae410b6654b3809adc5fa86bea1dccbbaff3e1a492e195fd5680a498e819,0x0c28bd81876db683bdc4bfa7f6a5db8953ed0ab3,0.095,2025-11-04 22:39:59.000000 UTC,1922,734,1196,0,0.6137123745819398
0x1cfe876f158ca971432628fdd64e4005e0b8e0d02d997eacec6b18a5d96ea229,0x4e9f9a8643b30138ecf20dfde3dac08aea1b01ec,0.095,2025-11-04 20:00:47.000000 UTC,1922,734,1196,0,0.6137123745819398
0x372d284ba7406fedba06a3944b5aa6ca44d3036980d705a1f5c38ddaf5a2e437,0x101a2ac1cad098cf5c6d3370b9e8754c0698b245,0.4658609999999999,2025-11-04 14:49:23.000000 UTC,0,0,2014,0,0.0
0x552fc3db9b0524e53c4e2ff5282d600866c84987f04cd287e57354d6118c25fe,0x07b3fa83c50a56a8d396c547f952932d045a43c3,17.408123,2025-11-03 20:45:11.000000 UTC,0,0,2660,0,0.0
0x2e43876aa9862c69758152dfbe68068b2fe35e2f51171ca75980829015c6b1e9,0xf394654700e1ffc93a8a09ce87d4b3a34b9cccc9,10.0038135,2025-11-03 20:44:35.000000 UTC,0,0,2649,0,0.0
0xea5b799fb82c4f038c95574ca40cc640989b8d63ceb6fa1f3942d86eabde0a3f,0x1441be80efa45553713cd363a700ff3da3cd37db,19.5976925,2025-11-03 20:43:59.000000 UTC,0,0,2662,0,0.0
0xcbddd996ea788d6c20fb4df9b3cec4b8c96cae9bd78799d4ab4ab12ccbc25127,0x7b759eff7976aa5757eea2b0e5eb94a19316b2a5,17.423664999999996,2025-11-03 20:42:35.000000 UTC,0,0,2660,0,0.0
0xbe1f86ea6961e1e1f9880c146fba7d01e924802540542bb7c24b9e8a82c0de25,0x01f4b97f2d85de5dbb2a4b8490863ee0928d18fb,0.095,2025-11-03 17:34:35.000000 UTC,1922,734,1196,0,0.6137123745819398
0x8732f6b5a66decec18d10c199e16d774db0a9565754f055a4b87857970e9ac75,0x78d40f2ef9839d4ad73f594d23bccd5103a6e184,0.1058679999999999,2025-11-03 01:25:47.000000 UTC,0,0,1645,0,0.0
0xf39f0e6b7c43ba9973c1672875672ce199646ae331295a0a7958825a82ab04b6,0xd7f7617f4d8dd8eb8453a51d38cbda01250c922b,0.132183,2025-11-03 01:24:11.000000 UTC,0,0,1728,0,0.0
0x03d7f8379de7f73622259f0d88e8dd89fd253613202db1ada19e93456603407f,0x73d075132eb7c71ec379764bcc9d92ce4ede7b85,0.7124999999999999,2025-11-02 23:01:47.000000 UTC,33,19,2136,0,0.008895131086142321
0x6014c49540a1672f409170d20680324f0aa509a09a459eb4c6547aa6ac0f5240,0x6b6e87c037aa8c3a50a5010d8704bc5ea5c3d3ad,0.1393555,2025-11-02 08:15:35.000000 UTC,0,0,1740,0,0.0
0xbb6b6f9750a3bbbf41239e37e4f8597eedad3c5901f47cbccf8177eb96145fb9,0x93d53ec99d89d42a51185a1cc7c96b23d711381e,0.095,2025-11-01 23:04:47.000000 UTC,1922,734,1196,0,0.6137123745819398
0x1eb6744a9e58a69231ad0467bb3b5de165aef1e46271b7899a626588f4781a1d,0xfe55c0ec3642fc79d4eb2c591a0641f187fb0337,4.75,2025-10-31 18:10:59.000000 UTC,365,181,2607,0,0.06942846183352512
0x03651733eabb0ddebb7cea41e9c6b435bfae51c4e98d4bd8a6e8bd7b3f9ee5fb,0xa4cadbb404284b2863e7fbe162494b647dfa321c,0.2001839999999999,2025-10-31 09:59:59.000000 UTC,0,0,1891,0,0.0
0xeb4012ff6d8919ac5997c79a03fcf4c76ddc40358b8e91e753fed8b49a6823cf,0x6b6e87c037aa8c3a50a5010d8704bc5ea5c3d3ad,0.1019254999999999,2025-10-30 15:54:35.000000 UTC,0,0,1623,0,0.0
0x76089b301c3588498227364721e52da1ea1a7d4f64b9937ea8631e3aaadb7f94,0xd5ea13b3914406f634bdfdec9732f1cbc494de38,0.1087085,2025-10-30 02:30:47.000000 UTC,0,0,1658,0,0.0
0x7f255dd294f0ea863de03d4ea2cc888d506661775066547a9c560819a7abd84f,0xf142ce4de58166b0dfe0a8ed56c640e088489a94,4.75,2025-10-29 19:48:59.000000 UTC,371,184,2620,0,0.07022900763358779
0x6261716b1a2788175de84bc5d4a9dac375889a7a331de917db6083e1db73cd34,0xe39b916a35d28d27741b46e1b49614ac6e966d33,2.85,2025-10-29 13:52:11.000000 UTC,179,150,2568,0,0.05841121495327103
0x3e8167758f21313acd1be4a03122d9636cfadd6dbbdadd9cf41963bbf2812940,0x055c55d68781127a25c5bc5c909790d3c0ba49b9,0.95,2025-10-29 06:34:47.000000 UTC,2678,886,2197,0,0.40327719617660446
0x62c053a4a3dad05887146b5303844ea933b7c178aaa8e66a8fdd80e1134fa8cb,0x69aa4b1c616c9f2a08d57bc8809a199d07c978c0,0.095,2025-10-28 21:55:35.000000 UTC,1931,737,1199,0,0.6146788990825688
0x9ef7015274e9ad4d5425f63c1e571062fb5e5905130986d6a8ea2e535ca8c571,0x69aa4b1c616c9f2a08d57bc8809a199d07c978c0,0.38,2025-10-28 20:06:11.000000 UTC,1680,728,2000,0,0.364
0xe30b9920b12e505f9150626070d070f6fb25ea7879cc27703554d3a0c7f10898,0xf142ce4de58166b0dfe0a8ed56c640e088489a94,0.95,2025-10-28 14:01:11.000000 UTC,2687,890,2202,0,0.40417801998183467
0x271aed31f5684e72766f1aaaf440e657706437c4d0ab904b1e6e84eb0271c048,0xd7095b0618609fef9e542d5a1d320502c8544d10,0.76,2025-10-28 09:46:47.000000 UTC,2406,504,2165,0,0.23279445727482678
0x27f6f5f1ed96c0bb33d51e20d0de00abc4bbf0e7f4877525ba3b6057cd4bca7b,0x1e2ffcfc71a841dbcbc7c5147a1e665f1cd5b137,0.627,2025-10-27 04:47:35.000000 UTC,9,13,2139,0,0.006077606358111267
0x85e0ceac70b1df0b4dde04b317c0afbdea441091d0d426aea0d26fdc609a8a16,0xde90421b3d116e148dd29c9146a9c8d69a33e1a1,0.95,2025-10-27 01:50:59.000000 UTC,2698,895,2210,0,0.40497737556561086
0x73b3b24b9bf77033049a3880df8b6bb230f8cffed882e41aa09076d617fdf4ef,0xe4f6625557a8b40e1602e84c06fd787416d0b742,0.38,2025-10-26 23:09:35.000000 UTC,1713,751,2012,0,0.37326043737574555
0x4cb003a3515946ae590c3161830c1a1904758cf5b0a9dbb004e34b64e0b4d6e0,0x69aa4b1c616c9f2a08d57bc8809a199d07c978c0,0.095,2025-10-26 22:03:11.000000 UTC,1931,737,1199,0,0.6146788990825688
0x056a25fcb486e82b3154d81a8b1b3023e65b8ced23c9aa30c4265d60b79eec9a,0xf142ce4de58166b0dfe0a8ed56c640e088489a94,0.95,2025-10-26 18:14:35.000000 UTC,2699,896,2212,0,0.4050632911392405
0x48b3b1ed1f455adc826c233d23cf9ebfb44d741c1e88079c1104b024cacecff9,0x2e29c9d43c546c7bca16a706274ec2d9879fc142,0.2185,2025-10-26 15:16:47.000000 UTC,8,12,1912,0,0.006276150627615063
0x0a7dbbf7116447f34796ca52d4538d4eee8883c318114071ab8e32b817cb1c39,0xe4f6625557a8b40e1602e84c06fd787416d0b742,0.095,2025-10-26 14:35:59.000000 UTC,1931,737,1199,0,0.6146788990825688
0x96fd2a10bb41d8839fde09e1bbdbbe032fca92646076ed0bd79764ab72c4e3a8,0x6b6e87c037aa8c3a50a5010d8704bc5ea5c3d3ad,0.5423549999999999,2025-10-26 13:19:47.000000 UTC,0,0,2134,0,0.0
0x7ec63f67ac9aec9e8d08e08964cbdb9d682980e5c2af2f34df92f915ebc689e6,0x8692b64cc53751440bf812aa83ff00231ca80d42,0.2375,2025-10-26 07:20:23.000000 UTC,337,341,1923,0,0.17732709308372335
0x182db24a813638d27a68235a29922beca5ba498a54239528dc3ed9dbdc802cc2,0x4a1d9a444ffd2bc866f7ff5b9b8d218a203500f1,0.2413,2025-10-26 06:37:11.000000 UTC,8,12,1923,0,0.0062402496099844
0x15c384d4fe96f2ff479b634336880f794f3110e525f925ce6b90d91d39755eb3,0x4868c60e35373b8cad0a26343d74b51e8331bddb,0.095,2025-10-26 03:07:35.000000 UTC,1931,737,1199,0,0.6146788990825688
0x70f6f810e4c0a1fa88c3ffc26753512b95e19942826527ad9444238aff35ee08,0xdf23dac6e9200b091e8f494d918db41ecec3e543,0.19,2025-10-25 18:11:47.000000 UTC,4869,1103,1819,0,0.6063771302913689
0x6108ea33a57edbcff763f98d8977c8a12489945aa42016c7d736ccac192e9aeb,0x7176357126d5bf260b7356f5e9605ac53ad59ec5,0.2052,2025-10-25 18:09:59.000000 UTC,7,11,1909,0,0.005762179151388162
0xd5cd0e693237636b53a55f3a4a541574c965e450cbdab660af9de6e2e98d5e21,0xf142ce4de58166b0dfe0a8ed56c640e088489a94,0.95,2025-10-25 14:40:11.000000 UTC,2719,899,2215,0,0.4058690744920993
0x4e89e8bda6c3a773bb033e33485075bea9be8165d20f4b92320e46e79ba0ceaa,0xec8cbab21d13fe452c54abc4d962cc2a0830314a,0.095,2025-10-25 11:44:11.000000 UTC,1931,737,1199,0,0.6146788990825688
0xec726e2a140009483f2e03c03cc2674e4cbdcb65121a16ea8ce68a0354b76491,0x23fe783b04700a1555c91c8ef229655bfb964dfb,0.22515,2025-10-25 09:20:59.000000 UTC,0,0,1919,0,0.0
0x1151c97cd4aad43716fd7258c0cef592244f5a1d735c76c0bcd27ad60721d3e9,0x19feee0dff8bf9df19655c3b945a0203676a8f4b,0.24605,2025-10-25 04:01:23.000000 UTC,0,0,1926,0,0.0
0xd975a35843e222d98d9adcc80f82b4f1b92faac59fbe0292fae43375abca231f,0xac6689eef1c69f7425661d1e475544efb9ead122,0.196954,2025-10-24 20:56:59.000000 UTC,0,0,1825,0,0.0
0xc2156ed397b4bcc9fd94238999381cb75dc10ffc7192a6185cb0f6f44688b8b0,0x45241a4046d0dffb7a68cce9e9f0787e8c656928,0.1425,2025-10-24 12:47:47.000000 UTC,60,47,1758,0,0.026734926052332197
0x51b410a451dfde9962fad891785973472fd5e6f8523e9d412270d390ec01025c,0x7560e1b7d521a4f97950f523a5975011e5d0545e,1.1222824999999998,2025-10-24 01:35:35.000000 UTC,0,0,2451,0,0.0
0xb1e43b47135881ec13edf66ad988df768669bdadd3822be22406248ee93ff5f7,0xe3716e4639ab74c1e5e5e70d4e2a4be14e08374e,0.14725,2025-10-24 00:45:47.000000 UTC,0,0,1771,0,0.0
0xb3e6ea86c3e3d1fcd4d68c8459fdd849dce2e07b2a0fe1d6b9c4cea6d60b8e29,0x20e788c4b1dc2e6e8ad7119b802f86fbca692b48,0.20995,2025-10-24 00:35:59.000000 UTC,341,91,1916,0,0.04749478079331942
0xdbd5a9df313fb48a67d539607b64dfa84016e93452eccd9ba40349c816ec154c,0x69aa4b1c616c9f2a08d57bc8809a199d07c978c0,0.19,2025-10-23 23:15:11.000000 UTC,5190,1106,1822,0,0.6070252469813392
0x6c2db2acc0bdd511fe910f13db81d37f6deb98cc804c831a5a69903b8c86366c,0xf142ce4de58166b0dfe0a8ed56c640e088489a94,0.95,2025-10-23 15:26:59.000000 UTC,2753,905,2225,0,0.4067415730337079
0x161a1f81e383b776e149ca2e108ae3c3026fc9bd5873f10e9f614fdad2b3a45d,0x71b054741127035258680428ef9a4feda1788d74,0.1811459999999999,2025-10-23 00:04:59.000000 UTC,0,0,1819,0,0.0
0x4c22d7a21e811b73829edba65c09fd935cb98bc51f08760c2372525704a5695c,0xe6848f956b659ceb3d1af013e9bdba8b3c437c44,1.8687355,2025-10-22 12:53:23.000000 UTC,0,0,2510,0,0.0
0xe9eaa049d38850e1454c3f9262c899402e612a132cbd842d69b78d69e0da79dd,0x92d2357ff9e14ac5720819862d344f426e627a89,0.361,2025-10-22 10:05:47.000000 UTC,219,159,2022,0,0.07863501483679525
0x389d7fbf942822b0f06fb0ddb9afa0d34ca613b68be4153835daacfb1a2285db,0xe65cc0b0854c29abcbcc8aae3d217a79a9e25ef3,0.18297,2025-10-22 07:32:47.000000 UTC,1,2,1822,0,0.0010976948408342481
0x23087399342e890b18a288f6e81ba387eeb437db6a7c0da7f60ff4167e4eb458,0x44ee022ce52edda374516e93fb7a035f73e2f08d,0.1116154999999999,2025-10-22 07:31:47.000000 UTC,0,0,1697,0,0.0
0x4595b2e34a84265241964200034090d1349648b54f37ac351b69cd8c44aef9c3,0xc8d5e99b361deec9cf26af0954c365ef65ab7069,1.5675,2025-10-22 05:16:11.000000 UTC,9,11,2498,0,0.004403522818254604
0x53c3259ae324ac5ef3eea48c18bcd1a848c73c7a49c2816912ce4d42e7604b7e,0xc8d5e99b361deec9cf26af0954c365ef65ab7069,0.095,2025-10-22 05:14:35.000000 UTC,1936,739,1201,0,0.6153205661948377
0xcd93c49b6b6167d1d5b89d12f0998f872c2e23dffb60c77abf523d41f72cfc48,0xcc5128db7f326b20b261e50edbc164beaf344cad,3.094302,2025-10-21 21:03:35.000000 UTC,0,0,2651,0,0.0
0xab2984f842227ab85b05d1d7c97ee862fed14251578ad1baf20fbb5644dcd56d,0x3a9f9c4a304b9e5fef0ea617dbca6df2803dbf71,0.15675,2025-10-21 19:30:59.000000 UTC,1,2,1818,0,0.0011001100110011
0x3619c23ceb54bbb4359402f6a4cb692ed218aa636bd4243b53a6242f16afadf0,0x44097c5ba5f7ecf58fed4c9f061605f903bde9ea,33.25,2025-10-21 17:03:47.000000 UTC,0,0,2744,0,0.0
0x70746dd48119ec509fce26c0fc304a4fac17c5d384a50d8cf90126214542830c,0xdf29ee8f6d1b407808eb0270f5b128dc28303684,0.3324999999999999,2025-10-21 11:13:35.000000 UTC,49,30,2022,0,0.01483679525222552
0xd3507e58988c7600dfd170936d1dfed9680033dfaa651825e228219b65bdc057,0xccfbf0fc6c88a80bc04eb6eeb4fbbd5e2d327962,0.1871594999999999,2025-10-21 00:58:35.000000 UTC,0,0,1834,0,0.0
0x95f69ea2b42d2784a1cf45e440e5c68ba2b63f06bebdaea4a7c7089fe2d103a2,0x98f0f120de21a90f220b0027a9c70029df9bbde4,0.095,2025-10-20 13:26:59.000000 UTC,1943,742,1204,0,0.6162790697674418
0x1db5635ea7f5cc45a4de7afed239e2115f3587fba740ca64b52fa22f44e4e1b8,0x235b69a1823cd98db1c9eda9a692c7f697cc995f,0.095,2025-10-20 13:00:23.000000 UTC,1943,742,1204,0,0.6162790697674418
0xd30310393f6c454db8a45a65af165808cd46232b0a5d8773b9202a653d6de6a4,0x5db5286cec9a28d76feb4ee22e0722e6a6912b22,0.95,2025-10-20 12:19:11.000000 UTC,2794,917,2253,0,0.4070128717265868
0x6f8b43ddce010f73b05e471786f46f2d42f974cecaea83bb509228171af7a31e,0x60ef49cf2f0a0e93f43351132e19f5d16340bd78,9.9218,2025-10-20 06:51:23.000000 UTC,0,0,2744,0,0.0
0x587a43c87a77411ed421b8c260569ae9d57ea35efe451bdc8b2112e709650fb2,0x0e5a3d70bf3b9a27d344153e4b2a0562d2e9df54,12.337061,2025-10-20 03:27:59.000000 UTC,0,0,2762,0,0.0
0x811e5f9bb89361acdc08983bc3e50f5a3f32e5af20a4dfe2955da516af18e381,0x8692b64cc53751440bf812aa83ff00231ca80d42,0.2375,2025-10-19 18:16:59.000000 UTC,351,352,1960,0,0.17959183673469387
0xd2fa33a38b3ca37674695454cc3b962f9703f46c3c76776c8f18ecf0a23dc1c8,0x777c47498b42dbe449fb4cb810871a46cd777777,0.095,2025-10-19 06:15:11.000000 UTC,1953,743,1205,0,0.616597510373444
0xa129dd40ca964dee35d45a08c4580114f1df5d77fee1bd819f134ff131586845,0x207cd69230c6c0f917db89872b34a19f05a38b02,0.1145699999999999,2025-10-18 23:34:23.000000 UTC,4,7,1716,0,0.004079254079254079
0x37fd9ffbeecca9493b18a397c0a9d3c389fd19dc7d3292769e104dc6fcee32f1,0x19feee0dff8bf9df19655c3b945a0203676a8f4b,0.2355999999999999,2025-10-18 22:32:11.000000 UTC,14,19,1961,0,0.009688934217236104
0xee2e4bdf0bc1c32c29a52866fb517ba4aed4be798b316069d910307d0dcb1019,0x23fe783b04700a1555c91c8ef229655bfb964dfb,0.19,2025-10-18 20:55:23.000000 UTC,5309,1159,1843,0,0.6288659793814433
0x7bb5f12aeba509528c7cba8e78fad31a82dea5d38b20d002295cc712debd92cd,0xdf23dac6e9200b091e8f494d918db41ecec3e543,0.1919,2025-10-18 18:36:11.000000 UTC,13,16,1847,0,0.008662696264212236
0xf4351705c4631bb1097f17fa5c4ff85264473d306e10daa0a9bcf0f192501f5f,0x7176357126d5bf260b7356f5e9605ac53ad59ec5,0.19,2025-10-18 18:34:23.000000 UTC,5309,1159,1843,0,0.6288659793814433
0x381c68160194d386d960db3679bd06cef730b3a4d038b836436b319e72e61fbc,0x2e29c9d43c546c7bca16a706274ec2d9879fc142,0.209,2025-10-18 18:29:59.000000 UTC,364,188,1942,0,0.09680741503604531
0x5697610169781574eb4d3440e2f633198a1ee3c8a302def6a3eeb1c788e1d826,0x963e5cb0db226a3c3a94b0bdfbfda7fea292a43b,0.78109,2025-10-18 16:43:35.000000 UTC,0,0,2235,0,0.0
0x248083539a870be4df8c9c5c64050bbfbae9f998749836c152254733e73b0195,0xfeb2b508a27e5ae8cfa78e5c6c84b57b7eddc6ee,1.4964399999999998,2025-10-18 11:57:47.000000 UTC,0,0,2524,0,0.0
0x263dda04ab4b950f214555281baa53987bceb13bd24d6c2768c298a48e98811c,0xe3716e4639ab74c1e5e5e70d4e2a4be14e08374e,0.15675,2025-10-18 10:58:35.000000 UTC,1,2,1823,0,0.0010970927043335162
0x897a97c1ebdc9282fee1744129adab238af52b47ed93b62e5f5d33504f415c71,0xceb4c78f654c2168cc64d5b84fedad35e3ae8745,0.4559999999999999,2025-10-18 10:14:11.000000 UTC,91,81,2094,0,0.03868194842406877
0x6507e144d914eae70e7033d9dccb024a67a2e65d85d767fb244082dda07c84de,0x4a1d9a444ffd2bc866f7ff5b9b8d218a203500f1,0.2375,2025-10-18 08:49:23.000000 UTC,351,352,1962,0,0.17940876656472987
0x2bcd9d02aab36df2e99909c033922afd2cc1314a8cc3dd9e5f8feb2f19b68c15,0xb26001eee78f43b459099964b8d9c4e8975d0172,0.095,2025-10-18 03:58:47.000000 UTC,1953,743,1205,0,0.616597510373444
0x131853eede1446206e97f617c11f9e0113441007e246f1332a7378a79ce06b61,0x3a9f9c4a304b9e5fef0ea617dbca6df2803dbf71,0.152,2025-10-17 22:05:11.000000 UTC,1176,275,1818,0,0.15126512651265125
0xd465a15a1968685640ca72f7ba6fd7e3e794afda2d0648793df5cfa395212802,0x599660245bdc7e51062a89faff172850239904e3,0.2375,2025-10-17 19:24:59.000000 UTC,351,352,1962,0,0.17940876656472987
0xa4c2f8353e5d20f1c31f19b36b1e8989bddfdc42081dbbe6a876c9e0a966d6a7,0x460fb9a51a393bf8b9e584e7d6270f3145020d28,0.095,2025-10-17 17:37:23.000000 UTC,1953,743,1205,0,0.616597510373444
0x2362ebcc309604380030814f409e00f79dc419a18b04f7b7a2d1ca53e3fef721,0x5ac7a63c9bbb4fab857ae80be921344e3d0f8c97,0.2754999999999999,2025-10-17 09:54:23.000000 UTC,10,14,2003,0,0.006989515726410384
0x94771983e29aa115bf200bfa6becfc835ddaf17dd3e5196df1ab9fc3c09cdd78,0xe3855a42c76a5fefd04920c0d5b35f60daa4ee10,0.1197949999999999,2025-10-16 21:41:23.000000 UTC,0,0,1731,0,0.0
0x97694dd0a595fd379362bd10b63d3c01078a1089d88e883c0ce463084521c0b1,0x20e788c4b1dc2e6e8ad7119b802f86fbca692b48,0.1994999999999999,2025-10-16 20:26:11.000000 UTC,32,37,1854,0,0.019956850053937433
0xde305e2833e27e54e9598941df357e982792d8138edcf67655c458ae6bdbb460,0xa6c411838c02425ee3b5b3478c305ac422d210f9,0.2375,2025-10-16 20:18:23.000000 UTC,351,352,1967,0,0.17895271987798678
0x4b1713a9e09e7d6795d58d87c6b718b1d5e94ea99f7348e5152789c86c0f32f3,0x1441be80efa45553713cd363a700ff3da3cd37db,6.397822499999999,2025-10-16 20:18:23.000000 UTC,0,0,2754,0,0.0
0x0a886208cf74f2dae2a6c02428132c55ac27a0fbe396fab67623a3531bcea2db,0xf394654700e1ffc93a8a09ce87d4b3a34b9cccc9,2.1653825,2025-10-16 19:41:59.000000 UTC,0,0,2635,0,0.0
0x54337e31275075bb199d1ad9da528dddc7fcd812c547615535533007f6f511fc,0x07b3fa83c50a56a8d396c547f952932d045a43c3,2.127886,2025-10-16 19:28:59.000000 UTC,0,0,2635,0,0.0
0x04ff377e42e52b2636feabe94bd671d7dbe88a517dc7963c087f98813f4560da,0xf394654700e1ffc93a8a09ce87d4b3a34b9cccc9,8.351297999999998,2025-10-16 19:28:23.000000 UTC,0,0,2764,0,0.0
0x8228b00ddb2d911b1476710908ebcf1dc606218f0811f04893d147ce0f57ea5b,0x07b3fa83c50a56a8d396c547f952932d045a43c3,4.178669999999999,2025-10-16 19:26:47.000000 UTC,0,0,2717,0,0.0
0xbdbab25b5c188abdcafd63bd1d41309fa30b13deeccfc3961300fe27a4daa64d,0x7b759eff7976aa5757eea2b0e5eb94a19316b2a5,2.189731,2025-10-16 19:25:35.000000 UTC,0,0,2635,0,0.0
0x96da0a9eeb862b42059b0e66a6ab3bb6e8292d873d818775b2500eaa7cd9fca9,0x7b759eff7976aa5757eea2b0e5eb94a19316b2a5,10.33676,2025-10-16 17:04:59.000000 UTC,0,0,2777,0,0.0
0xdccda35fa6845e9315a835669d9689563bb0a77bc81a6898510544e08bb7b95a,0xe8db7bf8138aa77982f329c3523e5ba3f0d4c1c0,0.1709999999999999,2025-10-16 15:15:11.000000 UTC,1153,587,1835,0,0.3198910081743869
0x4844e6ac1a0c213ef9a687941ab78a1ac810c03cb9b923b31d23b4d723be1585,0xfd96efc35167788de4bda7ea61bfcd37ab207dfd,0.2279999999999999,2025-10-16 15:07:11.000000 UTC,302,225,1965,0,0.11450381679389313
0x2c47662367f8875baf820e49541b0b8ada81547e5d5bdd3f6d59362b02062b3a,0xd7c59c8f0d0612ca60107ad11710b04a51b96247,0.1805,2025-10-16 12:14:47.000000 UTC,11,17,1842,0,0.009229098805646038
0x327e3fd4d14acfd2a3807cf038a65a4555003fd3ca1c0a79513b3e6f1312c4b9,0x65b5b9e489e90c641c69742f5ea805146795d681,0.1914155,2025-10-16 07:20:11.000000 UTC,0,0,1853,0,0.0
0x84aa77bd336bd9f450275fb320231432372f41a2699f85b70c2917e0636ab5b8,0x8b70625a8190aff3965a677b54d7d6b533372320,0.1176099999999999,2025-10-16 07:19:11.000000 UTC,3,6,1730,0,0.003468208092485549
0x0bc1c16b5a3f7f6f95b312fcdeff148592b37188013c9129c3d8eb9f3007a225,0x8d3731f7791e7b2d210051073b467fe6c5467eef,0.1009279999999999,2025-10-16 06:13:23.000000 UTC,0,0,1622,0,0.0
0xa103ab0797ca07eb70d5e8b47cb93d756266a12068e7240882a5bc9326fea22a,0x0d1f7d2d2919673c7e0b0188d748e335768fca8b,0.095,2025-10-16 03:16:23.000000 UTC,1953,743,1205,0,0.616597510373444
0x5a5a1f0df7f6cafbf28ea1446d3460d7fbecad6724bbca46b84945a91570d985,0x7b759eff7976aa5757eea2b0e5eb94a19316b2a5,6.2386025,2025-10-16 03:10:59.000000 UTC,0,0,2763,0,0.0
0xa00f3b24a9da416b31c7e7b444d825ab82149d018174476b0e3029d61505b725,0x7b759eff7976aa5757eea2b0e5eb94a19316b2a5,8.2732555,2025-10-16 02:45:23.000000 UTC,0,0,2773,0,0.0
0xdf5c2d814e3ea0f88799c56a6951e95c17022d5af3c197bc5b51b42d2f69e59c,0x060999c6e461be2e4f74c65912db0ef4a9a1c6f0,0.2375,2025-10-16 01:14:59.000000 UTC,354,354,1974,0,0.17933130699088146
0x40ea5472189766d1e09bb170c2d70fd251f0c3b90cfa1d3bc1a4cb4c0cf04cc7,0x990f8b00ae3f8c40f8837419bea94eab48be5c14,0.2375,2025-10-15 12:17:35.000000 UTC,354,354,1976,0,0.1791497975708502
0x27e1eb23bff04558fa2418a347d94e57a46b6bac02b8c66d98cb134e05d3ce4c,0xce4c3e4abb8a3bc23b828327c363e1dcc748d6a5,0.095,2025-10-15 02:02:11.000000 UTC,1953,743,1206,0,0.6160862354892206
0x585c29998719446f56271c540ac11a45ff28da601527c671f67778a1cd1f9fe5,0xa6c411838c02425ee3b5b3478c305ac422d210f9,0.209,2025-10-14 19:07:59.000000 UTC,374,195,1959,0,0.0995405819295559
0xdf039bec2ddf639cdb7063f7cac51fd99c6f598190ee868a69d977f172a29238,0xfd96efc35167788de4bda7ea61bfcd37ab207dfd,0.2327499999999999,2025-10-14 17:32:47.000000 UTC,2,3,1978,0,0.0015166835187057635
0x55ee7fddcff398e532e189d695d7cc3ad0a01a020ad51dc87cee79b4ad170455,0xd7c59c8f0d0612ca60107ad11710b04a51b96247,0.18525,2025-10-14 13:17:47.000000 UTC,0,0,1855,0,0.0
0x4529db80edee63df42ce51e3551e902d096951bd98739c653ee3b501f729911d,0x990f8b00ae3f8c40f8837419bea94eab48be5c14,0.2232499999999999,2025-10-14 13:08:35.000000 UTC,2,4,1971,0,0.0020294266869609334
0x4eafcb38ed1af4e3d53129e8a9d59c6b6c306087e7419d878b491918db2a73db,0xa8e40a9cc4cc8fd0007ea10817806d408d200e2d,0.266,2025-10-14 09:07:35.000000 UTC,714,661,2021,0,0.32706580900544285
0x75494c770c4a0d102272f2038133cc503084facb0a4734da0f7484ce9d11435a,0x8d3731f7791e7b2d210051073b467fe6c5467eef,0.095,2025-10-14 04:23:35.000000 UTC,1958,745,1208,0,0.6167218543046358
0xab73de608b19cc0d90d1491ee551412080fdba64b7f0eb6eec8dcb649c65cfd2,0xe8db7bf8138aa77982f329c3523e5ba3f0d4c1c0,0.1805,2025-10-14 01:04:59.000000 UTC,11,17,1853,0,0.009174311926605505
0x16e9b69aaea5cd42708a510b6ffb9abba020353533b9e00546ec7cd584ffbf92,0x5a35455c3534fd0b652667e6a94a60e3e9a56546,0.095,2025-10-13 22:45:47.000000 UTC,1958,745,1208,0,0.6167218543046358
0xc3c14d4ab7e454c20125dd38d83f5fc402ccfbe821b8288c5ca0e8fdc7a98b9f,0x612fdb880f09a5a5a2547dbf575531657fbd33c2,0.95,2025-10-13 10:32:35.000000 UTC,2862,935,2293,0,0.4077627562145661
0x490ca80b0b28160138cd50737864322ebe8ccfdb32d14310c6b2b85821505d4e,0x1d90899e3b283a51ed825dd388a6f825a89f70c3,1.3299999999999998,2025-10-13 09:49:47.000000 UTC,846,421,2544,0,0.1654874213836478
0xf63e005fd46a0e60cd31cf48a1bca11f0112f27bf7d05de8b3735e3ae38f09a4,0xfff5086e00bc92ee04826b0f5398ebbdb8ea4000,0.095,2025-10-13 09:30:35.000000 UTC,1958,745,1208,0,0.6167218543046358
0xcd731fa58ae48fb6ae41e955ca71164cbd1626a19fe1bf7ac1fd1d2bb6041d10,0x65b5b9e489e90c641c69742f5ea805146795d681,0.1206879999999999,2025-10-13 00:27:35.000000 UTC,0,0,1758,0,0.0
0x66330504d68a3e001c6ff01d13ffa90d9d397c5c750fa3b7fcd44742372d79e8,0x81039559adb9e85e2bef030144c594684bb494f0,0.0988475,2025-10-13 00:26:35.000000 UTC,0,0,1219,0,0.0
0x60b2d3f0aaa7d05a12be91be386e2949e47442e6d084de58ed9ec35faee65188,0xf23f999ece302ea646509b51e6c4c19055471ab0,2.85,2025-10-12 12:33:59.000000 UTC,202,165,2707,0,0.060953084595493166
0x20c7280bceff8a42e8375868271fa3492fcb5ec87aff1b0e6914c4b476f509d4,0x3a1bb9a434d4ce28ba39f5946112369315d88db6,0.1045,2025-10-12 09:38:35.000000 UTC,489,471,1685,0,0.2795252225519288
0x21b9aaddf25ad7e4966736b1c38262b2d227076b140e08684104833b4d2efcac,0x1496fe65cbbd87765a5da4c90c193ea3b59928e3,0.19095,2025-10-12 06:59:59.000000 UTC,1,2,1873,0,0.0010678056593699946
0x2c27c040ff5fbe2ed87d306560a586a1c75d524d1b18079a82195712cef3d194,0xdcf55680f897d2b9594a985fe659fdc655f91c48,0.8644999999999999,2025-10-11 15:00:35.000000 UTC,3,5,2294,0,0.002179598953792502
0xe8e5053fd999d35e54b6f4679da07595a257bf7a02e95d04e6437c9fe81c4953,0x9ac74137285b8608928612691646c91c72e817fb,0.095,2025-10-11 07:08:35.000000 UTC,1963,747,1210,0,0.6173553719008265
0xeb9b2ff2dbc3e179bfec084aa4b43eed30c0d24f2978e93fcc2c9d4b41e3ac85,0xddd9922bc62f887711a4b7bc4a9b270d324fc56e,0.095,2025-10-10 16:43:47.000000 UTC,1963,747,1210,0,0.6173553719008265
0x0f6829c79b99d144abe0d364b66033916f2f885051877ec54119016a9b0f2e6e,0x787b4b7ffef8eddad54f311039acf4c36fec9593,0.95,2025-10-10 12:55:47.000000 UTC,2898,945,2305,0,0.40997830802603036
0xdb314b790fef0da570a89f8696a9467a1b9bd1fc787a5941c6a6652ae774ae50,0xa99c4f924a167cdec1486aa9920de70a48455ab2,0.095,2025-10-10 12:36:11.000000 UTC,1963,747,1210,0,0.6173553719008265
0x19e6b2e533e8648f19cec7f81edad3a88e22042db2fe0cd0f1aa7e6733fdece6,0x188b377db3bc07d626c91d05de8ffbc687d4a0ef,0.095,2025-10-10 00:57:35.000000 UTC,1963,747,1210,0,0.6173553719008265
0x261c51ed304b73d4eca6bb45989ae728a340df03d1089f50a1b782708f0125e8,0x03c3e07233201c582b1d7652632c9219653dec8f,0.095,2025-10-10 00:43:59.000000 UTC,1963,747,1210,0,0.6173553719008265
0x91d465512374930cb2c46c81bfa0e9a09c17d053d83af98be8fc820eedbfee66,0xa2e83e57502a89a3af7ceacc195b320f9ad7d64d,0.095,2025-10-10 00:40:47.000000 UTC,1963,747,1210,0,0.6173553719008265
0xbd5a5cb20b59f8fa955ebc9d0f7a5a1678738baf528bd0774231bfcc94e52ee3,0x188b377db3bc07d626c91d05de8ffbc687d4a0ef,0.095,2025-10-10 00:22:47.000000 UTC,1963,747,1210,0,0.6173553719008265
0xf6c8fcc67678ca2dab1d01209bc2a04555dfa054cc60876c795a9b75a5d699ea,0x17e372f150c7541211e3844c7f022eb48eb19a1b,0.095,2025-10-09 23:13:59.000000 UTC,1963,747,1210,0,0.6173553719008265
0x525058fc6aa2dfdd44f20d5523f2fcfd7757be2234330b5255879fb70b4f8021,0xc1979c1acfa6db94af9b054334bf23e81f87b1c6,0.6174999999999999,2025-10-09 19:39:47.000000 UTC,9,12,2242,0,0.0053523639607493305
0xa3e2918f699f53983bac475df2298a1c04aad75753f4ec64a49698032ef1a10f,0x22f6edb55790b0fe841c5ba9aa30792ebcb55863,0.095,2025-10-09 11:45:47.000000 UTC,1963,747,1210,0,0.6173553719008265
0xc0f51949e12b7a08075226770f76c13ff0bf8a783df88fc68a76a58d30d45ce5,0xfa002b52433a68eed6ed254569110a294b5efb74,0.095,2025-10-09 01:17:23.000000 UTC,1963,747,1210,0,0.6173553719008265
0x437d94f3399e06c5cca283a168a2de6a1e88fe5ffab545589d14a48ef70a2a46,0x69aa4b1c616c9f2a08d57bc8809a199d07c978c0,0.19,2025-10-08 19:00:11.000000 UTC,5546,1192,1885,0,0.6323607427055703
0x1a33e704a9ce156889df4cc2bb4d7cd38c4556322e54bf8c8ab5c0749ba61e21,0x37d0dfd6a0a502cbc7b992cf74eeb3d1f1eaf01b,8.264999999999999,2025-10-08 10:35:47.000000 UTC,4,4,2835,0,0.0014109347442680777
0xca3b53bf7aff3cd297b3ce4dc4f2889dc5a359dc64dea04b9663b21b1053ee6e,0x82cd1b0faa449d0562bb32072dc1e5be9c509c1d,0.095,2025-10-08 09:25:35.000000 UTC,1964,748,1211,0,0.6176713459950454
0xc9c7113e309d751cd7b850d574dd52821f4ab3a9b4779178420c03342e5a640d,0x9295b84f08b52e480bce5cff6a65d27f2e7ce3b2,0.1444,2025-10-07 18:38:47.000000 UTC,6,9,1835,0,0.004904632152588556
0xeed4ee95acfca3df97467ce189abd55760bc57bbc80a847ad9222ae3a536bd74,0x92b84cd573cee3f841500d962dbc694489695d94,0.095,2025-10-07 18:36:59.000000 UTC,1964,748,1211,0,0.6176713459950454
0x305338d49b99f967cb002bf0640a43ea8ef1a7f3125f884b6fc399928781dc38,0x263a46b68219ce63da8f7e12a984ac5e0637d9ca,0.1238799999999999,2025-10-06 23:31:11.000000 UTC,4,7,1793,0,0.0039040713887339654
0x655a63b3afad844fc860165c8a78d919580752c0713ab7993edb6e6eab95691b,0x4b4c91c9ce7229a2a6dac82b6b507ed823d46ec0,0.1016784999999999,2025-10-06 23:28:11.000000 UTC,0,0,1687,0,0.0
0x40e0cbf47b5b39325c4f7ad335731b1a7cfeb2f7547c3b8cd9e6675de904e3a8,0x69aa4b1c616c9f2a08d57bc8809a199d07c978c0,0.095,2025-10-06 23:17:11.000000 UTC,1964,748,1211,0,0.6176713459950454
0x7d902f347131c8b2043c7b7bbb9107dd5c3bb80f6936d20fc9987ffcdc0c0e0e,0xb921259d57ca53cc837bedf1a0b55a5b95b11743,0.0961399999999999,2025-10-06 11:25:23.000000 UTC,6,9,1216,0,0.007401315789473684
0xc74382b0bd1ec69ab8f82a8c601d6527db4cbaa6ee713cf1efa76f7da1e03e25,0x79f8ebb0fcebadde2535d8500dfc2e46d41521f7,1.058015,2025-10-06 03:32:35.000000 UTC,0,0,2583,0,0.0
0x74b06537f0f32edf36c511328c4afd3ae8de55a3b30d94e5fa34a53acb60333c,0x79f8ebb0fcebadde2535d8500dfc2e46d41521f7,0.095,2025-10-06 03:06:35.000000 UTC,1971,749,1212,0,0.6179867986798679
0x0c9bb2d6cb7adf43a3aa3ea14cab2e543b40b17b6df2dbe0a935466477780d4c,0x725a682eb3f663a8516cef339ec415cd00456ff5,0.095,2025-10-05 17:25:59.000000 UTC,1971,749,1212,0,0.6179867986798679
0x2fe6bfbeb407b109d6815891e693cb537cd881410bc16cf084540d09052459d8,0x9bf34d1c07df562657aef13361108a271efea0b0,0.285,2025-10-04 02:51:23.000000 UTC,1168,945,2085,0,0.45323741007194246
0x19d505fc53c330c925ed0998328ac2d332a43f074e2bbc9b5b049192841075e8,0x69aa4b1c616c9f2a08d57bc8809a199d07c978c0,0.095,2025-10-03 23:47:59.000000 UTC,1971,749,1212,0,0.6179867986798679
0xb7ba1fc62f7d29ebf230814315558962be51676ab3c927013996d81ff7199fee,0xa24ee9906c04591ed01667a42dba6a714892b90d,0.337535,2025-10-03 18:59:35.000000 UTC,0,0,2127,0,0.0
0xd49f1bc43c3f27a6ace04044b6117162f4dfccb37fca367ae4d166c3e1a7b766,0x928a8bf2474e1f855e9771e45ed7e2798a7923e4,0.285,2025-10-03 13:03:11.000000 UTC,1173,949,2089,0,0.4542843465773097
0x0bcb98ab1a70177edb2620cff059762eb92bb794de2d963104995d4b3444f59b,0x113afbb79d4f532b78a85ab13dfe2dae456425bb,0.095,2025-10-03 10:35:47.000000 UTC,1971,749,1212,0,0.6179867986798679
0x83352b52d9df834a6d1630cb77c7d7f5c2d216186101680636afc0fa3f673286,0x1b26453779a8ac69bd67a5d5cec114c203e887a4,0.0961399999999999,2025-10-03 07:42:35.000000 UTC,6,9,1218,0,0.007389162561576354
0x5d42d6af38eeaf4143ddf9bbfa48b5ba7a3f4bed7a51381dd4bdd02bfdec9e60,0xf31afd56c311def7faa176587645ad6b4cd71720,0.1045,2025-10-03 07:07:11.000000 UTC,542,525,1726,0,0.3041714947856315
0x81da9c83edb47d7a10dd8f91d9b48f576eb37f63dc9957808f2fa9d641801380,0xc81fab87fc197c5e49aeee899710b22d243e2cae,8.36,2025-10-03 05:02:35.000000 UTC,2,3,2888,0,0.001038781163434903
0xd5cd3e1903ec74eeb86076dcf7b181794f76f40ce7ee3d3dea05de0a62946649,0xe938873743a8de62d8c9a7d60f416cb9ce5421f3,2.85,2025-10-02 19:43:59.000000 UTC,234,169,2790,0,0.06057347670250896
0x19474907ed0cd4b3b279acb82e00c4f621aa01ecb70c4896a5d04783561f6b82,0x2458faf775ea581bbac3d3a298f1c45f674c8483,3.73825,2025-10-02 19:38:11.000000 UTC,0,0,2835,0,0.0
0x9c7537c6bebe2557b44f34b933f0c41009c7eb5eed4cb91f80ddcf29bf1fd9c5,0xa282b8968b491e7df3bf2ddca667b98c7bda996e,3.135,2025-10-02 18:49:47.000000 UTC,33,38,2828,0,0.013437057991513438
0x66374f02d3bd7799e389c71c04d4d412e44555be871c5a8be8ecdabfda05ac3c,0x486fbf359aac330d2dd6f0ab750d9af699186ffb,0.095,2025-10-02 12:38:11.000000 UTC,1976,751,1214,0,0.6186161449752883
0xa901954ccfbd56939efc98b08713f2e611922a917849be362152817e1c74792f,0xf369af914dbed0ad7afdddebc631ee0fda1b4891,33.25,2025-10-02 08:03:59.000000 UTC,0,0,2934,0,0.0
0x8f1aeb58ddfc1e5a37f4b311dd4e82f25ed6e5b3a865b42fdd6d829d4cd706b0,0x1870e58a35b526d403edcc902a8cd07b755ce8ed,0.095,2025-10-02 01:37:11.000000 UTC,1976,751,1214,0,0.6186161449752883
0xb8ab763bae890e54e7d09c38eeb3739c3b3407272f3fca5248364a4125b80614,0x45b40589a2ee74231f6d065e6909aa660257c8f8,0.12711,2025-10-01 21:44:23.000000 UTC,3,6,1833,0,0.0032733224222585926
0xae72c7a3f87593f76ef8e96d90f4783fec01d5a2f48aa45be1060dd51b188de8,0x45b40589a2ee74231f6d065e6909aa660257c8f8,0.1045,2025-10-01 21:42:35.000000 UTC,547,530,1733,0,0.3058280438545874
0x0d79c9d1393d3a8e61a756cda16d51fecb93bb2fc24ac4b9402d7e6b27061374,0xfb238196eb838a2384ed33129e3bd85513a3dba4,0.095285,2025-10-01 21:41:35.000000 UTC,0,0,1216,0,0.0
0x625a5bf225ac2995bf734c8b8a5d7934a66b1c14d233e2b5de022fd1053f6072,0x8289432acd5eb0214b1c2526a5edb480aa06a9ab,0.095,2025-10-01 15:35:23.000000 UTC,1976,751,1214,0,0.6186161449752883
0x749c78ec3fbbbbf945bc096a401bc2876b3eec3ab2351e44dbdc9339a3fc1820,0xcfad0c4debd28dad5098940b66281c8098458dc4,0.1177999999999999,2025-10-01 15:18:11.000000 UTC,8,14,1808,0,0.007743362831858407
0x092483d44400151d6a226956c257b491f814c8b5f33c6bb368598939cb3a4024,0xc81fab87fc197c5e49aeee899710b22d243e2cae,0.95,2025-10-01 05:24:35.000000 UTC,3320,1011,2389,0,0.4231896190874843
0x038b5318203237cd9b56d165a2023106af659ab82038d9c270a2596125028425,0x546a0cb802377153b4feae052a5ed14c98b3cc9c,0.475,2025-09-30 20:21:47.000000 UTC,826,652,2213,0,0.2946226841391776
0x837c6dfd58d8190c0c7c54e9328eab9bef69ca01e4cd4442d4edeae7a2e2f323,0x44c466f3c93c0890e9f3baf33265976a9096b9a3,1.615,2025-09-30 11:13:23.000000 UTC,126,85,2687,0,0.03163379233345739
0x0f10a7c3b53194dac0cfc13baf2b14ab574c1745bb558364a096e985a2fdf35c,0xc53ba960177db6bff4a73741806a685e6dcb2a68,0.4275,2025-09-30 06:50:47.000000 UTC,103,108,2204,0,0.04900181488203267
0xde1f4d8a382d11a80e4121914b9b63e47b3e4ea1f606f3f82f97d5fcc2bed2a2,0xb9d0a5f811859a35280a242eaf1a8735fa1d80ff,0.23617,2025-09-30 00:32:23.000000 UTC,0,0,2072,0,0.0
0xb3b4c7cbb749f4dbd9bf6b7158f8429a58143015495afc7c98bd1b4529242af6,0x40ce783bbe724e9db59a221c3ccdced3b2b657aa,0.098135,2025-09-30 00:26:11.000000 UTC,2,3,1223,0,0.0024529844644317253
0xa9742a412f3af3bf5fb502b96d59c3c27a03c17b06f37630bfcf4cdea69c7eb5,0x4868c60e35373b8cad0a26343d74b51e8331bddb,0.095,2025-09-29 09:04:23.000000 UTC,1979,752,1215,0,0.6189300411522634
0x5a7cc583094ac3560c15b18a089b8c6a96f9756eb2c963a44cbe966a3a16c292,0xd703fe4a550c55af8fa9561789223ac761f913eb,2.85,2025-09-29 01:02:59.000000 UTC,244,171,2824,0,0.06055240793201133
0xcaa6a2fa7228f2720f25bf1559025c84bbd045320e2ac95cee2ab74c838ec47e,0x4868c60e35373b8cad0a26343d74b51e8331bddb,0.095,2025-09-28 21:00:11.000000 UTC,1979,752,1215,0,0.6189300411522634
0xd4972f10e88956957c8bfbdd6387a7104765da5ac6ba798871deb329e8d8015a,0x4868c60e35373b8cad0a26343d74b51e8331bddb,0.095,2025-09-28 20:49:35.000000 UTC,1979,752,1215,0,0.6189300411522634
0x6f9d3b230a93230b9d61036d813b14c23e77d959c4aabfd8f47880d420921d0e,0x4990112165a9edaa218d75522e6899133af6ad79,0.19,2025-09-28 08:47:11.000000 UTC,5895,1243,1946,0,0.6387461459403906
0x357c9b6f4cef112774ce6aa7a9ce874189eb85ceff217dd1ebad94c18cdca6c3,0x2a1a67980fafc3d536f39a7a17b3b0e90a000f07,0.241585,2025-09-27 03:32:23.000000 UTC,0,0,2080,0,0.0
0x6a46b5024a5fe7aa35cf0be156272c6725376b106a92e88eee45a10d24838553,0xe3c23102f47fe45d353a6a9d2f3ac92fe8aee5d9,0.10127,2025-09-27 03:30:35.000000 UTC,26,29,1717,0,0.0168899242865463
0x50c42b8e2ca0a8090743c9746cd501844b8d37b2dbad4d81dc5be042a211538f,0x748a3e30a359ff3aea57285ff9451ca039818469,0.3324999999999999,2025-09-27 00:10:59.000000 UTC,59,43,2166,0,0.019852262234533704
0x29f1bdbe6de17b74263a3ec6e14fd8c3d9e25edc3b997b2df800ca863ec312e5,0x073a5d7da0db994a6c54ae8a90cbe175c6161781,3.921505,2025-09-26 19:49:35.000000 UTC,0,0,2881,0,0.0
0xfd9bc02b8afa26c59f4a2aff9c6f8ebc42d714ccc0ad4d6a88bc953fd7ff6228,0x42d976e330c059b5103553cf1fa9e2810f10cdaf,1.102,2025-09-26 11:28:11.000000 UTC,800,245,2652,0,0.09238310708898945
0x222aec06a4f60d00ff0afd26d5d136f8972288796e0ae8d9319a0792746a1895,0x2ee8670d2b936985d5fb1ee968810c155d3bb9ca,0.095,2025-09-26 11:09:59.000000 UTC,1980,753,1216,0,0.6192434210526315
0xab762cca7a5f541f3a188f89ae64878044c8aa4e36cb96c894fef79023282df1,0x892857d3a0e6ca504da54470a0d71593525ebc22,2.85,2025-09-26 04:52:59.000000 UTC,247,174,2832,0,0.0614406779661017
0xf541908c0244d278ea0c0ccd896e8b157dc9b737799d781ecc66e6cdaaebb5b0,0x51748ec653e42af65e79579c80041e02ab67f711,0.095,2025-09-25 19:40:11.000000 UTC,2021,754,1217,0,0.6195562859490551
0xba3d0e349d2303993dd7e94e6c63e38b63e2e885f35791192ad6bf5022427a8d,0x512e07a093aaa20ba288392eadf03838c7a4e522,0.475,2025-09-25 16:29:35.000000 UTC,834,659,2231,0,0.29538323621694307
0x6c04d1f0e2ee9eb601ec643ba468261149b9d211f1cd8941999a93b739bfa242,0x82cd1b0faa449d0562bb32072dc1e5be9c509c1d,0.095,2025-09-25 13:42:23.000000 UTC,2021,754,1217,0,0.6195562859490551
0x09732c9e193e8157809884cb494acbddb84efcb5fbe66180f5791b2603941a50,0xc8d5e99b361deec9cf26af0954c365ef65ab7069,3.833345,2025-09-25 02:00:35.000000 UTC,0,0,2889,0,0.0
0x48d2ad86a6042ecc87c8f51a7c77fec2b9a2073c5a5d0317c8b1ee5d292c10dc,0xbe2e58a302f1b0bc8e3649fad6980b804877cd9a,28.35655,2025-09-24 19:41:59.000000 UTC,0,0,2984,0,0.0
0x17b009d2f161cfd8adea3c267414536dd3b6bce36540544737d128c8f65e25af,0x349746ab142b5d0d65899d9bcb6f2cd53ab084d8,0.095,2025-09-24 12:11:35.000000 UTC,2021,754,1217,0,0.6195562859490551
0x43c5056f4437839ef0f2566ce99f74d1c6ebec0dcbf6151fb664d1daeb8cdaf7,0x309b86b95f22547ee95a19a0e7facb9f534d84c6,0.095,2025-09-24 00:30:23.000000 UTC,2021,754,1217,0,0.6195562859490551
0xce9235d7f1925a5db35890cb67f1cef99d5480f6fc927f6ecedea71c09460840,0x309b86b95f22547ee95a19a0e7facb9f534d84c6,17.099999999999998,2025-09-24 00:27:59.000000 UTC,0,0,3002,0,0.0
0x4527a1c8322ab6e6497fec1f3068c6b860f85b9a8c6ca1a5c900650b94e43afc,0x8289432acd5eb0214b1c2526a5edb480aa06a9ab,0.095,2025-09-23 14:51:35.000000 UTC,2021,754,1217,0,0.6195562859490551
0xd1d5baad14a323f6037df5dd00a65df2c5b80de280da28b262078ab682c15791,0xd2740f3e455fa6239a47fe7c35e0074bda0109ea,1.6173749999999998,2025-09-23 14:50:23.000000 UTC,0,0,2720,0,0.0
0xce9549c8fd92fe84d71953c731e50e3630f554f41da1f7d7cc9c346e0c973539,0x2b0afa9d3200f0708473ad272672ff099619c578,0.095,2025-09-23 14:20:11.000000 UTC,2021,754,1217,0,0.6195562859490551
0x429b4a5f74e6b110f528e4beffcb1b0e4f3cf3f12137a2a37b29a077048cee20,0x309b86b95f22547ee95a19a0e7facb9f534d84c6,0.095,2025-09-23 11:18:59.000000 UTC,2021,754,1217,0,0.6195562859490551
0xc2d2fc7d6c5b9f97d0fd9a8adc04604b0c467bc1421126a927159c9983954e00,0xd9c5706f61ad1244e69d5616f2f1a6831a404e94,0.3324999999999999,2025-09-22 18:24:11.000000 UTC,59,43,2178,0,0.019742883379247015
0xe9456e11a3c3d40bfe9eec35c3c7e1a621ec49d0691a0e9b6d05d30102151521,0xc8d5e99b361deec9cf26af0954c365ef65ab7069,0.95,2025-09-22 08:22:23.000000 UTC,3381,1037,2425,0,0.42762886597938143
0xe3cc4861fe1731364069d392355e1655e9b72d39ce4501a40bc538ce673044cd,0xb66e57412f82e1f7751440bc1d022dabb438ab54,0.2468099999999999,2025-09-22 08:13:11.000000 UTC,0,0,2096,0,0.0
0x34bf33d4ea22bf66d722499930cbfcefe419f043c83ddc5acfb669f4a868a0cb,0xa6b166bc8e36fd773be88dcb115bdf7850c886ce,0.095,2025-09-22 03:26:47.000000 UTC,2021,754,1217,0,0.6195562859490551
0x17b24913906a1ca3c447e1ac8ff3cd280aff97a74faecbf4d3f37be50736bed5,0x261812f2b755a272d6705f080ed63f02573adeb8,0.095,2025-09-22 03:08:23.000000 UTC,2021,754,1217,0,0.6195562859490551
0xb72e9a0eac0f3a1ad76c2c00cc4b36871b6e5228bcfb9deba2e3b7c32447e2fc,0x492d203134ca1de2700acaab0027588a756983d3,0.42617,2025-09-21 13:56:23.000000 UTC,0,0,2235,0,0.0
0xdc8e0fe9f9c5bc91c9b5c1271e82f3f5a6366b9489d6fc0c66b6d63b34e20044,0xbe2ee243531c345c94d77a3c2d08eee6bf771c4d,0.095,2025-09-21 11:38:35.000000 UTC,2021,754,1217,0,0.6195562859490551
0x3d9a00f581642cda2e980482bf0d7cf413b1ab050f98f72235dd4981a87a54e3,0xafd48f565e1ac63f3e547227c9ad5243990f3d40,0.095,2025-09-21 08:55:11.000000 UTC,2021,754,1217,0,0.6195562859490551
0x41d6dd3a6bd513773b7f67f0a190b3e906259389c2417720f4a2d07a01eca49c,0x5c75c6684e709c8d566949d5908aa7817dabc70a,0.095,2025-09-20 14:20:35.000000 UTC,2021,754,1217,0,0.6195562859490551
0x43d4288ca82858a05afadd47b64f3928e846de9a785365925a21b94bda62f629,0x45218af19c19936ab50b973dc69bf258e4957284,0.335445,2025-09-20 14:19:11.000000 UTC,0,0,2187,0,0.0
0x61fd5991d78e1f917e8cf5022716abebda5c3e4286a266f8d269f089fa0e0401,0xb38148f61edc5b0f0c09b722ce1158c997635644,25.65,2025-09-19 19:05:59.000000 UTC,0,0,3024,0,0.0
0x2b3d4f9ce0aaa278dee36da415d412de0f76da265b588d530472a7a0d74650a4,0xa0d191ade8a37fd828cde4ef43bbcf8e7bf2d985,0.93556,2025-09-19 06:09:59.000000 UTC,0,0,2437,0,0.0
0x17547c52dee56971aed61d27346fd0a83adaa6f67ff167521b9c053ae72f0e5f,0xdeafd11fd890f655c7bf909e2f1511a606ddc4ef,0.2028249999999999,2025-09-19 03:53:11.000000 UTC,0,0,2078,0,0.0
0x30b8ee3d1fa1a77ce2ba31a8de49521f339bba7f4017cfb0a8c42e961bf08556,0x5f926956f6f14c4d28537d7f821a8730b5eaf3f3,0.3324999999999999,2025-09-18 06:58:59.000000 UTC,59,43,2191,0,0.019625741670470105
0x972ae9d493fbcb668c8749571bc6d9369780297a7ecf795be145d2815f508d0c,0xaba0a4762bc5e727f8dcad81e32ccdd62d919aa1,0.22002,2025-09-17 23:20:59.000000 UTC,2,4,2092,0,0.0019120458891013384
0xcf7ea747d471164e965b85ac0f3d5fbaaa4d91d056cde461ac42cc95278a383a,0xb036bc29cf917c7eb608bdf2ea5d9e02e5a0115a,1.4249999999999998,2025-09-17 20:12:47.000000 UTC,83,91,2710,0,0.03357933579335794
0x290464cc558ddee8105216801165f7b1c9abe00b75f36b3d84a93a61ee29bc58,0x379606d84240b58c87f2d5b41ed7b5025b2b9d8a,0.37183,2025-09-17 13:10:11.000000 UTC,0,0,2213,0,0.0
0x218f8495c2ac8ef63b3a49a4372d9b320da409ab70b9e58d7a157f617c9aa44c,0x3dfaaf091235e02c7a9c4fe1254b81dd9b6a3077,0.095,2025-09-17 12:36:23.000000 UTC,2021,754,1217,0,0.6195562859490551
0x1ed18f626f39e0721d5ec5f72fb81b73e8198485b23e814ac3f5c7f47d08afb3,0xaf84c22d91e8edebb23e74d32dc81876917bea36,0.095,2025-09-16 20:10:11.000000 UTC,2021,754,1217,0,0.6195562859490551
0x7666f06cf886904adf56b29d2558a457e72c81ddcfe0b0cabb57e16067493e94,0xd4fa36def1a01795a45860f9b4c057c739cedfcc,0.9025,2025-09-15 17:23:35.000000 UTC,100,39,2444,0,0.015957446808510637
0x61f304f355d6d626ae2dfceba6e703e1b63e2efef11333f6f9311e4a87d75924,0x0565d29125cd6b86a62a8cc5f0c2e7e8ab693db1,2.85,2025-09-15 14:25:35.000000 UTC,262,182,2892,0,0.06293222683264177
0x6e3e1f174b59076cfa511b24a88b336e0f999bcd54c7154577046b004ad35357,0x853bd9e8654dce9576d920023c36ad482cb6cdfd,0.17974,2025-09-14 22:21:23.000000 UTC,1,2,1966,0,0.001017293997965412
0x1027be7d2b4f1446e8af8380e1830ebe857a90b20f599df4727a6f78b361f57f,0xb38148f61edc5b0f0c09b722ce1158c997635644,0.95,2025-09-14 20:56:23.000000 UTC,3431,1055,2449,0,0.43078807676602693
0x10e15084526ef28e7ee61a84afd6c036c5a8ec64d4eb8f39465e2843a98d7619,0xa6b166bc8e36fd773be88dcb115bdf7850c886ce,0.095,2025-09-14 17:27:23.000000 UTC,2021,754,1217,0,0.6195562859490551
0xff3eb4fe2d8b222a04529c3d5c12b6a52415ff01de14c7518247c1bfe8590fb3,0xd270a581cec1f2705d8d264c8b02372315497a8a,0.95,2025-09-14 15:23:47.000000 UTC,3432,1056,2450,0,0.4310204081632653
0x94ddf5eead3bf91dbd1a0f4e8a4a469978a408b370355c023c1a282da08413ba,0xf6731de143cd04d7e9aebe3b1b00adbbd4710249,0.095,2025-09-14 10:46:23.000000 UTC,2021,754,1217,0,0.6195562859490551
0xf3af7e4b435ef842b8464d6a4d4787a7e3a41fe428355b75a895fa41827d7fcd,0x853bd9e8654dce9576d920023c36ad482cb6cdfd,0.1045,2025-09-14 08:10:59.000000 UTC,582,554,1761,0,0.3145939806927882
0xd174eddf6cb4880b9845ee0cbb6dd54072372f57fc292ef32b5083468a36d4e7,0x2e1aa78254dc5f619820f96bb276121ae0afba8a,0.475,2025-09-13 20:46:23.000000 UTC,859,678,2268,0,0.29894179894179895
0x529d88987cb5b8f4bfa6fc1d2a0e253619336c08ff68afc4100955927dc52606,0xa4caccef0dd28212b2aff92443bd560ba83ff428,0.095,2025-09-13 03:48:23.000000 UTC,2021,754,1217,0,0.6195562859490551
0x17d196d3ec26ffc634f55ab399aa9d3144b3e65faffc74d1981725a66d08d8b5,0xe7ef890bd56cfa643a2de81ad5e74d70b8ebd261,18.90025,2025-09-12 19:56:11.000000 UTC,0,0,3055,0,0.0
0x510663e19edc7494455faac5468ebc553115318b736a768061af7dc08861a5ce,0xa78357765c5618382e8fa9f0fa1aa4d3f1c02b2d,0.095,2025-09-12 19:32:23.000000 UTC,2021,754,1217,0,0.6195562859490551
0xa2e0c5d153708f1249d1b885409528538f44dcf65dc62eb2532e7ccc8e24216c,0x5f02e13c3d34e8f5e8090f71e40605b231fa13e1,0.095,2025-09-12 19:07:47.000000 UTC,2021,754,1217,0,0.6195562859490551
0x6b3c63e2159631bb784fd468bf7a2ace8048f066d0f62846ef6a9833f6d97b4c,0xe43e93b596eabe0e7d2ac8e56c94b92ec8a2a43b,0.16454,2025-09-11 22:20:11.000000 UTC,0,0,1967,0,0.0
0x1ea783ffcdd8e532211806b87c0d1b0fa1e8dff6ec3ca1f218e30bca2fd9eca8,0xa78357765c5618382e8fa9f0fa1aa4d3f1c02b2d,0.095,2025-09-11 08:26:23.000000 UTC,2021,754,1217,0,0.6195562859490551
0x2077d4adc514dfb7764b2d17a2a8ef0788ce009d0357799b0478aea201dfad33,0xd10cf0969f6034e9819aa7220d63d740862144e1,0.194655,2025-09-10 23:15:35.000000 UTC,0,0,1992,0,0.0
0xe7f00b94050943ec8c10b236ab01c4fdcd5a79b13b6497def72a9e6add6655fb,0xdeaf1a89c0c7b8157bcbc89e917e73f4268c861e,0.09595,2025-09-10 20:29:23.000000 UTC,4,5,1221,0,0.004095004095004095
0x971d41d3398e5edae9203b91b4d81baaad9ff391e1b593b02b291d8faf15f0ff,0xcf85e890b8501295172288216f24379275c23fee,0.10184,2025-09-09 23:35:59.000000 UTC,2,4,1749,0,0.002287021154945683
0x8d7badda51923f8af1d8f02ff74dc67df9d79c10bef3112e7445a7a466281b06,0xde3697dda384ce178d04d8879f7a66423f72a326,0.475,2025-09-09 22:37:47.000000 UTC,871,689,2283,0,0.3017958826106001
0xe141458297f7c2a19fa818feb8cd4c520dfd13f3bce676a7a45e99a99df543dc,0x03457d45af4e710277622660832255ea9349c0f7,2.52738,2025-09-09 20:09:23.000000 UTC,0,0,2910,0,0.0
0xcb142f03900158c826d96be1edf410cb4ac103dc95f67e4a39dfafede456cbe4,0x546a0cb802377153b4feae052a5ed14c98b3cc9c,4.8925,2025-09-09 18:43:35.000000 UTC,1,2,2986,0,0.0006697923643670462
0x1f0bd371009a7231bee887ce5865dc35efeae968387bb3a8a41a08864bf06835,0x3039aabb8fe582fc1774390dcaf6b55fab23ac13,1.653,2025-09-09 17:15:47.000000 UTC,28,36,2771,0,0.012991699747383616
0xe041b4cf3e749452293081222962a117d31422e7ba51de92db09b802134381d8,0x1fda10d528d21556c913ecbbef28dce574936435,1.6473,2025-09-09 17:13:11.000000 UTC,0,0,2771,0,0.0
0x6a2435c762aa6e8a74f6b89f403cca419f28810c46ccaf1a3ea2fc628125728f,0x03457d45af4e710277622660832255ea9349c0f7,1.653,2025-09-09 17:12:11.000000 UTC,28,36,2771,0,0.012991699747383616
0xd8edcb8a6da321cd84358ca4853f71fab86ff776186bb1d7f4eb42a1b3be9da8,0x4c2cad0b95f5c957e69925bfb40c656146d409a1,1.65395,2025-09-09 16:45:23.000000 UTC,0,0,2771,0,0.0
0x98e630791360632eb0f1f8e257e5aab9990390bf2136a9e47012b54f9f552fe4,0x7a3462c3ed2474ab94cefd76eed5c5758d4eaab6,1.64635,2025-09-09 16:44:47.000000 UTC,0,0,2771,0,0.0
0xcf44b6f3a3aa1e2126a517a4e9b60095bb4e8705e372983b2a4292c39391dfb0,0x98f422602e45d5ae2a58a6b2da9c89510f22ba85,1.6435,2025-09-09 16:42:35.000000 UTC,1,2,2771,0,0.0007217610970768675
0x285526a8e7fe5c362fcf67542c28cafc7e594335af0e26809a68482b7ffd5a8f,0x51207e482d59656d3e844d26343a3b7b47b9a2af,1.64825,2025-09-09 16:41:11.000000 UTC,0,0,2771,0,0.0
0xa4f456d3c1b139f5773693b400862e1b10096d913b52101c2215ea13788c5157,0xfc52a194d2df751ac0afa6f70ef69bcc0afc920b,1.4332649999999998,2025-09-09 16:05:35.000000 UTC,0,0,2742,0,0.0
0xf0f1a604db0645bb44e1079b14d226b106602e712f5dc303ee7de3a090a7e6ba,0xb067b0803389cc2a5f38188796e46cf91fd43099,1.437635,2025-09-09 16:04:23.000000 UTC,0,0,2742,0,0.0
0x743a89042619296951796f775f4127507832d1e9eefc7a85c0ab6d1887d6f9ea,0x5a3d358c62ec4f0b81f714382523f287595a0b45,1.590015,2025-09-09 16:03:23.000000 UTC,0,0,2770,0,0.0
0x08c3d735906356e36a168d2a66bee68f58d8ef23399b9957e4a1c0955b1c653d,0x2d771906c2de12476a5885e974af7e21623c2cf9,1.64179,2025-09-09 16:02:47.000000 UTC,0,0,2771,0,0.0
0x47dfba3621e43e10ba60b9cc3d4b8def60cb539aa722431635e907a8abbe377b,0xa102c3afa1caa1dd512b1f62c38b9c2b8deb3730,3.2917499999999995,2025-09-09 16:01:59.000000 UTC,0,0,2959,0,0.0
0xa797f95c36f69439fb8f18c8cfabe98860c2314c4e06c65b9b2d61ae8e75187f,0xcd6273cf5c84b020cb89cd216be91975b1ccbfe4,1.64445,2025-09-09 16:01:23.000000 UTC,0,0,2771,0,0.0
0x4a2a8b688421b5460e95d8df2a77b4386a10189ebb69a0696351b57d5be6b721,0x7d40ea63c0ccba6aa54428382fdb7a6ffed65b16,1.65072,2025-09-09 16:00:23.000000 UTC,0,0,2771,0,0.0
0x90cbde4ed9f046df0d6aa799498766095e11e2a16fc800302c31965c5172a77f,0x93153a8d70f7b7c2c5df5be555fc1661bab9c5f7,1.64369,2025-09-09 15:59:23.000000 UTC,0,0,2771,0,0.0
0x12d80954d24fc9850b68bf4187c34f62f5b7ac5402fc113b2548cead519b65bc,0xdf84b2d83d3e48dfb8f60222d96e242c62d8b57a,1.6476799999999998,2025-09-09 15:56:59.000000 UTC,0,0,2771,0,0.0
0xb6193458c4b3c54a4229153078ad4c882a858dd1dfc4e04f778906e52f41eb5b,0x2e342c3cff231ca9c45bb22a9b386a59eeed386a,1.69461,2025-09-09 15:49:59.000000 UTC,0,0,2778,0,0.0
0xf920e28b787b6ee3c7755b1ee7c373715fd2367e3086ac494f7ce25e736506d2,0x7012787415eeb201e5d4534092efd11cb58f4ca6,1.699455,2025-09-09 15:47:11.000000 UTC,0,0,2781,0,0.0
0xf81ea538a18c46188b72bbddf02f6ff9dddddddd072637ce003d4c03b78f37f4,0x8569c796b4f1b2946e02540eff4bc0bcd3f4e33c,3.425795,2025-09-09 15:46:11.000000 UTC,0,0,2961,0,0.0
0x19237819a6890a0ee74b03fbb284f949b1905e9a51e57022e28fa110a1c39538,0xcdcbe4cf44f3838e2ab5623dc9974770f6a7af37,1.704395,2025-09-09 15:44:11.000000 UTC,0,0,2782,0,0.0
0x0ed12463b6049c8a75c3cb828f26e87ad58bbc431ae95a82ffa12babc0a5b413,0x64572df7112097e007d102523e6727f319a6cace,9.45155,2025-09-09 06:44:11.000000 UTC,0,0,3038,0,0.0
0x644a6aaac9d3dcc3a9677d5232c1b2a43b8fbb2ce960082be13cbf91e16832ff,0xea1b9447707fb3575972066b0906bc4cedb8027b,0.095,2025-09-09 04:11:59.000000 UTC,2021,754,1217,0,0.6195562859490551
0x0c2a5a00bebe431070ed58853e2109bf3a9fd9cec344e26c46bab307c2498af7,0x04e72a3d94071c364b17c2bf1077f0ecb62e816f,0.1388899999999999,2025-09-09 03:26:47.000000 UTC,5,9,1910,0,0.004712041884816754
0x4619fde333a521c4fd67bae258e0893d6fbde8b10c2adc31382206ec01c76516,0x61c2f6ebec36b62074b44ed8047f3e4fa809beec,1.60702,2025-09-09 03:23:35.000000 UTC,0,0,2774,0,0.0
0x5e9574cfaf7b7ee4278673abe888d60e0c1b610933e7c155b36176f4cbc7d172,0x7a3462c3ed2474ab94cefd76eed5c5758d4eaab6,1.57966,2025-09-09 02:48:47.000000 UTC,0,0,2772,0,0.0
0xf2ce0256b01a8058a82b07e04ac1e5f1abe33514c608f80dcd636cc16bbe03b8,0x9e9da506808f37e8e780692810abd8cdaba5ed9b,2.083445,2025-09-09 02:47:47.000000 UTC,0,0,2885,0,0.0
0xe348a66e80136f0db0c255df4d928e7f491a868972f3db1bdd673be537f63bbb,0xc848fd5cfd4491918d5f6588d6245f7df15f6ee5,1.61443,2025-09-09 02:46:47.000000 UTC,19,20,2774,0,0.007209805335255948
0x396dc6199a9ff8207f3fd45ed2a1fc9a71a5b18fcaf2129b9efc5b53e5184e58,0x351f5ab2c06324497f6291cf4e0ca4bd8ecd9001,1.588875,2025-09-09 02:45:47.000000 UTC,0,0,2772,0,0.0
0x2acb419d8d7f72134a316f139eca37e952c7a13f14bded29ea05837bf307bfd1,0xaefee289edc31e4562984a21ab41fcbec49c78ec,1.6244999999999998,2025-09-09 02:44:59.000000 UTC,0,0,2774,0,0.0
0x5330e01e971985e485c6794ec3ae1df753fe05d6a87e7759f6684d1380623460,0x04e72a3d94071c364b17c2bf1077f0ecb62e816f,1.6110099999999998,2025-09-09 01:28:11.000000 UTC,0,0,2774,0,0.0
0x2959283a6c79d99c9ba44a7b3f84eb919a4c43c4608501cd50d428822cc13b33,0xe17fd1cdaf0912dcb0ce12b7e4d361f8b684cf2c,1.57757,2025-09-09 01:27:11.000000 UTC,0,0,2772,0,0.0
0x86f642ecabe51a98e4db87dd708fe8c5f350042f2c06a25b5bfde29362a8b7ef,0x901da75f8f8c0ebc767742287c107e4853c58ee4,1.57586,2025-09-09 01:16:11.000000 UTC,0,0,2772,0,0.0
0x752172cfa947638fcd7c7e6126ffb4df2e3fdb66a975bc813a98dd0aa36fd99e,0x2d96bbf791a1b36d1c723b3813c4e438bf168dc6,0.93727,2025-09-08 09:10:23.000000 UTC,0,0,2471,0,0.0
0xdc7747823e397e3d067ef6e9c467fdd3aeee89f9c4c5a5bbe8593bf54e6a4fe4,0x51b93b5b12a2e9c0a5b2a4033b0ff6a54ce92032,0.817,2025-09-08 08:29:11.000000 UTC,67,28,2453,0,0.01141459437423563
0x3abada7d9f9b852a5825b0a2c733cb133f488beb57d79eec5e7cd9f822a0fa69,0xfb440a758900290bc8e270607cb44b692ee66d10,0.095,2025-09-08 00:09:47.000000 UTC,2021,754,1217,0,0.6195562859490551
0xc83c8393024ec3445b3a22467437c272fd03c2318284b25b108e93f641bd0a36,0xa1f1509215af80a2aa2243bc47db0f9ea9f7f65d,0.095,2025-09-07 20:22:47.000000 UTC,2021,754,1217,0,0.6195562859490551
0x448ab7b19fefc565ece4dfc7e0aa16939d8e05213175bea0ed368809ea4366da,0xcc5128db7f326b20b261e50edbc164beaf344cad,1.235,2025-09-07 13:34:11.000000 UTC,308,302,2731,0,0.11058220432076163
0x5a332246aeadbdc413711252f7c1589b464fcbcb3e4b051868f89cfdfc80256a,0x41a10bdd337a1a18d8267cfc9c438434e832a123,0.10469,2025-09-07 09:41:11.000000 UTC,0,0,1777,0,0.0
0x5e170c96bf4d0d576f192cf2fd49e4b3e7e9662fa704545e21953c5cd60db4c9,0xd4db5b3356a2dc6451c24e5133d503404790f478,0.095,2025-09-07 07:32:47.000000 UTC,2021,754,1217,0,0.6195562859490551
0x702ab064e026f2081277ec78292e07b78728e8b7f3c7357e5885a79e691510ca,0xe107cf800e4582eb239d7ffe6b476a202338b7e6,2.85,2025-09-07 04:37:11.000000 UTC,269,186,2925,0,0.06358974358974359
0x1d12d35fb669627e2db2cfd7c8f18c480b3495abfc742fda74cbefb0452863d8,0x3d39e18a0c9898f562390883a310fbb7e62fcf2e,1.064665,2025-09-06 08:39:11.000000 UTC,0,0,2728,0,0.0
0x846a8181a6a372e11832089b3a1532494426b632d2cf9823b09bcb32cb353d4a,0x2a2b2da66c30f599ec23042d81cf665ca5116dc9,0.095,2025-09-06 05:19:35.000000 UTC,2021,754,1217,0,0.6195562859490551
0xdf6e0c4b4392268019dfd6a5f8b7c3a05b171e55667ad699653dbf0b1e936914,0xd80cb993d88e9385dcae231fb9f35c2374e9cbfb,23.74905,2025-09-06 03:13:47.000000 UTC,0,0,3082,0,0.0
0x5c8043402b80f4f94fd20a1c0e3ed0d9312b039fc8e0d6ea81ecf9ab8c2629ab,0xa44797e23dc5f436618bb02e468b8fcb2d95a1e9,6.71973,2025-09-05 21:35:59.000000 UTC,0,0,3038,0,0.0
0xb3862d3c9251289b056c8724a0d7ffabb95a7e9765e42009279776913bf5f01c,0x41a10bdd337a1a18d8267cfc9c438434e832a123,0.095,2025-09-05 07:30:59.000000 UTC,2021,754,1217,0,0.6195562859490551
0xd1fe51d6b3dcfe8237386a9532c5c4dd89c1a8fb0b8f3cee3dd06b8b739c23e6,0x8b1b69540c19886b89b1cc678e6e1c66c30c00ec,2.813425,2025-09-05 07:13:35.000000 UTC,0,0,2946,0,0.0
0x98708d695da9e4eb8663768bca3839f6c9477f502fe5c67e0025cc66d9447f83,0x997f3c238b20fd9328796232b5b05740bab8a2ef,0.37335,2025-09-04 21:08:47.000000 UTC,0,0,2264,0,0.0
0x45513eab958cd9938ac7bdc59bca5734ff667dc02d96e033af68bcd14d2e4a06,0x1ebe269833815cb9ae7ab88e677d7aee500500f7,28.35275,2025-09-04 20:56:47.000000 UTC,0,0,3100,0,0.0
0xe10c769d68720f1f768025a9f00aca44e641d249405760839074c89e81b07882,0x1f378305a40cd8b5b5289a372f9a529b23ea1875,21.85,2025-09-04 17:25:35.000000 UTC,0,0,3098,0,0.0
0xf5afdfe29d31c4e831c8b24f890a9aec520270068b03bf1cad812b29db2061a8,0x1467a4eccb676c2fe8f66f1c4b359b8b720cffed,5.513324999999999,2025-09-04 06:28:23.000000 UTC,0,0,3050,0,0.0
0xa1d17ef5218fe01a690390e42913487c9cca9324d6e83e1cd7c5eb581f55c46a,0xe6a7b314a4f2bdbe0db25b22403e552646ff121f,0.2039649999999999,2025-09-04 00:06:23.000000 UTC,0,0,2125,0,0.0
0x488b38c8e374c3c7253bf389e46e8e096a09d22513bf0e52893cbe6f6b6a40dd,0x0268c199ece0d4aa1acb08e2716298c5fe4c2c7a,18.69505,2025-09-03 16:44:35.000000 UTC,0,0,3101,0,0.0
0x2d325834c11ae53e4188e82d51465a464f491ddb8cf8d35666b1ca2894ac62c8,0x0a0d752f90b7bf700e29379c7f512c87561e959a,0.95,2025-09-03 16:32:11.000000 UTC,3513,1088,2499,0,0.43537414965986393
0x727887aa4513d25885c4bfe6026ab09b06379c29ac6129eabe5c7a7ca91a643e,0x42dbf634c256acd17beddc1330488f1bea7b8bdf,0.095,2025-09-03 01:52:35.000000 UTC,2021,754,1217,0,0.6195562859490551
0x34c587a118c1bc748c926ab7aa74ca35a3c8744afa80ccabb16d1d459d6ee97c,0x05b262a66d925c9ba5a3b99acc9c1fc1d8cba2e0,33.7915,2025-09-02 16:19:35.000000 UTC,0,0,3109,0,0.0
0xef6cce9647b8b04d38d2153b5b300f9998a1dfe1d60cfa8f7bf9b76706524da5,0xb66e57412f82e1f7751440bc1d022dabb438ab54,0.1139999999999999,2025-09-02 14:59:23.000000 UTC,2562,1146,1865,0,0.6144772117962467
0x9aa5e32e688a2f6978607ef1a2663f1a80e6592d7dd51178a546806f6bcf6baa,0x379606d84240b58c87f2d5b41ed7b5025b2b9d8a,0.095,2025-09-02 13:34:35.000000 UTC,2021,754,1217,0,0.6195562859490551
0xe47a7aa22798fbe11e17cbef832bd95767f304810b0920b711d1eaa448506c6a,0x97b9a1e26ebf088f7fd2283384c99ed86bbed2b6,0.095,2025-09-02 12:09:47.000000 UTC,2021,754,1217,0,0.6195562859490551
0x948d7b56acb647e13683078d8e5828aefe263c36bec4ffd3f4aa10ab1925c46e,0x1467a4eccb676c2fe8f66f1c4b359b8b720cffed,0.475,2025-09-02 07:21:47.000000 UTC,889,703,2316,0,0.3035405872193437
0x71e5a0835f9d9ed2f1b119c802f9acbb257b84884a2ef1dca971e78caf2d587a,0x23802e21c6cd72c091792bfb9f7afc2265cc68d6,0.095,2025-09-01 13:51:23.000000 UTC,2021,754,1217,0,0.6195562859490551
0x6a9f9ae38e41854de645c88a2cf44a8c09a3bf3bf702a2f7dcdbdd517fd95b90,0x8289432acd5eb0214b1c2526a5edb480aa06a9ab,0.095,2025-09-01 12:34:59.000000 UTC,2021,754,1217,0,0.6195562859490551
0xb2631a4e3e4ed787bf66a0feb7d3f364968309582aa321606d39f25badfde89e,0x9b8d772245c5781e9a1ac26b6bbebd34c3cc8801,0.285,2025-09-01 04:19:11.000000 UTC,1262,1020,2208,0,0.46195652173913043
0x5f82ed925591c68c9d8103cfd7c235af6fc30739c00cd49aab117dc79ff24514,0xb66e57412f82e1f7751440bc1d022dabb438ab54,0.19,2025-09-01 00:37:23.000000 UTC,7166,1312,2021,0,0.6491835724888669
0x2cf4076470a39308d7b5cf295aebc4f9b7e8df8b62d2255a4df114384cdfab24,0x546a0cb802377153b4feae052a5ed14c98b3cc9c,2.85,2025-08-31 20:17:11.000000 UTC,278,188,2961,0,0.06349206349206349
0xed3e8044ad5649998373f26d9a6af01ed00e0c37de1dca39f1da05a22aad234e,0xec2e83a4de70b758c46091008181d93a4aabc900,2.42345,2025-08-31 14:13:23.000000 UTC,0,0,2939,0,0.0
0xef84274eddbae9374f5e2b05e4ba8f0f73d397105a220ed20bfd06ee6d525065,0xd10d728e789d94392ecff30ce7bc6d4c6268e0e0,0.38,2025-08-31 10:47:35.000000 UTC,2371,859,2278,0,0.37708516242317824
0xb70240b0f8a1b58b2f6e8e32aaaea930545df0410ac2ef096a39b64c9a73b321,0x4d08ccb5fd9d0c7ed1d8cdeb13086e4388a42754,0.141645,2025-08-31 08:28:35.000000 UTC,0,0,1945,0,0.0
0xe5f38e379c663a6145502bded18ab7de46368843d42b1c3157f9cd37a9dcb06f,0xae562fd4fdd1e5b09bb15c8bb35bb5a25d3b06e9,0.095,2025-08-30 19:25:23.000000 UTC,2021,754,1217,0,0.6195562859490551
0x0b8ed977560f00837063e19d99b99ac0ceb8af497346717253e357f013260da6,0xeaccfba939271824257aaec0b8c2922e68f67e94,0.475,2025-08-29 19:39:11.000000 UTC,897,708,2325,0,0.30451612903225805
0x9023030c8b0e0f8bcde19da72d5dd609cf477123441110ff266f2e2e2a86644b,0xe4e3426e8e98b84c983d5fccd668c35199218542,0.095,2025-08-29 18:29:23.000000 UTC,2021,754,1217,0,0.6195562859490551
0x6db2a5fefef15d18de894255c2b63f1ea8f2301fad7ec023e3c050a850cdc908,0x77d6f7ae221f7e2a624281891a826e7c9d303ba0,4.75,2025-08-29 09:51:59.000000 UTC,429,228,3041,0,0.07497533706017757
0x588b74fc03e3732bf0d1c4ed18b963e1e27bb6e5c8e90ebf1e02e74dcdd72a0c,0x97d5ee644057451be47caf737d444010ffc168be,0.95,2025-08-28 20:54:23.000000 UTC,3585,1107,2519,0,0.4394601032155617
0xc92b10baa6673a3906c30c67ce5efd772e7bea2c5dd4cd269f1715f54282c3ce,0x8e6e6e6ea346be5bac353cad8f48d65b2a1ca01e,5.225,2025-08-28 15:45:47.000000 UTC,59,38,3075,0,0.012357723577235772
0x1edda5cadae8e95223e7088c2346ad01ab16f2e3e00e811d06f77bf9265f6595,0x34f326f9809f43a0829cfd73cefcf274ad476667,15.765249999999998,2025-08-28 06:34:11.000000 UTC,0,0,3125,0,0.0
0xcab6af7b47d89c6b2847a445c8c9cf3573bad11680fd772f007724e8796cea7e,0x44c466f3c93c0890e9f3baf33265976a9096b9a3,0.95,2025-08-27 21:58:23.000000 UTC,3692,1113,2525,0,0.4407920792079208
0x1f328c7158ab0fafe6d2f7e93136b6c387d11f064e354113176fc529c36638c6,0xc1c4ec74429327bb3afd6c57da11771d1414739d,0.285,2025-08-27 16:13:23.000000 UTC,1275,1032,2224,0,0.46402877697841727
0x238a553d5989c7c6b57f43449c3f26b319f4dbca3391ec3553f71dd8d676e9a5,0xec2e83a4de70b758c46091008181d93a4aabc900,0.095,2025-08-27 16:06:23.000000 UTC,2021,754,1217,0,0.6195562859490551
0x7ceef539cb2ad1f18f5db178a3cdab118add3ac6086243f11154403001029c06,0x82a8e300c5bc6a6e7918d3e18b344dab715e2a8c,0.19,2025-08-27 07:20:35.000000 UTC,7335,1332,2041,0,0.6526212640862322
0x68f7c01a28b964dd0201fbe83a7be5346894cb28b3cc34f9e1ac57fdb4c1c277,0xeed7e1c7c9c68611584e8f6230178ce0a48eef7f,0.285,2025-08-27 02:38:59.000000 UTC,1281,1038,2230,0,0.4654708520179372
0xb4990e19b41f22297abcbdedd01f56cd12d910ec3a33ba415688cd2c2ff00005,0x452df71e459d95cdacd1a758a069e4684244bd8b,9.45155,2025-08-27 00:26:47.000000 UTC,0,0,3113,0,0.0
0x4c96e4c4c70fe54ddf2a67401d7a3be49dd9e03ce96d9eadd3fe5c9764bcbbba,0xc9f0e7e64e321cde421d5742b7c02c56a6908331,0.0968999999999999,2025-08-26 22:08:47.000000 UTC,30,36,1223,0,0.029435813573180702
0x302cb73609089b55d5cefcc36fe3e75f20fa80d5f0e693110598a9342c0331a8,0x51aebc79a3e41bd321b0314115fe0893d672f725,0.095,2025-08-26 22:04:59.000000 UTC,2021,754,1217,0,0.6195562859490551
0xd359208435459ad5f5432785c864e8b8523491ae553b667090e84e870fb59bc7,0x80ceea106a8b5f0c5f8b3fb4f87c2b8290469b07,0.0978499999999999,2025-08-26 20:46:35.000000 UTC,1,2,1225,0,0.0016326530612244899
0x612547dbed4025103da907c1083c96387618078009ba75c9f0df583814100e1d,0x52dbcc408c0624909d3a8df578534e4f584cf493,0.095,2025-08-26 20:41:59.000000 UTC,2021,754,1217,0,0.6195562859490551
0xf50604e57f8424d569f6f79bb131cd30aa454d3725b4dfba200e960b5ac83f1b,0x25e97eb260bdbcef18982b7668a0d1fa2db57440,0.95,2025-08-26 14:04:11.000000 UTC,3715,1126,2543,0,0.4427841132520645
0x0c48304ffdb4c87624e49db2cc3536265eb78d7518cf80d4ad4ac2e21f0a68e0,0xe5c995773f44d99525fce8fd0d315729b5cf0b56,0.5623999999999999,2025-08-25 18:32:47.000000 UTC,1,2,2460,0,0.0008130081300813008
0x7c26cfa272526c2a7e3ec30913be775151429e5da32aeff14a340072ec55d2e0,0x74c9d38ee85faeb44851560b7ac8dccc7d23885c,0.928435,2025-08-25 15:19:11.000000 UTC,0,0,2544,0,0.0
0x0b360e2c2461b294e104fde3086d92900bd731b11294bc792d4e392c8dd9ddf6,0x7299428bab3a49eec37ed627ad2f362e2c2f83a9,0.95,2025-08-25 15:06:47.000000 UTC,3739,1129,2546,0,0.4434406912804399
0xf3df60dcb2ed690676553a577ac2ef920d73dc8e84756701480838752b4fd510,0x7299428bab3a49eec37ed627ad2f362e2c2f83a9,0.95,2025-08-25 09:21:11.000000 UTC,3937,1138,2556,0,0.44522691705790296
0x54ae9b7c28f83b6f46a46b4b9ee151b24c959a62db839c1110f0794e79ac48c9,0x7299428bab3a49eec37ed627ad2f362e2c2f83a9,0.95,2025-08-25 09:20:47.000000 UTC,3937,1138,2556,0,0.44522691705790296
0xb3cab7870f16b445e2afd62dec9ae3d2147a664b125e45e2827c3c61fa37aa9f,0xdeafc2d0f07d4c507ddf357ded965da7f6c88efd,22.2319,2025-08-25 00:34:11.000000 UTC,0,0,3172,0,0.0
0x90d6c9653409d0e20799a1c9e9c40c71142ea36fba459bd52bc1900163423ca4,0x27b1e36aa5c25c7b536c68f0a3fb01ee2b2a2536,4.15815,2025-08-24 23:03:35.000000 UTC,0,0,3086,0,0.0
0x6c582aaedd351af153d6ace41373514d4c7eaaa69f9f45d60bd5459cc04cf60c,0x2e3bd4e33281ec73b88233ab5f8b0e52a8d6f913,0.142405,2025-08-24 22:05:47.000000 UTC,0,0,1977,0,0.0
0x8a1ca5048aa6e458e99220758c7b209280b45abd763dfa417f8cabae7d7dc087,0x6d5a0bb99969c5edd46f5c1963156497787aae67,0.6649999999999999,2025-08-24 20:26:47.000000 UTC,262,234,2491,0,0.09393817743877961
0xa9184dc7f36f7d477296373eb7fbc4314e1138551346d3fbc7ae6c9f5f65ca9c,0xd30cc0a1d4e5a642303b85d786766b6be6d50cce,0.1139999999999999,2025-08-24 19:35:35.000000 UTC,2676,1178,1900,0,0.62
0xfeaad24e5370204ac4290fe5dec01fac31f8c799be2b7936b402cdf85049586d,0xd2740f3e455fa6239a47fe7c35e0074bda0109ea,0.095,2025-08-23 23:22:59.000000 UTC,2021,754,1217,0,0.6195562859490551
0xe1554ddeb8a24169ce9bf11eba36107661c9b1cbec2a7da6daa8080db7f78ac7,0xd2740f3e455fa6239a47fe7c35e0074bda0109ea,0.095,2025-08-23 23:22:35.000000 UTC,2021,754,1217,0,0.6195562859490551
0x2eb02f1f95426b1de01d4ff69e9cd2d558b03512af91523671e3fea93cfe5cc7,0xd2740f3e455fa6239a47fe7c35e0074bda0109ea,0.095,2025-08-23 23:21:59.000000 UTC,2021,754,1217,0,0.6195562859490551
0x0c78fdb47dcfd215d3584e05f0a3167ca29125d9b7bd06824a535ddded1d1105,0xd2740f3e455fa6239a47fe7c35e0074bda0109ea,0.095,2025-08-23 23:21:23.000000 UTC,2021,754,1217,0,0.6195562859490551
0xb06076d6fb135a84319a66412fb574c2d607b5d0cf81f473f0d7499cc0cee530,0xd2740f3e455fa6239a47fe7c35e0074bda0109ea,0.095,2025-08-23 23:20:59.000000 UTC,2021,754,1217,0,0.6195562859490551
0x973546361d2f2043808a193c65b27f8116e4f062c23d63882a9bc0c972704795,0xd2740f3e455fa6239a47fe7c35e0074bda0109ea,0.095,2025-08-23 23:20:23.000000 UTC,2021,754,1217,0,0.6195562859490551
0x0f894e3624f9676a3f8366f2ce842e2a8787f3486e1cc5756568a7dc90746078,0xd2740f3e455fa6239a47fe7c35e0074bda0109ea,0.095,2025-08-23 23:18:59.000000 UTC,2021,754,1217,0,0.6195562859490551
0x096666697a4c42532d0a2db5f93b9db0fa36e9e361ceb3d9c25ccc6ed8ce8dbf,0xd2740f3e455fa6239a47fe7c35e0074bda0109ea,0.095,2025-08-23 23:18:23.000000 UTC,2021,754,1217,0,0.6195562859490551
0x348ac0a094fc04c44de6cecfe5e672a986adb96b4d57d0e8704b7fc0892d23a3,0xd2740f3e455fa6239a47fe7c35e0074bda0109ea,0.095,2025-08-23 23:17:35.000000 UTC,2021,754,1217,0,0.6195562859490551
0x0d92920fea738e90b8744f8ca580978387d0b95df0d775b61b25f6c33b000d4c,0x22e5f823c5b9548fa524420814d81597ec47de04,0.1425,2025-08-23 20:41:35.000000 UTC,130,111,1985,0,0.05591939546599496
0xd211b7029000a30b33dcc64d82dd460e66c27128b198f50366d92922d64ce80a,0x22e5f823c5b9548fa524420814d81597ec47de04,0.095,2025-08-23 20:40:23.000000 UTC,2021,754,1217,0,0.6195562859490551
0x0804e73663cac1f8a49f17a282710abf4bc8f3c6fff9031c6b21f296845cc947,0x22e5f823c5b9548fa524420814d81597ec47de04,0.095,2025-08-23 20:39:23.000000 UTC,2021,754,1217,0,0.6195562859490551
0x26b093453340e1782bf1cdc8fdae57d0e545cf44703e5fd53b385231faf2c89a,0x37970b5d9a550c256b11c5755101e3373260e49a,11.8275,2025-08-23 19:52:47.000000 UTC,0,0,3173,0,0.0
0x1948d8d96dc41fd8166d32e20ce676e78e7fe7dd2a0a1c020b640fc21c45a340,0x893abb6cdf9f973f713bc5208c55d098c9eaa4bc,12.749,2025-08-23 18:20:59.000000 UTC,0,0,3174,0,0.0
0xde6e767057a9c653c2832453cb6c7e8d6b5114981e6a35ca915cabb4ab2e0b95,0xd10d728e789d94392ecff30ce7bc6d4c6268e0e0,0.095,2025-08-23 17:43:47.000000 UTC,2021,754,1217,0,0.6195562859490551
0x8045b2ce2dca4f302156fc1a883c9dd7dc825eaaaeebb2e44cf5a37b11868181,0x857c66c8b9fe3284ebdc41591498e10923aedb37,0.095,2025-08-23 14:52:47.000000 UTC,2021,754,1217,0,0.6195562859490551
0x9789457789343f86a58b3385697ca0a5b74e062ba86814413073eaa93df50633,0x73b29ee45bc82caeff590493699f065bfc59c81e,0.1235,2025-08-23 13:33:11.000000 UTC,1188,660,1940,0,0.3402061855670103
0xd64e56aca67c2eb9ef1b466a546487d93598e137accc818711d4212a736ff884,0x7299428bab3a49eec37ed627ad2f362e2c2f83a9,0.1045,2025-08-23 10:54:11.000000 UTC,634,606,1822,0,0.33260153677277715
0x500fe80a4c623786d1f114c96949828f409e4fe972de76e073878104e22ae22f,0x4e642d41226e644aec3d3634aec49c588673aba5,0.095,2025-08-23 10:45:59.000000 UTC,2021,754,1217,0,0.6195562859490551
0xc8ce7530de459b1b47a3b428ee40e3ebb537662759b266f0b90938431763d6cc,0xce92095a8cce2547d86b5bdca894f5be45ae2bd2,2.0691,2025-08-22 01:48:47.000000 UTC,1,2,3008,0,0.0006648936170212766
0x5f12b39af7b04b6a4ca5c3e14328c0192f78151021f8327634f363b804aa3ee6,0xf086a4ba95c5f395496244008b32d2363fa56331,0.131955,2025-08-21 20:53:47.000000 UTC,0,0,1972,0,0.0
0x04dfed9e8c3a7b633e30b3d10fa3f608d3de88e59f72b3b9f219e26011f1dce7,0xf66c00759467c6524b0c86af132bb52786b37382,0.19,2025-08-21 18:54:11.000000 UTC,7600,1359,2072,0,0.6558880308880309
0x25dcb18624b18a1ec5f243e3ef13cb9d4591f48f00099d038d549e8a7ce8101d,0x281c66886ef7b6c02bd31d028a000fc5c588a7a4,0.32908,2025-08-21 15:56:59.000000 UTC,0,0,2310,0,0.0
0x61620216c5b29113765c5c8cfb09dde4aefc3ba5bbca8ce4d9dfe381649499b1,0x25e97eb260bdbcef18982b7668a0d1fa2db57440,0.95,2025-08-21 11:44:59.000000 UTC,4029,1157,2581,0,0.4482758620689655
0x79babf51ac3bd9df64d6108bccb8f776c6c96a1c1c82630fd93a0ce4b99476ed,0x6d5a0bb99969c5edd46f5c1963156497787aae67,1.14,2025-08-20 22:25:59.000000 UTC,983,750,2842,0,0.2638986629134412
0x01acbd4d91b47c1f05aa65d46cb0e4089dbc29e36426f21780fce34944b54be0,0x626a9bd63eae15ad707fbb162a6fa60952f04d37,2.2097,2025-08-20 22:12:59.000000 UTC,0,0,3021,0,0.0
0x67ba293419df80a209293075ceaa4375087bd656b7a7ecfd4e79d2b3e4592660,0x7c8d1c186506df224a4e781b9f4ac6b9f5a40dea,4.275,2025-08-20 20:10:35.000000 UTC,3,5,3126,0,0.001599488163787588
0x32f98edae1bc25b57ab46dd8ec04d0f5909dbc974ebe1bc33a546502fef45edf,0xe5c995773f44d99525fce8fd0d315729b5cf0b56,0.656735,2025-08-20 19:40:47.000000 UTC,0,0,2514,0,0.0
0x2a8085fde133cf79f2940a0ea81d0049a9e4af1634dfd9f79508ac8a6d65f849,0xf086a4ba95c5f395496244008b32d2363fa56331,0.12825,2025-08-19 22:59:11.000000 UTC,0,0,1963,0,0.0
0x85617aa2ab9c893b5895c4ec9755851824bc2fc7ff4f09acf53db9aacc3e0c6a,0x9f3b73637a6b6fc6d24f5d1a7a2cb8c055ba446d,0.1235,2025-08-19 13:08:11.000000 UTC,1200,666,1951,0,0.34136340338288057
0xebcd2d3a5cf851558c52241b2798f887906becb63ef259934a4c22a9367d37ef,0xf31afd56c311def7faa176587645ad6b4cd71720,0.247,2025-08-19 05:48:23.000000 UTC,333,231,2232,0,0.10349462365591398
0xe78738adc18ea3c793e73e6e975470fb314404b33d9f46089eb2851ac4f57b4d,0xf086a4ba95c5f395496244008b32d2363fa56331,0.1139999999999999,2025-08-18 22:54:11.000000 UTC,2726,1190,1912,0,0.6223849372384938
0xc1714aaedd6474b8a02f145b165392d207aff45c96a4e25e72f7fa69a615afcb,0x52ab58c10e9187a79da50f892ea4801aad58cb00,0.095,2025-08-18 16:33:47.000000 UTC,2021,754,1217,0,0.6195562859490551
0x7d9c48d410489932d2946044f54a79a823903a2d9639256930e42667e1315db7,0xce92095a8cce2547d86b5bdca894f5be45ae2bd2,0.095,2025-08-18 09:18:47.000000 UTC,2021,754,1217,0,0.6195562859490551
0xf37ea8acc95aaee561e7730e0da2025b83b54f413343b464c2ffee720b46e51b,0x6f6dd9b9446260628a20ca44bef4fdaf8ce4af14,0.418,2025-08-18 06:06:11.000000 UTC,86,75,2391,0,0.03136762860727729
0xe36dd4482d34e7304f284f318c8f6f31e3680e7bb14bb5fb2741429280605b10,0x4ba4d4e9e3a6f395a0a17ba95b29dacb08d9fa76,0.095,2025-08-17 12:38:11.000000 UTC,2021,754,1217,0,0.6195562859490551
0xd7355176734a711a1bf07b97f4ff5da3f500f06a17b8369de58f856af756db6a,0x8279e27193e9a21d9510936d417a7f5110d6890b,0.19,2025-08-17 10:14:23.000000 UTC,7910,1379,2091,0,0.6594930655188905
0xb79ad2287dd76d2484ed46c49f80a0138ddda106252d55f19aabd162baecf701,0x23802e21c6cd72c091792bfb9f7afc2265cc68d6,0.095,2025-08-16 06:10:11.000000 UTC,2021,754,1217,0,0.6195562859490551
0x395e8a56f88f2c410aa5d1920036fe871b77798ab8cb2320a148ff14c094c137,0x9d0fdc0012ac0439c0e856fb55c0f31fa21aaa8c,0.095,2025-08-15 22:32:23.000000 UTC,2021,754,1217,0,0.6195562859490551
0x82fe9e2b5c376b3ebfa4fb8f6dafb5680eaf5ba545d1b17aa9988172208c5597,0x9d0fdc0012ac0439c0e856fb55c0f31fa21aaa8c,0.095,2025-08-15 22:30:11.000000 UTC,2021,754,1217,0,0.6195562859490551
0x01ae049e246e708fe552b892c5897d51805daa3ca08a49f0bdb3ed15d39bef4c,0x6e4ef292755ea6b13467f1585630918a9d129884,0.095,2025-08-15 15:12:23.000000 UTC,2021,754,1217,0,0.6195562859490551
0x8799320a2f6699b3bf7a8d239a0ed092cdb12862fc3121bd9bba4cc6df9aad9a,0x44cee63cc38b8c3f92f65b7237e45e7b27531dab,0.1139999999999999,2025-08-15 13:03:59.000000 UTC,2775,1200,1922,0,0.6243496357960457
0xe480bf08529b1b6b4ecc04e894d9eabaa5ec9bd1a0efc90a87ee3502bd3cad8e,0x25e97eb260bdbcef18982b7668a0d1fa2db57440,0.095,2025-08-14 11:00:35.000000 UTC,2021,754,1217,0,0.6195562859490551
0x1e2b795c58f22ae6df7d2f85bad4bffb2d5d0f123fe5e6e710da8ae47b900bf7,0x271bfdc2a269d2ec92687f85a131e882a708a789,0.47785,2025-08-13 19:48:23.000000 UTC,1,2,2416,0,0.0008278145695364238
0x84ab9d4cdfbd43685a8085343be51bf3ae7556bf231234759778726a464b5270,0xfdd74a62b2d405f70246a4ca6bfb3488c8e9a00b,1.14,2025-08-13 14:01:11.000000 UTC,1262,766,2883,0,0.26569545612209505
0xa4cab343107fa8ac4b282d5f64f3fbd027ce9b135ca7b509e3fbdfacff832c5c,0x62ece183f6343332a8b7207e7ac16ba60bc86804,1.4249999999999998,2025-08-13 13:57:59.000000 UTC,155,106,2911,0,0.03641360357265545
0x90fba70f567b88886808dac6e4453ff72abda6a2f62a1f522475e1600baa2feb,0xf26548644bdcfa194128d6bb6761a3ed3feaf90d,1.4249999999999998,2025-08-13 09:55:11.000000 UTC,177,109,2918,0,0.03735435229609321
0xd8763f7102ed1801c62664464af4b39acb0da4cda17a3698068854c86a6460b1,0x75b78c92241711fd6f9eba0a1b0ef096b313b3e8,0.095,2025-08-13 08:24:35.000000 UTC,2021,754,1217,0,0.6195562859490551
0x41e76a62a68aaa518d21b3da1de226309d4834c4ff8375bfb2a4de3dca5e7581,0x3a0e6b374fcc051172ab4fcc3599f245bbaf02a2,2.85,2025-08-13 08:22:59.000000 UTC,316,221,3109,0,0.07108394982309424
0x932a9a0ade34b178a004bbbb69b9987ad703daaa55b304ff0ed15318db6f1bab,0x48d5ee995bb8aa673cbfdee350db0f0d85cf82d9,0.494,2025-08-12 15:20:23.000000 UTC,69,72,2422,0,0.02972749793559042
0xdc6f2708f08348ed0e2ac5effa6c8b09130d9186f9d70e0ae7b2d8f59a704a26,0x21db0901e08752a5c09bc25ad2061971b637dfb2,0.266,2025-08-12 14:47:47.000000 UTC,875,822,2290,0,0.3589519650655022
0x1e0be8c638e0ea22892d432a465aceed7c92d3a3d4f39f9945646eb26ba72e0d,0xd262d146e869915444d0f34ecdaabab5ab43007e,0.095,2025-08-12 14:38:35.000000 UTC,2021,754,1217,0,0.6195562859490551
0xee7feb6c9dad60d554ceb69340a2243cee2da8c0861398c80e748f9ce22f7e12,0xc23025b9e8669bb09534d0a6916091748b5d78cc,0.095,2025-08-12 13:20:59.000000 UTC,2021,754,1217,0,0.6195562859490551
0xd5ee099b47a9e1d82af6bcf5b84b816f13477a4b6937b19fdf5d75b41499f97b,0xbffab3ed459ad6512bf49585c055d7dc688f6177,0.095,2025-08-12 10:27:47.000000 UTC,2021,754,1217,0,0.6195562859490551
0x0bcfad0e4dc522deecd002a08ab290e8332cca5c3355d14e56adc2cf13891d2e,0x5b0c636ec905e6297652c340d6d575e8cdab4bfc,0.1994999999999999,2025-08-11 13:14:35.000000 UTC,50,61,2120,0,0.028773584905660378
0x56979b57fe8910372d6385fc0527019c94382afa005ee75c66d837002a5fe59b,0xbc8daddca2dcd52be0d4e71aaa9db88189178500,0.095,2025-08-11 12:58:35.000000 UTC,2021,754,1217,0,0.6195562859490551
0x015c0522a57d7fdc201e1d5e3dca07ece427d5e6c8e58b018f30d2f34b853411,0x366c89128bf229f0ae117f5829cf5cda191fe5bc,0.19,2025-08-11 10:41:35.000000 UTC,8056,1400,2112,0,0.6628787878787878
0x2f6d4a6480d5a11054937690bc12993fb2f3fa9876faaf7d3cf5df5929cfc121,0x97b9a1e26ebf088f7fd2283384c99ed86bbed2b6,0.095,2025-08-10 23:15:47.000000 UTC,2021,754,1217,0,0.6195562859490551
0xf8b795131c5cf7a30d560d9c0449e92c723fd8ab65265eb2f6ff2b447053a65e,0x10a0df0118a7322221e8700b3a3196fdda8c042f,0.09766,2025-08-10 23:00:47.000000 UTC,0,0,1224,0,0.0
0xe298820a5cd9c7f08e5fe54a09d8ef0e5d4f68681c4d30cff2138168fe109f3d,0xc35b15796c039ec6a574409c0b95cf906cb260ca,0.0950949999999999,2025-08-10 22:56:59.000000 UTC,2,3,1219,0,0.002461033634126333
0x5f31cf7bc0659eb543b2c22e8f89fbd253980c7cc7dba46755fb29241ce64ca5,0x511cf8b7fcbc28476aea3e574dd3f4a7973bd5b6,0.095,2025-08-10 22:51:35.000000 UTC,2021,754,1217,0,0.6195562859490551
0xe10412534737eb1bf405b6d546b2faab2bbf1441e7e2d59fcbcfdcb79d5bdb83,0x3294d22e76c10227a77389290c9df4709e4e8362,0.0992749999999999,2025-08-10 22:47:35.000000 UTC,0,0,1230,0,0.0
0xccd9909fe62aa40e55505eecae0028488ddc4b4d4b34127ff972c55e18591731,0x26394373f96950025da55b07809c976a4768c995,0.475,2025-08-10 02:03:59.000000 UTC,1082,824,2443,0,0.3372902169463774
0x63f3ddd03106c86195fed0a9fad782f33e6ed7cf2aecbc8228309fcce61be179,0xdcbb368c73dce534c4fdafd4da722b5826948e09,0.475,2025-08-09 23:26:23.000000 UTC,1082,824,2443,0,0.3372902169463774
0x271e3cf1e018ddf5c573a1cc67c803eea7a0f53cb8aff55baafb425ba2a70c94,0x028b2b9adca1bd1263086b0b221713a684968817,16.15,2025-08-09 15:15:23.000000 UTC,3,4,3288,0,0.0012165450121654502
0x7b1b703cf8f5d7376e9db98f6a706f94ff479f288b8e409a7448537549b4f35b,0x850596444bb1921ef60e647f0951f766c6359c83,0.95,2025-08-09 07:30:59.000000 UTC,4155,1197,2646,0,0.4523809523809524
0x375357dc168c9ac299a76ca1862d66586132702cf43e0f114da442961b380dc7,0x87a4b3e26d17c88c8e22b605bb211f3b92c659f4,0.095,2025-08-08 16:37:11.000000 UTC,2021,754,1217,0,0.6195562859490551
0xc6ca07fe7f2f8b0d6db928eb212adc87d25dca316d50a8b7d89dcdd395621624,0x18869fdda7562bc0932d8e7de4de66946ad10d7a,0.5795,2025-08-08 11:45:59.000000 UTC,10,15,2562,0,0.00585480093676815
0xd1060dad8d54a5e1c8f1229bbbe2c7895f778b214adcb7e834931ac67510bbd5,0xd562c6a4d0d8bb3143a4738c3fc989da8a5df957,2.48615,2025-08-07 22:59:11.000000 UTC,0,0,3129,0,0.0
0x400756cb5904e48317b18bd7f230862d55783cc9353cf0b20a6835e3dfcbf357,0xe0e9aaf27993f96735fc91a9d89c8207a4d2da6c,0.95,2025-08-07 16:36:23.000000 UTC,4183,1202,2652,0,0.45324283559577677
0x9476be46bb09f714d7fde79ab331936042e6f11caa221a42295a879b72966397,0x3e720f62db92cfc9f486c9d739e7753feac83faa,0.1425,2025-08-07 13:20:47.000000 UTC,179,144,2043,0,0.07048458149779736
0x1f9df76f9d19aa248a4a85c02e976f0f5750a642793d46a140dfd43d316059bf,0xb9d2faa0cdb1b0961bec2622b9431e6475182fe9,0.106875,2025-08-07 09:01:23.000000 UTC,28,14,1876,0,0.007462686567164179
0xe55509ee08587e06fe20812cffd7d9a0948fc3e89f92824444c28299db61c9fd,0x18869fdda7562bc0932d8e7de4de66946ad10d7a,0.4464999999999999,2025-08-06 20:00:59.000000 UTC,1,2,2438,0,0.0008203445447087777
0x7e79e0e2b9c7ce0aedb2f64bcef024880d5662a3cb23ccd5726bbe52c7bd5472,0xb03f5438f9a243de5c3b830b7841ec315034cd5f,0.095,2025-08-05 21:23:35.000000 UTC,2021,754,1217,0,0.6195562859490551
0x2ec8e556a98c7165eec56cb0019ac90ebc84cab0bd943e7ea7111adb4356e4cd,0x505755e3b7136e4bd39f396c0464313e37ed2346,0.1709999999999999,2025-08-05 20:51:47.000000 UTC,1724,861,2120,0,0.4061320754716981
0xbe1f8e697a7794249538191ca833a60ea9a89ec467076adb23f287edbfca32d1,0x7b55dde4af02e55bfc2e9df49126234a01af0c3a,0.40375,2025-08-05 19:22:47.000000 UTC,28,30,2438,0,0.012305168170631665
0x8667602be348d6de22557a6c396e3120ac2b43bffe06f5c189f3aabb9c1090f7,0xe99ae4452b0f4099f0ca435f5153d0f3ac331b42,0.1425,2025-08-05 00:26:23.000000 UTC,179,144,2052,0,0.07017543859649122
0xf7bec3c0fc8fa406f5b3f6e3d47331456d681903f187eeae682ddc6c5e72b6f8,0x9446968d53569d1a700c78620a1b42cdefc4b3b1,0.0978499999999999,2025-08-04 22:40:47.000000 UTC,1,2,1225,0,0.0016326530612244899
0x717c7cbcdbba487b6ea44739c290bb3cbd617bd827903bdcc5c0ffd4859fc02b,0xc607b2a6ae9360d06912bfdcbcd1abc8fff9c1ca,0.095,2025-08-04 22:31:47.000000 UTC,2021,754,1217,0,0.6195562859490551
0xc997eea33932d78be4e94ff6649215e74fdbd22f430623c1141837738147e986,0x45280c50e7b4575ac6ffd532f4c99ac8d2df2c8e,0.09595,2025-08-04 22:21:59.000000 UTC,4,5,1221,0,0.004095004095004095
0xbbf029ef6db122cc782034774e80511ff827036293fa02b17a80026ec936e539,0xe1554f7fb788b08a98f210f95f410bf4d0dd4727,0.4845,2025-08-04 22:01:23.000000 UTC,5,9,2466,0,0.0036496350364963502
0x6682c3b7afe5318552c512c1d7117f8529fcf7e811cc6aeda8066df6ade350bd,0xb9d2faa0cdb1b0961bec2622b9431e6475182fe9,0.94506,2025-08-04 21:37:11.000000 UTC,0,0,2665,0,0.0
0xfa59dc986f75e5eb2f7b68d4b1ed06685cf653a0f1671ed16e1afc15cb20cbf9,0xb3071bc8838cab347be299c42f8edd0fb484d946,0.3285099999999999,2025-08-04 21:00:59.000000 UTC,0,0,2383,0,0.0
0x5e4a39c66967dec300083468da64c57602810a53b8a3a117f484ff9b02400d6e,0x3376e07d0105ceb66e828c488de7eab8b0e07472,0.0997499999999999,2025-08-04 19:23:11.000000 UTC,6,11,1232,0,0.008928571428571428
0x05d65a2953ece90e92644971856866bc2e14ec607d37300e4f49bac774a63ccd,0xe847349a33ee0a90ea094b26fac76b2678fe67b1,0.09595,2025-08-04 17:44:11.000000 UTC,4,5,1221,0,0.004095004095004095
0xea408b65b5a703290e491f60ae0c16143f2c5b2376e1fc49dae01bc9df9d4108,0x5346ed0d98c195a53a12b301eb9275b54be68105,0.095,2025-08-03 19:37:11.000000 UTC,2021,754,1217,0,0.6195562859490551
0xc80a7ff0e3f315ed21b491459c22e00a9a4f569b573e80021e7e5a8235668aca,0x701129ce30a8795a35db3bc4b9fb904eaa82034f,0.2375,2025-08-02 21:08:59.000000 UTC,928,933,2294,0,0.4067131647776809
0x1b31efedbf7604fafef78ec61c69af0f99b11556a159ce353cc032f1da870d42,0x882c2f4b5399a34d5f85f0d5f72ad164cc676a43,0.10925,2025-08-02 12:47:23.000000 UTC,16,13,1896,0,0.006856540084388186
0x3b7c757fd750c5a99b2a2d47de69d6e9f36359dfdfbc7ec559b717c10a72d52c,0xbc8daddca2dcd52be0d4e71aaa9db88189178500,0.095,2025-08-01 22:52:23.000000 UTC,2021,754,1217,0,0.6195562859490551
0x6e749b8a7b274b7180a82e7fffae64984901c83a11f8dc600925720fd13e70ec,0xbc8daddca2dcd52be0d4e71aaa9db88189178500,0.095,2025-08-01 13:11:23.000000 UTC,2021,754,1217,0,0.6195562859490551
0x05e9b8c473cdfe349fcfdaae7348f1b65bf1d69a90f7c9107939ffda2e45b256,0x201c7570ab12b9adf03fa02398b1d42b83f715de,0.1016499999999999,2025-08-01 11:10:47.000000 UTC,1,2,1833,0,0.0010911074740861974
0x72fcfa7e7284cab31f161aaa2a6d23b9edf7ade3490ed2adca04e087147b63fb,0x56d4eef047b36003ecee5623341729c9cf31cd5a,0.095,2025-07-31 22:24:11.000000 UTC,2021,754,1217,0,0.6195562859490551
0x07daae3f299ff37012de060b9a304f126b43a2b304c9f495ad18b07bd192c7f5,0x56d4eef047b36003ecee5623341729c9cf31cd5a,0.285,2025-07-31 20:26:47.000000 UTC,1486,1201,2356,0,0.5097623089983022
0x16bc8fa6ad69a382882d41e5a4b7bbfbc46f4b207bb3b24705f392ea0f98184b,0x22e5f823c5b9548fa524420814d81597ec47de04,0.1425,2025-07-31 19:40:11.000000 UTC,191,145,2062,0,0.07032007759456838
0x0ff00d62174b4bfd9f9cd729e513980c3fdf6c239923be787fe6950d9cbe1773,0x22e5f823c5b9548fa524420814d81597ec47de04,0.95,2025-07-31 19:37:23.000000 UTC,4435,1236,2686,0,0.46016381236038717
0x0c5801f5d4dcf7374b42d876c5390c0e927c31b6bf0e9759ded831bb1ae8066c,0xf9a25a31977a05d13b2cc877a1827358495e8233,0.0997499999999999,2025-07-31 18:25:23.000000 UTC,6,11,1232,0,0.008928571428571428
0xfb839497d1568862e08f3a8f45bc4d0242418948700ef56966fab80cd68a5f36,0x4afb019cefb65e49a803336ddee706c90b4f5c23,0.3135,2025-07-31 14:46:47.000000 UTC,51,60,2397,0,0.025031289111389236
0x86947640754df1e40c594fce53366a965380b99d4b4c35162f9f041f64e26e70,0x56d4eef047b36003ecee5623341729c9cf31cd5a,0.095,2025-07-31 12:30:23.000000 UTC,2021,754,1217,0,0.6195562859490551
0xc97b7b74a27360ea32f059811572641086effc8c496651737d233345bc2ddadc,0x6fd81ccfb782ef65959500ba676b5ce22744c990,0.095,2025-07-31 09:51:11.000000 UTC,2021,754,1217,0,0.6195562859490551
0x3fbeb87a368daf227c5bdea89c18ac975a5be6849dc3b1cda883455bc6879a66,0x79665885da5a829abc2694ca2f2202718367d5fb,0.1045,2025-07-31 09:04:11.000000 UTC,675,647,1869,0,0.3461744248261102
0x6eccd9af27ade6345b5661a57f964a582bef67c5d4b4db8b36822a5e96541852,0xd664637671a42a9b7248af9bb6c6346defc44032,6.65,2025-07-31 07:22:11.000000 UTC,16,19,3305,0,0.005748865355521936
0x7b30485e37db390c33008da0f48f25b0d803f0c50a7f6918d4432e1380834131,0x2c02a99229c015638c3ea851c404c4ab07bde29f,0.7314999999999999,2025-07-30 21:04:47.000000 UTC,1,2,2635,0,0.0007590132827324478
0x12c9d50bc93c560f7a197a001a94939fa1d914dd0b8e1fddc3e83fb8987bdf44,0x3e58e62649f0ad6b628b213eb97838990d9bb1c2,0.4769,2025-07-30 20:25:47.000000 UTC,2,4,2484,0,0.001610305958132045
0x0373f0cf8dec46b89161ecbfa945e680965677c2f11d5ceb6eef37d46b2bb915,0x32aa30ccd7aa1c688e4f23b386ce542ca3bcde23,3.61,2025-07-30 19:59:47.000000 UTC,206,107,3249,0,0.032933210218528776
0xbc9f5a055c1878ec73743e150b74c9f82f1a147958bad9a0f4ab87a0f43fa791,0x2c9715380fe5b6adaa26afc00681cd6ba3ec04c1,1.102,2025-07-30 15:18:11.000000 UTC,1192,285,2969,0,0.09599191647019198
0x93ec463860d6f244bf914960f9f77dedbc04da892c90c5d79e322b0cfa00af56,0x511d44830b7ee4193a7c1ca75a1f6780310acb6e,6.536,2025-07-30 05:23:35.000000 UTC,1,2,3313,0,0.0006036824630244491
0x2cedc2e747a872db081a54fcb8ac768638c11be44eb6ab9fa4fa6fa3900ed077,0xcb989f08b6cdb0fa8da01ef5a474fb2cc020b35b,2.375,2025-07-29 21:31:35.000000 UTC,102,107,3179,0,0.033658383139351995
0x07680c390df103777fa30afee8462e6fa84e28a8ed981530cade7738a0eb9058,0x4afb019cefb65e49a803336ddee706c90b4f5c23,0.57,2025-07-29 11:52:35.000000 UTC,2339,1297,2606,0,0.49769762087490405
0xf27313cfb2da066fa084e89d9bb44f5ab0e190ae9db7d0099edde6e6315cedaf,0x224791b5f50d93f560f2fb6c3c47bb6941fd2dd0,0.2375,2025-07-29 10:24:59.000000 UTC,936,941,2314,0,0.4066551426101988
0xdea58f97176cf23f7f6358fa53dcdcb39c19d070fe456c8d56408b70d98ff2eb,0x5b11c55c107b5e6a26b0a6fa4b0fda0a24797d58,7.9135,2025-07-29 00:03:35.000000 UTC,0,0,3328,0,0.0
0x5c823b639c35e503e9fa64f0ba2a8252f44e3fa8976732c6a7a4d1da018d0ebe,0xe99ae4452b0f4099f0ca435f5153d0f3ac331b42,0.76,2025-07-28 23:54:47.000000 UTC,3529,1268,2658,0,0.47705041384499625
0x13f053a048faf23187ea6dc2e797d3d8cf1a724335eebea74e0d07ccca608a89,0x533d882977d3b09cb65cf7e07a7bb67afb8399ef,0.26581,2025-07-28 22:34:35.000000 UTC,0,0,2366,0,0.0
0xb45298dcb5bdaf2bf227899d3bf08c70d167ef816bf7d14903a410e6560b9104,0x81f8aa64a036d8a2ba8d76d4b6cf1ec4207eac7e,0.095,2025-07-28 15:55:59.000000 UTC,2034,757,1220,0,0.6204918032786885
0x5cd1c52042b8c332951c03800b468b2b84ce2ec94e7f34e7c961196394a24171,0x462b0bae0b07c013fd33591f59641e31110647a0,2.6505,2025-07-28 09:11:47.000000 UTC,10,11,3207,0,0.0034299968818210166
0x939c3a0c45560e7bbab9f48de66803436fd9fd039dc3e813b9bf7e5ee9a1e4de,0xf6600b581fba4f890c288cda4739288f6d25326e,47.88,2025-07-28 06:12:35.000000 UTC,0,0,3371,0,0.0
0x3dffb8ac9fea55c77fe0555b8d9e30cce7e273d8c083c0d0e47deb00d1937e77,0x161602d7b4c37b8d2fa9aff0408298b1f7db5899,0.95,2025-07-27 20:52:23.000000 UTC,4506,1251,2705,0,0.4624768946395564
0xec97b61af2f437765263a82799c042c719a1a1f6a9ca5c1b9f7cb05aca7e9b3b,0xbf7f0485b9e94b0a69782c12fdd3942d7120b556,0.475,2025-07-27 15:13:47.000000 UTC,1118,849,2497,0,0.3400080096115338
0x9cdaf5e5b8d04c876f52a1db584f05bcf5b80f3468d3ddfad22032cb9d50283b,0x4aa46316ef8e33ca29b79b912aa5a1d46c57bf53,0.095,2025-07-26 20:45:11.000000 UTC,2034,757,1220,0,0.6204918032786885
0x4121c1c521f90daac98c72dfc9098863b590f9b54621e0f992b7ddca0365eabc,0xbc356c42df057ce65b9c2aad30c9956b878f76fc,0.095,2025-07-26 13:13:47.000000 UTC,2034,757,1220,0,0.6204918032786885
0x5cef5d7afdde9bfb008f44fa1e52709744a108096f223f5c46b6611f413461f2,0x597076433419736483644ce44064e00ac22446a9,0.095,2025-07-25 22:32:23.000000 UTC,2034,757,1220,0,0.6204918032786885
0xbce3270cf356c3f46c69ecbb5c5540f89394b6399f522168734aa576aadb0b5b,0x2c9715380fe5b6adaa26afc00681cd6ba3ec04c1,0.19,2025-07-25 16:10:35.000000 UTC,8665,1457,2171,0,0.6711192998618148
0x2216ddc9b29deafee253e0d9be29eb913c46e5763b63cd6eb0472f31ef1e69ff,0x476c755bdc9f9f1c34b83559a30082fedfdfe23e,0.19,2025-07-25 14:28:11.000000 UTC,8665,1457,2171,0,0.6711192998618148
0x378efde20114beb774fc0d315993ec8a365d87f953a56cf5d007e510c3832691,0x4afb019cefb65e49a803336ddee706c90b4f5c23,0.532,2025-07-25 10:13:35.000000 UTC,63,67,2617,0,0.025601834161253344
0xd8cca19afa96d0c4e6cfaadca2ab760ce71f851a1867b9a39357d4631e44d0be,0xac50ce326de14ddf9b7e9611cd2f33a1af8ac039,0.475,2025-07-24 21:03:47.000000 UTC,1136,859,2511,0,0.342094782954998
0xa77a110db9f8c2da60e301808d2ce746aae648b93469a9927c254370139f6eca,0xa0a3573c66f12e2e0c8701e93be52cd24c2177b6,0.76,2025-07-24 14:00:11.000000 UTC,3562,1296,2681,0,0.48340171577769486
0x071dcf3927863d55e08688370bc23496e66c8227ef21d4f8d72840095f6d2c0a,0xe1f9e14500e3ae8a7fa2a979b24bb7bbf917f0a3,0.817,2025-07-24 13:53:59.000000 UTC,84,33,2703,0,0.01220865704772475
0x1d2860a5fe78c80bad058b71c6b501a9d03585b20e1ddcde2aaabe4cada59821,0x546a0cb802377153b4feae052a5ed14c98b3cc9c,0.2375,2025-07-24 12:46:59.000000 UTC,948,953,2336,0,0.4079623287671233
0x3a82d3d1b3bd31a3e2206456c997f8a2151e59169decc17ebc9395b93b4ef635,0x74c9d38ee85faeb44851560b7ac8dccc7d23885c,0.095,2025-07-23 21:06:11.000000 UTC,2041,760,1223,0,0.6214227309893704
0x245a658b9248b51c7362cb45b0103fe0df58e80fd34ee9b02e96bb71c5164ac6,0x18365615cd7ddbe00e8a6d72e7f544d9d77ba07b,4.75,2025-07-23 20:14:59.000000 UTC,447,241,3314,0,0.07272178636089319
0x3c1809760ea3dc1bc340603d158fe98ae7a368579f32b0543bc0509d5ebc14c3,0x95590c1209883843f86a11f2a06277cbbf4f77e7,0.4275,2025-07-23 18:22:35.000000 UTC,124,129,2498,0,0.051641313050440354
0x48c78c608d7de27331cc9285408135eadd22e80cadf9652473f40a52a4cd9731,0xcc5128db7f326b20b261e50edbc164beaf344cad,1.2825,2025-07-23 08:13:23.000000 UTC,3,5,3032,0,0.0016490765171503958
0x962a2380e3c030cf93839a8bf361f4012f93da9ca3addb845856a9ecc700fdfa,0x026514e6e8eafecf68c1733fec50ba1b42d9db19,0.0968999999999999,2025-07-23 06:48:47.000000 UTC,31,37,1229,0,0.030105777054515868
0x8a4297289c6867e884e821f3ab41584015f91124897963284cbfce275cf12f1f,0x4df67d8fb2553cf4c9e87103aea7c7ca77e855b6,0.95,2025-07-23 04:19:23.000000 UTC,4613,1279,2734,0,0.46781272860277984
0x6f3980a778da45f7dc644136b7c8b991228fd99db661c30afe1b7091d7615f81,0xbb46f79c0779a10b6b200fd773786f24daabbbb3,0.19,2025-07-23 04:12:59.000000 UTC,8741,1468,2183,0,0.6724690792487402
0x3e9d79a4a73c2651686a78e28c2f72fb0286bda340f2b8dd97a0b93eabc886d1,0xffe271fc41ecce146e14e518561b6943fe056978,0.095,2025-07-22 18:43:11.000000 UTC,2041,760,1223,0,0.6214227309893704
0xf491a7c9364365659030f6f878e10882804366f2e9e236fa43a3079a4b2e1ee4,0x0721c2d78499ec02e50e4201d06c822d896676a4,8.664,2025-07-21 17:27:59.000000 UTC,0,0,3380,0,0.0
0xe2c0d196b8289596cc0689f7c0fd3ae188e5dcd19e8b3444bedbff5e9534f421,0x605389654f7057266927aec4a0342106da686ae3,0.095,2025-07-21 16:45:23.000000 UTC,2044,761,1224,0,0.6217320261437909
0x125947d0e785f051e194c89fe34971d2bc296b32ee02635949c3bc6917100a04,0xe4d31ac2bf5e673c513f38baeb3a7365fbd12179,0.095,2025-07-21 12:24:35.000000 UTC,2044,761,1224,0,0.6217320261437909
0x5ab90392ce2f107e40b44a67fdd077b9912ebeb28666b13de8b2c89a1c85b8d7,0xcb989f08b6cdb0fa8da01ef5a474fb2cc020b35b,0.095,2025-07-21 10:30:23.000000 UTC,2044,761,1224,0,0.6217320261437909
0xe62c7ac1557a29d87bfa0d112929ca324c42a2cb6233387a9d31ad38ac0ce593,0xe99ae4452b0f4099f0ca435f5153d0f3ac331b42,0.285,2025-07-21 02:34:35.000000 UTC,1535,1240,2401,0,0.5164514785506039
0x7add3d56df941b7bad2ed90a5be8028bc24eab4a68225ea5721ba29d644310b3,0x5bd07249115373c2f069da83592706fac4e70c66,0.095,2025-07-20 22:39:23.000000 UTC,2044,761,1224,0,0.6217320261437909
0x6a3b21dbe57de126d305a7a7a6d529a6c0a9c12b32868905e918b58bf58042a1,0x1d64773ff6f016187f926330719dac805a5f08a8,0.095,2025-07-20 22:04:35.000000 UTC,2044,761,1224,0,0.6217320261437909
0x34a6cb5c90df7dbb7aba0a4ea7651a51a769141a712a63ccf9f949f29f7c4d48,0x0f43150e96bd5ff48909c6b3b5a029aeba8eda5a,0.95,2025-07-20 16:53:35.000000 UTC,4658,1285,2740,0,0.46897810218978103
0x1ce3cdb3737628794096090cfaaca0cf729af1b97da0facff5b5f3f8d009ef40,0x0f43150e96bd5ff48909c6b3b5a029aeba8eda5a,2.85,2025-07-20 16:45:59.000000 UTC,385,283,3257,0,0.0868897758673626
0x7dabbc40a3eda817940e53abcb7cfcc25757671d37a8d9982deb88a38ae39c54,0x70cfdf57a42f3ae5a3ac21352f149f85b521221d,0.95,2025-07-20 09:56:11.000000 UTC,4665,1286,2741,0,0.46917183509668003
0x7c6f15124c63196b283f15b01e57df8c29034a49ae670f9ffdbaea70304da9bf,0x4ad74b4503c246c249f43d0b512516a4e11cd94e,0.095,2025-07-19 21:38:59.000000 UTC,2044,761,1224,0,0.6217320261437909
0x154fa9cc07dcb500ea01eac339345883c7307125e700b27dae6b7d1225b1d642,0x0f43150e96bd5ff48909c6b3b5a029aeba8eda5a,0.095,2025-07-19 20:49:47.000000 UTC,2044,761,1224,0,0.6217320261437909
0xd46b83dc3997c38997cb097343b22bbf766246b7716eb86016253cc692e96e7e,0x46f2ade9d359e19c7edfdf99289f2d8f16f66872,0.095,2025-07-19 20:26:11.000000 UTC,2044,761,1224,0,0.6217320261437909
0x38eac5e8d145d8bf1ba50315ab7693643d3009b9a50be433127a572ade4ab6e4,0x744e827ab69b0db3a559198efb7d2efee0868173,0.095,2025-07-19 13:40:35.000000 UTC,2044,761,1224,0,0.6217320261437909
0xf849c8141c17067c0ae6dcba202c2ec2b1db9c08bdcbcec17f455cb5486e6e96,0xf31afd56c311def7faa176587645ad6b4cd71720,0.2375,2025-07-19 08:43:47.000000 UTC,953,958,2345,0,0.40852878464818765
0xe19d36061fb53f8732b45522b09d677218c615fa5e6a4eb548b9fd3c6cbc194d,0x3335c8536d7ee848050143fb63c2c1260911122b,0.095,2025-07-19 06:10:47.000000 UTC,2044,761,1224,0,0.6217320261437909
0x5a8afbce8e8eb9009ffdb22dd2ab8058e36cd0921a1b0efc3a1c78cf9e9d63ba,0xdc6b04b4e40fde7c0e9ee1171f913febdbb4b88b,0.38,2025-07-19 02:50:11.000000 UTC,3308,1527,2476,0,0.6167205169628432
0x3199cd0833750cff9b9a69cf80aee3011c009f386324d9b6108f3b12968fd3ce,0x81f8aa64a036d8a2ba8d76d4b6cf1ec4207eac7e,0.095,2025-07-19 00:01:35.000000 UTC,2044,761,1224,0,0.6217320261437909
0xb493381bb6155c4e4b2ef0ae9b9006a34681a4f7bad821e19acef0daa2b3c46d,0x114853761603242af9f305a8bb7fe051a933c1d0,1.045,2025-07-18 22:02:35.000000 UTC,929,421,3021,0,0.13935782853359815
0x7f834da698b4efc062f413c40f5751e82bc2ef24c38f7cf5b4badd75ad2bd8e1,0x601dda54ce10e68799ac8ac98c3fbf0f44c555e2,0.5795,2025-07-18 19:33:23.000000 UTC,10,15,2652,0,0.005656108597285068
0xbc901f6e449e3ee77a369e318271b8662eb42851d5ebf4d024b2427ca7f8b75e,0xc1f2ba10fb398174e65d63f8edd1a8e3e8623a57,0.095,2025-07-18 18:40:35.000000 UTC,2044,761,1224,0,0.6217320261437909
0x17eda0b1f0b4d2d923a00abe2c5805a923073059c5a46972aa1525e500af2ee2,0x6de93683648e14ccfb0d2957189337bac52d5a76,0.7979999999999999,2025-07-18 17:49:35.000000 UTC,28,42,2704,0,0.015532544378698224
0xc06ee45903574d3b47642b3af6bab63c20d7fe384c0338b2a767ee554526c5b6,0xcc5128db7f326b20b261e50edbc164beaf344cad,0.95,2025-07-18 10:04:59.000000 UTC,4685,1290,2745,0,0.46994535519125685
0x8328ceec4869c404f79f7b0bc8c0ee5f1e47857dfdcd1edad6d6813197e97c46,0x94f5a2c492a0ab1c3da2187bb2ed6fad696920ec,0.931,2025-07-18 03:08:23.000000 UTC,34,37,2747,0,0.01346923917000364
0xc0eab0b4e9ed6b165924d46c381c7edf838c96098999aabd1297e7f38bf60e50,0x4fe1b4328392505e69e6353ce334d24c8dd8f11a,0.095,2025-07-18 00:43:59.000000 UTC,2044,761,1224,0,0.6217320261437909
0x4bcfa038fbe3a5d72776f68cf3808bad7177b888d9f8cbf62ac386cf581034f9,0xbc8daddca2dcd52be0d4e71aaa9db88189178500,0.095,2025-07-17 20:15:11.000000 UTC,2044,761,1224,0,0.6217320261437909
0x5f99fdf51f2916f6e57ad29a7d4e1025a64eda260a4b430d52413619412fb838,0xe8876a0d28e7e722463fd6c9d554fea049530217,0.095,2025-07-17 03:14:35.000000 UTC,2044,761,1224,0,0.6217320261437909
0x11154b457ee673340117a9b56ba0800947ea13d0dc925a3be7b4b65fe36a8fec,0xf074c8744f2ed791ed3d774c416746ca064bcdd2,0.095,2025-07-16 14:02:23.000000 UTC,2044,761,1224,0,0.6217320261437909
0xc0a6f2feb18fbe8b5ab59e0b7a60070a4d408a39c7f5875967f7f69cd5bb302b,0xbc8daddca2dcd52be0d4e71aaa9db88189178500,0.095,2025-07-16 09:21:23.000000 UTC,2044,761,1224,0,0.6217320261437909
0x6b5d0f7727abaf34d5b11437b90f9351d00dcc8645ed39267d0d2053e8e21efc,0xa889e7180989c8c96b62c5049f0f0508ff2f3f00,0.095,2025-07-16 06:50:23.000000 UTC,2044,761,1224,0,0.6217320261437909
0xadf7575c2f69c5c3dcc8cea5f0ec030850f60c197c9688194246a707df946a99,0x4e72303d3768695fd6170ee721f9233df0a39602,2.40844,2025-07-16 01:37:59.000000 UTC,0,0,3258,0,0.0
0xb63467858302c8f776373bafdb29d41e3d097c781b33dc2739ae73154b83140b,0xb3071bc8838cab347be299c42f8edd0fb484d946,0.095,2025-07-15 22:39:59.000000 UTC,2044,761,1224,0,0.6217320261437909
0xc6af372f0bbb5602edbe25bb11679c135abf825afb4b9d1c99d4eccaef083ea8,0x3752dd83b47b9e1b023c566b8db53aa98571dafa,0.25175,2025-07-15 17:51:23.000000 UTC,2,4,2403,0,0.0016645859342488557
0xf36e4b85ea827ec603480f78d5097cd6468987bbf19c52954fe11f7c90d392d4,0xd20e342db297646a500a980088723c9e8af9810d,0.095,2025-07-15 17:44:35.000000 UTC,2044,761,1224,0,0.6217320261437909
0x3bb50136f73b66fdbfc78feafc7fe4d40efbc6bef66ed9bb36c9132fd3d0b41b,0xe410d1b0be93c63945c64f81bb4c96dfaaad3f9f,0.57,2025-07-15 15:22:47.000000 UTC,2457,1356,2672,0,0.5074850299401198
0x86fb9456d4e7840ab283c17ae9927c13c65cdfd4a2b4e5e7540ba9d5eb756b67,0x3d42c8fd1b077de1d37a8e598355d9a6e7de0e13,0.095,2025-07-15 05:48:23.000000 UTC,2044,761,1224,0,0.6217320261437909
0xf257a6594c667979f3ce01afb3e73dd72e79606945abc243da86fd5be497376d,0x3d42c8fd1b077de1d37a8e598355d9a6e7de0e13,0.095,2025-07-15 05:47:35.000000 UTC,2044,761,1224,0,0.6217320261437909
0x494e58beddebfd9bcf357a38c2db9624a1d954f7e6dbe35f57166ecfaeca7cbc,0x185fbf0f21fbd956404eef1a50462e017486dae3,0.475,2025-07-14 19:37:47.000000 UTC,1186,889,2554,0,0.3480814408770556
0x2f813d9e29d874f4f053fc9da93a5cff91a46f4e3b7b244b14c2fc3cf6a0754f,0x6c14002b741a74c0496cf704a3817a106c5000dc,0.2754999999999999,2025-07-14 10:56:11.000000 UTC,18,26,2422,0,0.010734929810074319
0xe01a6ce0c007bbde45e34cfbb73baa7f2a0b5ad53fd8e3e4523fab2cdaec8af3,0xcd7e71d05ae449362ad98452767ed867ce1b5762,1.6625,2025-07-14 09:39:47.000000 UTC,4,7,3132,0,0.002234993614303959
0x6f8e88327cbb0395aafc4d391137c6d2a5749a07b75b11f89009971e94aa0acf,0xf7ae320a2e28470883e2b1c046563b6bdcc4ae9c,0.1886699999999999,2025-07-13 10:11:11.000000 UTC,59,61,2204,0,0.027676950998185117
0x9c9fa57fcb0bc70607a36db951ca8011f1278d633fcadaa6a9cbc2aaa463fbe8,0x09528b6c6fc792eff0c70563c9b4c4c6e38da61d,0.095,2025-07-13 05:33:47.000000 UTC,2044,761,1224,0,0.6217320261437909
0xf7b3d70be0d43a1364c8d95eaec11b44887eecb97b43556b49b59672232068e2,0x6dd7ddb3383bc6264ba075b60d2c870e2cb6dda5,0.1120999999999999,2025-07-12 20:59:35.000000 UTC,57,50,2036,0,0.02455795677799607
0x903a6f32994c67735b7dc2e5fea799975b6e7db50cf00c14df03502290c52440,0xa6a89322ea3b7a132f41ce9436379bad76029a6d,0.285,2025-07-10 21:35:11.000000 UTC,1589,1288,2450,0,0.5257142857142857
0xc1f5a7bf8c79d3f3134c0afa0abc85136582dd435fe25b5a19efbb9376ed31df,0x24a0be3f076a4e3e83f4a4ba5a24bff3e11bc04e,0.095,2025-07-10 15:58:23.000000 UTC,2044,761,1224,0,0.6217320261437909
0xb5ec3e23148e94b9b66bd6ce26407b6738e14f3d3ec8eab4c48d8925f1a0c9e0,0x8289432acd5eb0214b1c2526a5edb480aa06a9ab,0.095,2025-07-10 15:04:23.000000 UTC,2044,761,1224,0,0.6217320261437909
0x9fd484e3206763d3e77940cb4b40f2f00de24afe93a21c67cd2d62b55d460bc9,0x3bfd575ccb6eae464d298ca83c4c64e9f175e5d5,0.475,2025-07-10 13:33:59.000000 UTC,1210,913,2579,0,0.35401318340442034
0x910300cf6a8777d0a8590ab11504013168519942d8d1ca86360fc53feb10e6bb,0x3bfd575ccb6eae464d298ca83c4c64e9f175e5d5,0.095,2025-07-10 13:33:11.000000 UTC,2044,761,1224,0,0.6217320261437909
0xea40cb6eb24fc330373236e16d83b9cd8d7731a5e823a8be085d64fdd307d3a7,0xabee677800bef9fe022c3d5dcf3c7653f9b5aec6,0.475,2025-07-10 09:31:35.000000 UTC,1210,913,2579,0,0.35401318340442034
0xdac42e95809aad82661af2e62a9322cebba57a064f6b476923d4605b139391e7,0x1870e58a35b526d403edcc902a8cd07b755ce8ed,0.095,2025-07-10 04:03:59.000000 UTC,2044,761,1224,0,0.6217320261437909
0xa97cbc9a1fabf7cdc9576981bc34a551e1af9c313acc6b8dd7a399e76e93a330,0x5105c5911fc6a24d11a9e24f15fb2189a7ae86b7,0.95,2025-07-10 00:00:11.000000 UTC,4823,1353,2809,0,0.48166607333570666
0x079cbfcfeeb6bccb3ddea94e31f698fda75ed7a5e0ca9f5761d44739ace86a7e,0x8ba4a1fcb66c760b38f42886ccbde59a9f15fbc9,2.85,2025-07-09 21:04:11.000000 UTC,393,287,3334,0,0.08608278344331134
0xf36883b7bae21b3c34c8f24a064b4164ca5432a637067551a8ebcca7d895b81d,0xbecf5922ade3f6e33a95cd9fab5a3b650428638c,0.11875,2025-07-09 15:29:11.000000 UTC,641,646,2072,0,0.31177606177606176
0xb181430d98b0cbdf5bae03e24bae232c627417ff8743ec05cbf6ade8e38a7685,0x297bf847dcb01f3e870515628b36eabad491e5e8,2.85,2025-07-09 13:30:35.000000 UTC,393,287,3336,0,0.08603117505995204
0x7b8cfde21121426189adf25a0897f986362639a39b46df3e53851effb48717d6,0x4e72303d3768695fd6170ee721f9233df0a39602,14.25,2025-07-08 22:25:23.000000 UTC,5,8,3493,0,0.002290294875465216
0x81d3866f7fead59cef1019901428960ebba718ff3f483ce78411cad90b2d45df,0xf5fe364d18f4a5a53badce9a046ba74cfc97f6fb,3.42,2025-07-07 22:12:23.000000 UTC,74,86,3392,0,0.02535377358490566
0x389379b74cadbf9f7cb5e48394ead5736bf2d364ea1ecf81d3f4f625c931bd44,0x1b16547e828bc3a3bad331d8dfc39d6097c6be5d,0.19,2025-07-07 16:15:23.000000 UTC,9302,1531,2246,0,0.6816562778272485
0x3801b6a66eb9fc3e3cf439872994c3039ac5ba5c851effad07f2ab9b226b3b6d,0x839395e20bbb182fa440d08f850e6c7a8f6f0780,0.475,2025-07-07 01:40:59.000000 UTC,1241,944,2610,0,0.36168582375478925
0xb74e0654bb49295fc8627e389bd79c73d87a0b92c0667ea9fd63d5fbd9b8d733,0x7085ebf5623417e2ae4f92a5426104fa48b9356f,0.19,2025-07-06 16:14:23.000000 UTC,9482,1551,2266,0,0.6844660194174758
0xc0da246b6bcc8f720ad9cada7b2da3e49288e3b9fabf7c77d64ef1c1af5118d9,0x24feb1ed6082aef23fc1bdfbcbb6775ae43dca8b,0.874,2025-07-06 05:40:11.000000 UTC,22,27,2834,0,0.009527170077628794
0xc6a3e6a1ab3c3d689f158ad9ad99477b3eb54b4069db12d2e23fdb50d1392036,0xbf84451ed403f2691f6c901d5252f01998144676,4.896774999999999,2025-07-06 04:56:23.000000 UTC,0,0,3459,0,0.0
0xc47303fa1696eae5df17148b0fcc533a937e5d48e516ba3f944f01da4b56d5ee,0xd35bd744c7074f803df09f12292812132e879334,0.76,2025-07-05 19:46:23.000000 UTC,3694,1406,2806,0,0.5010691375623664
0x40e032718334a7c93811581718874a80df0d6521a1860d67ff40f3e53d0940d7,0xa3cb04d8bd927eec8826bd77b7c71abe3d29c081,1.615,2025-07-05 15:14:11.000000 UTC,209,106,3217,0,0.032949953372707494
0xd29020d8b5428e69fb08c57a23964e3c6f4def46861f13d5ac26154099ceca2c,0x21fa6d244fa72182fc79ef16a065398f6e4fbf7f,1.045,2025-07-05 08:23:23.000000 UTC,962,435,3153,0,0.1379638439581351
0x5986b64107396024ee6bb1532a78f9ec22fe3d47e8de1e800789efd3889491fc,0x119f67eaae78d27ef5701594f377d5c79acbe81f,0.95,2025-07-05 07:28:47.000000 UTC,4893,1424,2865,0,0.49703315881326354
0x05f8a3011ff297144c03cd7ea1e2f06f63b054771f6cad6992e2054353a92355,0x119f67eaae78d27ef5701594f377d5c79acbe81f,0.95,2025-07-05 07:27:47.000000 UTC,4893,1424,2865,0,0.49703315881326354
0x0319ea68c1f9952606193df3aa77b67eb77656d1ee5ce8e5e8541722e31d2ffe,0xbf84451ed403f2691f6c901d5252f01998144676,11.97,2025-07-05 06:51:47.000000 UTC,62,27,3547,0,0.007612066535100085
0x9d62be80a6e49e1649de60cf06991a057ac4265b07908c0106a9f3416c9d3190,0xbf84451ed403f2691f6c901d5252f01998144676,2.375,2025-07-05 06:12:35.000000 UTC,110,116,3378,0,0.03433984606275903
0x05e8b20272b5e48a3bde860a40718c224db94cf0a41cfef104aca189c18119e1,0xa0cf67412ce9fc54d53b40c66fea7da052e091b6,0.095,2025-07-05 04:56:11.000000 UTC,2044,761,1224,0,0.6217320261437909
0x16ac6dd2307334d0a5186e2096629a22514b701755c7d6e4c6809358320673c1,0xcad035245a7faac6af2ac3f996ff9e54555c458c,0.095,2025-07-05 04:18:47.000000 UTC,2044,761,1224,0,0.6217320261437909
0x5cf96a4bd97918e5cf4160655f12e6b3910a4d58261bd6080ff92748eeb24aca,0x5fee64e614e411c1c8080fbd37a67670515ddc51,0.09595,2025-07-05 03:50:11.000000 UTC,4,5,1228,0,0.004071661237785016
0x5a9be9a115d191611fa2bf84a83010a442fa7e720e281a746bf947d990c069d9,0xc5bbd8bfb44183d68efb48fa8beed267f861e4ea,0.095,2025-07-04 13:02:47.000000 UTC,2044,761,1224,0,0.6217320261437909
0x443beac4ad5883c6776c4c05c889a7c2c3dc41be0476777965d352d30982e205,0xd03517a64e074185bef130069baecc6e21ceef0c,0.1994999999999999,2025-07-03 22:03:35.000000 UTC,58,72,2333,0,0.030861551650235748
0x02ee2baafffa268e0dce2459ba0985f71e35a5a5d806d406b90bd942e7c2e0ab,0x8c707dc99b2c093432d9b119513c50eef6472235,0.475,2025-07-03 15:25:47.000000 UTC,1289,989,2674,0,0.3698578908002992
0xb63112986a50b12b4d3f3f3b3b59a36eaa35dbff43f5ed04081812fba1923586,0xd03517a64e074185bef130069baecc6e21ceef0c,0.1029799999999999,2025-07-03 08:07:11.000000 UTC,1,2,1998,0,0.001001001001001001
0x584ab2cda229d2b778d4bc422d462910ce3f6eea6b80499ef1604a9da647c288,0xd03517a64e074185bef130069baecc6e21ceef0c,0.10279,2025-07-03 07:47:47.000000 UTC,2,4,1996,0,0.002004008016032064
0x4339b735b40ddaa46818bb15bee804aee611cd09397a7fda6a6f9a61cefafae7,0x70cfdf57a42f3ae5a3ac21352f149f85b521221d,0.30989,2025-07-03 07:20:59.000000 UTC,3,5,2587,0,0.001932740626207963
0x55281f62f4faa123ec6515e106bfac14a2619b47a65efde684b4a69806e45f08,0xa5528d0f072dbd37555780bf47c52f104339f359,0.09595,2025-07-03 02:08:23.000000 UTC,4,5,1228,0,0.004071661237785016
0xa9cad8af1b55aaed879f2a797a8c62540290b167498b90d4631ccc77a9caaed6,0x275154c5a3957574a11d9efcff6029eebde7a99c,0.09595,2025-07-03 02:06:11.000000 UTC,4,5,1228,0,0.004071661237785016
0x2d3d500eb3df53e8bfe005af54a3f013c8034329ca8973a2b5d6bfbd3f46570c,0xfb9bc529294e12179beabfc391b94a8a82bfd17b,0.09595,2025-07-03 02:04:59.000000 UTC,4,5,1228,0,0.004071661237785016
0x20553ac166200e26631b639698f290b19eb97f6b986d5e4c163bb2d3159a16fa,0x678d46d386aaae703546d6df7937c04eb4bd8b94,0.09595,2025-07-03 01:59:23.000000 UTC,4,5,1228,0,0.004071661237785016
0x7fc34b31263b9d5a901c8a5e4593b55443965959ac1f06674a2286c2b93fb935,0xd41dc8d75400ef444a4db448229fdcbb2c89f92e,0.09595,2025-07-03 01:57:59.000000 UTC,4,5,1228,0,0.004071661237785016
0x348b4ddd081e90ff40ae0ac8c14e396d0d9628b07c825ef781b926550e066ef6,0xdebcadc3b7de2a4fc156421a307018d7ecfcc78d,0.09595,2025-07-03 01:37:47.000000 UTC,4,5,1228,0,0.004071661237785016
0xa4d6a3e1431e0e98afa76d28e190f5404e8a93c0f65e4d87b07432edf119ee24,0x01ef2a55b0179a8b38de2d335a18866a086ad54b,0.1045,2025-07-03 01:36:23.000000 UTC,828,791,2017,0,0.3921665840356966
0x52f57090be2855ea1f2a9fb8400c21e04341d53095d37824ab11133a78d7c812,0x29e3fcb9f4aad6225f359de66f3e81e643ac1dcb,0.608,2025-07-02 23:55:35.000000 UTC,933,849,2809,0,0.3022427910288359
0x5d785c18506856853e309bfef3c3bbfa763a5ed6d7f3ade06dd91db58dbee194,0xf7ae320a2e28470883e2b1c046563b6bdcc4ae9c,0.855,2025-07-02 22:12:35.000000 UTC,213,165,2875,0,0.057391304347826085
0x22ee662f27095df565d53ecaaa9cf015d22d657b8a69a773836261946bed6d2b,0x1870e58a35b526d403edcc902a8cd07b755ce8ed,0.095,2025-07-02 19:16:11.000000 UTC,2044,761,1224,0,0.6217320261437909
0x94155b25dad10ebf4d40c3139e1aaf564671f89403d5d9d27c62682647c17096,0xa6a49d09321f701ab4295e5eb115e65ecf9b83b5,0.095,2025-07-02 13:38:11.000000 UTC,2044,761,1224,0,0.6217320261437909
0x7c18ffc37709118217b43dfddbe06c338eea6f9596cb28343fd59b3398e7b832,0xabee677800bef9fe022c3d5dcf3c7653f9b5aec6,0.95,2025-07-02 11:13:59.000000 UTC,4923,1446,2897,0,0.49913703831549877
0xe11f49eb92009b1d2532b2f8baf277a93375215fd0ce98d57005e5b08cfd0d6d,0x1dac73f3d00052d7e815b41e7b1b5cb241aa4d70,0.95,2025-07-02 11:10:11.000000 UTC,4923,1446,2897,0,0.49913703831549877
0x41cdefe7154ab39df51e0b9fe72eb7d5627fe01238e86d5c86cc8fb03809e060,0x8c707dc99b2c093432d9b119513c50eef6472235,0.95,2025-07-02 10:41:23.000000 UTC,4923,1446,2897,0,0.49913703831549877
0xe05e9f0f04aa93081249410915083f8eb7dd49dc5a3690961f58d5bf5082870f,0xc519b4c3d8d37d37193dd00700c3fa2e7ba2a03b,0.095,2025-07-02 07:53:11.000000 UTC,2044,761,1224,0,0.6217320261437909
0x5fc5782a825447a1e5fbeb8ca3edd063bee4860a1c49fd9d786d9dac219ae3f3,0x79ffd749e216cc7c3f21e39e1b193424abe1271b,0.095,2025-07-01 22:11:23.000000 UTC,2044,761,1224,0,0.6217320261437909
0x8042f6985ddd773d30026a435cf8381323f388400c0d1dd5c04dbd1ef06d64de,0x0e28e01a6d75d916a3cd592132bb5ad68b01489c,0.095,2025-07-01 21:11:23.000000 UTC,2044,761,1224,0,0.6217320261437909
0x1fb192f11ca14268c2eae9f38135048d8f1261769ccd906481aaef0b3288e41d,0x00236feeac26ef92552e3981096350d136084c64,0.95,2025-07-01 21:05:47.000000 UTC,4923,1446,2897,0,0.49913703831549877
0xc3be6669925bc5b7b63d5036c20c1b08b05093fd42c102791f8b2f09aad67741,0x70cfdf57a42f3ae5a3ac21352f149f85b521221d,0.11115,2025-07-01 19:31:35.000000 UTC,21,11,2125,0,0.0051764705882352945
0x96b97447c7a6a9493a18a42e922a233ae016a4ab6f57b5d7e12c4b22b0833d29,0x11db936175d9e8e944c8f1c39fbb7683097d1d64,0.095,2025-07-01 08:01:23.000000 UTC,2044,761,1224,0,0.6217320261437909
0x2ff42a0cec0fb9e0673d22ba520dab78e43093c8e2bc9b1cf13996c5fdf8dba3,0x5bb993f7cb0821a29a2810c5d5fc2ed77bbbe720,0.0968999999999999,2025-07-01 06:47:35.000000 UTC,31,37,1230,0,0.03008130081300813
0x575b8fdfd2022dc565023fb58e8249624ce6e5ede0e35f5a74c2cb1f524f69fe,0xeda156b0a133601b831eb08041e05338b7ad9556,0.1026,2025-07-01 06:43:59.000000 UTC,94,82,1998,0,0.04104104104104104
0x72f853c51d1a2c2f1b183893bd96b8e2b4314bf8416f042f5f1f3f4f65ec581d,0x9c2166c55100979c98a191d994c6af2b9ef7e977,0.095,2025-07-01 06:40:11.000000 UTC,2044,761,1224,0,0.6217320261437909
0xee04d034de6b4edb656331e071185f5a1b3e1b1632b437c4bd43b9888b64edcb,0x727cf80eb2483f7a2a743d2683c9d22cb1310420,0.0973749999999999,2025-07-01 06:34:11.000000 UTC,0,0,1230,0,0.0
0x1b15bf68ea0e5ab854af5c96e2f4b7f20ba4b4ef9b387500f14113f786ad37b8,0xfb2904ab8cbde0e9d9f1f3aca84e513afe3fe430,0.095,2025-07-01 06:25:11.000000 UTC,2044,761,1224,0,0.6217320261437909
0xf768babce88f9e602eb0367be2afc3edeb2cd62bb5b97256840ef82505bd8618,0x26000c7b8623d75a136b696efb24d20035422875,0.1045,2025-07-01 06:24:47.000000 UTC,832,795,2022,0,0.39317507418397624
0x34791cb1c20599eb70842c6796a987fac32d4e77e36cd602471637d944c73533,0xe5222d206bad88e87263d64bd4a37b194d94e103,0.1139999999999999,2025-07-01 06:05:35.000000 UTC,3462,1411,2141,0,0.6590378327884167
0x976278e13b3f9a387484b9b1aee227db2faf03dd45c0539ce6c81cbd80da79fb,0xa5e115665aa052474cc13a3adb6d4be7d5924dc4,0.0997499999999999,2025-07-01 05:43:47.000000 UTC,6,11,1239,0,0.00887812752219532
0xbceb5c3df96a8759400b635b2b758961819e538fc213c3d302048ae03f10832a,0x2b5232f0dad882cfb2ef58ac6666e85b1c12b8f7,0.1026,2025-07-01 05:29:47.000000 UTC,94,82,2003,0,0.040938592111832255
0x0d89f31d99fa794c10b74a9cd08dbe348b667d6a2a6c00fe54d43990aa8626fe,0x4264f16674a1db44d93dbe588fb538b8ced4708f,0.1045,2025-07-01 04:25:35.000000 UTC,835,799,2026,0,0.3943731490621915
0x2c8b6c0e862c14a2d0040006b29441f73c213e189d4847f03ba3908566194844,0xf5ca1066cbc498dfd2a7a3f4b77ac6d9a977e55f,0.095,2025-07-01 03:32:35.000000 UTC,2044,761,1224,0,0.6217320261437909
0xa9ff3879fec0e96f5e6100c5b6648647e2182a0882283fa71796b0784fa6f6a2,0xd9ab650e990654d8ecc0ae61dcf421dc82af877a,0.095,2025-07-01 03:25:23.000000 UTC,2044,761,1224,0,0.6217320261437909
0x3d9242b85bc287f325c3abd72b8672fbc3bea84508b3e13fbaf90f91fc6e1c20,0xc628ab0992f9124a0c67b7cef15ec06fd2d5a55a,0.1235,2025-07-01 03:04:35.000000 UTC,1618,900,2194,0,0.41020966271649956
0xf4e652e803e71a409114382b4f69c4933f8bee5bb6355223b4e73d3cc276c9c8,0x0bc2576f271fd7986b657e217c65edd4ceea1d5e,0.1139999999999999,2025-07-01 02:56:59.000000 UTC,3484,1416,2147,0,0.6595249184909175
0x7abb6e6bde91c2c35218a8bd8faa0cd6285248ba9c24aab5103db5d1b128096b,0x29db2eed10508b02cb9fcda112f7175f92d77fc8,0.0997499999999999,2025-07-01 02:49:47.000000 UTC,6,11,1239,0,0.00887812752219532
0x6a3dc0dca8e07eef7c27238abb4426984ddb7b82288a6d59d88fca222dd96498,0x9c77bbcfa116b3fcfb8adabe2644b58d5bfa2cdb,0.09709,2025-06-30 21:09:11.000000 UTC,0,0,1230,0,0.0
0xeb1b510362423aa22c7a6fd5c349ccfdc7848f8618dbbdbf8c81d457fa78dfed,0xf141c38649b8f23d50d6d142b15bd3013f146068,0.095475,2025-06-30 21:07:23.000000 UTC,0,0,1226,0,0.0
0x9746e60197d09cd8e53626d25d20f6250c74bc4479e2cd8aaba2b88e33acecab,0x603d549367e0875d21a01f47b0b3077c5b31e033,0.0968999999999999,2025-06-30 21:06:11.000000 UTC,31,37,1230,0,0.03008130081300813
0x43d9d3391d5b0ab5bf7f7a644674cfedf136332a11f22bdefd33ae87673127dd,0x0b83636c5f80eb1ac1a81b6ed9c89c33eb2848e7,0.09595,2025-06-30 20:58:35.000000 UTC,4,5,1228,0,0.004071661237785016
0xaa9be73a24d0e4109379232fdbd0fb762049787b831ccf4e27e7fde5c017fde6,0x496833404b2e0789ce145eed86ed7e4618bca2ba,0.09595,2025-06-30 20:56:23.000000 UTC,4,5,1228,0,0.004071661237785016
0x7a9000e65e68cec77a039f6ce32f8466b62ab9306fc9483eedf842198e35d823,0xd35bd744c7074f803df09f12292812132e879334,2.375,2025-06-30 20:42:59.000000 UTC,111,117,3427,0,0.03414064779690692
0x9a29d5b3267120d9c11a69188b6acce341dfb24d2be6992f00bebbac7eba7bd5,0xc746e836b1dcda99becd548f967c920252603896,0.095,2025-06-30 14:35:47.000000 UTC,2044,761,1224,0,0.6217320261437909
0xdb294fa6240b6c3923c413095dd70d59df982abe2adb7c34bc59d7d067c4b06d,0x8289432acd5eb0214b1c2526a5edb480aa06a9ab,0.095,2025-06-30 14:31:59.000000 UTC,2044,761,1224,0,0.6217320261437909
0x21c9ea9f2a4edeaf39e64d328b023b7562f83178e1928c62a74903023d2ee291,0xdaf10624bdd955ccf895d1a4e4e7798b6b3dd31a,0.102315,2025-06-30 11:31:35.000000 UTC,0,0,2008,0,0.0
0x728f3c59005d0c8d2329e7eabfb0015505b2e4d62960ba297386de5f976ac78b,0x16804098fe9172c68c70e8e629e87c5b8c7b2bd3,0.19,2025-06-30 11:03:35.000000 UTC,9978,1619,2350,0,0.688936170212766
0x1c7231b05a8384b78a461af11eb585b586aa16f0e3c0dabb66ef06aefa0fd818,0x8a60e3edb5d9237f4d8731b000fd9e9471d08963,0.095,2025-06-30 10:47:11.000000 UTC,2044,761,1224,0,0.6217320261437909
0x61ea907ef146a35555f46c25bee3b104fa3f9bac64fc2bbdab580c02afdbdac3,0x0f66e90b70e44eb3a3faeff82b9bf7da2953f0a1,0.095,2025-06-30 10:35:11.000000 UTC,2044,761,1224,0,0.6217320261437909
0x181d0c12007800848c20e0ddba74fde6c559ac192a6a64a7c12c31b6ca0f20af,0xdadbafd6b2d7786b4436f276d62dae68ddb47bfe,0.1045,2025-06-30 07:22:11.000000 UTC,862,807,2036,0,0.39636542239685657
0x41181242a2daf9cc8c64e64078159639b16b477742728a8ad5b612f2df6d47c1,0x4c3e5120a0da357a7c933bb9cc27a2aa93126979,0.0997499999999999,2025-06-30 06:29:23.000000 UTC,6,11,1239,0,0.00887812752219532
0x17eb2a02717b92d3bfd7d91dfa2232b09abae1f558dc398dbef75ff00264da55,0x1e2ffcfc71a841dbcbc7c5147a1e665f1cd5b137,0.475,2025-06-30 06:26:23.000000 UTC,1316,1005,2706,0,0.3713968957871397
0x4acfabde95ed1985ab2921c8b4f5205e94196c600bb3f2d92590b957c4e839c9,0xb009bf5c7526943f214fc6d2086a8e1dd1873064,0.09595,2025-06-30 04:59:59.000000 UTC,4,5,1228,0,0.004071661237785016
0x6f5289edaedcd380ebf9b434fad9182c53bb57f8633006709b6cacc517754635,0x0b5a2a20ed3773aa33274f6684e97810338c09cb,0.1805,2025-06-29 09:02:23.000000 UTC,42,54,2349,0,0.022988505747126436
0x47b64148d5d06e3fadd0b55803e77bb5ad80cd736290bea916abf3cf79e304d0,0x11ca9bd63a36bc59109d94aae3922fb05fd94c9b,0.608,2025-06-28 12:37:47.000000 UTC,951,866,2846,0,0.30428671820098385
0xbf43e6a8814b1cb892ed39e511954d574cd5da0e32bcc650e29969a0ab5843f7,0x784e7d6b6dc65b182aaacf033f1d2f5f6508ae22,0.95,2025-06-27 09:09:59.000000 UTC,4993,1499,2967,0,0.5052241321199865
0x5175008328b246acc6b2e3bceb3ca596063b9f45e56d41121a99f0a15c6e0c36,0x907725fe3a7c6b89db872c7442b46ad8a1d5c222,0.095,2025-06-27 08:47:11.000000 UTC,2044,761,1224,0,0.6217320261437909
0xf2a6a725eb5ca3c3ad9835cb5d46dacb579639fbf801994be70b5caf30a0b5ff,0xd269dbee0f83f10a9e750885e4f17bb416a6c09b,0.095,2025-06-26 16:37:59.000000 UTC,2044,761,1224,0,0.6217320261437909
0x0e86dd7a7738313628150eccbf055d0494f6edbe803ed11299d9f00933273d2b,0x5f926956f6f14c4d28537d7f821a8730b5eaf3f3,0.285,2025-06-26 13:13:47.000000 UTC,1749,1422,2614,0,0.5439938791124713
0x8967491ece580e6f63884331d4f21c1312f70d0eb10b0acaae4635a0bc6ddba9,0x8ed44000983b5789798b43af9d8d9c1e1e2093d0,0.095,2025-06-26 10:58:35.000000 UTC,2044,761,1224,0,0.6217320261437909
0x395041abb9036428efe2ba762274b659bce98412b290f4e13fc7872c1c16a11b,0x8ed44000983b5789798b43af9d8d9c1e1e2093d0,0.095,2025-06-26 10:58:11.000000 UTC,2044,761,1224,0,0.6217320261437909
0x2fbbde3583d40ef5f1e8cebd2d22279bd64c9a6b52c36bd04f3bc0b77c3df346,0x0404d4fc86ed8a843f25bc5da6b99cd56385f89a,0.095,2025-06-25 22:28:23.000000 UTC,2044,761,1224,0,0.6217320261437909
0xa33a0cbbff0572fd967709fbfd3f196cc25179a36871651e13965ac59127ed73,0x339ab752aa3a19e8bb7dc77fc021defbb0bdd3a3,0.095,2025-06-25 22:06:23.000000 UTC,2044,761,1224,0,0.6217320261437909
0x098e8c1ff431595bffe4a279a2c58f12bfe1e628a269a3ff6efd675318d6ad64,0x5105c5911fc6a24d11a9e24f15fb2189a7ae86b7,0.095,2025-06-25 20:14:59.000000 UTC,2044,761,1224,0,0.6217320261437909
0x572224ed6816e868dd2346faf6b6bf00eb2fbb4530c306ce18bf2dfd18a1098e,0x355ed535f8cf182c133e0bca87df7243310c0d7c,0.1035499999999999,2025-06-25 17:15:23.000000 UTC,33,36,2061,0,0.017467248908296942
0x4f95c2cfd9038c8680dc95d83bbe5ad96dd4486c73b8f2a5c4aedb4b77aeefe0,0x66aa5a2c7de67bf40de6f29b7e14bda793d2dcbd,0.095,2025-06-25 15:25:35.000000 UTC,2044,761,1224,0,0.6217320261437909
0xab87cd98aa6e5496bdf3fe51f38abc2f4b7dc8bc34805522dd15f8ba29ceffaa,0xa790f1e81124a806d4070182ee4b6a04d0bfc445,0.095,2025-06-25 11:35:35.000000 UTC,2044,761,1224,0,0.6217320261437909
0x076a17ebcaae828ba89835e35703e7dc586b750195cbd98550d55de767af571b,0x8289432acd5eb0214b1c2526a5edb480aa06a9ab,0.095,2025-06-25 10:56:23.000000 UTC,2044,761,1224,0,0.6217320261437909
0xd4fca427530ea45dcff1ef4c1c67f2a2f7880851d2441dedfebdbc42c7588c1c,0xc0a32e6f3914d13dfa99460e80fa3b0fc03755f0,0.095,2025-06-24 20:43:59.000000 UTC,2044,761,1224,0,0.6217320261437909
0x59745b14f22fe358340f24dde204249d6c995dfbcd13ac2ab4fd8329d5ec8837,0x1870e58a35b526d403edcc902a8cd07b755ce8ed,0.095,2025-06-24 16:40:23.000000 UTC,2044,761,1224,0,0.6217320261437909
0x18d03ad5c149d3b129c2e8986035e36236e9082eec836cffaea44ca7d02536f1,0x1870e58a35b526d403edcc902a8cd07b755ce8ed,0.095,2025-06-24 16:37:59.000000 UTC,2044,761,1224,0,0.6217320261437909
0xed2e4b0312855f47f90248a17111f79d16253d051958d470796ad8cdfda82e43,0x1870e58a35b526d403edcc902a8cd07b755ce8ed,0.95,2025-06-24 16:33:59.000000 UTC,4994,1500,2969,0,0.5052206130010104
0x72856ba35153106723c37565b00626053b432ef7791d0df04cfdd6cd5f366d42,0xab6afa507adfac8a2c22c85716cb74156c897d4b,0.095,2025-06-24 10:00:11.000000 UTC,2044,761,1224,0,0.6217320261437909
0x268c6ae8438fe4a41ea18a7bb31e705f84221649c8fb6defd5dc22354365668b,0x017b837c1bafb57fad9db61515026393d5a3eef9,0.095,2025-06-23 22:13:23.000000 UTC,2044,761,1224,0,0.6217320261437909
0x5dfe5e4c52fba898cd3f7b7bae3540dc867e6c69e9018edba99603cd1e8fa49f,0xc5aca2a9fd3486232084314959ebf583cadeed05,0.19,2025-06-23 16:39:59.000000 UTC,10624,1677,2409,0,0.6961394769613948
0xcca146970d0ff0c1012eca8af6df4628c42d7a364c95560fa599f4b34303df83,0x5a0344f8f7ca62a221d35cffcc3826eb316125e4,0.095,2025-06-23 09:37:23.000000 UTC,2044,761,1224,0,0.6217320261437909
0xea1d192d326519e228477fd1ea8d64bab9bcecea4cdf1bfcdd84225430a13206,0xb3130374575ea9e2c6f2c67e0e77c2e08dc12e79,4.75,2025-06-23 09:20:23.000000 UTC,454,246,3599,0,0.06835232008891359
0x273d6882260fe683a45048c4c60d34afe3d9f35ed3d692722655a44adcee768a,0xc8f6b14cf78c5947c0088b5b7ff7e694c23dcd07,0.095,2025-06-23 09:04:23.000000 UTC,2044,761,1224,0,0.6217320261437909
0xdb04e2807b318e9e34e466451d080b262860e0267f2b2e622980756aab5e40e8,0xb85f3ac2014d4e3643dca655bd8a02fc609e42b8,0.095,2025-06-23 08:26:23.000000 UTC,2044,761,1224,0,0.6217320261437909
0x3ac339e4617dc8f231f1b22dece99544ef5feb9f6933db75a19070c3a6c0bb8b,0xdc7998cc318d56f7a8a2fdb8233053b221568df4,0.09595,2025-06-22 14:43:11.000000 UTC,4,5,1228,0,0.004071661237785016
0x3ecf643ad1f68795973ad742d6d8d37dd2e81c24d2b8a93fe29d14d59fd298b0,0xc519b4c3d8d37d37193dd00700c3fa2e7ba2a03b,0.095,2025-06-22 10:34:47.000000 UTC,2044,761,1224,0,0.6217320261437909
0x4c1253a34ba680a23bffeb56cbeab81bd45dcae5901ff4def71e3de64b8bd1fc,0x5d0410e1eba55ee0338551240560a68d40f6d255,0.095,2025-06-20 16:13:11.000000 UTC,2044,761,1224,0,0.6217320261437909
0x72daa389071ad11a888439e84f9bbe4d79178fbae88f616cc7c384d1fd07860b,0xd35bd744c7074f803df09f12292812132e879334,0.475,2025-06-20 10:24:35.000000 UTC,1373,1062,2768,0,0.3836705202312139
0x484fcbb90c176c8c7f6b53b9ee4f52c90af2d989bd0c120dd0b4a03c1b1ecf15,0x026514e6e8eafecf68c1733fec50ba1b42d9db19,0.100415,2025-06-20 08:04:35.000000 UTC,0,0,2008,0,0.0
0x3958d5671d6bedfef351c9c5594c013aabe26e7ef0722f27afedb60c827cc0a0,0x77529baffe891653d46a2d727a1bbdf049d8e51a,0.133,2025-06-19 13:40:47.000000 UTC,1433,1183,2305,0,0.513232104121475
0x3eec5a71207462d25d1cea4b79082062423cde02f955867409d12ae11cd7c10f,0x3deba5317cb10ed36ef0b1f33266a7dafbc34ce9,0.1007,2025-06-19 08:57:11.000000 UTC,33,39,2014,0,0.019364448857994043
0x3fca29d76b2e45777cc720ea71abe518a96e6ea00e85fbd24ee627812156c3dd,0x6d6fa730b73a9960c5f2d358eff92c41181b1b6f,0.1045,2025-06-19 08:50:59.000000 UTC,924,869,2099,0,0.4140066698427823
0xc5835011e2f66975c24c274ba7ff0ba52116b2eafee115f28abc274af85a7ddd,0x50cc94f72428cf189b894c28c00dc34ea7f4413a,0.0967099999999999,2025-06-19 08:41:11.000000 UTC,1,2,1230,0,0.0016260162601626016
0x88c0c70db5753bc744051ed3b3eb67d9db240cf17bf2ec7bf8a9f5be9b845221,0x553de61cb5116625c41eda0475a0a5c4a1578bde,0.095,2025-06-19 08:25:35.000000 UTC,2044,761,1224,0,0.6217320261437909
0x83432b7b7dcf42b2a0264e8dcac99bc95ad0fc8053b3fcce51eb8f01227eacb2,0x5a43586117cd43b499de621826d66d40b3b3822d,0.19,2025-06-19 08:05:11.000000 UTC,10714,1687,2420,0,0.697107438016529
0xff48fa4a67eafc7b5d5d7ca0d33b1959c9d7e8eeb5872c45cc62e60242187bc2,0x28ffa4de042f7e6a00368a76437041e29160156f,0.133,2025-06-19 07:37:59.000000 UTC,1433,1183,2305,0,0.513232104121475
0xa10fe8819d5cf820d0ca4f7db2f0f8a99abb410552f480f3fba1c269aa89bc47,0x20577b1ad5f90fbd54e58cb1f34c9593a5d65d5d,0.09899,2025-06-19 07:26:59.000000 UTC,7,9,1234,0,0.007293354943273906
0x2558b54d80728eb64d81103964b232b2ef6296f6b628bafbcd2cb23791e8a22f,0x77ddd3eeee62c0b1666316924c4c6fd28ff67375,0.1045,2025-06-19 07:15:23.000000 UTC,924,869,2099,0,0.4140066698427823
0xb73a73daaf14b1ef7929d149c9eb3970a1ae39cec6e0be3e8f3d48bb67a4577c,0xa29d5b3b01dba3f8b11e4b7838eacacc8901e561,0.10925,2025-06-19 07:06:59.000000 UTC,16,13,2140,0,0.006074766355140187
0xc4b852c4f9e1647b4e567fb03cb090aed9493541e8f27b605edce9b7e5245a40,0xe39a0879dc1ddea86b78dd979afb3fd803346d7f,0.10127,2025-06-19 06:56:23.000000 UTC,26,29,2055,0,0.014111922141119221
0xaa813534a2d1b09d5f12d114a210ad2926c160ffba86e560bc800648e89fa83c,0x9f4429d0eb1d01a894e6393d4e23ac6b93288e89,0.0973749999999999,2025-06-19 06:50:11.000000 UTC,0,0,1230,0,0.0
0x7879546aa9d6c4442c96456dc124fc4b3836f0d103e5eb22ff659462c7303a92,0xeb25fc949244d179b6051c86a0014b3bdd821fde,0.0997499999999999,2025-06-19 06:46:11.000000 UTC,6,11,1239,0,0.00887812752219532
0xa33e9b6db0a36635a14917135e3f177dfc9d14bf7ec0f438636b083621e91456,0x6d4dabb2a42bc176fd25c5c1f93c651c2bbb6ed6,0.11875,2025-06-19 06:01:23.000000 UTC,778,783,2243,0,0.34908604547481054
0xd63e915a7185d1433cd3fe8f1916e7fbafec38205a2ab43176c5f32b9f56cb8a,0x2b522027e42088ed906d918ba4f995660d8d0710,0.10925,2025-06-19 05:38:47.000000 UTC,16,13,2140,0,0.006074766355140187
0x5087c8d8d6209d3215e355abdbb09a4d6b310967bdafc58ebbf63050ed0cc539,0xfed4a3ded63c2a89c2f58ee2cb3028a1e284d799,0.0987999999999999,2025-06-19 04:17:23.000000 UTC,5,9,1234,0,0.007293354943273906
0xd46e042a6320d3e1812f2abc6e83cd0b8da858176cd12a881e9144f6caedfada,0xd4bbe7573c1090e0435bc761affa300f87c2c81a,1.95225,2025-06-19 01:47:35.000000 UTC,0,0,3402,0,0.0
0x2dc512b579fd1d4dd788aee19031491c6bc94240ebcbb4b120f0b2612ee08862,0xd4bbe7573c1090e0435bc761affa300f87c2c81a,0.2716999999999999,2025-06-19 01:41:35.000000 UTC,8,13,2640,0,0.004924242424242424
0x001ceea42b8854b59ec4dca685e957afb7302d4f4568344bb9772ff9807238cf,0x84ea891dee0d8d2832da3d840f1f119b52d81254,0.095,2025-06-18 23:23:35.000000 UTC,2044,761,1224,0,0.6217320261437909
0x7bed86e398ecb7f5355a027fd35371d8f40c4a85900780f6576bc8754d93d4c1,0x8c707dc99b2c093432d9b119513c50eef6472235,0.095,2025-06-18 20:29:47.000000 UTC,2044,761,1224,0,0.6217320261437909
0x8c6099939545a4340b3c52d4700b9eb52cfe28c4c6caae839cb9be91c72ae071,0x2dbd686a08515f75dfdfea02e8e2dd0e8cdd1a01,0.095,2025-06-18 20:06:59.000000 UTC,2044,761,1224,0,0.6217320261437909
0x88570957ab5facc8a28f91d01dce06c4c5ab5f37e5df41028770de05b358a3d3,0xe34e4b2384ae90caccbf85ef75582710bfb688ca,0.095,2025-06-18 10:04:23.000000 UTC,2044,761,1224,0,0.6217320261437909
0xdea5abcde57f6694c26ad3b1fe43c61da5710c230df4a7e36032a5b087755c49,0x99259c7a46af7b0e6d46f7b94d61da166bea94ce,0.095,2025-06-18 10:00:23.000000 UTC,2044,761,1224,0,0.6217320261437909
0xbed54a4adc4db67ece98108727b92e8f32646cf4aa56884445aa655a2fe9ed59,0xffcd06ae52e432d9dd6b865f561c9a0b4ab20859,0.095,2025-06-17 22:50:23.000000 UTC,2044,761,1224,0,0.6217320261437909
0xbfd1fd1eff309bd1a9c866913b22b490fc7407af2b1c10c4fb874cee4c9b5c1b,0x1870e58a35b526d403edcc902a8cd07b755ce8ed,0.95,2025-06-17 19:10:11.000000 UTC,5279,1532,3004,0,0.5099866844207723
0x44dea075f891d09ff1a7c522214a2a3ab4757db1ab5cda66e2517fddaba6b8c8,0x1870e58a35b526d403edcc902a8cd07b755ce8ed,0.095,2025-06-17 19:00:47.000000 UTC,2044,761,1224,0,0.6217320261437909
0xea7d361463b9426956dbf3a09cd53b71402b33654a68170e48b8198253573e16,0x1870e58a35b526d403edcc902a8cd07b755ce8ed,0.095,2025-06-17 18:57:23.000000 UTC,2044,761,1224,0,0.6217320261437909
0xbce9f7041e3f18257dc1c0419540fdd17936d3cc7f4ea53d8ebe3d1734c193f1,0x1870e58a35b526d403edcc902a8cd07b755ce8ed,0.095,2025-06-17 18:54:11.000000 UTC,2044,761,1224,0,0.6217320261437909
0xa6d43f78b531eb283bd91539d99f44a0dc1f4971d986e77ac2b789a6cd203c3c,0x1870e58a35b526d403edcc902a8cd07b755ce8ed,0.095,2025-06-17 18:52:11.000000 UTC,2044,761,1224,0,0.6217320261437909
0xf9ec731351eea32ade6f9951a603eac0468a8be86b07cb4dcc307c96672cc839,0x8ed44000983b5789798b43af9d8d9c1e1e2093d0,0.095,2025-06-17 13:28:47.000000 UTC,2044,761,1224,0,0.6217320261437909
0x857364d2f6da5838758cd418922e2489216d06345808f60c7278fae5a77e0744,0x70b5846d5b45ac6f099ef5ecc4ebed43b0311d35,0.095,2025-06-17 07:31:35.000000 UTC,2044,761,1224,0,0.6217320261437909
0x2751c22b1e19473ee44cf02d6dfd182952e67c0b71b3afb8afa796b166c85673,0x8ad367163f55d62808696b652de72138780b241a,0.095,2025-06-16 22:15:23.000000 UTC,2044,761,1224,0,0.6217320261437909
0x8c256470ba6855d3973849a5e0782150046ef95d2d92fd2529b865b261a6286b,0x297bf847dcb01f3e870515628b36eabad491e5e8,0.95,2025-06-16 09:54:23.000000 UTC,5422,1556,3029,0,0.5137008913832948
0x0e1a5373427d45e5e5e4de79dcef072c547db15b816209162ab8aaa2f8ddb213,0x5553a5290f3789dc79d3bdac47e7bb323e40b81d,2.38925,2025-06-16 08:54:47.000000 UTC,0,0,3541,0,0.0
0x1f596f6555df2fbe7314257807002f25bce1af9cdd00948184c6a7df8e8c4dfc,0xcc4325454afa0e8cfaff5457453c427e66904e5d,0.095,2025-06-16 01:32:35.000000 UTC,2044,761,1224,0,0.6217320261437909
0x08b6c6456e0192525b36b97f57ea21518be20c51f2cebdf819000e9109355c6f,0x3752dd83b47b9e1b023c566b8db53aa98571dafa,0.1615,2025-06-15 06:31:11.000000 UTC,33,47,2455,0,0.019144602851323828
0x114cc32009f320119274e8add9f9ff9a99abfdec49334a8523fb91f21742bec7,0x690c6171a2c2f93bbbe7de6d2edef83121bedb73,0.095,2025-06-15 03:47:47.000000 UTC,2044,761,1224,0,0.6217320261437909
0x64708832527c024c415c302c55521891c9cd2ea0ed821963a0d290c2ce594063,0x54f1fa9f71bff893ad417c3767211472ded6a4cf,0.1045,2025-06-14 17:44:59.000000 UTC,987,932,2162,0,0.43108233117483813
0x0214a3c05167b60224a2e0b621931065e9c15ad8d3fba487d138e5985525ee32,0x89df81d0919db82add1f78ae977fbe3cf9b534e8,0.095,2025-06-14 02:46:47.000000 UTC,2044,761,1224,0,0.6217320261437909
0x7ad3b35061d225cae3d2ef17a8cea4dea19c97073377790ba00ad6957a49c6f8,0x15b624844094e0d24b65e455ffd5ba3a8c345bdf,1.3299999999999998,2025-06-12 20:38:11.000000 UTC,1420,621,3407,0,0.18227179336659818
0x3b59abf08d2daf41b82b44ffd559b8bcd1c42be8776d7f9f72d4e901f60cc4d5,0x139776871ee95f55d20b10d9ba5a0385451066cd,0.95,2025-06-12 20:37:47.000000 UTC,5468,1604,3078,0,0.521117608836907
0x580be502ad675fd654b3b388477cbfada4f5d9c034abb72258949438bb81cc98,0x546a0cb802377153b4feae052a5ed14c98b3cc9c,0.095,2025-06-12 19:29:23.000000 UTC,2044,761,1224,0,0.6217320261437909
0xdcf5912290c9a4e5ea2b8e3dc19ebb7f67401c7a1f853f8983b3680faf57173e,0x9dbb8e07d817062a40e204fe435da8c65bc826b9,0.513,2025-06-12 12:08:11.000000 UTC,804,518,2968,0,0.17452830188679244
0x38fb6669addbb65209c61ca19a941ae6d93900a3c25016d23c689db8cf649259,0x9dbb8e07d817062a40e204fe435da8c65bc826b9,0.095,2025-06-12 12:04:23.000000 UTC,2044,761,1224,0,0.6217320261437909
0xa9144066984e779f954bf11712e3dc3c4c4a136622d0568595895768bfb3fbe2,0x5d0410e1eba55ee0338551240560a68d40f6d255,0.095,2025-06-12 10:54:47.000000 UTC,2044,761,1224,0,0.6217320261437909
0xda811f1eb91b3fca5acc46b3ba3ec8737df2a7ca1953d2fb4318b68e55ac3007,0xdd175b20010fbec83ffdcec9a57689b8e80e780f,0.1045,2025-06-12 09:52:47.000000 UTC,989,934,2166,0,0.4312096029547553
0x43da0a30d07e9857ec9b65839676b8ad01ab70647938857f1ab342db01a24fb6,0xf1c0b9c18e2dd367fe491f7cf0ad82fb20ceb60d,0.095,2025-06-12 07:26:23.000000 UTC,2044,761,1224,0,0.6217320261437909
0xe97834374544ef9c1333b4bb942ec5223c288b07a2a78834df99d16066ee8048,0x856cac56594c0bf37955862ba71867810daa04c7,0.095,2025-06-12 07:19:35.000000 UTC,2044,761,1224,0,0.6217320261437909
0x92b441ba37c99494f9f0b5ebea069da67649f4977cf7020ee95a3582c2ab52f0,0xf4f32abee420d1bb990a56129cbdf836608e6c93,0.095,2025-06-12 04:47:35.000000 UTC,2044,761,1224,0,0.6217320261437909
0x9dd459e5287f727661523e8e64c06d94944954aafee15aef51a6d2752a27116b,0x9c6d4f6e8530851c4ae9486c8475f746344a7813,0.1045,2025-06-11 23:09:47.000000 UTC,1001,946,2179,0,0.4341441027994493
0xc2b06fd8d3756906a2702e7f5f206169c7d301e8c9ea210ff73fa617712c558c,0x1e6e5044cdd8be802391e7827723d290fdb2d207,0.4654999999999999,2025-06-11 23:06:11.000000 UTC,14,17,2865,0,0.00593368237347295
0x85d589b66a7cf62bd211c465b619a4cd78d93b0553a7e8403a82d2bcaffafead,0xc636816110d6c2d3da8a72d96f9709b30cff7818,0.5509999999999999,2025-06-11 23:04:47.000000 UTC,514,173,2994,0,0.05778223112892451
0xf86f4fa80608c1a187745e0df7e7ae8025132ed844bf61935949348c4a6568d3,0xeb33c56de9f03145fd7be18bdaffef7e303fc31a,0.3894999999999999,2025-06-11 23:04:11.000000 UTC,10,16,2811,0,0.005691924581999288
0x7cf05a5614f69d12fa10ae51687c903dc9581124bb525965200c8aa1a8cd6de6,0x774f4ad344928441459dfd0287118cb7a8672048,0.304,2025-06-11 23:03:11.000000 UTC,1061,285,2774,0,0.10273972602739725
0xf40a8c92514bc2e282bb9aa941f0fb20dabfcc8d1e16f391b072a51882776434,0xa15effbea24391ecce2a82c2e56ff4664348143b,0.1994999999999999,2025-06-11 23:01:47.000000 UTC,60,75,2522,0,0.02973830293417922
0xfcc19af2cca0be59fe5f1b0169e3e9fccbaeb8d376593cd6c354bc76191537e4,0x55a04e1104b4d015d08dceb734a7e2d5da8fdaa3,0.1139999999999999,2025-06-11 23:00:23.000000 UTC,4471,1570,2306,0,0.6808326105810928
0xf142ae5b0c96e2dd20ec022c478d779121765939d2e5af959f0a1a904c9c211e,0x059036f6167d8b5044777a37e20f103083da7821,0.095,2025-06-11 22:57:47.000000 UTC,2044,761,1224,0,0.6217320261437909
0xd9ccdc6a49a5675a97ac5adddb14f975cbea88bd10ffee0bd5c730e202f2166d,0xac457f5c9c4ac4e8b1ef5daeabb8352318b58c01,0.19,2025-06-11 19:18:23.000000 UTC,11467,1774,2511,0,0.7064914376742334
0xf447ef0d6979de682186beb30706b037a1ee63885370ff6b51a954adeaa806b8,0x1870e58a35b526d403edcc902a8cd07b755ce8ed,0.95,2025-06-11 19:04:35.000000 UTC,5482,1618,3096,0,0.522609819121447
0x2d04f875ff090b1c12f3a93345ce019d9b2de0bb441de29e6ffc314061402e57,0x4cfc5c5c2fc09cae1f97d7c4cc44abbe0de6877b,0.19,2025-06-11 14:44:59.000000 UTC,11485,1776,2513,0,0.706725029844807
0xc08654b63ae71ba0324e03af53a54af606de3c89e6bdbe6df9f5d9339aad1886,0x844dc85edd8492a56228d293cfebb823ef3e10ec,0.1425,2025-06-11 12:25:47.000000 UTC,246,162,2420,0,0.06694214876033058
0x309ef3fcb94e48c60f468a5f7c0b836e48239f6c037034e1d2837e9c90080a38,0x06909c150686049a282e0d196282f18dc80d3b61,0.095,2025-06-11 12:10:59.000000 UTC,2044,761,1224,0,0.6217320261437909
0x5c1e356bdac953ee4bd9a4c538bdf44f6772294c87b3996b2f4c730a78c86e0f,0x5cd8944d70cedd0a3f95aa089d2e8ba21b5edbf7,0.0945696630624999,2025-06-11 11:07:23.000000 UTC,0,0,1222,0,0.0
0x39aea23f541d584bd0e0dc6a058ddbe0f954fa4077a3edbfecaedc25bb55a6eb,0xcd1efbac8e37e92268ba83903026a6c34b3803db,0.1425,2025-06-11 07:13:59.000000 UTC,250,164,2423,0,0.06768468840280643
0xe486a7bfa4e46eb52c04576f29c36c64b579467ca6e742c6b2500e6e9d674073,0xae48a218b54e6285518198b5d0a1d6679b27390e,12.20085,2025-06-11 02:32:59.000000 UTC,0,0,3809,0,0.0
0xa41b0f8bbb19db78c5fa503021ebdfc38b8aeae45be0bafbf3ff97cf5366ed0b,0xdc3ee5969611a47c4bd4ef088a55e1ba61701827,0.1425,2025-06-10 08:43:11.000000 UTC,250,164,2428,0,0.06754530477759473
0x4692f78f77624bb10d338df7b94ecaf8f2fb31445b877a51fc296bee0780c366,0x1870e58a35b526d403edcc902a8cd07b755ce8ed,0.095,2025-06-09 17:21:23.000000 UTC,2044,761,1224,0,0.6217320261437909
0x9ce80d92513df48b3ae2e81f83301abd0d202bbf45e0a96f6b0621672f6e174b,0x8a717cf3d290504d01b1fbdd2333ca336ce687b5,0.095,2025-06-09 16:34:47.000000 UTC,2044,761,1224,0,0.6217320261437909
0x2e42c4e1db3de55b2679937606e2f48cbb5d7b706d9900a767875dc5c7f975a6,0x381a17eb78501498fa183c81648b4165826e1af7,0.095,2025-06-09 08:53:35.000000 UTC,2044,761,1224,0,0.6217320261437909
0xcceccd1d526a3d1f283941194b80b0a6acafde9ea09ad130d7dc30aed378edfd,0x1870e58a35b526d403edcc902a8cd07b755ce8ed,0.095,2025-06-08 23:34:23.000000 UTC,2044,761,1224,0,0.6217320261437909
0xe65f8b8a901a5008e4da617fa4bc2222d5ece24d7de15831be58f8da0233b337,0x3fc1bf8e55b008e9c05d3b7da032bc7495ce7679,0.95,2025-06-08 17:37:59.000000 UTC,5517,1635,3118,0,0.5243745991019885
0xeb0c292f3753aef73e53f313504f7c8fcdb4c5ce709e8a82c284b132a484bfb6,0x75f0068340cb2e409dff633e1953e2b93de616f6,0.095,2025-06-08 14:08:11.000000 UTC,2044,761,1224,0,0.6217320261437909
0x51d67befb009b4ff56ee82e89130fb1a2348fc8e7f6ed5bbfc59f5aecc703efc,0x99259c7a46af7b0e6d46f7b94d61da166bea94ce,0.1994999999999999,2025-06-08 13:16:23.000000 UTC,60,75,2540,0,0.02952755905511811
0xbb0b5ebb1748d1643f58834650f0dcca1eb62665fd6bfa55ca3ea9065930ae97,0x1870e58a35b526d403edcc902a8cd07b755ce8ed,0.095,2025-06-08 05:52:47.000000 UTC,2044,761,1224,0,0.6217320261437909
0xd3561ea6e8f318191971b3ce85c9471cb49546337b88d3edbf74caa36349f140,0x8666618c30eefc98ba48267ff4cdd198da22aa25,0.095,2025-06-08 03:12:11.000000 UTC,2044,761,1224,0,0.6217320261437909
0x9a8cafd7a49aa2eeadc5233276b7a5347a9e07cf7d76461a26b64cf58a68fd41,0x83f8be2988b41251633b5e5d71ad67787be2a502,0.095,2025-06-08 03:10:59.000000 UTC,2044,761,1224,0,0.6217320261437909
0x5a762388e89b1a72885be1f8f17de7f9bc82b61993204a94bf04df6227fb9adc,0x1870e58a35b526d403edcc902a8cd07b755ce8ed,0.095,2025-06-07 23:50:35.000000 UTC,2044,761,1224,0,0.6217320261437909
0x2ef7a3aae8736fba7c0638d343fd06c53d2035546add39bd22285c4b0b701a82,0x1870e58a35b526d403edcc902a8cd07b755ce8ed,0.095,2025-06-07 17:01:35.000000 UTC,2044,761,1224,0,0.6217320261437909
0x2a67b730aebd93f09344796d2e8c2baa881de33412e13ced2fe2ae286e24e1fe,0x4a10065b46a4e6b6c328cb0dd854eecb2c62f0e1,0.095,2025-06-07 08:26:47.000000 UTC,2044,761,1224,0,0.6217320261437909
0x3d133303e0b995ac4dc7527b8ee2413b0595ca35f18248ff5f9be86207f92deb,0x1870e58a35b526d403edcc902a8cd07b755ce8ed,0.095,2025-06-07 06:37:59.000000 UTC,2044,761,1224,0,0.6217320261437909
0x3af6ab339de0b79586882816ec6365376ee4d084fe467e6cfdddb01c6bc5e707,0xdcdb53e8e1123baa64a0b7d3da13e360ca843797,0.095,2025-06-07 06:09:35.000000 UTC,2044,761,1224,0,0.6217320261437909
0xcafa143e0e72297a5d278ce0988332fc5fb6a5869e3570267867be3f1a9184ec,0x1dac73f3d00052d7e815b41e7b1b5cb241aa4d70,0.95,2025-06-06 17:24:47.000000 UTC,5530,1648,3133,0,0.5260134056814555
0x5d2337f0c3c49e13f603485a6219eb6ce1ee67b0737a115c4795c7c3fc08a118,0xc931c0ee5e6734f66a675d0ed03f953202792eeb,0.095,2025-06-06 04:44:23.000000 UTC,2044,761,1224,0,0.6217320261437909
0x836599270b51b03330a30510183462b761d5dbf330c4c5fb3c28f25a53204a76,0x9878a58179f423cb6371cf390980ecef405d7a7c,0.57,2025-06-05 18:08:47.000000 UTC,2938,1690,3045,0,0.555008210180624
0xacb8df1bf633ce745050189b3f1cfff569c1886a1298f169582db05d8da47a86,0x5b11c55c107b5e6a26b0a6fa4b0fda0a24797d58,0.095,2025-06-05 14:03:23.000000 UTC,2044,761,1224,0,0.6217320261437909
0xc9569433bcd977f4cb6a2381cfd63ca43730bf484663e468de54c4ce5061f018,0x5553a5290f3789dc79d3bdac47e7bb323e40b81d,0.095,2025-06-05 09:05:47.000000 UTC,2044,761,1224,0,0.6217320261437909
0x45ee3f96a24883245ce9b2b696eedc2c7288bab0fbf90213fe3433a68a5e68f8,0x090b31f49a819e627aca05220eb042b7049a5850,0.095,2025-06-05 06:38:47.000000 UTC,2044,761,1224,0,0.6217320261437909
0xfbb25962f259a2bc49557378a383f7cecca30f4dc207c1f99056303d5c3e7ad0,0x5e3c72ee812153e03e0b71f3c9dc6ff5380862c0,0.95,2025-06-04 20:07:11.000000 UTC,5541,1659,3148,0,0.5270012706480305
0x35f6ab6114735590e44cbbfc61c96f540ab7dcf1979df5c16a75e22c7ea69e05,0x410a5dfcf2c3b99c6125d12a898b2ae3c44f7dd1,0.133,2025-06-04 06:00:11.000000 UTC,1883,1621,2442,0,0.6638001638001638
0xab6625f6844d4a5575f7af2018c8f43168f9aaaad80ea156ad50f4dcf22c176d,0x5554672e67ba866b9861701d0e0494ab324ad19a,0.19,2025-06-03 21:14:47.000000 UTC,11843,1818,2560,0,0.71015625
0x5f84b7172f4ef9e324a8c6dc501c801a9f19bba52d49815a92f05e8a55a4d3df,0x511b66844730899513a446959bb78225e6a4b642,0.095,2025-06-03 16:29:11.000000 UTC,2044,761,1224,0,0.6217320261437909
0x2c1ae9b5633b117b6f502b8eaf77a8a73b496c1d3e970186785ab7ae9c0e0b8f,0xf0104a387977469b0a4eb469afb4c64f2b08f037,0.15485,2025-06-03 15:54:59.000000 UTC,1,2,2526,0,0.000791765637371338
0x9d7884312791469e5c12930ed5744f5103dfcc2dc8891377ba80b91311eb3b02,0xd43ed87d4cab613a88ebbfc8c09ef0befbec3a01,0.1139999999999999,2025-06-03 15:54:11.000000 UTC,4564,1614,2352,0,0.6862244897959183
0x0f9e9d2983b2758a1082d7b33798948d6eaf40aa5e68fdbfbbddf34f1dc5aeb0,0x1f427a6fcdb95a7393c58552093e10a932890fa8,0.095,2025-06-03 13:50:23.000000 UTC,2044,761,1224,0,0.6217320261437909
0xcf9781b551e54518e3baefefc5a75dd1bedd8a206bbcbabca607f6f8626fc7dd,0xb3130374575ea9e2c6f2c67e0e77c2e08dc12e79,0.95,2025-06-03 12:10:35.000000 UTC,5554,1662,3152,0,0.5272842639593909
0xf687b4ae51167bf36ddc35f849e6d6e8fc0ae3450971f605f2dee0a0959cdd29,0x84fe705c57c0ade7a18662e6b6996ab1600ac1a1,0.1083,2025-06-03 09:54:35.000000 UTC,66,78,2263,0,0.0344675209898365
0xb0ed52d9f434ecb9167b9ed0f095f5d1f5cc50a17653378165591c01e735409a,0x4ebf9f759c185287d60aa44cf70bcf159e04149c,0.095,2025-06-03 07:21:59.000000 UTC,2044,761,1224,0,0.6217320261437909
0xfb30b7ea17945ce59bfc14aa8b3bb959f3997e337ae5796e5add73c4d7fc89a5,0xaedc56434676028849627f0b20a32de1a631c840,0.095,2025-06-03 04:39:11.000000 UTC,2044,761,1224,0,0.6217320261437909
0xcc201219058367f98378fdec201e3c28207a23c6c0612ec508b82b2812dfde73,0xaee767d159430b79adbc4838192781a8918eb421,0.095,2025-06-03 04:35:47.000000 UTC,2044,761,1224,0,0.6217320261437909
0x6a63749f90c7004ddd1dec4b0a898f11473c239e6bbc446d0de72b1c90863fb6,0xe317c793ebc9d4a3732ca66e5a8fc4ffc213b989,0.9595,2025-06-03 04:13:59.000000 UTC,1,2,3153,0,0.0006343165239454488
0xe7e455c6f8a7002c4ac3aff416ff19c47ad7c3b30d6a092b7ac8f622c5252c02,0xe1938cee72c377aa12a294b12bda9d61ee2e3a95,0.095,2025-06-02 23:37:23.000000 UTC,2044,761,1224,0,0.6217320261437909
0x07602e2bc8f734f7a8fc7036643a91855467af1afac06b0cbbf674879508c640,0xe1938cee72c377aa12a294b12bda9d61ee2e3a95,0.095,2025-06-02 23:36:23.000000 UTC,2044,761,1224,0,0.6217320261437909
0xa92f2fe8aef6c644623dcf09280e99e4c4c65ac22529f3c9cd7ad43a64de2e00,0xe1938cee72c377aa12a294b12bda9d61ee2e3a95,0.475,2025-06-02 23:34:47.000000 UTC,1546,1190,2925,0,0.40683760683760684
0x9bc8e93cf04eb1f8ea3a500af3fab516ab749530ecb9c632e6b927f69952559f,0xae48a218b54e6285518198b5d0a1d6679b27390e,10.45,2025-06-02 22:43:23.000000 UTC,126,29,3845,0,0.007542262678803641
0xd6f3594f9a2ca349bb7b4bad29b9b63b860e04a5ae21805292dbd2095e8ecadd,0x1b16547e828bc3a3bad331d8dfc39d6097c6be5d,0.095,2025-06-02 22:35:35.000000 UTC,2044,761,1224,0,0.6217320261437909
0x182759493c40a1ec22ff995deeac354578a1552bbd129b312091c393f76ad3d6,0x297bf847dcb01f3e870515628b36eabad491e5e8,0.95,2025-06-02 19:44:35.000000 UTC,5560,1666,3157,0,0.5277161862527716
0x731d4959b9a0c594a2a428d471c5f4a6603b85f5a5ecb844d25917147d3215e3,0x42c9a3f034592c39028aea70a6e69fbc6ccf6c31,0.095,2025-06-02 17:52:47.000000 UTC,2044,761,1224,0,0.6217320261437909
0x8740fd7b14d4bccf672407f15b9ea51291dced9575a17903595651e9bec67604,0x018d06f8edfdc989a1bfe47215a09fdbbcc0e73c,0.095,2025-06-02 17:43:23.000000 UTC,2044,761,1224,0,0.6217320261437909
0x92e3d9d3e547018ac2fec40182ebb2f7e6623afad8c73501e76411293834cb2a,0x5cd8944d70cedd0a3f95aa089d2e8ba21b5edbf7,0.0950448875,2025-06-02 16:04:23.000000 UTC,0,0,1226,0,0.0
0xf6c7896d4143d1caaca7033d9965897f8d2aaa6f3db51c5475cf94d2aab8d70b,0x620a7a8702e7029eca8aeafeea2c7904972ad452,0.095,2025-06-02 15:43:11.000000 UTC,2044,761,1224,0,0.6217320261437909
0x901ec65b2d59462c2c4d52cdfea70bc50549a7c59aa2118b855a4f5ac1af5293,0x57a8cb7f53ee486f517b7535b87a3fda6cef3d10,0.95,2025-06-02 15:26:59.000000 UTC,5561,1667,3158,0,0.5278657378087397
0xa11d0152ce9bbc93aaec1e9ff91a53d9152aea716b585a759e00bfa92c077c76,0xf71e9c766cdf169edfbe2749490943c1dc6b8a55,0.95,2025-06-02 14:54:11.000000 UTC,5561,1667,3158,0,0.5278657378087397
0xf4b4ed57b65089281555826d6b65d8ab2cd9aab157549f99ac059cb90d0d6c11,0xd43ed87d4cab613a88ebbfc8c09ef0befbec3a01,0.1139999999999999,2025-06-02 13:38:23.000000 UTC,4572,1618,2356,0,0.6867572156196944
0x3d692ca05e1508be1542e8c24b1ef1aea912fbddbf4a210e1f8499f73c9fc0f9,0xcfcf9536172922c23d9d6026b0c7df736bb15e79,0.152,2025-06-02 13:37:35.000000 UTC,1909,437,2526,0,0.17300079176563737
0xe6cc3db5fb4d99bc7902d57bfea22fa23de8c9049256637d70bb9a646095f9e6,0x74a748dbbba1056523f6727abbeab62bb31bf471,0.1805,2025-06-02 13:36:59.000000 UTC,48,62,2556,0,0.024256651017214397
0xbe776151cb593b343414e8f5fbf13fcf3a9fe2f4936fbecb721737e73d70f8e5,0xf0104a387977469b0a4eb469afb4c64f2b08f037,0.247,2025-06-02 13:35:35.000000 UTC,389,268,2738,0,0.09788166544923302
0x0501e2874a894b776d59562a1c4cc13938aacf01517d57496d2d261a0f9c2ed1,0x841ad0abab2d33520ca236a2f5d8b038addc12ba,0.095,2025-06-02 07:15:35.000000 UTC,2044,761,1224,0,0.6217320261437909
0xbca647dc75011c8a64b6bb7506d020bd77d716d116d9e989b87a5d05d078e824,0x8eeb994fdf66f7f6019c26e04a3e6d911bc4caca,0.095,2025-06-02 06:44:23.000000 UTC,2044,761,1224,0,0.6217320261437909
0x1977b555dfa62a4534295dfaf342e40fbb4316969316f63d07ca1510ce796596,0x7fd1ab2aa9b34b5b07316f14527ba73e24e6bec0,1.0545,2025-06-02 06:16:11.000000 UTC,10,14,3462,0,0.004043905257076834
0x4fdbc7c4c508201be78a5dcc06f2c56ca0d31e2828dc572da0c3e23f260e6539,0x9bf06fb4db8c15532ca57dde63b41a00b3b9bcbb,0.095,2025-06-01 23:49:35.000000 UTC,2044,761,1224,0,0.6217320261437909
0x4641d020110f865c85cf1ae1b3e9728c57e1fe3a3b787c5f020c8e797d24721f,0x597076433419736483644ce44064e00ac22446a9,0.095,2025-06-01 23:47:47.000000 UTC,2044,761,1224,0,0.6217320261437909
0xf75b9bc9e93e439baf15a649609ca0520bb66a8577f80c88314108cc98462900,0x0f65c5d79f02c5bc2422e22a45191cc71216b7f0,0.095,2025-06-01 19:43:47.000000 UTC,2044,761,1224,0,0.6217320261437909
0x0865975ba5296d08e992f85338dc31e05b32f2902578f0f3792bee2f6d7daf6d,0x0a3f87835990206a19762bce2f2afb29b5d6bb20,0.095,2025-06-01 17:32:23.000000 UTC,2044,761,1224,0,0.6217320261437909
0x658a03c26a96867913c9cb8831370aa4c6d27b8758c224e35aad4e14ba322749,0x9cb16f99eb162bf6f970791ba90bbf30c1cd1929,0.095,2025-06-01 15:43:11.000000 UTC,2044,761,1224,0,0.6217320261437909
0x2380ba76bbf0c54730dc8f9c21d6f87b594fa5c72140cc0bef1bbaea45f3d4d1,0x9ffa24e39f94136db18a15b817d67c3fc50199a0,0.1425,2025-06-01 07:29:35.000000 UTC,251,166,2474,0,0.06709781729991916
0x6b3d853f37b5cdad8c0605ed60ad9e5f19e4b72690fc2d380a12acb18be9d141,0x9623684ca2c47e9b05c331b9dea3b8a1c92ad6cb,0.095,2025-06-01 06:35:35.000000 UTC,2044,761,1224,0,0.6217320261437909
0xa7b2e6af8aa6034300b52419b6b38b794c8753419d098d86bd9183a6784ca672,0x3096b49cac2869b06c0ed2caf1df71eaf9641418,0.095,2025-06-01 06:29:59.000000 UTC,2044,761,1224,0,0.6217320261437909
0x6b3b33c1f8c6cf6c4ef5b1ac461055377375166bcfc92f5aff4ed20c1bb15e0d,0x1ea2381341dec5df3208d8fd554384f030855c38,0.095,2025-06-01 06:24:59.000000 UTC,2044,761,1224,0,0.6217320261437909
0xb91bb3f4b54db231c1e99ea480aee7b7858c18cb9074b00bd0457570438c0d63,0x993904adb9b5b38af7373684728847a59ad3750c,0.095,2025-06-01 05:49:47.000000 UTC,2044,761,1224,0,0.6217320261437909
0xfa6bcb2cd70514d475b42900c59c96d26dd60d4206b303bf603f6923722fa245,0xf142730293e7d1bd7cb125078cd3921af0cb25be,0.095,2025-06-01 05:47:23.000000 UTC,2044,761,1224,0,0.6217320261437909
0xaed1a9220687cde578486c8c8c6ff0e2b8e9d31add3dbea3c371ec0069300879,0x3b32e871a4f0aa7cfcdd4c3aadf29d8f35490479,0.095,2025-06-01 05:44:11.000000 UTC,2044,761,1224,0,0.6217320261437909
0x0b7dbd672eab6f70e9ac9058aaf8f6bba986ac3d8119a3e78f5f7f09248ebfd3,0x137baddc3ddedbf282193b081f1511af0bf5aff2,0.095,2025-06-01 05:39:59.000000 UTC,2044,761,1224,0,0.6217320261437909
0x48e07e5d04be7647423f5a2a54a5d25a3ba4164243fe89104fc6197d592901c6,0xdfba4c55a2d5bcfe1a00f856baa47b04cb2718f0,0.095,2025-06-01 05:19:59.000000 UTC,2044,761,1224,0,0.6217320261437909
0x533d4eadebd6643270a0a74084fe60386faad76e4f6cf1744e2059cef0c4d242,0xc5ffd5014b6ee42ddcb83f02518c9fc2fa3f601c,0.095,2025-06-01 02:58:59.000000 UTC,2044,761,1224,0,0.6217320261437909
0x64e4676c951b3f43f231ecdaa46ad3f15deb35fc95740259ad8f151117673cdc,0xb09a32774a3bcda84b310e0bbce573b6e009b448,0.095,2025-06-01 02:57:11.000000 UTC,2044,761,1224,0,0.6217320261437909
0xa7d60ff6482fc825d4d2d1f2ef6e790fc6aa2c6ba5b1e77d91b81435464b1302,0x1eba6a88b1a8361ad969c72580da4c1c381caeea,0.095475,2025-06-01 02:56:23.000000 UTC,0,0,1226,0,0.0
0xfe57ff5fba4da274eb9af0ec4230aec8d23852791cd6b1dfb84d1f0aa9db8074,0x151d0dda526eca7d0077ca379e741686bf35584b,0.95,2025-05-31 23:48:11.000000 UTC,5597,1693,3185,0,0.5315541601255886
0x11ed252ff035564ff7eb044f99699271dbf432e52db107e11ff16e90118fc459,0x034d21cc03aa8dc04af83839a2eb18c5f6de834c,0.095,2025-05-31 21:14:47.000000 UTC,2044,761,1224,0,0.6217320261437909
0xb88c09719e601698ca2926c664c08b97bc2ea137b24bac6784222fc06f489405,0x9c303de078c7252964059cb252d0dce2bdaa568f,0.09595,2025-05-31 20:58:59.000000 UTC,4,5,1228,0,0.004071661237785016
0x831144d711d304d908992c4a24fae54c76b7130f0d088fa9e20cc7daad488ef9,0x3e0c233a3682122c7bc5ad86cc56cfc13a910c28,0.19,2025-05-31 20:28:23.000000 UTC,12105,1848,2590,0,0.7135135135135136
0xb324c3256f42606b2092a49bdc3ca2e57e4b1c56004accac7ddc5d4eced692f3,0x1870e58a35b526d403edcc902a8cd07b755ce8ed,0.95,2025-05-31 19:21:11.000000 UTC,5597,1693,3185,0,0.5315541601255886
0xf2a27d7ade5b092c35abd4725240e9dfca55b5a2c2e260e8c72256a07973d88f,0xd8da6bf26964af9d7eed9e03e53415d37aa96045,23.75,2025-05-31 18:42:11.000000 UTC,21,23,3902,0,0.005894413121476166
0x63b52f905d98cc770447bd5aefd112a13b6deafc72b47bd18d7723303f36f553,0x0cec06d9949d858c610a65be802db04a83c667c9,2.6333999999999995,2025-05-31 11:21:59.000000 UTC,0,0,3739,0,0.0
0x025d1381644535c7b9dfcabab840129f46d2faec14c550353d2514f77a5c2891,0x6ec32afe5aaa33c401553483ab13d45f52a80289,0.1139999999999999,2025-05-31 09:48:59.000000 UTC,4644,1648,2388,0,0.6901172529313233
0x802dfd8aa665f6a8b3dea6f6ea5d9c9c4faad19e83d55963da1af94a542356e2,0x416611e14b2cb551dfaf62b1ce533820e5bc245b,0.095,2025-05-31 07:20:11.000000 UTC,2044,761,1224,0,0.6217320261437909
0xfca099ea5b0cf301b8a7882608c649864402b1d75ddd77645dc7bd2c0cfe20e5,0x028b2b9adca1bd1263086b0b221713a684968817,2.85,2025-05-29 20:00:35.000000 UTC,401,296,3750,0,0.07893333333333333
0x01a16a77dffbe454c0690b538bdf91d106c269565e56decd413bd491002ab289,0x9878a58179f423cb6371cf390980ecef405d7a7c,0.38,2025-05-29 16:12:59.000000 UTC,3883,1917,2910,0,0.6587628865979381
0x471e1470f7d050fe0b22199bc7589b03234c6799b6b1d65c8104719a16303f64,0x6e77b6467aba1a90bc5060863dc2842d9e97dcfa,0.095,2025-05-29 12:02:59.000000 UTC,2044,761,1224,0,0.6217320261437909
0x474459ca92d38e3fd2d58758dc2389a424aa1259bd27031ab6366b79eb313b50,0x042d84130b673dab6ded87f4b4c3db53b8549059,0.127015,2025-05-29 06:32:11.000000 UTC,0,0,2464,0,0.0
0x5c927c4e4523191036f04b36123afff33256e59afc3eda32ac022924bdbd0e26,0x7b007e8c0f77b50bec8009f0e97f523dba6fe506,0.095,2025-05-29 06:20:47.000000 UTC,2044,761,1224,0,0.6217320261437909
0xd388244db2a4e03df120b13569fcc42672339a9e8e65d4c58af3500f9dbc2725,0xe1938cee72c377aa12a294b12bda9d61ee2e3a95,0.095,2025-05-29 00:35:35.000000 UTC,2044,761,1224,0,0.6217320261437909
0x5d39c2e88a5fa2819b9913885a672fc70af19970583704bcb653ef26634f3747,0xe1938cee72c377aa12a294b12bda9d61ee2e3a95,0.095,2025-05-29 00:34:47.000000 UTC,2044,761,1224,0,0.6217320261437909
0x7ddd29f03a2e1b1c4d0ad4ef8f5723aa00a527aa173becafe8ef01d4a8e39b84,0xe1938cee72c377aa12a294b12bda9d61ee2e3a95,0.095,2025-05-29 00:32:23.000000 UTC,2044,761,1224,0,0.6217320261437909
0x6f7d74e2b2f03b669d6968d65183bfd1b951356fbda775477c1c6010ff7c9c8b,0xd3a0760b33db47a5f0feecd97bfe4b6e8b9e0fc9,0.789165,2025-05-28 23:56:59.000000 UTC,0,0,3156,0,0.0
0xd9aedb8edeb4b42c29f7439bb50a7027822408fee204b0115dad0c6ba1e035be,0xae48a218b54e6285518198b5d0a1d6679b27390e,0.95,2025-05-28 23:41:35.000000 UTC,5607,1703,3200,0,0.5321875
0x55b3eaa722c904024d3c98f158d933a49032d2f1db38a0ac034eea2061160026,0x609fb8f19b28a76f12557a235c3e88f621267c36,0.095,2025-05-28 20:10:35.000000 UTC,2044,761,1224,0,0.6217320261437909
0x01a68245b40c69e1a13fb89f9fa8fff029fe9297d10ea6ba0e79d56f579bea49,0x297bf847dcb01f3e870515628b36eabad491e5e8,0.095,2025-05-28 17:31:35.000000 UTC,2044,761,1224,0,0.6217320261437909
0x33ef4b636240fa365f957751b566a43b6d1531c97127c4dcd89666dc115482a9,0x77d6f7ae221f7e2a624281891a826e7c9d303ba0,0.95,2025-05-28 17:28:59.000000 UTC,5609,1705,3202,0,0.5324797001873829
0x9caff9643c745cb06e7c08458b7b3885e98d020241c9542b04c157c5de3a5ca9,0xb08979f3806e2139000d9dd657e4f58af6b4ca79,0.095,2025-05-27 22:56:23.000000 UTC,2044,761,1224,0,0.6217320261437909
0x2b5c4e8c35fc9e778246ba086f76068fcf69e79b3e496092750201e23bb1a8a7,0xb08979f3806e2139000d9dd657e4f58af6b4ca79,0.19,2025-05-27 20:35:23.000000 UTC,12216,1862,2607,0,0.7142309167625623
0x13e581c3507639f347b528f5ab1a180ca352a623d6f86cadcba0a9c7cbe767bb,0xb08979f3806e2139000d9dd657e4f58af6b4ca79,0.095,2025-05-27 16:31:11.000000 UTC,2044,761,1224,0,0.6217320261437909
0x69929a4ce7514491e739fcedb134a6e00288d99bd21dca935b6cb76c45e40c2c,0xb08979f3806e2139000d9dd657e4f58af6b4ca79,0.095,2025-05-27 15:06:23.000000 UTC,2044,761,1224,0,0.6217320261437909
0x29db12f1903eccc4bbd770ce1294f589b9344038229781e77db2ecccf7e14f42,0xb08979f3806e2139000d9dd657e4f58af6b4ca79,0.095,2025-05-27 14:45:11.000000 UTC,2044,761,1224,0,0.6217320261437909
0xfaeb78fe9bd12dcad79c47f8e725415c635956d18465aa09b267164ec39bfd65,0xb08979f3806e2139000d9dd657e4f58af6b4ca79,0.095,2025-05-27 14:30:23.000000 UTC,2044,761,1224,0,0.6217320261437909
0xe4e65c119af4702b0dcc0b3754b222ad69667a3546beb70c071f7fc3b14863b2,0x3ce93a5d1ea80512da17d64f3875774e515b8be5,0.095,2025-05-26 22:09:47.000000 UTC,2044,761,1224,0,0.6217320261437909
0x5241622c1dd1329d7c0f50fcc01d596e8a12fd293eb81b5b63a935c4ce11c229,0x3ce93a5d1ea80512da17d64f3875774e515b8be5,0.095,2025-05-22 20:34:35.000000 UTC,2044,761,1224,0,0.6217320261437909
0x867520a851e74239fd8a35f2ae4e370d7a1f768206646a6101d1e83fbd4a306d,0x38bdab4273038ebeea86cdcaf7e62ede0fb9d77c,0.1305299999999999,2025-05-16 01:53:47.000000 UTC,21,23,2499,0,0.009203681472589036
0xd5dabc8ac8c4fedbd605cdf7274b4f50f2b8758e2249051cfe312d3ae2acf88c,0x0a86897acf08cd5bdaf07a8d39dee98fbbf7176c,0.0968999999999999,2025-05-15 09:22:23.000000 UTC,31,37,1230,0,0.03008130081300813
0x76ab7bd94c8578f059f82e6b2aa7c5e66c61fd847ee9443083ed3caafe43cd51,0x7de137bbb0f510a5275229c106d12e0c8f72139f,0.09595,2025-05-15 09:20:11.000000 UTC,4,5,1228,0,0.004071661237785016
0x7ce69e955b111973c5ea4361ebf71c3cee0b1de6199b69555143228f66d5b321,0x664ae6484c6e4583afc4af7c9fd69747a700d453,0.0987999999999999,2025-05-14 23:49:47.000000 UTC,5,9,1234,0,0.007293354943273906
0x2f1d2cd30d05d508789cf00e887fd34bcfcbef7481133bf8e906a0bf5b076aec,0x9f427de3250d2741cc3554f8e316ed41f9589406,0.096425,2025-05-14 23:46:47.000000 UTC,0,0,1229,0,0.0
0x41e5096df811543647c663e264d9b6d6e9668c4a6f842bd9f54861acdf350aaa,0xc05caa0384376ddc5dd1241b6210a75c7df1852b,0.09823,2025-05-14 23:44:11.000000 UTC,0,0,1233,0,0.0
0xa3fde7dc207d8406d660a408b9c54c42f3ba85507679b80f8f24de0bbe59c476,0x7de53d095feb592b1d4cbc307925abb9edcb7327,0.097185,2025-05-14 23:40:47.000000 UTC,0,0,1230,0,0.0
0x7eec122e16b7f0494f2ff915b015fb751503b20049685a9c9c16b0c5cccf239c,0xab93b89c8e423955aa544c429226e68c694acc3a,0.0968999999999999,2025-05-14 23:38:35.000000 UTC,31,37,1230,0,0.03008130081300813
0x6d9cc8a41897b30140d602a3a7ad0910d14586ba19d2c96f395af492531f320e,0x0eb50ebd69cc31d5627e6730a9b4171c903ddc64,0.0997499999999999,2025-05-14 23:28:59.000000 UTC,6,11,1239,0,0.00887812752219532
0x3b70346c22804b4f6cf62f38c4982ac424e1e14b4c23d1e58b74ee7a7dd5da7a,0x5290a8f1fcd95942c6ffc004ad3c61e9f6d6be82,0.095,2025-05-14 20:11:47.000000 UTC,2044,761,1224,0,0.6217320261437909
0x38e2b614731281427e14eef5ea83072cc7aa48bcfbd9927b6e9582de7e890c04,0x979a6889d501044b3b8678c4d33e926124ee7f35,0.095,2025-05-14 14:21:35.000000 UTC,2044,761,1224,0,0.6217320261437909
0xf249bed3f52de9c9bc5ec63face951afe1c2ffe21e28f36e11b3c8ce29ee9c90,0x90779219d539d608c8c2eb590a43782ae40cc675,0.1235949999999999,2025-05-14 11:44:59.000000 UTC,0,0,2490,0,0.0
0xaddaf8225e39a9fd314e66fd64c577962ac8982a437c08f28a113121f0ea7991,0xeb85625507811e40b1a865f8d93c1a6eb5532a0e,0.095,2025-05-14 11:40:47.000000 UTC,2044,761,1224,0,0.6217320261437909
0x9efcf419077d2d3c8659db1abdccae1a165da7d7c1e13258797af5c67c883076,0xac50ce326de14ddf9b7e9611cd2f33a1af8ac039,0.11495,2025-05-14 09:53:35.000000 UTC,62,28,2439,0,0.011480114801148012
0xd94d8991d16d79c943fe9864ac3a5ee97909c54a487d3e4c4549000de4a8b11a,0x5b0756d76e40555b02b97e86ce6fc00c3ece0f79,0.0978499999999999,2025-05-14 05:48:23.000000 UTC,1,2,1232,0,0.0016233766233766235
0xc033d4bc0df01b62cb611d3cdb46db744c7f3865893412cbb0d34850fd2f802c,0xfdf4aa2baffb899b7648bf54525fff496278661d,2.945,2025-05-13 15:37:35.000000 UTC,25,34,3822,0,0.008895866038723181
0x8892107a1f0c379cd32a309fdcfd9f8bc95d155d71f8ce5cb26dc82adc7752e3,0x32aa30ccd7aa1c688e4f23b386ce542ca3bcde23,4.75,2025-05-13 12:03:59.000000 UTC,454,246,3897,0,0.06312548113933796
0xed203049f4859051c70f4d97bd28c255a25b46b5bbb3b83da12982aec616c88c,0x8e7cdf69f384228eee2d82638eb65d734e0603c4,2.8652,2025-05-13 09:46:59.000000 UTC,0,0,3818,0,0.0
0xc688eaab165addd0aa6d3eb31a68d01e4d450df8cd7472e21cbbf3473ef1fb1a,0xf69c4bd64799e7e21829f15be99adee089a8d1c9,0.97185,2025-05-13 09:25:47.000000 UTC,0,0,3300,0,0.0
0x77dccac9c4cd31797ef5bb03f32056bbfbbde62c30eaa84edbc7a58b3cc67b28,0x1dac73f3d00052d7e815b41e7b1b5cb241aa4d70,0.95,2025-05-13 07:37:47.000000 UTC,5711,1761,3265,0,0.5393568147013783
0x808d63ec4eefc35f935172d1270c15bb07a66bd430b542bbc201d05d8a1d1eb6,0x0ccc06f69e8ffadb53256720f59ede2744da9024,0.095,2025-05-13 06:12:35.000000 UTC,2044,761,1224,0,0.6217320261437909
0xa7b84005bb0e625b2d6326fa58ec0f9971f2a4aa3437079d1d57918afb0c4f60,0x1ba98ca82234ff8e748f8ea78c3beba294ac16f1,6.175,2025-05-12 21:20:11.000000 UTC,1,2,3934,0,0.0005083884087442806
0xe703b5114c7594153fd045d66080c707827307de0d095fc63c61429ece70c9b7,0x616074f143306b4cefe272e546f73044e85c6d6d,0.95,2025-05-12 14:41:59.000000 UTC,5711,1761,3265,0,0.5393568147013783
0x43496e5ecf91851dbb3c5903f303fd1d53ed309e3b143ce13f87bcacd53012e3,0x9bf34d1c07df562657aef13361108a271efea0b0,0.095,2025-05-12 03:50:23.000000 UTC,2044,761,1224,0,0.6217320261437909
0x1ad7490216df5271b65157fffa7c39d1e9c6786cb7914d2da6dbb7808fb06501,0x3fa27f7e397ce749f0b0bdeb71f65d09f9a2899b,0.475,2025-05-12 02:40:47.000000 UTC,1654,1285,3034,0,0.4235332893869479
0xd503f3eda6feda4941ae9984917e3d4a80e7544efb0765c4e61eee9fbf9ce75f,0xf5fe364d18f4a5a53badce9a046ba74cfc97f6fb,0.95,2025-05-11 20:04:35.000000 UTC,5735,1766,3278,0,0.5387431360585723
0xbf6c6d4c3cd9a19e555c337a9728b8eb0403536afe157623bad78ceec728db34,0x256a1d5b073da8280f812703b80e2eda66ae242c,0.095,2025-05-11 18:54:47.000000 UTC,2044,761,1224,0,0.6217320261437909
0x453d1bda7ed2f97a3ea0ee13a2b82156eab98af9b64db367fdd2c7a1f61133da,0x95e9a0c113aa9931a4230f91ade08a491d3f8d54,0.95,2025-05-11 18:02:11.000000 UTC,5735,1766,3278,0,0.5387431360585723
0x4a1d788a20f33d22900bda0a12420493a464a3a09909d8a69429776bb2267ef2,0x8e6e6e6ea346be5bac353cad8f48d65b2a1ca01e,2.85,2025-05-11 16:43:23.000000 UTC,401,296,3833,0,0.07722410644403861
0x5bbdec6d30e5186db4b7ba3f81720ae9e968016471dc55657730ae7db6fd5a16,0x2ec19e982172ead28b312a07faf25105fb3747d8,0.095,2025-05-11 11:41:59.000000 UTC,2044,761,1224,0,0.6217320261437909
0xc02295eb62d6906ccb792892cf41d92aba01370bf6503d5212132d7c031264ca,0xe107cf800e4582eb239d7ffe6b476a202338b7e6,0.095,2025-05-11 08:55:11.000000 UTC,2044,761,1224,0,0.6217320261437909
0x0824c8faf55b61b4ccfb64e58e307942c99433373eb5ccd1fadb5d1f66bb0c1b,0x2f43a571af4ff759b5b6c5fc7496b77ac71b6e14,0.095,2025-05-11 00:52:35.000000 UTC,2044,761,1224,0,0.6217320261437909
0x07635cf18a4242a968e4404a3baf0b1f38182adcfe5dd8fd4fa74b04b65ab7f4,0x2f43a571af4ff759b5b6c5fc7496b77ac71b6e14,0.095,2025-05-11 00:44:59.000000 UTC,2044,761,1224,0,0.6217320261437909
0xc30eb652efc6538ab1dfc8f0101a712b70f30a96038febcce86bf9ab0b6817c1,0x2f43a571af4ff759b5b6c5fc7496b77ac71b6e14,0.475,2025-05-11 00:19:11.000000 UTC,1661,1293,3067,0,0.4215846103684382
0x6c1b7f70183bcd94b23799a041e1f1fd98b14f47ece683fc2e3108aa720266b9,0x38eff2285a0e3e2eab18c4f3b0765a833c752f1f,0.5415,2025-05-10 15:46:11.000000 UTC,8,14,3197,0,0.004379105411323116
0x4ddd4be3e3323f429431bc9fea0e710d0cf21c865eafa821cf30f0040fefbdcf,0x99f43448a9f7730c91aac0f33a47c604e4801f92,0.095,2025-05-10 12:58:11.000000 UTC,2044,761,1224,0,0.6217320261437909
0x3a3162579a931bd5e83735991423fc39f08b6733f72e0680bfc1a51f4c424ff5,0xb8ac952dcdfd1e77222213ae508ad8864dc391b4,0.095,2025-05-10 11:59:11.000000 UTC,2044,761,1224,0,0.6217320261437909
0x74cc02b225bc401ce58b23c9092e564e9ee3d78cb55f1ef75072433daead45d8,0x784e7d6b6dc65b182aaacf033f1d2f5f6508ae22,0.95,2025-05-10 09:32:47.000000 UTC,5760,1779,3305,0,0.5382753403933435
0x73b577a8c24f018d45a5cdfe7f3158bbae14ffb491aa5aa2bfa09ee81da644f5,0x38f92ea0f089356e8b478aaaf2802e368470235d,0.095,2025-05-10 00:05:11.000000 UTC,2044,761,1224,0,0.6217320261437909
0x52ebcadd69df39e9f154af875b7a61ccfe646b7ea3a559e2db550f0529dcd122,0x6736ab5e9bf58bcdc85021195a26fc345a2052ad,0.095,2025-05-09 20:40:47.000000 UTC,2044,761,1224,0,0.6217320261437909
0x654592c43463c80094d74a6a1c3bc1c73741c4d4fc3837df312bf091127c2b4e,0x0f65c5d79f02c5bc2422e22a45191cc71216b7f0,0.095,2025-05-09 18:39:35.000000 UTC,2044,761,1224,0,0.6217320261437909
0x3fa6e471e107be7eda00b6cc72c8bef3ed9840325e0397aea6b876b9691978d4,0xd55c64116bd7ca822ced2f95ec20768574ef54e4,0.095,2025-05-09 15:55:35.000000 UTC,2044,761,1224,0,0.6217320261437909
0x5208e5f8539ee2eaa7baf537bd625d8a48b3be769ec322391e1752303240f9b3,0x0035fc5208ef989c28d47e552e92b0c507d2b318,0.95,2025-05-09 15:42:11.000000 UTC,5760,1779,3305,0,0.5382753403933435
0x7c1b901d020514bff1f6d1d13848a7824c07a2e2933cdb9d813b5087e608b6e8,0x297bf847dcb01f3e870515628b36eabad491e5e8,0.95,2025-05-09 13:16:11.000000 UTC,5760,1779,3305,0,0.5382753403933435
0x4a61c171f2b90fdb6e081874b72f40c2c14cd027b764948495012a25d3ab4fe8,0x8df23ac9fc2f53754b08a5c1c4ec2af4d7cdbb31,0.475,2025-05-09 13:02:23.000000 UTC,1661,1293,3067,0,0.4215846103684382
0x4c0bd880f2f83a636ab479aeda917ad170bf90e921cdabc1d69092cc5364d4df,0x297bf847dcb01f3e870515628b36eabad491e5e8,0.95,2025-05-09 04:42:47.000000 UTC,5760,1779,3305,0,0.5382753403933435
0xbcb0e68bfe82125dc785f858d78b6b116e52122870c44f999877b4d83500ce0c,0x297bf847dcb01f3e870515628b36eabad491e5e8,0.95,2025-05-09 04:33:35.000000 UTC,5760,1779,3305,0,0.5382753403933435
0x567b304226d0578cbb8879f1a654ab7833e41b79b578f2c58158ecd9b110587e,0x297bf847dcb01f3e870515628b36eabad491e5e8,0.95,2025-05-09 04:31:35.000000 UTC,5760,1779,3305,0,0.5382753403933435
0xb8fb079a87ea28eac4333ca19977320fb2060086f3fb6cfadc813f21435000b0,0x6cc34d9fb4ae289256fc1896308d387aee2bcc52,0.285,2025-05-08 19:41:11.000000 UTC,2054,1684,2928,0,0.575136612021858
0x363e3a5a5ddcd262b1661f0a9d4aca34488c526acde5f9038948bd837f8f8f43,0x090b31f49a819e627aca05220eb042b7049a5850,0.095,2025-05-08 07:06:11.000000 UTC,2044,761,1224,0,0.6217320261437909
0xdf789eb2d84bbdf252d4d79122bda1bc446f60955e3bd2f85849a4f04075136f,0x240cd6d8dc7280d90fd36770cfad094e99bf8313,0.09595,2025-05-07 13:12:23.000000 UTC,4,5,1228,0,0.004071661237785016
0x25fa619c2b6b53b09bece63fac86db9d023d24624c00d6d3071cf21b601dbdec,0xadd33ada46633efd61580c3f6b96c7d327852ae2,0.0968999999999999,2025-05-07 13:09:59.000000 UTC,31,37,1230,0,0.03008130081300813
0xd1374a38eed4d07fba90f9bbadc4bcc86e8b751cd429d471d74430907d91375c,0x382f48b79b8dec25a4c8538643ca6d91fd82d5e1,0.095475,2025-05-07 13:09:59.000000 UTC,0,0,1226,0,0.0
0x1262eb5e16d1dff764849cb888090b6b7ebeffd36c03d30f3c9e001c86b0c4e2,0x8a60e3edb5d9237f4d8731b000fd9e9471d08963,0.1919,2025-05-07 09:51:35.000000 UTC,40,49,2711,0,0.018074511250461084
0x58ed5043f000deb933602914afc08b7adf74b486b85e612f4484e66e82564aff,0x79926e8bcce923473ec81c047e71b749459c22f7,0.095,2025-05-07 04:36:47.000000 UTC,2044,761,1224,0,0.6217320261437909
0xbe35787a7a2c1e2e24dba81fd7097cb3cd20e7b110e8ec39ff2f8784f264cffa,0xd7b7c73293ea7bae962ef8339b2142cc8c8cd3a2,0.0968999999999999,2025-05-07 03:20:59.000000 UTC,31,37,1230,0,0.03008130081300813
0xc4fec8fef9259bfbe66447b7fee5a0abaadcac9c91d1d2bfcf8b39f9da8aab13,0xb43e0fa4d742974fb4e74b691653ea8969cfc781,0.09595,2025-05-07 03:13:59.000000 UTC,4,5,1228,0,0.004071661237785016
0xcafb7fc9e7acd706e1ab5072a4bf8857eea3769cb8a9fcde266944745fb577f4,0x93a96e77cb6c12628d60296657554875bbe53619,0.09595,2025-05-07 03:12:35.000000 UTC,4,5,1228,0,0.004071661237785016
0xa2fa68b60e26b211f3f563e417a02ce5478dea4ff551fbaf192a5ddafbc17c13,0x3f81a72024746c69e1b9a6b152c4339873830cda,0.095,2025-05-07 02:27:47.000000 UTC,2044,761,1224,0,0.6217320261437909
0x5348a82279d534ba9f9d9329fe16168021b303fcde62c7c42b63db86723b693b,0x79dafd0da626f23a66e63fe06a0f2b97781f8198,0.095,2025-05-07 02:26:59.000000 UTC,2044,761,1224,0,0.6217320261437909
0xd6bf040692021da21e1102c423d82baeaaf0491027503e8c324a844d1ec41109,0x48bbd38684b19bf2240e9a0cb4946247421cc76d,0.095,2025-05-07 02:26:11.000000 UTC,2044,761,1224,0,0.6217320261437909
0xc06e0b4dca1f122ab9fea6a9b94585f3c977eb5d85c2e8edb24d37b560cf22bc,0x1220c5b1df7aad8066200fb83fd135d654b027ba,0.095,2025-05-07 02:25:47.000000 UTC,2044,761,1224,0,0.6217320261437909
0x00fc8ed0b18d70ac168dab8586b1594e7a99f87416fc88c5ff7f0220a08dbaec,0x672ddf256607dbc2db1125846f49bd26c43e702f,0.095,2025-05-07 02:24:11.000000 UTC,2044,761,1224,0,0.6217320261437909
0x1ae01570c6dee4dd0676468de06230870aef86c37f261203e8d617d1f17917fe,0xddd099db95fffd6526ba43b05f6a61ab02139444,0.095,2025-05-07 02:23:23.000000 UTC,2044,761,1224,0,0.6217320261437909
0x9ccb3366e0cdbaca10dce9e4bd775567fabf291ee775ac5ff4a0e04f518ef456,0x7ec1f04abdf8776575337a6f8e43a7fcc0002552,0.095,2025-05-07 02:22:59.000000 UTC,2044,761,1224,0,0.6217320261437909
0x69a093490b1f9626cd0afed25c61c8682f62ba36d25a884ea0c479e8cda6bb4d,0x1c93e14105e49671c5953d64953b7e0e264f8523,0.095,2025-05-07 02:22:11.000000 UTC,2044,761,1224,0,0.6217320261437909
0xbb78fb97469c22ab5fe24d7a0f1794c3ef31ea81428024f5ce155a73104ecea2,0xaa2c46e3c396695cf40f4e2283efb1d13b3c4006,0.095,2025-05-07 02:20:47.000000 UTC,2044,761,1224,0,0.6217320261437909
0x808e82df77e17efded2c69931492f7e164c2015200d2d3d453c8e61d495056a3,0xed036b877aedcdd08bcfb4102a08c052f00cdaaf,0.38,2025-05-06 20:28:59.000000 UTC,4011,2023,3053,0,0.662626924336718
0x7b0e4b3dac707868692d6a13d3eab597a6d822893b144437565ef3a0d064cd7a,0xed036b877aedcdd08bcfb4102a08c052f00cdaaf,0.38,2025-05-06 20:27:35.000000 UTC,4011,2023,3053,0,0.662626924336718
0x4bc61dd9505523e1296b3be48adeb931c1dd18c13d6b68576bacddf4832811ef,0xed036b877aedcdd08bcfb4102a08c052f00cdaaf,0.095,2025-05-06 20:26:35.000000 UTC,2044,761,1224,0,0.6217320261437909
0xba61a30581551219d8f569f01b4002fa945d64f9ea1f58e3118957ac3d820bac,0x9f7562511cc51502c82d13db64089107c4faef5d,0.095,2025-05-06 07:36:35.000000 UTC,2044,761,1224,0,0.6217320261437909
0x3c46a4b89837185f690adf75d36a9b2c8ecec1a5aee8201e7e710f439aef87e8,0xe9341976942e623f0ae6f8cab66c5130d2130ad1,0.0987999999999999,2025-05-06 04:12:11.000000 UTC,5,9,1234,0,0.007293354943273906
0xff99f0bdd52b17e4fbd5e4a00ae9255dd0b5ee79a08e76df0c5cc0163945654a,0xc1a9a1b67237ceb9f783bd9932579c8afc850856,0.095,2025-05-06 04:04:47.000000 UTC,2044,761,1224,0,0.6217320261437909
0xb59621bff4c799913ba5fcead7169c7fab70614f13be104b139387dab0eaedf9,0x6cc34d9fb4ae289256fc1896308d387aee2bcc52,0.095,2025-05-05 15:49:47.000000 UTC,2044,761,1224,0,0.6217320261437909
0xff393e283ddb93785997b99ab9f556f8b883a63bca46361af86bd8d48ba4d6c7,0xa05ee11735d861afa66bf06004cb61f7370b1d2e,0.475,2025-05-05 09:07:11.000000 UTC,1701,1333,3116,0,0.42779204107830554
0x3752a737ec1cd141f454cdf3602de7684a93e949a4e6e9e2e78783c1267bcbd1,0x5f926956f6f14c4d28537d7f821a8730b5eaf3f3,0.2375,2025-05-05 08:20:35.000000 UTC,1401,1408,2916,0,0.4828532235939643
0xff9543ebc9a11a2f52e3ec6b0c29c0176d48e44ab519d6015a9f97d39602d39f,0xaaae2dc1bd381f8761fd799d1230fa8ae7c8da0f,0.19,2025-05-05 04:57:47.000000 UTC,13159,1982,2745,0,0.722040072859745
0xa3691eb236e65353c68200b68dd906ce32b10110f32e25c91487559f3a457f87,0x3550e4b91dcd11f84ca3269d386d33746c460611,0.095,2025-05-05 00:49:11.000000 UTC,2044,761,1224,0,0.6217320261437909
0x3ea6139337e9e8d1b68b218e74fbc06c0a3a6fd46a0abec3be57fe8a06c2551e,0xa05ee11735d861afa66bf06004cb61f7370b1d2e,0.475,2025-05-04 18:20:59.000000 UTC,1702,1334,3117,0,0.4279756175810074
0xf2abc82d23273a08c1a574d2df654c1cafa1c78e113049fb8873d97506cb7bf0,0x1ba671ce4718d76d42609affbb567bf1e71e0852,0.095,2025-05-03 20:24:35.000000 UTC,2044,761,1224,0,0.6217320261437909
0xdecc5db3e8119d6751b91f6f34ce3dd677300c055c0c1617e2bbbe11cd9cba0f,0x0a3f87835990206a19762bce2f2afb29b5d6bb20,0.19,2025-05-03 11:15:35.000000 UTC,13168,1983,2746,0,0.7221412964311726
0xeef818a5af3f2296d568246013760629842ebece2a0f419cfccb2ecae373eb8e,0xa7ba3d7a87937509beb290be10288eab810bb1f3,0.09595,2025-05-03 02:58:23.000000 UTC,4,5,1228,0,0.004071661237785016
0xacd73edf8cd3be221f2d8a60c4a12b920b136d7135a35e0756a3236e6a051b9f,0x68e678702f603b15f042acfcbcb7acfa8067ada4,0.0968999999999999,2025-05-03 01:27:11.000000 UTC,31,37,1230,0,0.03008130081300813
0xbb81d1d80355e24c117c85d8c8644a7ce548d73c008873eb9954ddc5986dc8bc,0xf9f082391f6a8c1bff3f8728decdf1ad0f922528,0.0978499999999999,2025-05-03 01:26:47.000000 UTC,1,2,1232,0,0.0016233766233766235
0x38689a0881acc989f012418aec52c8a42b42d31e5d270d1a658e20030c258075,0xf513c7000cbd7f4a6c98180de933f12faf8a9d2f,0.09595,2025-05-03 01:26:23.000000 UTC,4,5,1228,0,0.004071661237785016
0xc62f52c1b3795c75ae908e1f82ad111bcc8a647ea99ce90049374c9d8ee7779e,0x6d06b5c638bdf2cf843e0f73819d38c33fcc03e4,0.097755,2025-05-02 23:05:59.000000 UTC,0,0,1232,0,0.0
0x575d1ae765a2603c9453f916dffc5bd1f5806642f7fe822bd413163f864bc9ca,0xf691cfb170033cf705b68270a06487b43dcb97ea,0.097755,2025-05-02 23:02:35.000000 UTC,0,0,1232,0,0.0
0x1423b772a3834731d351269e6dcd1cbed16ebd73286d08d0ac56cc9afbb3dec4,0x42574fb970f8e3ed4870a3c0a11d716c8e77c0fe,0.1045,2025-05-02 22:58:11.000000 UTC,1311,1152,2392,0,0.4816053511705686
0x8ef542b741db779b2e29eddb056f5a78d83d17ee989f1a41d62e5e644b424046,0xe0a12d01d1804f1c0b460f4cd3eae38057945ba8,0.097185,2025-05-02 22:57:35.000000 UTC,0,0,1230,0,0.0
0x24a9fa68b8727fdfefdba538500e63ab08857b13a17601a8bf00b2b096a95068,0xc4e8676ba82d3f9721ae5ab5a8ace226f3184f2c,0.096235,2025-05-02 22:44:11.000000 UTC,0,0,1229,0,0.0
0x097c0bf40cb3dd3a6482b8a317ca965e6676324196c71346616ca1ffb545e146,0xcea59406ff8e3b7c82782f3cfbe2b2867cee3303,0.095,2025-05-02 16:18:11.000000 UTC,2044,761,1224,0,0.6217320261437909
0x71a463dc08cb6baf20cba122e5d5f96db03228f8359f543b52a7e4fad4db880b,0xe0c823234d3616d587368bc5e7b532143ead0002,0.095,2025-05-02 16:17:23.000000 UTC,2044,761,1224,0,0.6217320261437909
0x58b25f42db8581c2e4cfd70650e1c1f3c74495aa01cfc09e5426720a5e4a26fe,0xc15d64578ddd6ff06cdb0e1fc32cf76be28f1c44,0.095,2025-05-02 16:15:59.000000 UTC,2044,761,1224,0,0.6217320261437909
0x72613992e13376b49b64a16bd0e589a715085dec99530ead6b2af59f5983392b,0x37bf78fa8853cee7df39280e70e38f3e163e44c4,0.095,2025-05-02 16:14:47.000000 UTC,2044,761,1224,0,0.6217320261437909
0xf0445815ae09f6be7ff8a70af9c4f8252a43261f2c3b3bae224ae4f270a01524,0x1ba03b643c10c6a1be5c3b8a1616c261146da69c,0.1026,2025-05-02 16:13:47.000000 UTC,108,85,2360,0,0.036016949152542374
0x11ae2f708738d06757128fe18f498d93cb322e8e282d248c8574bfba059dc71f,0x904eb7e86e4b30819b6882a11f92ed46342feb06,0.1139999999999999,2025-05-02 16:12:23.000000 UTC,4966,1786,2538,0,0.7037037037037037
0x4da86e4fc9f1781e0a9a060723590e9497974a0d649d8e9a6279b84c8322b4ff,0x1a699fd832cf134060e615e28f1874b5cdd73d1b,0.0968999999999999,2025-05-02 16:10:23.000000 UTC,31,37,1230,0,0.03008130081300813
0x563ee5de8196280156739b74c2f9456000baa60bb12582a9dcc2e100ccb99f46,0x6d2dc0e558a6877ed61d2c966ec6120404b7938b,0.10545,2025-05-02 16:09:11.000000 UTC,7,10,2414,0,0.004142502071251036
0xb2189adda8d73e0ecd63d9ab87c65d14082469d6e1d33006f74bf349149f9efa,0x58d91559354fad3357604450444171059d752881,0.095,2025-05-02 15:51:35.000000 UTC,2044,761,1224,0,0.6217320261437909
0xfdd46fdd8fb41de5597032acc9d40dee0b704ed753e8cf45d258e6f14e92ba91,0x83bcef98c11a3822ce6f2bc1ef3de6f5b1e232fc,0.38,2025-05-02 09:53:59.000000 UTC,4039,2030,3067,0,0.6618845777632866
0x9f777c28a2cd43ab92dee084b3fcff17114a083084d06cbdbd4a3bc2b554c167,0x79926e8bcce923473ec81c047e71b749459c22f7,0.095,2025-05-01 23:54:59.000000 UTC,2044,761,1224,0,0.6217320261437909
0xe81dcbbf45b2ee566343e8f67f003ec4e6fd8040b8a95c35018986575faf1cd1,0x89d312a43b3c1e8b2ca1c1143ee6161e5289e648,0.1139999999999999,2025-05-01 10:05:59.000000 UTC,4972,1789,2541,0,0.7040535222353405
0x3a089af21d019bd6aaf5e9253807c702fc1612e84314cfbce751ed80833a7842,0x2adf3f6ad65df7f2f0a1984c0129dbba5772b62d,0.152,2025-05-01 10:05:59.000000 UTC,2714,452,2717,0,0.16635995583364005
0xccab26e17505bdd149623e6b691d2c5fd967937998cfa09d0be9843663857355,0x09bae784ae46555610cfea233245f52b166a8ebc,0.1425,2025-05-01 09:59:59.000000 UTC,271,174,2658,0,0.0654627539503386
0xf60b8725472c961940316ac06bad45f2c1abca727ed93d3765a94511425a12a4,0xb7e8768b81227caac805363262ff3ac60cf30fc2,0.095,2025-05-01 09:59:47.000000 UTC,2044,761,1224,0,0.6217320261437909
0x00fd3a41e56e53251e9a0bc9aa0dacf5e7c2c413d36d46f4eaaf01f94eff4057,0x8cf32dee4ffe45c05821164daa68ad430c577c17,0.095,2025-05-01 09:53:47.000000 UTC,2044,761,1224,0,0.6217320261437909
0xb0112ef840582ca396fd95b0efaa897523699f581e48a2cf4e40c1ffdc383c19,0x412167a7bb623f9e4d3b73233633e56c3cfd5cf0,0.095,2025-05-01 09:50:47.000000 UTC,2044,761,1224,0,0.6217320261437909
0xbc419dd51fc2de27674ece411fd5e0ad8e020237e7388c15c86d11ffa19c1ca6,0xc86a564ecd4f4d1a3d28ac79c516b0ab8d9afc0d,0.095,2025-05-01 09:04:23.000000 UTC,2044,761,1224,0,0.6217320261437909
0x2e9c3b9be2bb41ae125ecdd22851e8b95c4dd6d31a5b7af6c3b8febf5f0a0e2e,0xc84267d4a86a0e969022551e4422d4387abc1bab,0.09728,2025-05-01 00:00:11.000000 UTC,1,2,1230,0,0.0016260162601626016
0x139d741de095fb68d06364309bc5fccf105bc369108417c6daeac1be08a46553,0x00c3d8cc7e324d96c55adc518cdb00e16a520293,0.095,2025-04-30 23:55:59.000000 UTC,2044,761,1224,0,0.6217320261437909
0x1e5453edcfb8c908f3279c26d13a1ea3f47c530414846277dba7d3018602bc40,0xa8ad67e8cea289a69350c0cd870770465b418e38,0.0968999999999999,2025-04-30 23:51:35.000000 UTC,31,37,1230,0,0.03008130081300813
0x82c34c40e88835a230806c200aec828d8a04afef78e381a0c107a291c7454a8e,0x95c954a70fb9411b01931d954b6103faed7ee623,0.09595,2025-04-30 15:17:47.000000 UTC,4,5,1228,0,0.004071661237785016
0xf4f0887312b6d3489296ad13bb93806c312221c1f550858b70ae557450543960,0x13055a7f2621682f409229bbd16c62769e4f749a,0.095,2025-04-30 15:02:23.000000 UTC,2044,761,1224,0,0.6217320261437909
0xa5837e64e7b6ac94941e3ccc092b4659d5bfa9baffb9bff9521aca814ce1c97a,0x7206ca21af2cb9fe0c02284b5413b10d25500a43,0.095,2025-04-30 14:56:11.000000 UTC,2044,761,1224,0,0.6217320261437909
0x74a2af77bb716e76f504fb03351b06a7cecdfdd8a40ebac38aa25fd1ef0e6aa7,0xa8750b1a35ebf94858f1211020c9c76a2686acfc,0.095,2025-04-30 10:05:59.000000 UTC,2044,761,1224,0,0.6217320261437909
0xa70a96d1d43ca3d558d575874233fe66ac127a95eabf94f484cb1ee101b8893e,0xd940909ae50e084706e479604bae660b5f932e18,0.095,2025-04-30 06:54:35.000000 UTC,2044,761,1224,0,0.6217320261437909
0x27e9a24e0997497a89a822ff9a410eaafd410f39fb97222b9b31da2f0b1f7021,0x831cb4285a15b03baca119f421cc95c4a66d2b42,0.532,2025-04-29 23:29:23.000000 UTC,76,73,3266,0,0.022351500306184935
0xbf45efe3efb53d0a7575d143ec9a28d1937905a8762dd192fea88c32929f0b3d,0x831cb4285a15b03baca119f421cc95c4a66d2b42,0.95,2025-04-29 23:28:11.000000 UTC,5855,1832,3376,0,0.542654028436019
0x0a76b1fe54217930b1f55f80b7840d9edbd9eaae3eedf6cd9f8978665ca4bed5,0x831cb4285a15b03baca119f421cc95c4a66d2b42,0.95,2025-04-29 23:27:35.000000 UTC,5855,1832,3376,0,0.542654028436019
0x4569e9f5a2f89705f98d74158bfdd1c50b74a53e5fd981759cf6a7787c6ab341,0x5ceaa6de74acd541220d42a90f30a55ad20dc7e3,0.095475,2025-04-29 23:21:47.000000 UTC,0,0,1226,0,0.0
0xc682c25c5235dce0482a8e64ce7e9f26ee8269f63fdf2d4fa27563527fff8345,0xc043295cd50b675efa1984a5fed1bd3c897d4bff,0.103075,2025-04-29 23:13:59.000000 UTC,15,8,2381,0,0.0033599328013439733
0xebb658cb3549aebe01ef982dcf72f5872e770678d800a9e223a26a317d0e2c29,0x56e1e4f464618511d579f09d15815644f13d1e57,0.1066849999999999,2025-04-29 23:12:35.000000 UTC,0,0,2428,0,0.0
0x7411aba8815224ce79183a4f1a1b782b5683467ba6e552e6a31afdfce35403dd,0xba9f58b140e26350466ea7c042f430bced0dca63,0.105735,2025-04-29 23:08:11.000000 UTC,1,2,2421,0,0.0008261049153242462
0x9bee4b1ae2b002b791b5ac96cfb66a9bc733ab25a3939417c99938da77e69808,0x32bd5aa65d30fce09adbd578793bebe420485106,0.10507,2025-04-29 23:05:23.000000 UTC,9,10,2417,0,0.004137360364087712
0x835122e4a8b67c965c71c6b77498048a5bf0a63c129ab8146cc0216384c881f3,0x088e2ec6405604a6421d526522eba118552c41a2,0.111815,2025-04-29 23:03:35.000000 UTC,0,0,2540,0,0.0
0xb27b39d69f088d003adaf5b498c2263b30895bd191710348570d7f57a37b5451,0x47847bb09c21a6d48414cb1645f8e5a9b689d293,0.103645,2025-04-29 23:01:47.000000 UTC,0,0,2387,0,0.0
0xda5c436c83435ba849c9ded925d5e3e4d8450f1712b62039f6541239378e644a,0x7b4170c2af33c5223f43f7dde7b97640c7934616,0.11552,2025-04-29 23:00:11.000000 UTC,3,5,2559,0,0.0019538882375928096
0x18ed2faaf60aaaef316f6fa495162830884e1a42e79939386335705567fa16ba,0x1a20d46011bf51cc74869bd22729b311bf02d664,0.0979449999999999,2025-04-29 22:58:35.000000 UTC,1,2,1232,0,0.0016233766233766235
0xa4d529cc55ec261a436c6140510031602678df3755f28c558454e690bc9d2a26,0xbb60d02f50120c32d2c2cf94d1fa69ccb86bd037,0.1034549999999999,2025-04-29 22:57:47.000000 UTC,0,0,2385,0,0.0
0xb7f1d5a30ebb086cc4b7b193555514d2ffcce919c2732f48833da270a2f9b758,0x50954c87cbb3b2bcfd8a77b6395aafd42c39f1ec,0.1029799999999999,2025-04-29 22:57:47.000000 UTC,1,2,2371,0,0.0008435259384226065
0x2f077565eb75a82d296798918119a278736b26f43a8985da33eba036561dc873,0xc9990bcd1faabf8c248353437f0e8b86cb6c7477,0.09576,2025-04-29 22:54:23.000000 UTC,23,24,1228,0,0.019543973941368076
0x08e56748f2a7dfe223dd1ec6250b4a5317e821455cb584f38c14c150618b49fa,0xe6fab34e7f0c941e17449b1bc80b3cc2f5a14ba2,0.103835,2025-04-29 22:53:35.000000 UTC,0,0,2388,0,0.0
0xdbf6c05d28c4a4106f11029b0cbffd84d5b913593ff741660bbfdb92f940353d,0x336e2b470fbc605634151bb52f27b15f2897a17e,0.1034549999999999,2025-04-29 22:51:35.000000 UTC,0,0,2385,0,0.0
0xae841904567c2e7327fb83263ba7cba4122b4ca7053312c1d9ca578775ead0b1,0x194898961100caeef084e61831d15120c3b401a8,0.1034549999999999,2025-04-29 22:50:35.000000 UTC,0,0,2385,0,0.0
0xf06085111cd9746d61223293e0cfcd3803ca6db8cc0c3f2f89da580eb8bf490b,0x596f7834e4418d6a0e5ccf1d4aab2b1a823363f7,0.1034549999999999,2025-04-29 22:48:47.000000 UTC,0,0,2385,0,0.0
0xeed5001c739698c636202d958c59a0a8c3ed832a0c6f0de6e174d16f1cfb1be0,0x6a2e3179bca6d71abd54efaf168115c5236ad464,0.09766,2025-04-29 22:41:35.000000 UTC,0,0,1231,0,0.0
0x693ec0ade2b15de481424a42d7d4488806bb6dba65af6f41429529920919f845,0x297bf847dcb01f3e870515628b36eabad491e5e8,0.95,2025-04-29 21:30:47.000000 UTC,5855,1832,3376,0,0.542654028436019
0x676aae0959b7c7847bbb2b712942132c71e59da5ab67f3beb3a4c4f76ae138d9,0x9878a58179f423cb6371cf390980ecef405d7a7c,0.57,2025-04-29 16:58:11.000000 UTC,4057,2189,3277,0,0.6679890143423863
0xb838057d58d785cadd399ebd7fd91211c059dc295bbd1609a0cc42315c242b8f,0x777c47498b42dbe449fb4cb810871a46cd777777,0.1045,2025-04-29 11:23:23.000000 UTC,1315,1156,2399,0,0.4818674447686536
0xd72c463ac3f2c3173ee81379d8e45231a8f9af4bf988c05a7f44b2d580ac7259,0xd839a57ab4a1191b7ea7ec1a013452b1e045177b,0.097755,2025-04-28 21:47:59.000000 UTC,0,0,1232,0,0.0
0xf4aeff359fe27be2072e7ced6abbc76658bb94714a253e5a59ac4d31b7c3d970,0xfc1d6a879224e02769031c2b662bfca655202cbf,0.098325,2025-04-28 21:45:59.000000 UTC,1,2,1234,0,0.0016207455429497568
0xce4e3d888b1d10aaf31b888f0ec535e507b5ab5a457c8b221f9727b5b9c7335d,0xf2f049436cd92025a4a2f4a5f18aac4ddfa51f8d,0.09766,2025-04-28 21:44:35.000000 UTC,0,0,1231,0,0.0
0xc4be108dc60de22e01579fb12242e10d93cc5d0cf955bf30ef240942f009e67c,0x979ddc228ec8e384f3e5347e18c6571708d63b9b,0.0968999999999999,2025-04-28 21:42:11.000000 UTC,31,37,1230,0,0.03008130081300813
0x0b4a0d5e753ea0d7c44d8358bcff6e35b66b829b36d9171db90f5b1437c1fe15,0x2e3b65053598010e06f7eda4aba40722dbd015c1,0.096425,2025-04-28 21:40:35.000000 UTC,0,0,1229,0,0.0
0x3227501935e3e4b61b75051f3144f13a491c6081562049c9a5108cd68a54b970,0x297bf847dcb01f3e870515628b36eabad491e5e8,0.95,2025-04-28 20:57:47.000000 UTC,5872,1849,3400,0,0.5438235294117647
0xc9753719074e6fb912f06a29ebcc236ee46876f6e5d478f115f2aaa594d56148,0xcba67c6bc16d881ef0940fec7839202d496d9a23,0.1040249999999999,2025-04-28 10:46:47.000000 UTC,0,0,2412,0,0.0
0x81926bd20b432fe928ff0405054f6ddca9efa29f1186a6782af68ab632817a90,0xb766c7e94888914b051ff6d4a0a5c364a6e344eb,0.11286,2025-04-28 10:24:47.000000 UTC,2,4,2566,0,0.001558846453624318
0x0578a7bab1ed4b2a8c81735cd60b789a9cbc1d8ca0b60a198b199b137ae629ed,0x9cad95adee7fbf9f689969a5be63140be3cb524b,0.095,2025-04-28 08:15:23.000000 UTC,2044,761,1224,0,0.6217320261437909
0xb6d34ace3bb286d02bb274912b4a0818a457b88103a712bdd83d468103c96ee9,0x1cbffc8b30dd6ac35b09f028d17d723e98ae09d9,0.09595,2025-04-28 00:27:47.000000 UTC,4,5,1228,0,0.004071661237785016
0xb05a782d28feee629ddb19db50bd12ec791f980e7db2008e0f1c7c3b6765e5fc,0x6ab0d4e317786fa9082ba68a4b8c6c70a8750b08,0.0997499999999999,2025-04-28 00:27:11.000000 UTC,6,11,1239,0,0.00887812752219532
0x48d2bee74de98557958d29c1302525e60f9cb64c31776cc9948e51936473e7e6,0x14745743f3a9893113fca903cbde01cb169aa7fb,0.095,2025-04-27 23:27:11.000000 UTC,2044,761,1224,0,0.6217320261437909
0x8b6386804a4bb5729dc7edd349cf1a4a4945f59c15aa44d7b63207b303805f8b,0x609fb8f19b28a76f12557a235c3e88f621267c36,0.095,2025-04-27 18:36:47.000000 UTC,2044,761,1224,0,0.6217320261437909
0x15e1bbdc605cfadf164635c0c4ac5da71eb97eb7523984842d89e7cab880abe7,0x19c2a0e1398ba78c00af784fdec4cd0bbe70a392,0.0950949999999999,2025-04-27 00:56:11.000000 UTC,2,3,1226,0,0.0024469820554649264
0xfc655a1e990909c4f6d08eea621647b6e04ae90ccdcf6439aa8b601287975e79,0xf2d1fd0e9212c103f96fd237d7ccb853d9bb1de5,0.0997499999999999,2025-04-26 03:58:59.000000 UTC,6,11,1239,0,0.00887812752219532
0x47573db826de24f619d0fb3cfcf8caa9f3c19b4afc650bfcc425e6254045e78b,0xf2d1fd0e9212c103f96fd237d7ccb853d9bb1de5,0.0978499999999999,2025-04-26 03:57:11.000000 UTC,1,2,1232,0,0.0016233766233766235
0xc2f45407ac00241c1495869a2f2ab8b1283d5a9df924675ef90b9f36dd0575b8,0xf2d1fd0e9212c103f96fd237d7ccb853d9bb1de5,0.09595,2025-04-26 03:54:59.000000 UTC,4,5,1228,0,0.004071661237785016
0x13bbd98100d43d4b4af7f17dc5bcba6fadd116071e25a8e6b473980eb1ea50be,0x4570d5b4177cf209944e8e3fb1f2a77021ffd5c5,0.095,2025-04-25 20:25:47.000000 UTC,2044,761,1224,0,0.6217320261437909
0x5007e3676f7fce9a0f4800b5a4a56dc6c3a12bce7db4a85fb5d79ff1006efd50,0xf32a29f850d8eb5b4eda9d5f942770c983f7094b,0.1139999999999999,2025-04-25 13:27:35.000000 UTC,5557,1866,2624,0,0.7111280487804879
0x3a421e6febf0e9394e606ee4f549e896365e634547276f7efab2f8b83ac31049,0x83bcef98c11a3822ce6f2bc1ef3de6f5b1e232fc,0.095,2025-04-25 10:01:11.000000 UTC,2046,762,1225,0,0.6220408163265306
0x022d4e6b21ff54b2730a40ad1ccffe1b6903b744276166162b0c30961f488e17,0x7e71159e06ca661355ba8500d7951838e668dca2,0.0997499999999999,2025-04-25 00:22:47.000000 UTC,6,11,1240,0,0.008870967741935484
0x9301c6d034a7c3c6c61077467f823e71712870ab48f331e629ba535d19774f84,0x67dfcaccf9f9d082544318bf5fd13ed77de9a9a8,0.152,2025-04-25 00:18:47.000000 UTC,2913,477,2808,0,0.16987179487179488
0x52b0617e042770262e8ed16e60fbe478d1b1a5b2d1da73690ee043d79edd6bab,0xfdf07722363432e44ee7911e40e54444882494e7,0.475,2025-04-24 19:03:59.000000 UTC,1784,1409,3227,0,0.43662844747443447
0xb1f211bb2d3377772f8bb7a5d2908bc1926b5114284f99739e9f3634215ebe64,0x99be075feedf24d48610e3a7615f7674cce2f31e,0.0968999999999999,2025-04-24 15:50:11.000000 UTC,31,37,1231,0,0.030056864337936636
0xc9e9ba3093de8d9a3cfffc81c0e2e887adccd5ec21ef82046729d23f8182c60f,0x4cd527264a079fb8950969a275011460b9dca0e3,0.09595,2025-04-24 13:32:47.000000 UTC,4,5,1229,0,0.0040683482506102524
0x9a876605b66028d2412213752c1ec9ee84a16a6d23d09e3df878032fa0a18248,0x84939656c4b4ec55a630e14aa353cf186e02dbc7,0.095,2025-04-24 10:09:35.000000 UTC,2046,762,1225,0,0.6220408163265306
0xb69d371d20c150f3c0843363ddeaa8d4130660d27df09b3bd99c924e278ae0b5,0xa05ee11735d861afa66bf06004cb61f7370b1d2e,0.95,2025-04-24 08:40:47.000000 UTC,6126,1903,3472,0,0.5480990783410138
0x773c282a7fffc60ab99fc1961d3e9ff3ce1b1b2b699521462e8570668cbe1d29,0x5bd4e7f7684ddb7389a54004e73c0e74f9117eed,0.095,2025-04-24 02:27:47.000000 UTC,2046,762,1225,0,0.6220408163265306
0x0d64680d1dfc4f29b79810153e837843bd685dd9c87e2e1261587e8905e1ee86,0x2d1bf803ed1f75aae5b338331242567348ebd626,0.1045,2025-04-24 01:25:11.000000 UTC,1406,1223,2473,0,0.4945410432672867
0x402c495b2e198a3fb01163d49c3a6f8986d24a7601a1f937e590f4889b68e13b,0xbbb37369c6a0d7db49aaf898dc71c90d9cf99b1b,0.1139999999999999,2025-04-24 00:50:47.000000 UTC,5575,1875,2633,0,0.7121154576528674
0x80d371ef087bc64be8c73a2760fbcc2ce3ab45ef6d9b823db916cd5866d59a3e,0x2aaffa3f057ac205599e07a424b467a0d7f69ddb,0.1029799999999999,2025-04-24 00:48:35.000000 UTC,1,2,2446,0,0.0008176614881439084
0x6fa0ddbb209d5b9a1a438d9ce2363e407d9e53d5edac8b84b3fc8b0010ff397d,0x8cd4896ce9aab5a01f1e916833d888402db07b27,0.10678,2025-04-24 00:46:59.000000 UTC,2,4,2507,0,0.0015955325089748703
0x068e700c10a137c082a66e3c69d23beb8a4bab0a8c4139fae2e16837cf621baf,0xe83a34a6371620565e5a348a942536d29da6a8ef,0.114665,2025-04-24 00:44:59.000000 UTC,0,0,2637,0,0.0
0x7f66f72dc13397e55505d3f38378c7a2f66f14b0710fd5f81ceac3a6e4851f79,0x15c00ef2c4c7ecebabca7ac2f3fc30dbd9454403,0.1062099999999999,2025-04-24 00:44:11.000000 UTC,44,45,2504,0,0.017971246006389777
0x0a8120c722eb965028476ed6e7f1182c63b9d34d525aaf310980b9c4108b5989,0x8809c49d2e8bdec6b950854ccc752d67560fac53,0.0967099999999999,2025-04-24 00:37:59.000000 UTC,1,2,1231,0,0.0016246953696181965
0x86cdb572c0a65fa961e25932e8b2546125fbb315df0ea16483c8944a75b71d18,0x507f7588998dea2a1facc722b37ca32a941f9c02,0.1035499999999999,2025-04-24 00:34:11.000000 UTC,48,52,2461,0,0.021129622104835433
0x64b8478f5d0c9bb8092b0f7550055a49c02a5613db4109faadf9e802fe66d1c3,0x3e326f81d08f27fb31a42c966ae18cbf32f31028,0.1052599999999999,2025-04-24 00:34:11.000000 UTC,20,23,2497,0,0.0092110532639167
0x5080620305d104ba65ac2275a607a98d2dd8522e3955763da7850691516e9b09,0x41afa98762e951023bb8b012dcc8134cb04b9fd3,0.112385,2025-04-24 00:33:23.000000 UTC,4,5,2628,0,0.001902587519025875
0x0fe8ff469fd9011f6afb7140d096863cdc0682525681492e02dde86ffcd810d8,0x505dfa3a4bacfd5ebab9c3af0e052bff05066357,0.1035499999999999,2025-04-24 00:29:47.000000 UTC,48,52,2461,0,0.021129622104835433
0x72ac158cdc72ee5442a1b907404d05bda2c90be236843ddc719545fc7afa5e81,0x376a92311fd62cbb45d65fb99d8df57144d7115a,0.10412,2025-04-24 00:25:59.000000 UTC,4,8,2471,0,0.003237555645487657
0x0e135b9af9d39e47f062d6b36e9859d6f1e3d909148d287693cdc3f42bbf0012,0x02679a101280335d66662c6630a4eb93642ad73a,0.0990849999999999,2025-04-24 00:25:23.000000 UTC,0,0,1237,0,0.0
0x6638d005997a3b18c5203019727977cc39e417fd99e60a5c1e55a9a007d7d10f,0x9a007b6f308e681a861c7234795726105172af28,0.095475,2025-04-24 00:15:11.000000 UTC,0,0,1227,0,0.0
0x3f2a18b4cd057f1ff9e6f81b69dfd9d07d58c22081ad3470c92f7fd979fa27fa,0x06c75f595b7fd72f4f3a5a521f00e905d4beb6c9,0.0987999999999999,2025-04-24 00:06:35.000000 UTC,5,9,1235,0,0.0072874493927125505
0x86b2e611611eabc571d0098ab53a2fefe9dbbe1d7adf8736e5bd4d1ea77d8b5b,0x17d22af31599e5de8ad8bd00bf47cc1030166634,0.103075,2025-04-23 21:35:35.000000 UTC,15,8,2469,0,0.0032401782098015392
0x97219b690cfa29d5b7b330da3ac6b1b091fe12ab80c83ae836abff6363183100,0x01c7256aac691d93d1c9c24d8bcd165e37d9913c,0.095,2025-04-23 18:32:59.000000 UTC,2046,762,1225,0,0.6220408163265306
0x58c7b98b7af67ac883d34836fa6f87786226b24fc0e71273a6cbb5f8b1e8c86d,0x031781f40fe876469ca424ba06f657c0da539fc4,0.0960449999999999,2025-04-23 18:22:23.000000 UTC,0,0,1230,0,0.0
0x951e8f7a40a900087e6a1705d6d8dc2e38f432e95385c2670ebdc296db95a3ca,0x6cec8d1c8787b08259d27589e1eac843c780d940,0.095285,2025-04-23 18:10:35.000000 UTC,0,0,1227,0,0.0
0x0881d9a07b213fcf4290911225d854a86e9e2d08390f40c08ef6ff8fae8b3048,0x4138336f5c001df0f711813a86a92395887aee6b,0.0950949999999999,2025-04-23 17:50:11.000000 UTC,2,3,1227,0,0.0024449877750611247
0x8142b88f82fd376a2aa792b8ce59b9d789583d1b320bb43f91e3d9720bb45ac6,0x212407c68357024b43690ff7edf0aabd2a61b389,0.95,2025-04-23 12:59:47.000000 UTC,6155,1922,3507,0,0.5480467636156259
0x19b8797e00d85602914b4f2c0361d0a20e3327f55cb27621dd20e0822fc098fa,0xf6ab293911ee06ac05b29a5fd830b1bf1eede45c,0.095,2025-04-23 11:16:59.000000 UTC,2046,762,1225,0,0.6220408163265306
0xa1b52c88ee79562ae7e0587a78183c81b3c089766a56b70e2ce54ca06f3fe3dc,0xd21ae096d384f5f00eb6819bc517ef45af0a49b6,0.09595,2025-04-23 04:34:11.000000 UTC,4,5,1229,0,0.0040683482506102524
0xd2960b24d1ae14d752af88592f25eddbcd0f36bb94c5aa589b1801935585b4c5,0xb89a20033b9ea5bc8cd33511639eac2ec51923d9,0.0968999999999999,2025-04-23 04:26:23.000000 UTC,31,37,1231,0,0.030056864337936636
0x1104820dead09c554afbc97bf7b03e8708ffbad03538f6d73beac894c37652f3,0x40c59cfaf8aa17a43eb2f1d50384c95ff50adef9,0.095,2025-04-22 22:47:23.000000 UTC,2046,762,1225,0,0.6220408163265306
0x39ee1848abe6b1525d6363cf0ced0c1b4b55ac412eef4bef60023ca58877e7a9,0x56a601a1ef1dd469640b9773a24f680fd28b68d6,0.0997499999999999,2025-04-22 19:45:35.000000 UTC,6,11,1240,0,0.008870967741935484
0x8e3b492f84b0974033530df50b94936909bfae6c74e222f9d8dcf1b1d421045e,0x6d19abf82f4cfec7ed629d1daf7e5c89772e4607,0.09519,2025-04-22 16:15:35.000000 UTC,0,0,1227,0,0.0
0x1a496a0fd9720eca04cd75eebaa0de8b691d516a05f3c6098ba4c5a609cd6a11,0x7a927494af0630e894216a7876ebed9f5994b8eb,0.095,2025-04-22 15:44:35.000000 UTC,2046,762,1225,0,0.6220408163265306
0xef3342408a69c482dfda18a8cb2b49430ce8b39da577ac2e969c3ef461b4001a,0x5c8828f2098083aa4a47034c64071cc568ac5844,0.095,2025-04-22 15:38:35.000000 UTC,2046,762,1225,0,0.6220408163265306
0xc6bd4a87a693514ed7028de0e7a68755e2ee290e3d92ec79ed764d8052009831,0x7cfb77c5923c6f46f65784d7b555f6b201b69d6c,0.1139999999999999,2025-04-22 15:33:35.000000 UTC,5748,1946,2665,0,0.7302063789868668
0xdadb4d42aa9eae0e7a4ac9eb16f162bdc7c76d6ae4efa5b37adc8bd0f8d15d21,0xdb75b2cbaf67abb0dc02ce00234c5103c7deb19e,0.95,2025-04-22 14:54:59.000000 UTC,6168,1929,3515,0,0.5487908961593172
0xa95721c8355788a4a9c2481d07d74a02e2c9eed598cb83c316f54b8dd5387239,0x992b57e0cfe1c0eff8484805c2d5aa2b78c54d48,0.095,2025-04-22 06:28:59.000000 UTC,2046,762,1225,0,0.6220408163265306
0x476b739652d9c45803305196b946876da742d372d44e420dc95d53f4ba81ee7c,0x0b9094b011c179345840d1ce9f2af46ed037df20,0.095,2025-04-22 06:28:35.000000 UTC,2046,762,1225,0,0.6220408163265306
0x288c0c41086bd69b347f10fc889b670f8806960fb9640d50898e84674eab5ce5,0x0ead81bfd1f7096ddb6c997e734220b916a5840e,0.095,2025-04-22 06:27:47.000000 UTC,2046,762,1225,0,0.6220408163265306
0x242c3910f61966854be9ca31df8f6553358eef0a06b2f612f0e3e0bd58b6a91f,0xf1bb48613c9040a8c21a834318d260a533086b8b,0.095,2025-04-22 06:27:23.000000 UTC,2046,762,1225,0,0.6220408163265306
0xd71ebd72f7cdb0ed3f9befd3cff5f7567b30522c7140055fab520d1f0c09b1d1,0xcde6f893fad99b1b2199f0cc44625214b35f25b5,0.095,2025-04-22 06:26:47.000000 UTC,2046,762,1225,0,0.6220408163265306
0x01c9fd423f5804a5c6f23e5b21b0af5fd8c050585c438e083ee194baaa55a088,0xc128c52e7b7307b37c77ab46da9c4925cf0c747b,0.095,2025-04-22 06:26:11.000000 UTC,2046,762,1225,0,0.6220408163265306
0x190d7bd202953f53a5087e2950919be4651f8ed6bccd8fbf30c2d163c0bf548c,0xf91439d026980450dad358455517e12dd57ad607,0.095,2025-04-22 06:06:23.000000 UTC,2046,762,1225,0,0.6220408163265306
0xc05f669820d1d60cf45bfe7515299c7b612cb88760b1fc3653bf5472ee423166,0x78b1fbb582164f12c684f8662a53f51f13cb98c4,0.095,2025-04-22 06:05:47.000000 UTC,2046,762,1225,0,0.6220408163265306
0x7f39ae87b435496970a00dfdd1453e3857f2bd1f9d443e9f34bba38e62eede69,0x71dc33cb08e3d482192670e712c8f564ea2dab38,0.095,2025-04-22 06:04:59.000000 UTC,2046,762,1225,0,0.6220408163265306
0xca6ca79191b90ce9dcd11fcf193ed2ce7720e5e42e3c5f061678ffff8a6d92ff,0xfb0f6f3e2c4ead649b6b1ba155067430e95eecc1,0.095,2025-04-22 05:53:35.000000 UTC,2046,762,1225,0,0.6220408163265306
0xa87adcc3311d917c6a354b6dd4be7a557d96d3ac55ed6596a3aa8811e10a9b12,0x29f872f02da8ace8890e8d3e5105a752cd3b5792,0.095,2025-04-22 05:32:47.000000 UTC,2046,762,1225,0,0.6220408163265306
0x94ee89d09c940f85b61041dd5f0d528aed264f72a052486f077ea88390bdbdcb,0xe2fa26879684827e355d55811ebfc7b65327a709,0.095,2025-04-22 03:46:35.000000 UTC,2046,762,1225,0,0.6220408163265306
0x0b4670d638f7aa3c063d975556de4083f1dbed3edaf9b73bac0ab87f29c3f679,0xa9904297eeec96a9fbd46e0e9c9f2e01dade8985,0.0950949999999999,2025-04-22 03:17:59.000000 UTC,2,3,1227,0,0.0024449877750611247
0x62f2c6dd3c0e005f72c1cafa74f097d39109b9e2715ffc8273c283876ddbbf8e,0xd16b04392dea6a15a7f6cfaf1cca62bd7c28bd3b,0.09519,2025-04-22 02:32:47.000000 UTC,0,0,1227,0,0.0
0x8fba2cc9210433df0e6dd38bcc26f15d19b5c85cc239a4c15fcad66c4ebbf829,0xba69674066bbd3799d65794866b79916c092e062,0.95,2025-04-21 22:32:11.000000 UTC,6180,1931,3517,0,0.5490474836508388
0x27ef6de5a5aed85e5035f89e978dc0981cb3c0b1cda6ac0b744d0f290b974e45,0xba69674066bbd3799d65794866b79916c092e062,0.95,2025-04-21 22:27:59.000000 UTC,6180,1931,3517,0,0.5490474836508388
0x113d91bf5da7f2b31c5f94e9dc0b0afabe15b4a2e7c1592dab4ada3ae279d783,0xba69674066bbd3799d65794866b79916c092e062,0.95,2025-04-21 22:26:11.000000 UTC,6180,1931,3517,0,0.5490474836508388
0x04d086ac4b4874d7663bb3b0413debe89e9a4a574681a37238b82c128a0357e2,0xba69674066bbd3799d65794866b79916c092e062,0.95,2025-04-21 22:25:23.000000 UTC,6180,1931,3517,0,0.5490474836508388
0xebf7f9a1caee02d51aea30eb79b0b0ac896a1ebb250e642cdbc6a272da935243,0xba69674066bbd3799d65794866b79916c092e062,0.95,2025-04-21 22:24:23.000000 UTC,6180,1931,3517,0,0.5490474836508388
0x369e2e12b0b24326841c6078d6203edf9c60fe3b8597d60b868f2a470cccb3fd,0xba69674066bbd3799d65794866b79916c092e062,0.95,2025-04-21 22:22:59.000000 UTC,6180,1931,3517,0,0.5490474836508388
0xeb74929fa2efb2d501726321bff0656382b47b6ad1656b9310ec152f77906e7b,0xba69674066bbd3799d65794866b79916c092e062,0.95,2025-04-21 22:22:11.000000 UTC,6180,1931,3517,0,0.5490474836508388
0x1ea42b335063bf4499df415aca20039be3265bcde4426048f303b6092848ee6e,0xba69674066bbd3799d65794866b79916c092e062,0.95,2025-04-21 22:21:23.000000 UTC,6180,1931,3517,0,0.5490474836508388
0x429ca470d747a5cb99c26566b7240a7860e0243a08f50e12382ddc9ac36e182c,0xba69674066bbd3799d65794866b79916c092e062,0.95,2025-04-21 22:20:47.000000 UTC,6180,1931,3517,0,0.5490474836508388
0x7eac6ea7da2ecfd79d316372ede1b58a7a6549fc66cf706e6fb6d100678f64a2,0xba69674066bbd3799d65794866b79916c092e062,0.95,2025-04-21 22:18:23.000000 UTC,6180,1931,3517,0,0.5490474836508388
0x8ee62b5a658c1f69bc6be3f53a1eac00e9b9bc80cac6cb67790fd0c3af06cc30,0xba69674066bbd3799d65794866b79916c092e062,0.95,2025-04-21 22:17:47.000000 UTC,6180,1931,3517,0,0.5490474836508388
0xc13ed79a6d869d6fe6991381ccbb6766e05052ff5ee444e55d4b5fad5a5f46cd,0xba69674066bbd3799d65794866b79916c092e062,0.95,2025-04-21 22:16:59.000000 UTC,6180,1931,3517,0,0.5490474836508388
0xcf4ef1773e536dbf8b2b580e255f3112887f40504a7f94214fd75ee9b2c95367,0xba69674066bbd3799d65794866b79916c092e062,0.95,2025-04-21 22:15:59.000000 UTC,6180,1931,3517,0,0.5490474836508388
0x0250ab03ddba77cb74d165d413ecdb603be19605211cdbbe517f173f1a2dcf96,0xba69674066bbd3799d65794866b79916c092e062,0.95,2025-04-21 22:15:11.000000 UTC,6180,1931,3517,0,0.5490474836508388
0x1b9375fc9e7d0df61ade0d51f7d98930f2fc4a6757b034acca92ae3e46cf160c,0xba69674066bbd3799d65794866b79916c092e062,0.95,2025-04-21 22:14:11.000000 UTC,6180,1931,3517,0,0.5490474836508388
0x3054a60690545ca54ceb52050fbbbf6827d234f24805b9a00d64fc6b8f23260e,0xba69674066bbd3799d65794866b79916c092e062,0.095,2025-04-21 21:48:47.000000 UTC,2046,762,1225,0,0.6220408163265306
0xbe392f6df430e9ecd9ffcfbac241c9922d8a3db69430ddbbb447b425b0e60c45,0x2d7087000ec11ba403643ed165b25c146bda2647,0.095,2025-04-21 21:36:59.000000 UTC,2046,762,1225,0,0.6220408163265306
0x5b6fe435e6b520e307cec1bd89db652023a325b5a255d74555efb6e44306d49c,0x29d3e4557608bee68748c5690f5dce55c701edbb,0.0997499999999999,2025-04-21 19:05:59.000000 UTC,6,11,1240,0,0.008870967741935484
0x83714c403facb906152bf7e93f7a3596aa46a087a15f2e5042171d2586257b40,0xb98128d76b8df245ff499e50eb1ccd41147a745c,0.1045,2025-04-21 18:13:11.000000 UTC,1441,1247,2502,0,0.4984012789768185
0x1b9c8e0fb622ee847a08acbc9b3dc178673e2abe1d13c15fd85546c07c6348e8,0x7444156a5ab0405e37ded4d1bbcec5ff26f3a192,0.097755,2025-04-21 14:35:23.000000 UTC,0,0,1233,0,0.0
0xa5aa7e8a7664a39a432a9db51e15bdd6849b2e4e7b5ffb5ceb3301013b2bd166,0xbdf17115f64032461290438cc51294d9d0ae6b29,0.095,2025-04-21 14:20:47.000000 UTC,2046,762,1225,0,0.6220408163265306
0x2ebf4b2466d1bf4a33358a5d6c3ad06210bd8bdb81026e6af58f4e788502da48,0xa88fe3d4ee26fae27fdc3b8518549994e91a7eca,0.0968999999999999,2025-04-21 14:06:23.000000 UTC,31,37,1231,0,0.030056864337936636
0xfd9f205bee2fb61bb4be4edb379da97de206113b71db0e4b796e14c1d382c23c,0xdee376bcafe22896c2fe01740925a2366a30eecf,0.095,2025-04-21 13:55:11.000000 UTC,2046,762,1225,0,0.6220408163265306
0x6f60141a95d8927a99cd05a89036566319ca55d6382a05fb8074667766baeb40,0x6e1963eb79d730d241cc8727aa0c8d8e544a07a9,0.095,2025-04-21 13:38:59.000000 UTC,2046,762,1225,0,0.6220408163265306
0x2ef9e5764ac27de300714e043e83742599a7fca2350e9528e1331c7a25ff7c57,0x280cbff08def7adeee016ee7e0ede3fdfeb1e713,0.095,2025-04-21 13:11:23.000000 UTC,2046,762,1225,0,0.6220408163265306
0x8460c17740609f82f5a5f0de448326e579ab8f10d13e00977851150cb14af568,0x7032a9a64691c028630a3f38375d357a09402613,0.095,2025-04-21 12:41:11.000000 UTC,2046,762,1225,0,0.6220408163265306
0x89296f5cdd6536504577c437f2ccd5c7e9a49e550ae70002a339da2bea7dc052,0xf2d1fd0e9212c103f96fd237d7ccb853d9bb1de5,0.1045,2025-04-21 11:47:23.000000 UTC,1446,1252,2507,0,0.49940167530913443
0x6bf889ed9cd906cef1fc27388f8b0c912fbfab25dfe634cb7a5754e2fcd0fead,0x378f0dabc405ec50d666872326cd5a101c50a619,0.095,2025-04-21 11:31:11.000000 UTC,2046,762,1225,0,0.6220408163265306
0x10a0428d2864cd537c6031da21a4e090272e9f28632ab7bdbc4ce37ec21f356e,0xa750903f6d8f0a19dae5f97d8499ccfa62142099,0.095,2025-04-21 07:22:59.000000 UTC,2046,762,1225,0,0.6220408163265306
0x22a8186c4a58dbc45121f46d214712080a989530fa28b548bddce836f3f9b77b,0x647253b550dcf17d2537637a73c38f58bb676417,0.095,2025-04-21 07:07:11.000000 UTC,2046,762,1225,0,0.6220408163265306
0xadefd7ce4d880851d0a2b11977b133400ba0ca4afc8bf019314eb5e81a848afe,0xc9fd99aadf3c5b98adee3bde40e28c3981696e22,0.095,2025-04-21 04:09:23.000000 UTC,2046,762,1225,0,0.6220408163265306
0xbfb429080e6409694acac755612ce7f6f2ad32b50fc12218ec55673ded3e9016,0xeee4e86bc66c13a6a684e8e3634b5c6ee04c48b8,0.09899,2025-04-21 01:06:23.000000 UTC,7,9,1235,0,0.0072874493927125505
0xd146229011f38d20452edb63f84aa179b098be3c60181aeffcf152bede571d77,0x4f8c3a83510b989838440c36770c81d824233f46,0.095,2025-04-21 01:05:23.000000 UTC,2046,762,1225,0,0.6220408163265306
0xd04ddd04540cfdca4c68c4d1e86bacf41b775b9a4ab7fbd4990b87290458a91a,0x88bada845477e8c8abd446272e01a41d9147a3ce,0.1045,2025-04-21 01:04:23.000000 UTC,1454,1260,2517,0,0.5005959475566151
0x7a4689cf8eceaae27f1a37b3baf426741629fc54e57648b1859bf6bae0104e42,0x22aa7a9d53e27a3662ec306b41ae285782243351,0.1139999999999999,2025-04-21 01:02:11.000000 UTC,5784,1962,2682,0,0.7315436241610739
0xc4fbe008dadc00c5a577073a0e18ec376d11a8f921ce514a49bee2a30c7fc213,0x8a50567835f76ec70471137ddc7f81e4f2226804,0.1064,2025-04-21 01:00:47.000000 UTC,159,164,2548,0,0.06436420722135008
0x4b97560afa5ece55b2e2549bb1cadfecdd23151ec6af687d8ba485e6d0b537a3,0x3619ef8acbb94fd9f5d441a2ef0a16f15a6dcd32,0.0978499999999999,2025-04-21 00:59:35.000000 UTC,1,2,1233,0,0.0016220600162206002
0x1673ea750caef81418742b8f34cffa6b4033a6747cceef257ab81efd15e41bf5,0x2425e161fc93b6ea2e6112b80d666c2f3302b3da,0.10735,2025-04-21 00:58:11.000000 UTC,4,4,2556,0,0.001564945226917058
0xc0dc13fc12a485347ea34629e8c915029bb8bf5ebf5821cbd046cecd5f97807e,0x543713ca304bf0c6e4c9326c2da9113395f395cc,0.1158999999999999,2025-04-21 00:56:59.000000 UTC,83,90,2699,0,0.033345683586513526
0xc9ff84b6bf5b77545b3f104befb60d60838b9ca53c98aff633d1e2b48e5bd866,0xfc307fbd58d7f5715b991e0c95e6124c9ae87a23,0.1083,2025-04-21 00:55:47.000000 UTC,105,115,2563,0,0.04486929379633242
0x24cc3995db15cd459fcdc7bfcbe735aec639b075951f77b318ac7e3b6d19f3a6,0x0a97df85e0a529b5331be52d3bee41bdaee11b20,0.1045,2025-04-21 00:53:59.000000 UTC,1454,1260,2517,0,0.5005959475566151
0x6cc451c7cfced984c67c7972de5af2224dad8da23d273c6aec73971201777f65,0x687f578b29a579ac5d08797448ae9a570a4cbd94,0.1035499999999999,2025-04-21 00:48:23.000000 UTC,52,56,2501,0,0.022391043582566973
0xaa87a253c8b74c50041d09b380f0bd27a7a8111616b4bea2aef8bc47ed4168bb,0x36a7ed40255943b2f97378da3e616d7ee9b2456c,0.09595,2025-04-21 00:46:35.000000 UTC,4,5,1229,0,0.0040683482506102524
0x5b1eef8aee8314350b6c6809d443f515fc54450d5f6f05d67bcbb6a29427c0dc,0xe2d892c2cc4f2a6dc09575f992d4e73f782bb697,0.0992749999999999,2025-04-21 00:45:35.000000 UTC,0,0,1238,0,0.0
0xf91e639e174646966436f804d9543548d9ae504c381a2dcd9eb8ce83a4f2cb74,0xdb0240cc8c5525368f0209ab4788ba63fb0d52bf,0.095,2025-04-21 00:44:23.000000 UTC,2046,762,1225,0,0.6220408163265306
0xf7f2803d2320fa31a5609359dbcc87af0cac90b91c4df8ab07b0ba8a0e8c31a0,0x6aeef395a8605db22c4c4635b34727dd71bf4dfc,0.095,2025-04-21 00:43:23.000000 UTC,2046,762,1225,0,0.6220408163265306
0x1f3f7fc44e40cf05c40b0ea394e515b8f3f8a3ad8190a3251c9582f10bec409b,0x5d0c9303b049ff222504cba80a7cec7329755dc4,0.095,2025-04-21 00:41:23.000000 UTC,2046,762,1225,0,0.6220408163265306
0xf542c126ebf7aeb5777270254312041782015b033b8713cb1fadb4e79235450e,0x6ad94532911af656cb0477f3b2d9b4fa5594402b,0.09595,2025-04-21 00:40:11.000000 UTC,4,5,1229,0,0.0040683482506102524
0x4c86dcbe0f392e15e8f4b99f603ea338d4f01d115e9516af3349674dfc8405b0,0xe94372707cbf324d28bce21b1770426ce3aceaac,0.0968999999999999,2025-04-21 00:38:59.000000 UTC,31,37,1231,0,0.030056864337936636
0x3772d3b9956d1e9b94f99a87c8346d9405181afcd682e65993434a4573499ac3,0x18e3fb5f6a6f27ba8d542ca4dfd043d03115face,0.095,2025-04-21 00:36:47.000000 UTC,2046,762,1225,0,0.6220408163265306
0x590abe376633019f8c97fdfa939a70482767ae3953654d83891976e05f77f0dd,0x3063d2f87d17886c5307715471094763111137fa,0.095,2025-04-21 00:33:47.000000 UTC,2046,762,1225,0,0.6220408163265306
0x63e93d0ebb4b634d1d6b534e381b4996ed60ed49f9f1ddca2e0e2e20c938c5b2,0xa1b228dea43ba8fd9d61f48ba6dce2d087a9e0b1,0.095,2025-04-20 23:36:23.000000 UTC,2046,762,1225,0,0.6220408163265306
0x1522e29cd4ff8af35ab1d4fb5999ef61285417020e75c3d519fda98fa3aa94d8,0x4527c7bf0d083e87b15c0af7b2e6b8491c777385,0.095,2025-04-20 22:50:11.000000 UTC,2046,762,1225,0,0.6220408163265306
0x895a5ceac4e28a55423a2ea37b94155ad17253789d2242b59ebecc9cd350764a,0x70a052469fab9f949aa4f1abc6b9ee04085de2db,0.09519,2025-04-20 22:14:47.000000 UTC,0,0,1227,0,0.0
0xdd86109f8c2ab76e0d273e36561cc7edbad14244f0217c7d89662f3e0fc7fe03,0xf2d68f31377d8c4fbc17277e1f887ddc8c4599f2,0.0950949999999999,2025-04-20 21:57:35.000000 UTC,2,3,1227,0,0.0024449877750611247
0x166d62489d667775a0559b3360d7ed854bc8ba71d3c59d4a2ee37c5f6a9bd002,0xdbd8cf42afc3d9770ba9aaef7e3380c324a127c1,0.095,2025-04-20 21:56:59.000000 UTC,2046,762,1225,0,0.6220408163265306
0xb13c77f975e5a0f0d87bcb0b90f8ac5dfa02711a29fc8217631a8b81a092e073,0xbfc7de27c3f5a1e112e92c9995dbd588f5cc8438,0.09595,2025-04-20 21:23:35.000000 UTC,4,5,1229,0,0.0040683482506102524
0x0c489fb64c7bab4df817f6ebf67275ac5201df76b926e830855af95c12bbcac8,0x22f52c647f11722a5b98bba085d2cadc11fe46a8,0.095,2025-04-20 21:22:23.000000 UTC,2046,762,1225,0,0.6220408163265306
0xbe68fbf70100be7428bfc3ebb2999bc35f4f200043f3c15391fab50b4d6795d2,0xe49fed8e64cd4bf98764e14d5c09bd6b990049b5,0.095475,2025-04-20 21:20:35.000000 UTC,0,0,1227,0,0.0
0x10e5a535b84a662ba19671352694d928c514f9640f5c19afd0c2047984225051,0xb6565c9a47b4566480705b85eb05c3d5c37f26ed,0.3324999999999999,2025-04-20 21:12:35.000000 UTC,105,81,3211,0,0.025225786359389598
0x61388fa080570480d5345ab4d9c07884aba692173279f9d28a0ea6f1a2db547e,0xec8cbab21d13fe452c54abc4d962cc2a0830314a,0.095,2025-04-20 21:11:35.000000 UTC,2046,762,1225,0,0.6220408163265306
0x48d0627ac10d560d363b175c0fe3f580a47b4aa50a59dcbab1943d8c206ef7d5,0x0eaccf77ef2c9e74de067cfbf2718aea78f31827,0.0987999999999999,2025-04-20 15:15:11.000000 UTC,5,9,1235,0,0.0072874493927125505
0xe022231beb287e693cdf44fc45099890f0a688f44332cee8548ac864c8c16cfb,0x8ebcf4879d2e908ba135f9909f04d0becabe6ef0,0.0978499999999999,2025-04-20 15:05:59.000000 UTC,1,2,1233,0,0.0016220600162206002
0x7ef8d720b69969b72e852cebf3df81425c1db4b8b868d86a9833d57e15cc6cf0,0xbdbb6c5fc9d2ca873b82880b6773d598ce20698b,0.0997499999999999,2025-04-20 15:01:35.000000 UTC,6,11,1240,0,0.008870967741935484
0x97718d8ca50976adfb69d3883bdcd414b58738b6c61269e4e4300c8519a09bd0,0xaae8856069b6235aa6fdbae9dc27fc15a403aa51,0.1045,2025-04-20 14:49:47.000000 UTC,1475,1268,2525,0,0.5021782178217822
0x00b8826c4cccb5394b577e215f9f7660144bd5899b451b6aad80aa0a7cb9720d,0xe7b30a037f5598e4e73702ca66a59af5cc650dcd,0.1139999999999999,2025-04-20 14:09:47.000000 UTC,5840,1971,2691,0,0.7324414715719063
0x1bb4ea2513c4b78a42d614b30c0d626463fa0d5f4c711a73a4634d373ec6bdb7,0xf178905915f55dd34ba1980942354dc64109118f,0.1425,2025-04-20 10:54:59.000000 UTC,285,186,2819,0,0.0659808442710181
0xd25c3f69acd28731680ddaf66974e7e56cae8b762a528c8f6955c1ce3eefe828,0xb6565c9a47b4566480705b85eb05c3d5c37f26ed,0.17328,2025-04-19 22:14:59.000000 UTC,1,2,2907,0,0.0006879944960440316
0x95b0da81c91ad342abc2d4266c0f098b332c9b3b3af9c58018afd55226e6980b,0xb6565c9a47b4566480705b85eb05c3d5c37f26ed,0.19,2025-04-19 22:09:59.000000 UTC,14301,2132,2922,0,0.729637234770705
0xf7e7208ef9a0fd5d4c0ba86c8e388092689274a2e5a03cc7051f4d7f144f51d0,0x9878a58179f423cb6371cf390980ecef405d7a7c,0.95,2025-04-19 21:09:59.000000 UTC,6215,1952,3547,0,0.5503242176487172
0xc221f23d2f50ff17d38df18633e00a5c85afd262eae7c9ff7b870427db3f962a,0x315f4fdc5b3858dc67c411601e9ffb9ade38843b,0.1139999999999999,2025-04-19 20:59:35.000000 UTC,5840,1971,2691,0,0.7324414715719063
0xada503e1fced4af8a92672600033567b2904647cc20fb9f12e281bf42ab66996,0xa05ee11735d861afa66bf06004cb61f7370b1d2e,0.95,2025-04-19 19:53:59.000000 UTC,6215,1952,3547,0,0.5503242176487172
0x00c56eac52cdd72ef51e81ed75e8c00e0967a8c859a33681533779e8b052a225,0x04bea8800efaaebc1f6341248a0f3bb54a03a269,0.95,2025-04-19 19:53:59.000000 UTC,6215,1952,3547,0,0.5503242176487172
0xae76290c1cb876976254b7a36f1d4d84570442ba039470a459dc5cd11d92b891,0x1dac73f3d00052d7e815b41e7b1b5cb241aa4d70,0.19,2025-04-19 11:11:47.000000 UTC,14301,2132,2922,0,0.729637234770705
0x7821cac61e32b92de35a8a94c940d4b5aa05d3392b8b35da428fa197330f9f8d,0x86dce71540f9db41610e6fd67969ffd54f698c9e,0.95,2025-04-19 03:55:47.000000 UTC,6215,1952,3547,0,0.5503242176487172
0x41700de1e570c99270984d88fa2a57075e1c1675262fefbfcc79bcb875fbf5ba,0x79926e8bcce923473ec81c047e71b749459c22f7,0.095,2025-04-19 03:21:35.000000 UTC,2046,762,1225,0,0.6220408163265306
0x45823452a51e8fc3c0c8355aca0b78c930d44798806706c44affae982cee96c9,0x41ef5633d985a57d17422765d98e4f8bf50a24be,0.95,2025-04-18 21:32:47.000000 UTC,6216,1953,3548,0,0.5504509582863585
0x05de8f2a01ce28244c0d86d301804b33ca1f47a66ea3c494e84728015bb1fd06,0x69226fcc1c1daea83f197a0eeb570217142ce395,0.095,2025-04-18 13:12:23.000000 UTC,2046,762,1225,0,0.6220408163265306
0xeabf2888ddbd47c4427ec93bac5ec367887c7ba4e28f6611499cb74d49471804,0x218bc3444eeb2ecea5bc64ab22cfa040067b5ca7,0.095,2025-04-18 13:12:23.000000 UTC,2046,762,1225,0,0.6220408163265306
0xc986bc639a2801de82d99661665dc9c69af772fde25e8ac7dcd15bcbcc144cbc,0x82fe0291da2bf91459a516e59a39ec92844654d5,0.095,2025-04-18 13:09:35.000000 UTC,2046,762,1225,0,0.6220408163265306
0xb2eb9e226e584bd2a8573fda21d58ea7298931f42c064f509cea0f8f822212b4,0xe5c8134e040c71c7d475916c81dacd12f78b1008,0.095,2025-04-18 12:14:35.000000 UTC,2046,762,1225,0,0.6220408163265306
0xa8ccea93826c41637089e38fa6f7949fd3b21d3225a58dd175e2defc5f0a9236,0xd6e67fc81bd8724518700c7cd5c1d7fcbeef80e4,0.2902249999999999,2025-04-18 11:19:47.000000 UTC,0,0,3169,0,0.0
0x09f746b35de9e34c39772f8f116071f935c6bba40ed3ae823e41b4d537948d21,0x609fb8f19b28a76f12557a235c3e88f621267c36,0.095,2025-04-18 10:55:35.000000 UTC,2046,762,1225,0,0.6220408163265306
0x64beb82e322c3fbddb4b5d79f1127f56ce7582d70617660fc388fa9f37bedb87,0x831fe769a76fdbd2b38fa7ae798e7cea24daddf2,0.095,2025-04-18 10:08:47.000000 UTC,2046,762,1225,0,0.6220408163265306
0x2f2894e5cf0c97d159cf0b489d642a8ec6a0371a15fb46efb1503638f8e2e1b2,0xd84e1da8221eb16d1f56c720e006f98e3fde617b,0.102125,2025-04-18 09:41:35.000000 UTC,2,3,2483,0,0.0012082158679017317
0x1002f36907031cdc1697be59adb8dcd54ae26d05d93cc2bdc1c957fbfa75059b,0xd84e1da8221eb16d1f56c720e006f98e3fde617b,0.10545,2025-04-18 09:05:35.000000 UTC,7,10,2556,0,0.003912363067292645
0xf21bf72ef340c88d8b17e177f375804b103207021c9d2fe1d4a789bce0e35301,0x11e9a7e2b04295ad2401e12ca9def050cc2d7bc8,0.095,2025-04-18 08:42:59.000000 UTC,2046,762,1225,0,0.6220408163265306
0x719b4f8df89038466d311137d1cb5f71a3c812885b83f25dcbe14078994eef92,0xeb381c1404dc47aa695d78c256ecd4a03f4cf562,0.1045,2025-04-18 08:03:59.000000 UTC,1483,1276,2533,0,0.503750493485985
0x324a4ba2ac6510b4ffc45321b76291f900c1abf961401cb623cbcbeb127722b9,0x998a30cc97703b862e32b16ec32dba9712a8117a,0.095,2025-04-18 07:54:23.000000 UTC,2046,762,1225,0,0.6220408163265306
0xdff8c471e218b9d454ce8522b8b5a550cc378134c42f5f52ee8ae91dd831c1fa,0xcc4c48c1456bbb7b7dc77463290d02b6d414b085,0.95,2025-04-17 17:13:11.000000 UTC,6237,1964,3560,0,0.5516853932584269
0xfdb14ff8320b92155611798c2606f73330e31ca746f16f2cccaf8ad9a45082bf,0x19e33fc8b263390df2a89aed43801bbe3a006490,0.095,2025-04-17 10:41:59.000000 UTC,2046,762,1225,0,0.6220408163265306
0xb7dd84af3be0c5188d255d4815fb5faca489f94bceac0995422835eb6ad05d74,0xc13f96a3efd6d3bf4182c35676e0638253db298b,0.09595,2025-04-17 04:05:35.000000 UTC,4,5,1229,0,0.0040683482506102524
0x09580a8cf4a51e64698f138d95b065f566492d05ec137e93655ec3487a581a72,0x79926e8bcce923473ec81c047e71b749459c22f7,0.095,2025-04-17 03:55:35.000000 UTC,2046,762,1225,0,0.6220408163265306
0x01feae3be43e06ce11e13ba04ba4de527ca9b12412806bcd382841f788800b07,0xab672abe01d55d173183c674245868273162cb04,0.15048,2025-04-17 00:13:35.000000 UTC,2,4,2892,0,0.0013831258644536654
0xedb76f5f97f64ae3d9491aebdb66d552270e67831126c5201792eed46bab1baf,0x7b65e94c9b8b2968e883bda0c104cef643dbb653,0.1040249999999999,2025-04-16 21:03:59.000000 UTC,0,0,2532,0,0.0
0xd287bc9cb2e3142a9fa68654b4904765c82c9e1060d58bfff61c0716dd52188f,0x015b2c96729317911908ffad1c79741c4b267d3a,0.0953799999999999,2025-04-16 20:52:23.000000 UTC,3,4,1227,0,0.0032599837000814994
0xf29627727232878d41705bcbb13fbdb4c208912004cc6affaa38322892185a48,0x21ab3aa7053a3615e02d4ac517b7075b45bf524f,0.1405999999999999,2025-04-16 19:56:35.000000 UTC,128,140,2835,0,0.04938271604938271
0xeabbdc32564a86d7b055df8cae7e92e7dc75d37f086e7ff1051126ecb268a782,0xc309966467f988e4837f5435822296267506ace1,0.0950949999999999,2025-04-16 19:29:59.000000 UTC,2,3,1227,0,0.0024449877750611247
0x865059085373e5a82f54f47ccf83ce2cae8d6527f24cfd911fde9eaa655401a5,0x9446968d53569d1a700c78620a1b42cdefc4b3b1,0.095285,2025-04-16 19:24:35.000000 UTC,0,0,1227,0,0.0
0x88de58607e7cbc886f52fe4918dbfed3b029ea5a6353744434ecaaed68f25b95,0x00127fa50aeb00d97135c2509613718a8e5cdcf8,0.09595,2025-04-16 19:11:35.000000 UTC,4,5,1229,0,0.0040683482506102524
0x8931917bae6414676aa57b2e7f5ba55a558d66c5cf2f9a8b75ad529024952ba9,0xfab866ce9cf24190d4f89bb2b89a8916680c755f,0.095,2025-04-16 11:15:23.000000 UTC,2046,762,1225,0,0.6220408163265306
0x572b3835854a641eb0b342fc455935f993994349c7e8601b4536a0a8c0a18a5d,0x7974dafa37338abacb3d47986472a76f0c38306b,0.09994,2025-04-16 11:08:35.000000 UTC,2,4,1240,0,0.0032258064516129032
0xf67456dccc6e7934a17f80c13865602ebd64467e0167be60fd1f3281bd2600fb,0x4cb503d39d272af78b3452dd618590c351510cea,0.095,2025-04-16 11:03:35.000000 UTC,2046,762,1225,0,0.6220408163265306
0xaca6f07dc1365f4b83c513b27445e87318d02190b52141065dc71d09719190ac,0x504c4d88d891d6354da1289b99cb97ebad62af55,0.095,2025-04-16 10:57:47.000000 UTC,2046,762,1225,0,0.6220408163265306
0x464888a388f30ce18f200e14a239d063a51313920701664876c1a2f422f5eaef,0x5f36131717cd657e04ca6aed38d230f72547415c,0.095,2025-04-16 09:20:23.000000 UTC,2046,762,1225,0,0.6220408163265306
0xfd0ee181c78c2dd2ad0ccd0c33b03429c3a0dff6feabb972c5dd7292e62c2db5,0x5f36131717cd657e04ca6aed38d230f72547415c,0.095,2025-04-16 09:12:47.000000 UTC,2046,762,1225,0,0.6220408163265306
0x29ef6d4f0c6966a8db969454687b48d038a9ebe40433cc7d2945f541459c92a0,0xbd87f20ee9499b9e7d89f08a2cbeca05dacc795c,0.095,2025-04-16 07:15:23.000000 UTC,2046,762,1225,0,0.6220408163265306
0xbe96a0e3f67c368493a1d47ad2e1489c64100d54904792d755469b549c8087c9,0xc4e770723481ca98c20945fc8582e803b341fa47,0.10545,2025-04-16 07:03:23.000000 UTC,7,10,2570,0,0.0038910505836575876
0x8bd2faee74492e7c75ee6ae3d08cf1c73fa3d48c68488dc6718c881121636ce5,0x5dd4de76b79021abbc82cd5ac830cad4ce66e540,0.1235,2025-04-16 07:01:23.000000 UTC,2611,1421,2783,0,0.510600071864894
0x5a090539d6ee2a56eb1014df25a5c4fcd591e1de8a2fef5bfdc39072cdd4122d,0xa195be65da3e2c7533f0b1b1c771da2fe0c28526,0.19,2025-04-16 06:40:35.000000 UTC,14506,2154,2946,0,0.7311608961303462
0x859f750c1fe4ca30b944e1236bb5f03bc6a74ee8c8cae47cb3b611e4e06e2f52,0x895c5a67168ab29d5e8e96a55f933ad7c948c612,0.095,2025-04-16 03:18:47.000000 UTC,2046,762,1225,0,0.6220408163265306
0xd12cfa7d4a787779cc49e0a2801129602338931c429735aaaa767c3578f9c252,0x839395e20bbb182fa440d08f850e6c7a8f6f0780,0.095,2025-04-15 23:47:23.000000 UTC,2046,762,1225,0,0.6220408163265306
0xa0c78e4accb44c104a978c268581f70bcc238d19b95020c9a6f6d2b1ab8d3495,0x5bbf369e94cda0702e9abc805cf897d889f069a0,0.095,2025-04-15 23:44:23.000000 UTC,2046,762,1225,0,0.6220408163265306
0x1074e8a38a18b98bab586ff3e48ac877b0bbc2f6d415b697764e30397ae5af4f,0x28d5816f981c7c310c23df37767e80be67ce6113,0.095,2025-04-15 23:37:11.000000 UTC,2046,762,1225,0,0.6220408163265306
0x4d0ce641f6cbc5eb4dbe3b7a792fc360f105fdc05988fc0ceb4c392d295c6014,0x69c6d19bce6458ff519660657d9d2ed99cf903c4,0.095,2025-04-15 23:36:23.000000 UTC,2046,762,1225,0,0.6220408163265306
0x546699b916f59c7b4fa0882ec2daf92ee02756e67d6c572e305cebc6b66e7919,0xa89d591389693740027efa997fcf6f222e58922b,0.095,2025-04-15 14:03:23.000000 UTC,2046,762,1225,0,0.6220408163265306
0x92ba9a5f71fce4d3aa9aaa69ec651683bfe86e76b74b49905184fa43cdf017c1,0x99b00a3a654f5d09323ba13467a11dd656a65ec4,0.1045,2025-04-15 14:01:35.000000 UTC,1498,1291,2549,0,0.5064731267163594
0xd67b1dcbd5752f625f08917135cd19da5061e9ed3cfa1e8d3a8d5a885e996b1c,0xa4176ab1c806e062dd54e1221c40267e14836447,0.095,2025-04-15 13:55:23.000000 UTC,2046,762,1225,0,0.6220408163265306
0xef21d1b94cd48ab36cee2a4de37f63e63198c1ce8cb42a255c91750570ad917c,0x5875cda10c6848e9f1b6fa746586ff5065b1eeb7,0.10925,2025-04-15 13:49:11.000000 UTC,24,17,2612,0,0.006508422664624809
0xc12fc4e0c015e5969797c78b8ca704c496c8ff7326b8e345d565015b11297a78,0x887ea4d2321ac821ce10f6ce65e181ef281ab9ee,0.95,2025-04-15 13:41:47.000000 UTC,6264,1979,3582,0,0.5524846454494696
0xf89e9022040945d013cabc53bc27fca2d57a373e86b3c6cfbaa89627a87a1648,0x11e9a7e2b04295ad2401e12ca9def050cc2d7bc8,0.095,2025-04-15 12:43:59.000000 UTC,2046,762,1225,0,0.6220408163265306
0x46b38b2db663fa28a11421451146a05e123d8ea3d3f320898fb28dfddef895e2,0x9fd3d1ab21e53ada301f93f02d555b2b0a101b01,0.1045,2025-04-15 10:57:59.000000 UTC,1498,1291,2549,0,0.5064731267163594
0x0cf01d31b4a2c5d93670f281ca8f9a0574fc374a1618e5997ef0796436aeea8f,0xf0b1dad0027b4ae38baaeb2878a64f9fd8a378e4,0.0997499999999999,2025-04-15 07:46:47.000000 UTC,6,11,1240,0,0.008870967741935484
0xfc86d217daa27fbefef62f696f78596056b14a86092850720c5a9291d0392969,0x13bf4152e8b499b15f272fd61eb4dabe88072d9f,0.095,2025-04-15 06:53:59.000000 UTC,2046,762,1225,0,0.6220408163265306
0x822abe73f8c8a649893483a4e115cb6203ae7ad4a8f7754ed2a6472291a52ea4,0xab672abe01d55d173183c674245868273162cb04,0.09709,2025-04-14 23:18:59.000000 UTC,0,0,1231,0,0.0
0xac181bb0692e1a5a586675f6968096738e565afba6477c4f422db5c710b627a2,0x32ed0223eee4eb7e66c9253ab7871e6ffb1d69e7,0.095,2025-04-14 21:12:23.000000 UTC,2046,762,1225,0,0.6220408163265306
0xc73eda5c81c5a24f93a9a42de5282ac6000a02f23080e1149b8f2c452eaff972,0x167f4d9b6473983f7f2b60a78c3557816d5a153a,0.095,2025-04-14 20:18:35.000000 UTC,2046,762,1225,0,0.6220408163265306
0xd0b423d15205fcc81a0d59da08d3ec2cba0aa52011180117c88f7094e888d026,0x1c4bc5c75361a520c9e15dc3a5d43e8e6c639b18,0.095,2025-04-14 20:15:59.000000 UTC,2046,762,1225,0,0.6220408163265306
0x6bda451fe501e38a560899487a790a0983bb44e271d270ae38fbb3c9f3ae495f,0x7cbd846ffb25e74dee4afe1d1f182842ec0c752c,0.095,2025-04-14 20:13:23.000000 UTC,2046,762,1225,0,0.6220408163265306
0x685d8b7b50405b6681d7e06741676f5088fceebbb935fc48c5a3ed4d715007c0,0x68f27f85a195bcaebe9315007cca3b23702ecdb9,0.09595,2025-04-14 20:04:59.000000 UTC,4,5,1229,0,0.0040683482506102524
0x5d612f8be58aa1911b35b8db9bd4a9f7dd22a4550518edd759468348267877f4,0xec4a8100342d8bf3190712bd43688aef8e0b955c,0.095,2025-04-14 20:00:47.000000 UTC,2046,762,1225,0,0.6220408163265306
0xf25d1b33b47d3d0150bbd32b05bc86890cb6a474ff8eb9e8d6965001a677e804,0xcb892e05fa8f48d6c531cba279eea615f23a0c77,0.095,2025-04-14 19:16:35.000000 UTC,2046,762,1225,0,0.6220408163265306
0xa88b013a391f950d0987bddaf861e5c87b70ed30eec39f93651ac743c3391a28,0x0565d29125cd6b86a62a8cc5f0c2e7e8ab693db1,0.95,2025-04-14 18:04:59.000000 UTC,6265,1980,3583,0,0.5526095450739603
0x143c23b49704aeac818e66c8a1feff48ed7b134baa1b4a0024b83f97ae67b746,0x3752dd83b47b9e1b023c566b8db53aa98571dafa,0.18525,2025-04-14 16:54:47.000000 UTC,0,0,2950,0,0.0
0x765083cb8be981f51759a4c291e1a6207b7af5920d89199863fc18220dd3c10e,0x0bd9edba4059ff66efc18536abf4062e9263a4be,0.095,2025-04-14 15:11:59.000000 UTC,2046,762,1225,0,0.6220408163265306
0x49a8bf163801aa24cdab8bf77cb4d27a18f98377ad6eea3414f6f41d07c5b604,0x297bf847dcb01f3e870515628b36eabad491e5e8,0.95,2025-04-14 14:40:11.000000 UTC,6266,1981,3584,0,0.552734375
0x2bf58bf676aac35254f0db2234635b0f37db15aeda11cc9f6cbea17af8f5e611,0x297bf847dcb01f3e870515628b36eabad491e5e8,0.95,2025-04-14 14:02:59.000000 UTC,6267,1982,3585,0,0.5528591352859136
0xc216de45934bc5fc71a32a0e02bfb038dd32709f4ffe16d118dde5088751638a,0xf89d4c52367af8fd4b748511e496a68f03577129,0.095,2025-04-14 12:31:47.000000 UTC,2046,762,1225,0,0.6220408163265306
0x1b471fabde6b17ac24ca216280f61fe53d23d7eb416163244247935931f1c36b,0x5af58f280e51fc99ac1011b093116a097be28bd7,0.0997499999999999,2025-04-14 08:43:35.000000 UTC,6,11,1240,0,0.008870967741935484
0x88e9100db5cbecbabd922be386d0ff42b67d07e07d65bd78ae3d390872d9ae02,0x131c71e79b62c38df5123bd89559577e3abbdce7,0.95,2025-04-13 23:56:23.000000 UTC,6268,1983,3586,0,0.552983825989961
0x3d3dd1a142f86d0607a1fd0a876d23835e899cd1447cff0c1686d7793b5cbf8f,0xe5c8134e040c71c7d475916c81dacd12f78b1008,0.095,2025-04-13 14:37:23.000000 UTC,2046,762,1225,0,0.6220408163265306
0xad3e073e07dd4a9e1cbe09259e1438293c6c2cd0774dbb958b24cb50a71b871c,0x126eefa566abf5ac3efdaef52d79e962cffdb448,0.095,2025-04-13 08:41:11.000000 UTC,2046,762,1225,0,0.6220408163265306
0xafe1dced3baab28a1f2accb3c6f6e84d3e88b883219263482a77cabeb59a5d02,0x6d61cf34f20771d5d323603890e374498ca03b17,0.095,2025-04-12 21:56:23.000000 UTC,2046,762,1225,0,0.6220408163265306
0xcc56a936801aa31af09234756dca1cbbf17667f92564cbaf2ae74190f46c5350,0x6d718a725bd39357cdb3d6bf6b36e1347d952877,0.095,2025-04-12 21:55:47.000000 UTC,2046,762,1225,0,0.6220408163265306
0x732c951a5bad3773e1a2a091369bbc103188d80d5966805f01c8256177ed9800,0x468fd68b81475ac46d00f491bfa52ef8aaa17e97,0.095,2025-04-12 21:53:35.000000 UTC,2046,762,1225,0,0.6220408163265306
0xf545aa00f38f0d7798b13616367cd638a7e7912599a376eba788d50fd27a9d50,0x64482a3c7a2bdb509456e42e94b58b8495db4e73,0.095,2025-04-12 21:36:47.000000 UTC,2046,762,1225,0,0.6220408163265306
0xa7b76ec32be653b0a0f707b245e306971eab6a125e6d0244804039c3b8c4bcee,0xad08506e384bd79e2a0f647c49d436f921483460,0.095,2025-04-12 15:32:47.000000 UTC,2046,762,1225,0,0.6220408163265306
0x58d990fab30054b24671d59464ba664d923108f1cc0a55456707547e86f0c2de,0x468fd68b81475ac46d00f491bfa52ef8aaa17e97,0.95,2025-04-12 10:50:23.000000 UTC,6270,1985,3588,0,0.5532329988851727
0x636a7bf2e5006739af54608bd60d35073cd330f313072c09b9d0cb03cd2d07c5,0xb126f9560e2ac51ce80dc2270507dfffcf09d920,0.19,2025-04-12 09:17:59.000000 UTC,14588,2165,2958,0,0.7319134550371873
0x18d77e31e2af5d55e70d58283efbbd1aa94b8b820a9786f132171b5c6a71cc7a,0x1c79cb8ce8c3695ed871e4d4e4519d937630832d,0.095,2025-04-12 08:50:11.000000 UTC,2046,762,1225,0,0.6220408163265306
0x88a9650105eb7490a16bc401dc5a14e1c2ba9eda2cd43164ddc628e3a6431ad1,0x297bf847dcb01f3e870515628b36eabad491e5e8,0.95,2025-04-11 14:47:11.000000 UTC,6270,1985,3588,0,0.5532329988851727
0xb8ceb6aee26ec0dabf3682e29fe0cceb004d51babcca97e84adcb8a0f5a9cee2,0x131c71e79b62c38df5123bd89559577e3abbdce7,0.95,2025-04-11 13:32:23.000000 UTC,6270,1985,3588,0,0.5532329988851727
0x0c1adcc26212828e6370f1bcabf58000feac326c87d98477ab430af076165650,0xccd3266754588c3208295b23a4a0415ef04d474a,0.1045,2025-04-11 13:30:23.000000 UTC,1504,1297,2555,0,0.5076320939334638
0x665c2ad95154bb4099280b81e4f1665fb5062cf02207a4a21024ad6573cc41ff,0x6b80e72060f85af7f03763d8a338e6a0e319b657,0.095,2025-04-11 13:28:11.000000 UTC,2046,762,1225,0,0.6220408163265306
0x32c20a716c84d835ca7b853a1bc540236275930bfab99075544a2eeda2cd3f2e,0x597b4bed03c0bd30aa7a9f6142be49f2decd9f44,0.095,2025-04-11 09:59:47.000000 UTC,2046,762,1225,0,0.6220408163265306
0x88ad907f49d755f7178a01cf05220e153db5ea0aafb96aa68e49fba22f178f32,0xa05ee11735d861afa66bf06004cb61f7370b1d2e,0.095,2025-04-11 09:28:47.000000 UTC,2046,762,1225,0,0.6220408163265306
0x8973f5a668b5f648ed543a9f80235729720ef66fd69bad62f9442e86bf5547ed,0x38daea6f17e4308b0da9647db9ca6d84a3a7e195,0.095,2025-04-11 08:34:11.000000 UTC,2046,762,1225,0,0.6220408163265306
0x1225180cfb0f42ff4c8976fd8eaab2d69b797f7ef9fcdd37030d09bca477ecf5,0x591d51605241b9c3be5d8de53c062ccae1624cf4,0.095,2025-04-11 02:51:47.000000 UTC,2046,762,1225,0,0.6220408163265306
0xeee039c0793fa6261c2f64bf19020dfb6dfeb6b695acc7d8277c4040f888b515,0x0f8988cb31ece73fad5c2c7b3844b5c4228ab7c2,0.095,2025-04-11 02:45:23.000000 UTC,2046,762,1225,0,0.6220408163265306
0x885dac782f63c22c9eb2fc1b9d17c3ca8d04dbe426f5d2f25b28a3d56f82d33f,0x151d0dda526eca7d0077ca379e741686bf35584b,0.19,2025-04-11 02:26:47.000000 UTC,14588,2165,2958,0,0.7319134550371873
0x716ad62d982da2342f5992042694c42f3cde2d6471e1d849c5722811d9b52525,0xf9f2abcc9df889794b60f0791a784f5a97d32920,0.095,2025-04-10 22:49:11.000000 UTC,2046,762,1225,0,0.6220408163265306
0x132521d32286ecb7c04a530cc260bcd9810debd313e7d8610d717f5871c18ed1,0x297bf847dcb01f3e870515628b36eabad491e5e8,0.95,2025-04-10 17:50:47.000000 UTC,6270,1985,3588,0,0.5532329988851727
0xa582224ac89673b6e9dd39fcf25c786855985416dc2e2db53f7267ff85e761fb,0x41ef5633d985a57d17422765d98e4f8bf50a24be,0.19,2025-04-10 16:57:11.000000 UTC,14588,2165,2958,0,0.7319134550371873
0xef2f0ce44cf50aa9608ecf0817ca270527888b19a59c5b41fdef1cdf842745bf,0x297bf847dcb01f3e870515628b36eabad491e5e8,0.95,2025-04-10 15:11:11.000000 UTC,6270,1985,3588,0,0.5532329988851727
0xd512bb023102de1916ec07596ca711a48e5ed38118e76379e1107e11a5fa6cb1,0xeed7e1c7c9c68611584e8f6230178ce0a48eef7f,0.1425,2025-04-10 10:19:35.000000 UTC,286,188,2853,0,0.06589554854539081
0xe8812818b8a045f3bb12bbba48e2039fd719ed88c3464ff19f4ee8e2615ac64f,0xeed7e1c7c9c68611584e8f6230178ce0a48eef7f,0.475,2025-04-10 10:13:11.000000 UTC,1858,1483,3341,0,0.44387907812032323
0x27bc4960df8a7a53e8e3804232bc24212bc83cd66bb01f7b3ae79ecd2aabe799,0x37115b08c82459b3f79e0a0979dafa88799b212e,0.475,2025-04-09 23:07:59.000000 UTC,1859,1484,3343,0,0.4439126533054143
0x835f84eadcd9c55424a1a89de8a099ce39bc88614e247dbab8b568ce4ac03f19,0x461337d4f089adf16455acb785415f6437da0c24,0.095,2025-04-09 23:00:59.000000 UTC,2046,762,1225,0,0.6220408163265306
0x9743d886dc985cf9effcefd3ee4e5ab9bcc03ec2ad6b6aeb6b23f47cdb7975ff,0x8f2d1a6edb0b603e955b7373d17c6586c5ad4c02,0.1045,2025-04-09 22:51:11.000000 UTC,1506,1299,2557,0,0.5080172076652327
0x22a2171edbce35c3cf0093d9b208eab1493e457e08528e56e2b98a868a48f1eb,0x25d6c8f7deaa6b3d58a8fdf13fb68b2ad31e7e7d,0.475,2025-04-09 22:37:35.000000 UTC,1859,1484,3343,0,0.4439126533054143
0xadb00c75beef103750e84faa4809acb2ff9ded7e8f8875b21297ee8dd7916c65,0xc607b2a6ae9360d06912bfdcbcd1abc8fff9c1ca,0.095285,2025-04-09 22:18:47.000000 UTC,0,0,1227,0,0.0
0x89c6d3360d6d7f333bcc7fc09d3874be8581a7ac636d60e584f1e7c39f62c91f,0x45280c50e7b4575ac6ffd532f4c99ac8d2df2c8e,0.095,2025-04-09 22:15:11.000000 UTC,2046,762,1225,0,0.6220408163265306
0x6bd67c59bb8f3aeaeed9eb5416b5384f96e90744414b5465e77ae226ed9323f8,0x25d6c8f7deaa6b3d58a8fdf13fb68b2ad31e7e7d,0.475,2025-04-09 22:14:47.000000 UTC,1859,1484,3343,0,0.4439126533054143
0x229cbb68524feb8c152e506dda2aef9608f6dec2d88cf84948d687b6df8c9a02,0x3376e07d0105ceb66e828c488de7eab8b0e07472,0.095,2025-04-09 22:13:59.000000 UTC,2046,762,1225,0,0.6220408163265306
0xfaa23b90866c536eca85e09155d70cb0bab8a277e01ecd2f9010a0aa840ca202,0xe847349a33ee0a90ea094b26fac76b2678fe67b1,0.09519,2025-04-09 22:08:11.000000 UTC,0,0,1227,0,0.0
0x94c55ccb4a0a9788d873973c64b21122e9a5c3f83b0ec227149ae67ea26f7d28,0x850596444bb1921ef60e647f0951f766c6359c83,0.095,2025-04-09 20:22:23.000000 UTC,2046,762,1225,0,0.6220408163265306
0x3588d0aee55341c22d091e93ac8ed017d7e0dc21a271ff9b2c878012a56a7507,0x297bf847dcb01f3e870515628b36eabad491e5e8,0.95,2025-04-09 18:22:35.000000 UTC,6287,1988,3591,0,0.5536062378167641
0xa9b30ece8378edc4cff746685a606f93f506e6547aec5f1f02c3c7d5f473831f,0x3378cf7b6080c34f51cf85efcbb0daae09b7db4f,0.095,2025-04-09 17:41:59.000000 UTC,2046,762,1225,0,0.6220408163265306
0x58b17008ae0b3c7d3e9fe09689990d5137d5f166e2ba03f3b71da407e98f1be9,0xb6513dd5394620635df652605b280a40c7aa8ae8,0.095,2025-04-09 13:42:47.000000 UTC,2046,762,1225,0,0.6220408163265306
0x3882d6171546dffaeeeed5a5d36404aacd0ec5ead98937fe5f109786ffa9a98f,0x4defa30195094963cfac7285d8d6e6e523c7f90d,0.095,2025-04-09 13:41:11.000000 UTC,2046,762,1225,0,0.6220408163265306
0x2cfb6db7aeeeef85e71edb1cfb5a659607a002c2335fc01a68ca843e39044b81,0xdaea9d2583b5d0ad9be48f9c3ed536bd5965b26c,0.095,2025-04-09 11:14:35.000000 UTC,2046,762,1225,0,0.6220408163265306
0xd4966b7b5ce8b2616c2941bd830559811639d97f816587ae40924e7fedcfb7a7,0x193f95ff49884ad3797863545da0bceaf9fef8a0,0.95,2025-04-08 21:10:11.000000 UTC,6303,1994,3597,0,0.5543508479288296
0x13625295b30d704942b8c04b1436d90d03391b7a863443d1939b6795f06e2ca9,0x297bf847dcb01f3e870515628b36eabad491e5e8,0.95,2025-04-08 14:39:11.000000 UTC,6318,1995,3598,0,0.5544747081712063
0xf50d5da1e4e32a293f1df97b299d0f1e9986360d3ee637fabdacfa94508520cb,0x297bf847dcb01f3e870515628b36eabad491e5e8,0.95,2025-04-08 14:28:47.000000 UTC,6318,1995,3598,0,0.5544747081712063
0xeef500c2c0693f3337c0c16bfe4381458bfdcdf192ad5e32fff4083a942b15e7,0xeb8414bd5f2ee602775b6aac2c7e5605bd599a2e,0.095,2025-04-08 09:21:59.000000 UTC,2046,762,1225,0,0.6220408163265306
0x906cd27d3bd58fe9845532c98ba692f07f97fc2a58d1e98d133f9c2ef793872e,0xaaae2dc1bd381f8761fd799d1230fa8ae7c8da0f,0.095,2025-04-08 07:05:23.000000 UTC,2046,762,1225,0,0.6220408163265306
0xd182b138eacfca8c27d24f80a76a4b81c30dc5250c2cf9dcb5816763690f0cf7,0xc9fd99aadf3c5b98adee3bde40e28c3981696e22,0.095,2025-04-08 03:38:23.000000 UTC,2046,762,1225,0,0.6220408163265306
0x1f27d0d2fced7fda20aadb870699f87b81ff6c5a3dfd65d5c3f0ed058605bc45,0x432dcbda06e8b296ca29705572d7cb6315ed8bed,0.475,2025-04-07 13:43:35.000000 UTC,1870,1494,3355,0,0.44530551415797315
0x1430ffcb9176a3de5164e3e9181188271d04669b4a19bb9a0f14c4831b142ef2,0x413fafb7f31e86d1e467c953e1ce9e3f15f5f3cb,0.095,2025-04-07 08:37:35.000000 UTC,2046,762,1225,0,0.6220408163265306
0x9a157177b06438eaffb12b4d1c928cfc87517f9da6a1348c1bdbe0286ad9373a,0x793cbab3f3d698d5e9183c91af35a627f3f1a56a,0.95,2025-04-07 05:48:23.000000 UTC,6329,2000,3604,0,0.5549389567147613
0xc124dffe01f44f9e3546bf12601960e2a51f495594ca710da39fdc83839fbc8b,0xf4ccf70c77b6507d149a79df883c367f0d8b10fa,0.1425,2025-04-07 04:51:59.000000 UTC,286,188,2864,0,0.06564245810055866
0x1475b1fc4aa3320779ae31466b2d2af4afef21740390d0a3489f479d78410cc0,0x79926e8bcce923473ec81c047e71b749459c22f7,0.095,2025-04-07 04:04:47.000000 UTC,2046,762,1225,0,0.6220408163265306
0x1bce716f7113510ce247e4c836d15600c3cfc911605ea8a2356f1edbe99e2380,0x965fdb32e3fcdc6dc323464a42a9615e6a5464d1,0.475,2025-04-07 01:57:59.000000 UTC,1870,1494,3357,0,0.4450402144772118
0x5fbab59670c3cf7e013364919c3becae73fee17a2a4649aad1406a44d3e7dd5c,0x470b113dc3e0c3ef0e399abb7ed6cb03790d5be6,0.095,2025-04-07 00:52:47.000000 UTC,2046,762,1225,0,0.6220408163265306
0x3df009d9f8bba14e369bf4d84fbfec506e93c64418a1b19a8b7afb88b866cef1,0x4394b976d57559ef8d41a3c5f7ff01a05cc18e4f,0.095,2025-04-06 19:46:59.000000 UTC,2046,762,1225,0,0.6220408163265306
0x37c9222ebc4cbfe7133ee477987dd29901aefd07fbee9c27912935e7633f0ff9,0x3752dd83b47b9e1b023c566b8db53aa98571dafa,0.19,2025-04-06 19:44:23.000000 UTC,14724,2179,2974,0,0.7326832548755884
0xf7663ca0856159f8afd455920844f2ab0d977900feb8b66f4339fc90e681d26f,0x6979210e46ba4b7eb6cc303c7b32f768ec3e27c5,0.095,2025-04-06 19:06:23.000000 UTC,2046,762,1225,0,0.6220408163265306
0x63db3498699ea5edcacba6d153a5ddf421eb89af3546bf3fe550e90a7b4906dd,0xc9524bfdd3d7c8b92c8fcc12556daef5e818cfad,0.095,2025-04-06 16:19:59.000000 UTC,2046,762,1225,0,0.6220408163265306
0xfbaa301ad65d8fe77dc910b0da420d14555b8658e0d8929266f2d6438ea3a60f,0x23ce39c9ab29d00fca9b83a50f64a67837c757c5,0.95,2025-04-06 15:36:11.000000 UTC,6330,2001,3606,0,0.5549084858569051
0x51b3aef2f05b8084c9959264fc74cff082c832b99932db5d56a2bd5bdd9550ed,0x07ae173ab6820fbf9ea0a0024d27c8ef341d7296,0.4811749999999999,2025-04-06 13:40:47.000000 UTC,0,0,3362,0,0.0
0x6ccf5591fe1f28b23b607d130746c91049f2e6892dfd819409222456a579fd36,0x07ae173ab6820fbf9ea0a0024d27c8ef341d7296,0.95,2025-04-06 13:38:35.000000 UTC,6330,2001,3606,0,0.5549084858569051
0x358fe3d2ae4cc4c695759ac77ef1bb46b7f74862129e8fb401bc4e245de7fb2b,0xd787c3b078d2eba70894d492b1dff0e2b77ef057,0.095,2025-04-06 07:26:59.000000 UTC,2046,762,1225,0,0.6220408163265306
0x5c8191ac44f099031e336ffc017a0cb908473deb0f69debcde8c0efbd919eb31,0xa195be65da3e2c7533f0b1b1c771da2fe0c28526,0.095,2025-04-06 06:49:11.000000 UTC,2046,762,1225,0,0.6220408163265306
0x0d6a9dc9d406f0556b3ba35660da5b2ee9eaedae2809279c570c8c2fbe1b09f0,0xa195be65da3e2c7533f0b1b1c771da2fe0c28526,0.095,2025-04-06 06:49:11.000000 UTC,2046,762,1225,0,0.6220408163265306
0x7dd876ccf5fec7fd92ee8099a97edd9c963edcb66c3ee2d5e792180aaef56025,0x44947e218b24e48024201e2fc697ed65c948583c,0.1937999999999999,2025-04-06 03:42:35.000000 UTC,77,88,2983,0,0.02950050284948039
0x98b6abe28da3a83cd7e72eceb6d76efd60705728855822020e2ab2bdf11323b3,0x2d9303f24a9bd88959e9efa601ab0f502c762ae1,0.323,2025-04-05 22:52:47.000000 UTC,1530,1505,3268,0,0.4605263157894737
0x1889806aa6d4cabd55a04d6a434596f54679954b668ebfe9778b94197d76c518,0x476c755bdc9f9f1c34b83559a30082fedfdfe23e,0.26315,2025-04-05 18:24:11.000000 UTC,0,0,3210,0,0.0
0xedbbfe87a80481989d19d4e7babce276de05cac5edc816d79982faf018fbbef9,0x0943e7700476933d4bad59ca598a6ca6c66a097b,0.95,2025-04-05 13:55:11.000000 UTC,6335,2006,3611,0,0.5555247853780116
0x58b71d278eb14ca263aa45765560e77036cdb31b3cf7ec7874112e624c505542,0x5f82c97e9b1755237692a946ae814998bc0e2124,0.095,2025-04-05 13:18:11.000000 UTC,2046,762,1225,0,0.6220408163265306
0xa3fcc199e0e07d4da6034ba6d2e7da803cc9dda3297c19d870f15b96af25b6cf,0x00236feeac26ef92552e3981096350d136084c64,0.95,2025-04-05 12:20:11.000000 UTC,6335,2006,3611,0,0.5555247853780116
0xa1e3a229725db1c0b6c1a2a5a1fb0837d9b08ab94bf86905e7f68807ac5b0fbe,0x115d0d8822efc9607c52b04628098b48970b993b,0.1425,2025-04-05 10:25:59.000000 UTC,286,188,2873,0,0.06543682561782109
0xa43bf42647c386c256781878061c3d58e957ff904a29ee88d2f5a75fbfe2099a,0x6a7cf3fdf851d55f36eabf72535819e1855e749e,0.095,2025-04-05 10:13:59.000000 UTC,2046,762,1225,0,0.6220408163265306
0xd54951036ad7b1a7088ff6b45e548e704109a4c3e2dcc05ed623e2674d1c0a92,0x81f7c3796f4b024b6700a0134a1c509acf920324,0.095,2025-04-05 09:53:23.000000 UTC,2046,762,1225,0,0.6220408163265306
0x3a3448bb57850d72fbf28f9ed27d31bf79db4354b44d66ef6558878840b0f795,0x70a2ce2d0b66061b44fef41d3ecf89b5a9e7522a,0.19,2025-04-04 21:42:35.000000 UTC,14855,2194,2989,0,0.7340247574439612
0xb9143d235cd75c4d11f7f64d370d279148eff85261e1c3ffe39b8bd6e554b4a2,0x274829c52bba894d62a4931b46b76cfe0606ac26,0.09595,2025-04-04 21:02:11.000000 UTC,4,5,1229,0,0.0040683482506102524
0x0e77b4cf68cf5f55d395c99447263d99683bdff0ec096492c505a8c85e9c66de,0x9850347954bb5528004963a7a196328e4596c6e7,0.95,2025-04-04 19:16:23.000000 UTC,6378,2019,3624,0,0.5571192052980133
0x7150bc741d2ef0c8375e9943dcb0a078dcf1d4985669c88cd6a68f2c405d58c4,0x887ea4d2321ac821ce10f6ce65e181ef281ab9ee,0.95,2025-04-04 19:10:35.000000 UTC,6378,2019,3624,0,0.5571192052980133
0xf672ce2e0e5083b2a461fe44118b720dd99e57650ae14b3d1a8517a57b9f54b3,0x297bf847dcb01f3e870515628b36eabad491e5e8,0.95,2025-04-04 18:27:11.000000 UTC,6379,2020,3625,0,0.5572413793103448
0xeadd6eee7c8d4869fe46b92d51299de9c0cf51a63ca12b6082ddcaa4d23ed4bc,0x297bf847dcb01f3e870515628b36eabad491e5e8,0.95,2025-04-04 18:26:11.000000 UTC,6379,2020,3625,0,0.5572413793103448
0x8cf696e1accdf76589e757a2da8791e6c3919681c3c5eae3f531a93ceae43651,0x297bf847dcb01f3e870515628b36eabad491e5e8,0.95,2025-04-04 18:21:23.000000 UTC,6379,2020,3625,0,0.5572413793103448
0x7d73ff8db0011527d6d858fe78c95861a40e9ef979c35fc0fb6c1261e356f5a8,0x297bf847dcb01f3e870515628b36eabad491e5e8,0.95,2025-04-04 18:20:59.000000 UTC,6379,2020,3625,0,0.5572413793103448
0xb96336282f2616aafc3f6e4c256d12f2b8c7b48d5aea3ea12519154f1a64ada3,0x887ea4d2321ac821ce10f6ce65e181ef281ab9ee,0.95,2025-04-04 17:16:59.000000 UTC,6379,2020,3625,0,0.5572413793103448
0x039a7e257834f5880852669511bc9d23788bee8717f11a3da06bc5872af0aad3,0x8c580556fdb1f57853e49f409ae9b89f7658e7a2,0.095,2025-04-04 16:48:35.000000 UTC,2046,762,1225,0,0.6220408163265306
0xa110b2065b3437e7a8ba39cb971dd588a5a9b116cdf8f3e05c0d6c0c1f9896e6,0xce824663bccb32e2dad1a8f2a26b698290417b34,0.95,2025-04-04 14:44:35.000000 UTC,6397,2024,3629,0,0.5577294020391292
0x0c3301bc27471556279c3b22433ef1b38aa262f85c1d45e7894631ed2f5dca3f,0x212407c68357024b43690ff7edf0aabd2a61b389,0.95,2025-04-04 14:38:23.000000 UTC,6397,2024,3629,0,0.5577294020391292
0x2b2f9d2166ef8742d5bf0ed48d6bf0f768329a7cba592f9932331deac1a918c7,0x03c3e07233201c582b1d7652632c9219653dec8f,0.095,2025-04-04 14:23:59.000000 UTC,2046,762,1225,0,0.6220408163265306
0x9dd262686779db68c5f488c284c6ded7d6c7ba1cdad5a42da7b0e77bc9a73501,0x03c3e07233201c582b1d7652632c9219653dec8f,0.095,2025-04-04 14:15:23.000000 UTC,2046,762,1225,0,0.6220408163265306
0x50d572e7271941ddc82f7d1168289e52fd1b32098637d8585999b6d1bf80c7de,0x03c3e07233201c582b1d7652632c9219653dec8f,0.095,2025-04-04 14:14:47.000000 UTC,2046,762,1225,0,0.6220408163265306
0xae238fc3f89ac90eed8196583c4b1bd5dd0b7c83266fa45351740c59701e2755,0x297bf847dcb01f3e870515628b36eabad491e5e8,0.95,2025-04-04 11:47:47.000000 UTC,6398,2025,3630,0,0.5578512396694215
0x21b7179c211d7af080eaea24964e959118a3a386201ae56a1810dab868df5d7c,0x297bf847dcb01f3e870515628b36eabad491e5e8,0.95,2025-04-04 11:45:11.000000 UTC,6398,2025,3630,0,0.5578512396694215
0xeac694184121f11522990e160d51f0896d9332a864a1f284ad56fec109e4e873,0x852db9016316362c0f6c54540817bc72be71970e,0.095,2025-04-04 10:14:59.000000 UTC,2046,762,1225,0,0.6220408163265306
0xe301bf799c8d5774defa4c6551e2d42bd1852e26d6dd1e1400f5d5fdd3cb710f,0x919c397950ce2edacc0cd5293e1b9b753e644265,0.095,2025-04-04 09:49:23.000000 UTC,2046,762,1225,0,0.6220408163265306
0x625bfe2d5c99c0a9efd40cc94ebabb715b317d612210d9e44ea9aaff3afa90b9,0xe67a89fe03e493cdfbdcedcd925235349d76d001,0.95,2025-04-04 08:47:59.000000 UTC,6400,2027,3632,0,0.5580947136563876
0xa8b2fea7fc30d1a06ced5f1301d89aef2d2fcc213af47d1c6c4e842ffbecd941,0x7d0e67861e842d1726782f0a1056b3b57aaddae7,0.95,2025-04-04 07:59:35.000000 UTC,6400,2027,3632,0,0.5580947136563876
0x2eef2a8421f68c630a9f24d8fdfb51b6cccb440c366b7ddd9d066b7c554552ad,0xa4caccef0dd28212b2aff92443bd560ba83ff428,0.095,2025-04-04 07:51:59.000000 UTC,2046,762,1225,0,0.6220408163265306
0x027792b08686a9b561754b52ff93826404ecaf9540e82c1a7cd539f81b736243,0xcf38a5a11deba847cc1d83e48b64a0a8f2b27505,0.095,2025-04-04 07:44:59.000000 UTC,2046,762,1225,0,0.6220408163265306
0x55da130f20b3ce71fde8d46f55e96df8e1a98509fd827bf674d335aa68497e72,0xce08d66d2824a7690d309727f06acc93faf0fb3c,0.095,2025-04-04 05:50:11.000000 UTC,2046,762,1225,0,0.6220408163265306
0xd04b3db6665938bef96ea215f3f10c1c03b5df2e10e26f37b110ac7eeac9f62b,0x44947e218b24e48024201e2fc697ed65c948583c,0.095,2025-04-04 03:29:47.000000 UTC,2046,762,1225,0,0.6220408163265306
0xf8e57555a190b1fe1f7203009d817d040eefaaacc6e81bc30d78f036e569e397,0xae48a218b54e6285518198b5d0a1d6679b27390e,0.095,2025-04-04 01:50:35.000000 UTC,2046,762,1225,0,0.6220408163265306
0x56188c92ee2f5916bb9bfb2dd638be9912c392d179c5351b7113881385550951,0x99f8504b0bc8b9bdadc9be99c8f103091fb3ed01,0.095,2025-04-04 01:28:35.000000 UTC,2046,762,1225,0,0.6220408163265306
0x5861205856f015aab7d90da2346d0125176b03100a2b1edfa63d8412968336a2,0x25d6c8f7deaa6b3d58a8fdf13fb68b2ad31e7e7d,0.475,2025-04-03 13:59:23.000000 UTC,1898,1522,3387,0,0.44936521995866546
0x3ad37fc7627128d556b8bf1428b7c4b97aefb4b4755f3122e3d9b27028bc34c2,0xe7b30a037f5598e4e73702ca66a59af5cc650dcd,0.095,2025-04-03 13:47:59.000000 UTC,2046,762,1225,0,0.6220408163265306
0xc993c7bc0ae787acd087373ae99d6f7e7621c5dd773d274e4206837fa061f5c9,0x2e92a21b89b64de21f920acc875cd0b1e782c33c,0.11115,2025-04-03 10:34:47.000000 UTC,25,16,2750,0,0.005818181818181818
0x619cd0ddb2f9155779b3d8802a2fa8c2f1d444610c8b2dd2b8a9163e823319ac,0xda4c79ccfdcbfa9128b1e328f77e5f9c6ad72a44,0.095,2025-04-03 09:51:35.000000 UTC,2046,762,1225,0,0.6220408163265306
0xb5b0eb771f1dec5bf9729b4d0346c6ca2ae5422aea28a84ecb1de9ee73e4cd81,0xec39be1abce3f9af3a6a5a738bcdf915e07fb4fe,0.95,2025-04-03 09:19:35.000000 UTC,6418,2035,3640,0,0.5590659340659341
0xc03dbc892e985875b6f46ebaa29cb8dd4a04692cfd44279ebfa5e324361b311f,0xec39be1abce3f9af3a6a5a738bcdf915e07fb4fe,0.95,2025-04-03 09:18:47.000000 UTC,6418,2035,3640,0,0.5590659340659341
0x6f822c975a78546c1959b3a264eea3ee50c5522f05bb7f79a6c7d7b32caf546a,0xec39be1abce3f9af3a6a5a738bcdf915e07fb4fe,0.95,2025-04-03 09:17:59.000000 UTC,6418,2035,3640,0,0.5590659340659341
0x3e7bc9f5ab85dbe9413199029e527b38c73b33e4bfab5e69a1e554d7fa3699d8,0x136cb70f6c234c5bea1b1af5faa47011de7a45b7,0.95,2025-04-03 08:49:59.000000 UTC,6418,2035,3641,0,0.5589123867069486
0x124db4b4d1ea29bebe7a3ce65aac806205e159e7d42e6e386daa83bffdb9d123,0xeed7e1c7c9c68611584e8f6230178ce0a48eef7f,0.2375,2025-04-03 08:27:59.000000 UTC,1588,1597,3185,0,0.5014128728414443
0x59b08b73d2cf23f697908ff7dc1ddd642ef62110aceeeaa1196071b2f1fa75b0,0x0943e7700476933d4bad59ca598a6ca6c66a097b,0.1235,2025-04-03 07:51:59.000000 UTC,2717,1481,2837,0,0.5220303137116673
0xc4bff856d6c9ef06f18b132c204849470fb37d66c4bcf43b7ab9cd035bd3ec84,0xb6647e02ae6dd74137cb80b1c24333852e4af890,0.95,2025-04-03 07:09:23.000000 UTC,6418,2035,3641,0,0.5589123867069486
0x40571b3aaa4c91f395416973d6f9670a844ed4e43a8c40b82c89d6faea185906,0x81f7c3796f4b024b6700a0134a1c509acf920324,0.095,2025-04-03 06:38:23.000000 UTC,2046,762,1225,0,0.6220408163265306
0x8d245d3a66520d840cf9effdfa30737786c6203a06c9223a31db84ca34159f6a,0xbd9c944dcfb31cd24c81ebf1c974d950f44e42b8,0.95,2025-04-03 05:44:35.000000 UTC,6418,2035,3641,0,0.5589123867069486
0x11858662c18bcb1186bf1c9064a7dc7f1a8fcb03451414f9fd5f42d2bb837de7,0x992e727e73a8b5b31865646bb16f9dc3955373ae,0.95,2025-04-03 05:33:11.000000 UTC,6418,2035,3641,0,0.5589123867069486
0x5699bfe657d91c3fc7a6b0d1fea833091ef728b4e10981a2817b8f2c8aee0788,0x992e727e73a8b5b31865646bb16f9dc3955373ae,0.95,2025-04-03 05:32:11.000000 UTC,6418,2035,3641,0,0.5589123867069486
0xf5cae641629ca35b544c62d2e7f949d7c216d7f581df22e1f6e8ddb3b85b3578,0x2ed24954330d9da774950f43c94b50f0619ce000,0.095,2025-04-03 03:51:47.000000 UTC,2046,762,1225,0,0.6220408163265306
0xbb27d6280312e7195af4a3eeaa9800564a91409b822c28afc4a77ef9d7ab91ca,0x1c681255f80c15dd2d72c91716ec79392e06367e,0.38,2025-04-03 00:20:11.000000 UTC,4356,2239,3328,0,0.6727764423076923
0x6f5b9256cbaaa2eaf5a0d5790f0c3a3af6f52d8949e936d82699acb5208ed449,0xbed7e14e072701b27876d44d7751f284cde76a66,0.095,2025-04-02 23:52:59.000000 UTC,2046,762,1225,0,0.6220408163265306
0x1097488c67cc8f9d36148cf4e37d2fce8358549d72d70818dd42d7a206a9aff3,0x617613a1f020aa883b2c0793f60a56b393d47a17,0.095,2025-04-02 21:12:11.000000 UTC,2046,762,1225,0,0.6220408163265306
0x105c76580a45bbfb32434ba43e48da1d2ea7cefcb7d14461af2691269ae21b27,0xda05e32bd732488a48e108a53cb71aafe176143f,0.095,2025-04-02 20:47:59.000000 UTC,2046,762,1225,0,0.6220408163265306
0xf17417dc10a35a226039d37c89640476da0bb261366eaecc2221119c2ef70be7,0x982daf4d8ba3bcc03b9f3186b5bf3e3467346927,0.4845,2025-04-02 18:51:23.000000 UTC,7,13,3394,0,0.0038302887448438423
0x3e442053cbb684870f907e7f816f35c0ec852b4a0c1bdd24d937b2685a671c6b,0x5e8c66b8c53e4e13d74111bb699d0c4b6f5e8cfa,0.095,2025-04-02 17:47:11.000000 UTC,2046,762,1225,0,0.6220408163265306
0x521aa237754126617d8d05df0ff458e2ad2bd96582c5ca92ec76071f92f5d4da,0xcae89f8484aca98ace453bc96ae321e8892f95f0,0.095,2025-04-02 16:35:23.000000 UTC,2046,762,1225,0,0.6220408163265306
0x78e65246d897157d7eae02e55feaca7169ed39d400098fe6aaa483754b13ad60,0x3752dd83b47b9e1b023c566b8db53aa98571dafa,0.095,2025-04-02 16:32:59.000000 UTC,2046,762,1225,0,0.6220408163265306
0x8d8acb39138a710afd077acf737857393316cbd13cc11690b0ae1cf20999d7e4,0x297bf847dcb01f3e870515628b36eabad491e5e8,0.95,2025-04-02 15:59:35.000000 UTC,6421,2038,3644,0,0.5592755214050494
0xb41bdd72766d3ee93adcc5fc477bd1ec33dfc5b80eee44fab2d6e7544a8e8b4e,0x297bf847dcb01f3e870515628b36eabad491e5e8,0.95,2025-04-02 15:39:47.000000 UTC,6421,2038,3644,0,0.5592755214050494
0x56794047976380c87a17cfd170afd2e4aeb3fe28db1e5efcd17e67ca552fb632,0x5d11be27c36cf1d293c11e26add78cfacf20dbee,0.095,2025-04-02 15:39:11.000000 UTC,2046,762,1225,0,0.6220408163265306
0xba945e4833f17f34b6daffa6041f5dbdfda229aaf3cab507805789a5ca074610,0x476c755bdc9f9f1c34b83559a30082fedfdfe23e,0.095,2025-04-02 15:04:47.000000 UTC,2046,762,1225,0,0.6220408163265306
0x03a9872faa1af2ce1953a3afd9c6e4c9c1a540ecd9952d4689af678d97f094e7,0xf65bad48cdd21004883fe8025c5b1b3c6958dc62,0.095,2025-04-02 14:53:23.000000 UTC,2046,762,1225,0,0.6220408163265306
0xbdd519e21993b93ed4f6a137d0fb28cd19ef3e8b29841fab18247ba469ad5484,0x4f1beff4109d6fba11c0c572d37b9bb4274a138b,0.095,2025-04-02 13:34:59.000000 UTC,2046,762,1225,0,0.6220408163265306
0xdb21d5ce5a459282c37b42f21661c0e01f48a78097f601812723ba0f13af35f9,0x4f4c207171585e511b9dee2d8b2690a0da69797c,0.095,2025-04-02 13:12:47.000000 UTC,2046,762,1225,0,0.6220408163265306
0xbb6590d9cd9087a4b5faa4904f4069c1d32d591198a280e1c365aa59358d8ed7,0xdf29ee8f6d1b407808eb0270f5b128dc28303684,0.095,2025-04-02 13:06:11.000000 UTC,2046,762,1225,0,0.6220408163265306
0xe0e81db7a2ec55d1b18e3c1d222cc301e4a0ac7b9afa2ca37f51cc1c5f94287e,0xab87eb50280a340b42f4eab31db90714b39fe687,0.95,2025-04-02 12:57:35.000000 UTC,6421,2038,3644,0,0.5592755214050494
0x0df09107e3d59d7c8fa3b7821bf5636b7d9abcdeecd1717b476e0255d27190c4,0xfb15339d187a76af62698f73d700e1f8536f03bd,0.0997499999999999,2025-04-02 12:56:59.000000 UTC,6,11,1240,0,0.008870967741935484
0x7315b89dd29f207148e8fb56e6f73860ade0a326e5825db7d57b7a6032e55484,0x120c915de2a7a5d57ea4f44328fa0a8afd4d7cc5,0.095,2025-04-02 12:33:11.000000 UTC,2046,762,1225,0,0.6220408163265306
0xc090200ea937f16d60e1a55ec1e4753dc6810905a8930b90bddac539b3d94fc2,0x19c2a0e1398ba78c00af784fdec4cd0bbe70a392,0.09595,2025-04-02 12:31:23.000000 UTC,4,5,1229,0,0.0040683482506102524
0xd19722335a6643c565cfcb6c97f69e528b421ccfa8be39dc1f3262865c18c409,0xc1c79c6378e5a72895c8ea15fc6dd59ffddc8dee,0.095,2025-04-02 12:11:47.000000 UTC,2046,762,1225,0,0.6220408163265306
0x3ac04e2b64434416db57fdb24926e1266d02c74dbd55addbe5baa95862d479d6,0x0c1e99991dd2f7d374bff13f9f52284ce6cfdae5,0.2375,2025-04-02 11:25:23.000000 UTC,1590,1599,3188,0,0.5015683814303639
0xab704efef685b95e870d50d7494152eace18566eb939356c2ab8135c0dc83523,0x6a565970c37ec3d9a6b7169be0e419e91d173c8f,0.095,2025-04-02 11:15:47.000000 UTC,2046,762,1225,0,0.6220408163265306
0xc7422c416e054fceb4011faaf6a24d804144a65d87747991839106191cff51e8,0x2c3fdb0706f3f94d9491b3e18bcda1c237093f99,0.095,2025-04-02 11:08:23.000000 UTC,2046,762,1225,0,0.6220408163265306
0x45509d07f61b03c7ce0254aebaa6c311535d9901ee34f8deed1fee69ffaad600,0x30eec62946ab6c3a5c29a107e470c67963541a1a,0.095,2025-04-02 11:03:59.000000 UTC,2046,762,1225,0,0.6220408163265306
0x7213b105ece31c533b77317bce4515edb45e02540068223a4be5ee825ef4ff57,0x73485149838fa6d19c8aea30c31683803435cbbe,0.095,2025-04-02 11:00:23.000000 UTC,2046,762,1225,0,0.6220408163265306
0x91a0dd34c170f0c5004ffb20075fb537821c274fd52878b9f4a5f034ff901691,0xa1958a37c21372482deff4618baebbec23c9a449,0.095,2025-04-02 10:35:35.000000 UTC,2046,762,1225,0,0.6220408163265306
0x97aeb993d15bbe8cda798184fd1c792ad1c1eb434b347316693787a94111e60b,0x857b85eda03f9dab9f79230b8d1b4e760860ac69,0.095,2025-04-02 10:34:47.000000 UTC,2046,762,1225,0,0.6220408163265306
0x52d5c4eb450e8cd3f832eaee9499e6d3ccce3fe7c7934f8162a1818d57b55750,0x857b85eda03f9dab9f79230b8d1b4e760860ac69,0.095,2025-04-02 10:14:11.000000 UTC,2046,762,1225,0,0.6220408163265306
0xffec82dbe0f776e32ee479871ca6e92633561aadb70fb029a7e75baad7d34e3a,0x8e46fb455494d727feea3b07d4f5a400425a7b2b,0.095,2025-04-02 10:07:47.000000 UTC,2046,762,1225,0,0.6220408163265306
0x0333a7344cedcd698c20a50e4ce73f82e301a9c9cb40f0093cc3c73681dc4f36,0x422875df5170a421897e6af87d77fc1a78ba2d1c,0.095,2025-04-02 09:54:35.000000 UTC,2046,762,1225,0,0.6220408163265306
0x357a9d5bae962d8df86c382711f2caa5c0e005ce35859977a3d458dc13032e6a,0xb086f565e48a2b97c12ca45b9b6ad7e90ebe9f68,0.095,2025-04-02 09:43:11.000000 UTC,2046,762,1225,0,0.6220408163265306
0xe44ade1ffcc3d6571bfa2f3a33950f113e358b26da486d78a9d05adccd21f432,0x62ef62562157ee936611e2a81da10b58e1b505ec,0.95,2025-04-02 08:36:11.000000 UTC,6421,2038,3644,0,0.5592755214050494
0x98c3c6b93c870a8d782876ad89746fd326434d1e2a6ba2cc092827f8616c6a07,0x3211695ed0b0c277e7340da9a6ed025463774797,0.095,2025-04-02 08:01:35.000000 UTC,2046,762,1225,0,0.6220408163265306
0x20c6dbf9bab9984fceb0eaf70fe0592bb3b8ff50106db5b7d902abbb917b01d6,0x0ed84bacfba2477695be935079eecaa0a44d74ee,0.4645499999999999,2025-04-02 07:33:47.000000 UTC,0,0,3389,0,0.0
0x1fcce8a5aa569d02b171becb64e0a045c692df526f03beab2ac394fb67e4d6e0,0x03d15ec11110dda27df907e12e7ac996841d95e4,0.095,2025-04-02 07:24:59.000000 UTC,2046,762,1225,0,0.6220408163265306
0x783ce939fd9a660cb146ebb081ed5aaad52fa888ca1454829431e26c22763839,0x8f2a8240d320efa0f53925ca0b392ec867c4976e,0.095,2025-04-02 04:52:47.000000 UTC,2046,762,1225,0,0.6220408163265306
0x7478f0b009fd309d4f2a2e58a4fd91110192ec69caa01fa303d68b0b0fe3d5db,0x9efb77c629fc466959bcbefa5a9b303d2c2539c8,0.095,2025-04-02 02:39:47.000000 UTC,2046,762,1225,0,0.6220408163265306
0x72dc9db534e5bc35fea10e6ca31e5e0e24d206fc4b85b60c97c7fcb1e9dd2cc0,0x3a3b38c4a357d2939d42ff2b364929ae620f4652,0.095,2025-04-02 01:45:47.000000 UTC,2046,762,1225,0,0.6220408163265306
0xb629e9281ef785f31050f461f218db4ced8ca54f6aabe7c2b68d12fed7072d9d,0xae4d246fcbc8f11e08dd0c37ecdd824f3b11dd75,0.095,2025-04-02 01:25:59.000000 UTC,2046,762,1225,0,0.6220408163265306
0xff9a238010f46fbcdde1ed65d90aa7a4490318a77cfd86e4649909b92dd1fab1,0xe19d817fd1bcedac50101efccea9398bca697565,0.095,2025-04-02 00:29:23.000000 UTC,2046,762,1225,0,0.6220408163265306
0xd55f3606b38c620712f4cefa723b25d86d5a190ff0c0dfd85d8c7cf017c1599e,0x8170f13600c6c378a0039c72eb8e99e9a3188655,0.095,2025-04-01 22:44:11.000000 UTC,2046,762,1225,0,0.6220408163265306
0xdd491ee30adeb4670fe7f90d4a009df7a0020682434d93b8dce97711cb11bd90,0x8681cab5de74f41303627a7f36f32c9ea3a64c4e,0.095,2025-04-01 22:15:11.000000 UTC,2046,762,1225,0,0.6220408163265306
0xfec890ef120bc0c34ad56f50396838a82703f9af84921b32fc1b6efbb6716ba7,0x26d4068157ee21536d39b8de38f0ccb8e08c9cfb,0.95,2025-04-01 20:05:35.000000 UTC,6421,2038,3644,0,0.5592755214050494
0x9b527556706edb284d6ad63d64405a1b48c03caf7d9c72e675847e50dc47acbc,0xe04885c3f1419c6e8495c33bdcf5f8387cd88846,0.095,2025-04-01 19:55:23.000000 UTC,2046,762,1225,0,0.6220408163265306
0xe1b7ccd34d4a67296f41aea9cd86a74118e7a6d995d9053a11ae2252dae7325f,0x0161d1cc10116bb2a073a0c293d5e4f1a97a00b6,0.095,2025-04-01 19:05:47.000000 UTC,2046,762,1225,0,0.6220408163265306
0x7dde466e5e5727ff754c957b0be9ce5534574a2b9c04c55f0edb0a15e59db4f5,0x5fd3b98bc0b47bb056036e602c519ffd738f3bcc,0.095,2025-04-01 18:48:11.000000 UTC,2046,762,1225,0,0.6220408163265306
0x4ebe3d343c1fab9339179cb48431ca472b48b50eca8bd2f7c2b271b593b97cb7,0x0943e7700476933d4bad59ca598a6ca6c66a097b,0.095,2025-04-01 18:42:47.000000 UTC,2046,762,1225,0,0.6220408163265306
0x099d1347b853941706c8086faa2a2f4637ea85b5413c7d8d5eb6bf1493fb33fb,0x019edcb493bd91e2b25b70f26d5d9041fd7ef946,0.475,2025-04-01 18:35:11.000000 UTC,1901,1525,3392,0,0.4495872641509434
0x095f8d9a05a061bdf5ddb18a1af41c599935f38c9e4d5923f296386b61a70815,0x9040c490785db82226cee75510a85f9b6605ad90,0.095,2025-04-01 18:25:11.000000 UTC,2046,762,1225,0,0.6220408163265306
0xdb60e632df663b1be4c059e4790592f3849585e9589c03747ee7e6113ffebbba,0xbad58e133138549936d2576ebc33251be841d3e9,0.095,2025-04-01 18:23:23.000000 UTC,2046,762,1225,0,0.6220408163265306
0xfa5ae884a2d03a61a05d72878fa244193e8577fa24b1c8ee79ceb07148d78b34,0xe5c8134e040c71c7d475916c81dacd12f78b1008,0.095,2025-04-01 18:18:11.000000 UTC,2046,762,1225,0,0.6220408163265306
0x5561b744a257625b69c2bb2d3fb4f7264a520c5a03e49ed8f7ee3b5b6eb82d85,0x6d4f3e07add6e391a1be0c291d4b537bd51548af,0.095,2025-04-01 18:11:23.000000 UTC,2046,762,1225,0,0.6220408163265306
0x76d6ebbf11c4a550c269f301123e7320ba8fc7b827c4bdce796885f075eaeb9b,0x89c30fd1ec9b311f0644b25674d641f7eb474093,0.095,2025-04-01 17:30:35.000000 UTC,2046,762,1225,0,0.6220408163265306
0x31f127b476aa56a172bcbf8e147d26e08e30dc550a132da5ce03dec8f8b528dc,0x2788f19f497b33f53fcb1a920ba85111a0792403,0.95,2025-04-01 16:49:11.000000 UTC,6421,2038,3644,0,0.5592755214050494
0x38f06c734d9b5fa49d2dbe1773a5eae4a62f8e87d0888ea321b97fdd370c07b8,0x90598105df535b19420bd0d89aff73ecd6966312,0.095,2025-04-01 16:34:59.000000 UTC,2046,762,1225,0,0.6220408163265306
0x30c4df073a9f3d8c420b257df0b31db8a9dce1dfbccc3be92acdd4d60a0dee11,0x30df16cd7d612c5b25beb0331486b127a42ac371,0.095,2025-04-01 16:25:47.000000 UTC,2046,762,1225,0,0.6220408163265306
0x39a24c9a068b3c5d37fa182447ebaa87bdc8f756b532e96f5f681d1cb67ee9b0,0x931433324e6b0b5b04e3460ef3fb3f78dda3c721,0.1066849999999999,2025-04-01 15:54:11.000000 UTC,0,0,2630,0,0.0
0xea680c281666c08bf51b7839d116580894754579611f43d8b3c38d9c599772c7,0x931433324e6b0b5b04e3460ef3fb3f78dda3c721,0.1045,2025-04-01 15:34:35.000000 UTC,1546,1339,2597,0,0.5155949172121679
0xb0a7af723bec10d2b428975d717c4029908eb178dcaf19c8d910e1634971b993,0xe679d21696f2d833e1d92cf44f88a78e796756a3,0.95,2025-04-01 15:33:35.000000 UTC,6421,2038,3644,0,0.5592755214050494
0xbbf53340ed637fbd241a3c05bcb897069593eec65d2b38b45009f92de9320ef1,0x7eab4dd865c7fa23a7e86da487f8633432c3d942,0.19,2025-04-01 15:18:47.000000 UTC,15018,2212,3008,0,0.7353723404255319
0x8c06696578fd61d6470c107d4b235256c586618edb000fc04124fc072e15a971,0x7c8bdc33ad89714a4365c12dcbcb8cc2d29fb7d2,0.285,2025-04-01 15:07:59.000000 UTC,2343,1937,3250,0,0.596
0x7d11415b869b6abf1b214ce1a3d452e55e685f5921f5fa3cb83a3bdf4b60470b,0xd1afcdc2542f161bdaf34c3b77d860fedcd4626d,0.095,2025-04-01 14:44:23.000000 UTC,2046,762,1225,0,0.6220408163265306
0x10b033f497cc93f4ba7e801048212a4762acf792897fa4300fdc2e07a2caea4f,0x81540050e96a8c71542bf71d3bc801fa71cbe520,0.095,2025-04-01 14:42:35.000000 UTC,2046,762,1225,0,0.6220408163265306
0xa67771fde8ca08cc897c59e909638b3b394009c5148944a78826dcdfd4afec11,0x291e4ebb46c04d87c2fb10582b20e9258a1a83f8,0.095,2025-04-01 14:21:47.000000 UTC,2046,762,1225,0,0.6220408163265306
0x546da9f307a795d7921b41e8d077955ee7c79fae5a853219987557044f8e671e,0xc2172a6315c1d7f6855768f843c420ebb36eda97,0.095,2025-04-01 14:19:59.000000 UTC,2046,762,1225,0,0.6220408163265306
0x35f8872b0a35e1ec1cbd096e332428fdf24f93e109a2bb13ca36678659496118,0xe096b3b4296cb96cdd1d4b4478097a954c71fd7a,0.095,2025-04-01 13:24:59.000000 UTC,2046,762,1225,0,0.6220408163265306
0xb617ce4e56a1c43d44ba4d54c3ac93671be634a39c363e5da48aa8aca5915836,0xc83810a3581c63bf71756bdbbc971077ecff6e65,0.095,2025-04-01 12:52:59.000000 UTC,2046,762,1225,0,0.6220408163265306
0x66e734f2b2e6a7661d3d2ae09c9a016b70d4c82a4dcf2b8fce275c815273946f,0x6b813abf97bc51b8a0e04d6ec974a20663fd6bf1,0.095,2025-04-01 12:48:59.000000 UTC,2046,762,1225,0,0.6220408163265306
0xc9b4b14e1004b68414239a022cde46c981f24e492a66b4748e46205ab91f4db2,0xf5fe364d18f4a5a53badce9a046ba74cfc97f6fb,0.095,2025-04-01 12:46:23.000000 UTC,2046,762,1225,0,0.6220408163265306
0x205c8a78d873f4f9df5cfcf03727ad4852691809575550393174765fe93285a6,0xb084f0adb86bf6b001e540ac05439d98a499ce1d,0.095,2025-04-01 12:22:47.000000 UTC,2046,762,1225,0,0.6220408163265306
0x9acb7c8759ea6ae17a67cb49964a3a7228eccd17c836609e3f44cc9510a58f63,0x5e8c66b8c53e4e13d74111bb699d0c4b6f5e8cfa,0.95,2025-04-01 11:56:35.000000 UTC,6421,2038,3644,0,0.5592755214050494
0x438719f2a569dbe003563a20a74157466c0535a5f672aa8c5483d992773e7890,0x06c2c4db3776d500636de63e4f109386dcba6ae2,0.095,2025-04-01 11:47:23.000000 UTC,2046,762,1225,0,0.6220408163265306
0xb2a97bbb3ca96db1fa85adee10df839f60c27ffc6925e8a628c5a3bce65a7f24,0x7dd536719c615d5ed9d6c07abceae3907ad66a67,0.095,2025-04-01 11:41:35.000000 UTC,2046,762,1225,0,0.6220408163265306
0xff28a560870ae98de6e0fac95e8efa7e65e6b985c7ef1283fa374c3e56b63e67,0x9429cd74a3984396f3117d51cde46ea8e0e21487,0.1425,2025-04-01 11:32:47.000000 UTC,295,191,2899,0,0.06588478785788203
0xd5e78e24b7cfc2985db17892afde828913c0f2073866e4ff5532c9c3d9ca775c,0x9429cd74a3984396f3117d51cde46ea8e0e21487,0.095,2025-04-01 11:28:47.000000 UTC,2046,762,1225,0,0.6220408163265306
0x683778d064c796d594ac9860f25fab8ac1b97bf87b85eb2e00cca746a42d3550,0x32aa30ccd7aa1c688e4f23b386ce542ca3bcde23,0.95,2025-04-01 10:54:11.000000 UTC,6421,2038,3644,0,0.5592755214050494
0x589d6943be48dc0daea69282d90c3b8b0afba0861e856e54a42eb521233384a2,0xeed7e1c7c9c68611584e8f6230178ce0a48eef7f,0.095,2025-04-01 10:48:59.000000 UTC,2046,762,1225,0,0.6220408163265306
0xc8dab57903bf638271fb11352551e103af64f88bd5750cb5567f1f433673a0c8,0x6b2b69c6e5490be701abfbfa440174f808c1a33b,0.1425,2025-04-01 10:36:47.000000 UTC,295,191,2899,0,0.06588478785788203
0xad96a70dc60b0d911ed0ae66e97a9437cefe57f065f2f82604f6e8765f439dc1,0x7b2e78d4dfaaba045a167a70da285e30e8fca196,0.095,2025-04-01 10:27:59.000000 UTC,2046,762,1225,0,0.6220408163265306
0x3a39dd9e8b58bf69b48653fd71f2f9801297f47d449d3057641cfd30e1721726,0xa13910b72ce4c31f08c84842ff0a707f1c4db389,0.475,2025-04-01 10:15:47.000000 UTC,1901,1525,3392,0,0.4495872641509434
0x77753e9da97e6eda95f0d44d19bd3559433ca97c6481fd01d10f61dc093a3c58,0xc2f094439cd1fc45af3e8a679984927abab0d3d9,0.475,2025-04-01 10:09:23.000000 UTC,1901,1525,3392,0,0.4495872641509434
0x87b6b26af75f897ef46562de3d37b197a897e882ef0e6dfdf44ec0f2d0bf7901,0x1823bd4fb8cc8e27221a702a9658a6d1504d1adc,0.475,2025-04-01 09:47:11.000000 UTC,1901,1525,3392,0,0.4495872641509434
0x701231bb4ca6de770ef647a5695091009c2970b5806e1fce56d26e76f3db11e1,0x53506c6aee9cb2c73759d83bde40785460ffee6b,0.95,2025-04-01 09:42:35.000000 UTC,6421,2038,3644,0,0.5592755214050494
0x57f37602bc63fc7a38e1707b479b2f68d4218a4a7dd2960f1aa9ac9f4a835fed,0x6f9d2b003a34fb0b32bc395bb72fa499beef46ce,0.304,2025-04-01 09:23:35.000000 UTC,1295,331,3292,0,0.100546780072904
0x54ce4b2bd11f03cc089f98f8cf1005fc6a12ebfea92d6b1c0cafce70d9280fe4,0x2fb945490923fbb22f3a8f16fb54c37e36db1564,0.95,2025-04-01 09:08:35.000000 UTC,6421,2038,3644,0,0.5592755214050494
0xaaa068132c6ee7142337e44ede721d4c39774f5e9e7a14e0f825851a3fc7ae68,0x413642cafe68f1fe718d46ec32136e209fd7ee5b,0.095,2025-04-01 08:52:35.000000 UTC,2046,762,1225,0,0.6220408163265306
0x39f029c8e3b443f57a5fa874574c58b8c11181e14627199bcaa23c4aac551c6f,0x332f75fd7fd18eb77a4f111365686dae55c971db,0.095,2025-04-01 08:41:47.000000 UTC,2046,762,1225,0,0.6220408163265306
0xb9ee326120417bb35b2dd671774a50e8d393170578f101e7d294dd8c819e6530,0x76273dcc41356e5f0c49bb68e525175dc7e83417,0.095,2025-04-01 08:41:35.000000 UTC,2046,762,1225,0,0.6220408163265306
0x403f17755e3f5b5a411e17876e9ea89044ed11758e32a647e9134e4b47cddeed,0x784e7d6b6dc65b182aaacf033f1d2f5f6508ae22,0.95,2025-04-01 08:25:35.000000 UTC,6421,2038,3644,0,0.5592755214050494
0x603c644c013397f750ed1ad6fe7a9d93880a3d472010fbffc9b7690d14ffea80,0x5645e2471d4b12912c0f2f5db9c4a23d6cbd3c8a,0.095,2025-04-01 08:17:47.000000 UTC,2046,762,1225,0,0.6220408163265306
0x9267d1f3ac763e1102efc4979fc8a67432fd1beca7aff601dea576ee6dd39b1d,0x9cb5433d5c5bddc5c480103f06f03db13b36b7c9,0.095,2025-04-01 08:17:47.000000 UTC,2046,762,1225,0,0.6220408163265306
0xb67cfeaed4a4708639580e82caf5505ef91a994f2a517a548647fa982dac03fc,0xdb20950bf4c351fd7e425030c4ea52e93eff0926,0.475,2025-04-01 08:14:11.000000 UTC,1901,1525,3392,0,0.4495872641509434
0x092a87ae8d481ae65fa176c1c81e42310ad5cfc9b799ff4f817790b8ca0d25bf,0x4c47b2520e9f7e3da15df09718d467f783b03858,0.095,2025-04-01 08:10:11.000000 UTC,2046,762,1225,0,0.6220408163265306
0x0f4138abb5b8080093ec2c42aad32b50e2bf501c532c51ece8634476ed4cc250,0xa7483a35ce1e3135d46eb7c09fdc7753ad0af2ba,0.095,2025-04-01 08:02:35.000000 UTC,2046,762,1225,0,0.6220408163265306
0x04101d56a164b3e7bc32ae4fc36c63778ad137b05c26f6f8ca4ade0238a7c6ed,0xa01f6d0985389a8e106d3158a9441ac21eac8d8c,0.095,2025-04-01 07:45:47.000000 UTC,2046,762,1225,0,0.6220408163265306
0x6352da08deaa35f930651c2db6906a69f4029f247293863b891ff969542b4dba,0x89e4d5cb78734584ece477cc8cae284fcf89f701,0.10925,2025-04-01 07:35:11.000000 UTC,24,17,2660,0,0.006390977443609023
0x7a048092bca9758b97c5c165706f64943e7e1859b34ff2f4800aa8488bf4195b,0x03f2ebfbf550cd041e24eca5f53617967556af86,0.095,2025-04-01 07:24:59.000000 UTC,2046,762,1225,0,0.6220408163265306
0x8a83eb9d9991011a0e51e2bf0aea8461e21857e11733663285ebd07a123e7b6c,0x5f0ab641ec7240bd9f6885b6d8c15b177f1a8cae,0.095,2025-04-01 07:21:59.000000 UTC,2046,762,1225,0,0.6220408163265306
0xdb372c722c1ed43177e2a665a4eff75431feb7458648a34433a4a2c112b8687e,0x550176c0abb1a22c257a43307d5138b98aa738f7,0.095,2025-04-01 07:13:35.000000 UTC,2046,762,1225,0,0.6220408163265306
0x44ee5d06ed82ff03ed82936e7657f81febe5b90b5a17a50d9731bd9f016f6bc5,0xc579b72fe7986b64a84948f8a41c4bee396835b5,0.095,2025-04-01 07:06:47.000000 UTC,2046,762,1225,0,0.6220408163265306
0xcf7d64a0284d98dba0cfdd77408f369d63c826f0fd2eac1cc29eadf04bdcd157,0x81ba93b26bce8ca5d649b6607df15e6d45462d8f,0.095,2025-04-01 06:33:11.000000 UTC,2046,762,1225,0,0.6220408163265306
0x5311b3fbc2bfd75dea53a97b7583dc02b5b20748f7e4fb7db383594aee9b0df3,0x6eee891d2c28bbf560ac945430d1ae06ab94cfe7,0.0987999999999999,2025-04-01 06:17:47.000000 UTC,5,9,1235,0,0.0072874493927125505
0xd9ef8d455b9d7a631bc002f2f14569c6352c2e1c0b74c2db5958125996fca30d,0x1819bc55d09e4a5abfc83d75e5991cc2c91b81ba,0.095,2025-04-01 06:11:47.000000 UTC,2046,762,1225,0,0.6220408163265306
0x02f09f3d9de7c25f5ef990fcc0af4ff27e32240f173fa2ff56e535aff06512df,0x777c47498b42dbe449fb4cb810871a46cd777777,0.095,2025-04-01 05:51:23.000000 UTC,2046,762,1225,0,0.6220408163265306
0xd27355613a2f5268b943daa0a3ec5da9c1bdffc211435a079acd030199771d99,0x3e407f4158440f1e5a9e6ba98b0198aea6d837e3,0.1045,2025-04-01 05:50:11.000000 UTC,1546,1339,2597,0,0.5155949172121679
0x538a5a69ee44fc4fb9419279bde8b0a7fbe2ecb4dce7d146e727dc860843a76e,0x89975b9fd602227dfca22707c26420ae4b542782,0.095,2025-04-01 05:15:47.000000 UTC,2046,762,1225,0,0.6220408163265306
0x2bb7d2833c1f8c75b24167e3e9d0bf27b62d8042a82eec0c689f30c6cb09396f,0x8fac841807e21807f511daf3c04a34cd78661f4c,0.475,2025-04-01 05:06:59.000000 UTC,1901,1525,3392,0,0.4495872641509434
0x34e8fc0ab5551afada64a590e1a8bc537daee6b2f0cedf4fc178743dc00affd9,0xa6f67217a9011e1e41fd64360862d3b54340fcc5,0.1349,2025-04-01 04:26:23.000000 UTC,68,58,2881,0,0.020131898646303367
0x59075dfa593efdbb8d297e5fc5737974094207197b8083514eb02369e7ade78b,0xe95f8df50b04d1c8fc58010aa933672582690b14,0.095,2025-04-01 04:12:35.000000 UTC,2046,762,1225,0,0.6220408163265306
0x97bf1c5efde67702837e4e313cefce25505c07e6c140d8d9d09ec2285d49581a,0xae48a218b54e6285518198b5d0a1d6679b27390e,0.095,2025-04-01 03:55:59.000000 UTC,2046,762,1225,0,0.6220408163265306
0xd0f8756ad4b3a618875b0e23a9a520e7e799ccc42b0b32be38f00075e8ac526c,0x42f9134e9d3bf7eee1f8a5ac2a4328b059e7468c,0.95,2025-04-01 03:37:23.000000 UTC,6421,2038,3644,0,0.5592755214050494
0x5513c006a9f58bc724af15fed2cfa2e4722ff6501d00e0c83c1429d026e51c4f,0x0a072ba40056902ed64fc8cc604cde77aa2fcf00,0.2945,2025-04-01 03:27:11.000000 UTC,36,43,3255,0,0.013210445468509985
0x0bc22646323cbf594130902a74503aea1babced7af9a507a7dd75936027c6cbb,0x0a072ba40056902ed64fc8cc604cde77aa2fcf00,0.95,2025-04-01 03:26:35.000000 UTC,6421,2038,3644,0,0.5592755214050494
0x652d8018a9443565d27f781ea33d82e6095aa1010efa1a345d6a15d1a208112f,0x700e6729c190f0ac7dd382909520e1d00e749df6,0.095,2025-04-01 03:24:47.000000 UTC,2046,762,1225,0,0.6220408163265306
0xe0673aaee7c239187eec6e46b40e47c20bfae8aa257bd2378b09d838f8554952,0x3c3402590b3882bae16dc932ac19a7f671c23170,0.13015,2025-04-01 03:20:11.000000 UTC,5,7,2870,0,0.0024390243902439024
0x645837a82a0824c6334cdd82ec55cbf980719676741c86dfd38bdcb3f17f3db0,0xce83731fa5730454e7d3a054bf0ab1ec6e37e8aa,0.95,2025-04-01 03:14:59.000000 UTC,6421,2038,3644,0,0.5592755214050494
0x689d0c8d9d8fedf205f5e38b9297c8cab6bee9a5a1e18b5ab920ccb321da506b,0x30eb4c1a534351662c1ae273b8986862b60fa079,0.095,2025-04-01 03:06:47.000000 UTC,2046,762,1225,0,0.6220408163265306
0x91f3b7860234bc75580370b52b85e86d994cb3cd85532f434fa8046d8a068c26,0xa6245875b85d0fdd2a6c3b0a107c300dceee6674,0.95,2025-04-01 02:54:23.000000 UTC,6421,2038,3644,0,0.5592755214050494
0x326ddb0bf1f26e329e327566ad514af90d1aa8119b6d092b03c4eebf4aa0b9d8,0xff0787fc826398695d258df59b77044da5c104e5,0.095,2025-04-01 02:33:47.000000 UTC,2046,762,1225,0,0.6220408163265306
0x59126cea3bb14b98288d3ea83e5e7c72b8623bc1f1f8befdc00dcd017a37dab3,0x03c3e07233201c582b1d7652632c9219653dec8f,0.095,2025-04-01 02:28:23.000000 UTC,2046,762,1225,0,0.6220408163265306
0x4017aed1d8f75945bc2579a1c69139b104d5c853cff886271c77baa426a7a8b0,0x4fe1b4328392505e69e6353ce334d24c8dd8f11a,0.095,2025-04-01 01:54:23.000000 UTC,2046,762,1225,0,0.6220408163265306
0xa010af19beaf6679cca6d783c33ec1db170f7655785e8f510cb1a13a30a5cbbb,0xff8f28aee0bfb423d975ae648a8e5cec45bf507e,0.095,2025-04-01 01:52:47.000000 UTC,2046,762,1225,0,0.6220408163265306
0xea819de710e07c1bd62d936cda4ca8f7de046fd485369787fc0768b0dd5d4331,0x5f37baa1799f3612cc131f281e63b90349e59e20,0.095,2025-04-01 01:48:47.000000 UTC,2046,762,1225,0,0.6220408163265306
0x7dd5ff078d3f30d785e7f88c11f31be7095eade53711233f327883e96de15a8c,0x4fbfd5c2f2ae9b3773162b5529b0ce7a79895c48,0.095,2025-04-01 00:50:11.000000 UTC,2046,762,1225,0,0.6220408163265306
0xac81ee970216eee2ac42909cbebd9d5297340f5730056655f19fe70231f46cb4,0x31feab5c6e76f159bbe2f93fde4a59200813679c,0.095,2025-04-01 00:28:23.000000 UTC,2046,762,1225,0,0.6220408163265306
0x67dec8d9b5deb2a6539178f5236e1535e101df5898a73599dcb328d1fc0dab18,0x78aabc122e7fcdff07ac4577a17cac4c3983207e,0.095,2025-04-01 00:21:47.000000 UTC,2046,762,1225,0,0.6220408163265306
0x35de93ce4a9a6ae67f12c8e7ed232806ffc10f82a5b5967b35147a5dcc1dbe06,0xdab8e0476c2bfb5aa99579cf2f7d13b60295eafa,0.095,2025-03-31 23:59:11.000000 UTC,2046,762,1225,0,0.6220408163265306
0xa2d81a5d867284a00fd3cd5b3b801e79077702d4d0a56257ff76c4a109306f83,0xb3595935b3852d7ed8499c639d484c964fef0826,0.095,2025-03-31 23:55:59.000000 UTC,2046,762,1225,0,0.6220408163265306
0x66bf4b2accfe2e7fca19e39ce3c6175d412dc3ea8d30024c4cde1006ca1687ab,0xffc188a525f519852476a08ef8dc8a43aceba266,0.19,2025-03-31 23:38:59.000000 UTC,15018,2212,3008,0,0.7353723404255319
0xaf0902a5e111bf82a79a63e8d9232b9f3733cd6176aa7d47740786d19b2c2320,0x71f371e0cbe939c1b38f8f59488b33a18c3c3815,0.095,2025-03-31 22:48:11.000000 UTC,2046,762,1225,0,0.6220408163265306
0x357b329fd1f6d89c01ef24bd99574cc414cf6341415882502be7629da5c7e97d,0xd671422bddc48942f8c1f8f5c8662efb6ab0aff4,0.095,2025-03-31 22:38:35.000000 UTC,2046,762,1225,0,0.6220408163265306
0x7a97f19ef855e9470ce4891155e90863c34c9c298bdd5bc4be6aec7b090230c2,0xf1b42cc7c1609445620de4352cd7e58353c3fa74,0.095,2025-03-31 22:37:35.000000 UTC,2046,762,1225,0,0.6220408163265306
0x353a22b390dea0bc593cd9f416f52696d38b0e48ca33342085e27dd845752ce5,0x6687c671980e65ebd722b9146fc61e2471558dd6,0.095,2025-03-31 22:33:11.000000 UTC,2046,762,1225,0,0.6220408163265306
0xac480f17350fe6eb2152382cb9480c4acb1887ea0adac54ac742fc90120e7162,0xddf84c246909df890dab4f9d90d138b2d9c64c6c,0.95,2025-03-31 22:27:23.000000 UTC,6421,2038,3644,0,0.5592755214050494
0x0077314dfb81754019762574c8b92e07fa9ef28f446ef857b97f08c350bff678,0xd8acdda227fbd91e366d37ca2c34ef49602612f7,0.57,2025-03-31 22:13:47.000000 UTC,4377,2401,3544,0,0.6774830699774267
0xddd98595fb6923b84eac4abf5fdde14b0ec9928d0b962a634473d9c4a0a47129,0xddea2099a20961fdf1e0ce927d42e9b5020db11a,0.095,2025-03-31 22:11:23.000000 UTC,2046,762,1225,0,0.6220408163265306
0x7cadc8f2f1b380bdd16c4f4dd3d308f1198eb55a5c580db8dfca6adb740becb2,0xe945b6a4f1e64c88a08366a003ed1f3550b430c9,0.095,2025-03-31 21:59:35.000000 UTC,2046,762,1225,0,0.6220408163265306
0xa5645daec1fe7b3f81b55a6a1ca12609381dff3274f9e0a794383585181c7ac4,0xb1872d20bd54ce7798df73f2a8ef1a3d8568ebfe,0.095,2025-03-31 21:52:59.000000 UTC,2046,762,1225,0,0.6220408163265306
0x49b98f2430330232f18a2e5444256d3eeca9d25b639411fbdb3262f070d4c146,0xdfc6db80cd79b7a8e0951966ae04701b237b434d,0.95,2025-03-31 21:52:11.000000 UTC,6421,2038,3644,0,0.5592755214050494
0x3f97919404b867ff278e7676b1f45e23cd31ac7ff74c9fb264fb75181e6161e0,0x38eff2285a0e3e2eab18c4f3b0765a833c752f1f,0.105545,2025-03-31 21:28:23.000000 UTC,0,0,2621,0,0.0
0x9ff893a2a748bc662cfdbf3df36455f0a03d499b2f2220a0de6f9b46a1dc9209,0xe524d6514f5c6c91796d223c3310ce211bc749c0,0.095,2025-03-31 21:15:11.000000 UTC,2046,762,1225,0,0.6220408163265306
0xb4596ffc881aa79466e471f464e162c70ca8f5ba4e35c169a85f2c1c9906bb49,0x3d62c274a01eaa06c4c6ba5781dc1a39b58f41f3,0.095,2025-03-31 21:06:59.000000 UTC,2046,762,1225,0,0.6220408163265306
0x5900e0e12842f9f590bcb8094e495e7d02ae8b6c6e95b256f20bb781a7c29cbe,0x7252921bd62996de2fc352710aea0295a4143218,0.10545,2025-03-31 21:05:47.000000 UTC,7,10,2621,0,0.0038153376573826785
0xc1657436f05037f0041b9229f7ce402041023e0b85ecb9cd6fb272bdb0fd9293,0x026a5552d6ebe49b3d38f82028b0a58a856d1a1f,0.095,2025-03-31 21:01:35.000000 UTC,2046,762,1225,0,0.6220408163265306
0x708cc247ffe8830944bbe920ce04c4d6e78bbed2580e65744f1009c7c1a8cf65,0xa2e83e57502a89a3af7ceacc195b320f9ad7d64d,0.10545,2025-03-31 20:59:23.000000 UTC,7,10,2621,0,0.0038153376573826785
0x7bc908179040b67f63a7f44952c9e66ad340bd3551b2b60822abf3fdf4f39f41,0x5bf5817dc357c9d465503d76c8b7719b488ccdd6,0.10545,2025-03-31 20:53:47.000000 UTC,7,10,2621,0,0.0038153376573826785
0x933145ad226b852e4f09a097b93a382da51f3eda6d3a5a58639fb13951f8e387,0xf08ea336f8a34878d2a9fe336867cabdf27a8406,0.095,2025-03-31 20:45:23.000000 UTC,2046,762,1225,0,0.6220408163265306
0x23d4765966aaf884b84021be185c9288b0205bb0ee75c420ae7ddfbfc2420e3e,0x188b377db3bc07d626c91d05de8ffbc687d4a0ef,0.095,2025-03-31 20:44:11.000000 UTC,2046,762,1225,0,0.6220408163265306
0x25b946f8a71349a95e7c6712e0ff95a710e863b5848c5e69b8e9373a39400d7c,0x268771080fa985d5afb8bb4f063e25300a47b97d,0.095,2025-03-31 20:38:47.000000 UTC,2046,762,1225,0,0.6220408163265306
0x4e72c840b0ff422c537b6efa80548a3d352b6c107ed670cba75b1187cead8eb4,0x1f5d5433ff189f5c1f30487f599d1d754d5db029,0.6555,2025-03-31 20:32:35.000000 UTC,12,17,3560,0,0.0047752808988764045
0x2d3fe86eb3c15f538cb9458c0b1160536a30ed7951e495de25eafc58e84c6fe1,0xc0b53221a7dbcbce68441c26ea4da73266d6bc20,0.095,2025-03-31 20:25:47.000000 UTC,2046,762,1225,0,0.6220408163265306
0x15ff3d7202a5a8b5e8d1e84c6fad8aa4ffca4dfd9c93bd5a8e58173eee7a2ad9,0x212407c68357024b43690ff7edf0aabd2a61b389,0.95,2025-03-31 20:23:35.000000 UTC,6421,2038,3644,0,0.5592755214050494
0x7a7503883f504e97e7fb907ec914bb6c965f78b14859a270355479b409da3ec7,0x1d60c34f508bbbd7f1cb50b375c4cdd25e718d1c,0.095,2025-03-31 20:22:35.000000 UTC,2046,762,1225,0,0.6220408163265306
0x1d5582bbb2814aac993365246772d602dfb42398b691706b97c75f52710b991c,0xa505b105060eafbf4521e337256ba0433b6fc6bd,0.88445,2025-03-31 20:13:11.000000 UTC,0,0,3627,0,0.0
0x50e7947b4da790a2da1d59e0a5190ff17da2221e40a878b9ea6822ec83ec37cf,0x088675c262d19f7c79792d65b95c7ade8df84d27,0.095,2025-03-31 20:12:47.000000 UTC,2046,762,1225,0,0.6220408163265306
0x65a5bbacb98d4f1e1d986d56ddb07967be88b82da6635493bb8a812301fc8816,0xf08ea336f8a34878d2a9fe336867cabdf27a8406,0.095,2025-03-31 20:06:47.000000 UTC,2046,762,1225,0,0.6220408163265306
0xa0e9fcbd138de585154327213eb5695303d68a01251a6dfd19168faea06f1b6f,0x961aa96febee5465149a0787b03bfa14d8e9033f,0.095,2025-03-31 20:03:47.000000 UTC,2046,762,1225,0,0.6220408163265306
0xe3137f5aeb1b113c69e2a879b44169f8674cc8315516d0d4502b928e4503fd74,0xf08ea336f8a34878d2a9fe336867cabdf27a8406,0.095,2025-03-31 20:02:35.000000 UTC,2046,762,1225,0,0.6220408163265306
0xd1011eee82549d1a56455332bb8e56a86536571ec316017aecac4575ea4057b4,0x83fb890702a21247bb217796fc40d87118a85e77,0.095,2025-03-31 19:56:35.000000 UTC,2046,762,1225,0,0.6220408163265306
0xc3d17d14ac3cd52ea4fb7eed6c62d1c0e8594b90b25fe27cb91468b636abd19b,0x0c401311a2c441636cbc6eca3d95697316eaf6fe,0.475,2025-03-31 19:54:11.000000 UTC,1901,1525,3392,0,0.4495872641509434
0xa623a3d8489982c949647745bd680e81f31a3fa8189a5ec3ecb8d2b6bfc294d2,0xf94e5cdf41247e268d4847c30a0dc2893b33e85d,0.95,2025-03-31 19:53:35.000000 UTC,6421,2038,3644,0,0.5592755214050494
0x9a04f9dd4bfe1751df282acc97da6e5376e0b05dc9ee1af0db9aba196b5da9f1,0x5554672e67ba866b9861701d0e0494ab324ad19a,0.095,2025-03-31 19:53:35.000000 UTC,2046,762,1225,0,0.6220408163265306
0x7a33bd3ab214df01ad2c29645ba83b43079373d82099bb74767540f12eb9bce6,0x200646d60772abfd57265bf5d84827cc87669c22,0.95,2025-03-31 19:52:11.000000 UTC,6421,2038,3644,0,0.5592755214050494
0x318a0ce9d5696babeb3534285e32a16b2b108bc96c7b1510bb7fe5142c0e50b3,0xcc0dd5427fbf83b024966f88785988358a65a1a7,0.095,2025-03-31 19:45:11.000000 UTC,2046,762,1225,0,0.6220408163265306
0x495294c929babdbc035041904bb87d8fc2494c1c7841e2e6e074b84367a5dcef,0x73d65cbeffb720c93c7bc574537ba75e82ba6a0e,0.095,2025-03-31 19:42:59.000000 UTC,2046,762,1225,0,0.6220408163265306
0x215829ed635d0ae9f7557bd9f40ae218e196e8b7fd097640adc2038b26ecfd1e,0x10f5d45854e038071485ac9e402308cf80d2d2fe,0.95,2025-03-31 19:41:23.000000 UTC,6421,2038,3644,0,0.5592755214050494
0x45eb72ac77f3dfb6fd8ec7c1809bd3a21bdf1b471691f7af4b3a5f717288e529,0xbe4f0cdf3834bd876813a1037137dcfad79acd99,0.95,2025-03-31 19:40:47.000000 UTC,6421,2038,3644,0,0.5592755214050494
0x4ca367aea0ca3dc37b130499df4b6d6d0aaeb3f9ed39b0c91cc48c5033b651ff,0x0897a996954dc23705e55aec9a5c3893655a5d68,0.95,2025-03-31 19:35:59.000000 UTC,6421,2038,3644,0,0.5592755214050494
0x74ad417578bf8944b85073036911d7318f064f98408c7b11ccbbb0b0f3b04040,0xcca9a24c13b3c84e84643cb2cfa6b2402ff870e8,0.095,2025-03-31 19:35:11.000000 UTC,2046,762,1225,0,0.6220408163265306
0x912795f8584c831cd76475e09ee908761b98d6b3ab368a4b727e89c8aabd58dd,0xecfd11986d1ed4a7e637a96bcb17e1e12ce8e261,0.095,2025-03-31 19:34:23.000000 UTC,2046,762,1225,0,0.6220408163265306
0x8c0a53f916680a6cecc25e292b55060fe6f7c67e99f4b832e917a57efb6bd4f6,0x70128189f43dca05db3b54dd606a9d03a70a5048,0.095,2025-03-31 19:27:59.000000 UTC,2046,762,1225,0,0.6220408163265306
0xb01ff1266e62a241e05e6fd7d3ca554742b2ece921946791d06bca2486ada183,0xe31bed180697dabb569790e16b20486bac88cc52,0.817,2025-03-31 19:17:11.000000 UTC,104,57,3616,0,0.015763274336283186
0xcdf1ec402187ead72a9f7326e07f6dba050e7bd08a01d4fe1f566f7e5ca7dd7a,0xd8da6bf26964af9d7eed9e03e53415d37aa96045,0.95,2025-03-31 19:14:23.000000 UTC,6421,2038,3644,0,0.5592755214050494
0xbc7e93629d10b527d75a1d08e6644b5bfe11bb93dee64ccffe8e7143ca13b1c3,0xb03f5438f9a243de5c3b830b7841ec315034cd5f,0.095,2025-03-31 19:13:59.000000 UTC,2046,762,1225,0,0.6220408163265306
0x540e9fcdfca7bd5e2b65ee394cbee44d818f6d84bc8dc62c30662485915d1e91,0x963e5cb0db226a3c3a94b0bdfbfda7fea292a43b,0.2375,2025-03-31 18:56:59.000000 UTC,1590,1599,3188,0,0.5015683814303639
0xc231d638ebdd2969f5f998748b3cbc3efac9a27bacdfa720dbe70368655b2bd2,0x2c02a99229c015638c3ea851c404c4ab07bde29f,0.1425,2025-03-31 18:50:23.000000 UTC,295,191,2899,0,0.06588478785788203
0xb1b165b714fcdccc8120bb14ba7c948316e05801ad2dc127db1590f834f514c6,0xd3dfbecc89f21834a9c92824220e37261579d4c3,0.19,2025-03-31 18:31:35.000000 UTC,15018,2212,3008,0,0.7353723404255319
0x6b0075a0f6b3fa77e64bb55bff72b948f233a94537eef878c73c7939fba96deb,0xe95dcdd02a84f36f31976128e72772718cbfd2a6,0.095,2025-03-31 18:13:35.000000 UTC,2046,762,1225,0,0.6220408163265306
0xaf7fd18290fe450f63bdfd2a46207967df2ecc3b7bf7be605515a653c0dc216f,0xe95dcdd02a84f36f31976128e72772718cbfd2a6,0.095,2025-03-31 17:23:35.000000 UTC,2046,762,1225,0,0.6220408163265306
0x746e92b9c75863c0028c95abea6a5548ff4ca211446011bf757c1df22671a710,0x297bf847dcb01f3e870515628b36eabad491e5e8,0.95,2025-03-31 17:22:59.000000 UTC,6421,2038,3644,0,0.5592755214050494
0x075445adf9c8f30345decd52812bbb809a161a6968f6edf3cbcd3e66557833eb,0x578dd5e76b4b8a05f6653ecce39d688efb040382,0.095,2025-03-31 16:58:23.000000 UTC,2046,762,1225,0,0.6220408163265306
0x693aa2f431c00a3784b4dfd7648a61a493a0852993fbd6ebf7e0b9ef1c4db8c6,0x297bf847dcb01f3e870515628b36eabad491e5e8,0.095,2025-03-31 16:56:23.000000 UTC,2046,762,1225,0,0.6220408163265306
0x79a815adbfd24da2cd2b848b4052c6ffc0d6f981d6944a36f14bcf26087dad13,0x297bf847dcb01f3e870515628b36eabad491e5e8,0.095,2025-03-31 15:55:23.000000 UTC,2046,762,1225,0,0.6220408163265306
0x2a6154c39be3b411a19cc97cedfd0638884805ae0c166e33b9bb2e9bdb896b9c,0xb8eb653dd6d0ed6f7fe15d7a3e216bbf147eaf99,0.095,2025-03-31 15:09:47.000000 UTC,2046,762,1225,0,0.6220408163265306
0x6eed8be4c2611a51ad88e66aa5eba6c3e9831a23e03224f088a52febc579b6be,0x609fb8f19b28a76f12557a235c3e88f621267c36,0.095,2025-03-31 15:08:47.000000 UTC,2046,762,1225,0,0.6220408163265306
0x8c8a79045ae1dd6664f47eecdc25dc07aba02dfbf1280f0a85df0f4aa44a4346,0x578dd5e76b4b8a05f6653ecce39d688efb040382,0.095,2025-03-31 14:57:11.000000 UTC,2046,762,1225,0,0.6220408163265306
0xb1ad48dc1516e4a1ae0358af0b5ccd103a5d05560616146097daa71ccb02b458,0x609fb8f19b28a76f12557a235c3e88f621267c36,0.095,2025-03-31 14:50:35.000000 UTC,2046,762,1225,0,0.6220408163265306
0x03204a2c42027b3f9cb3a2f2597ce9406195d223cabcf39e0a5ebd69c0a8bcf0,0x609fb8f19b28a76f12557a235c3e88f621267c36,0.095,2025-03-31 14:05:59.000000 UTC,2046,762,1225,0,0.6220408163265306
0x578031d5b5659bd9a41cbc37e0f743b0fb00a217471a7b435c1c1b879ab460c8,0x609fb8f19b28a76f12557a235c3e88f621267c36,0.095,2025-03-31 14:05:11.000000 UTC,2046,762,1225,0,0.6220408163265306
0x55693706fddd4130a3b07fefa274c0b7730281c37e48725aa6aa8e1b7dca4948,0x609fb8f19b28a76f12557a235c3e88f621267c36,0.095,2025-03-31 13:47:59.000000 UTC,2046,762,1225,0,0.6220408163265306
